20260909-07:36.18-840815(us) 2382206 * ParseNewFormat  (configuration.cc:102): Using new configuration format
20260909-07:36.18-840986(us) 2382206 * ParseNewFormat  (configuration.cc:162): Loaded 1 sites in 1 shards
20260909-07:36.18-841027(us) 2382206 * handle_new_config_format (dbtest.cc:368):    Site local_s0: shard=0, replica_idx=0, is_leader=1, cluster=localhost
SiloRuntime[0]::InitializeAllocator()
  hugepgsize: 2097152
  mmap() region [0x7c38a9800000, 0x7c3929a00000)
  runtime0 cpu0 owns [0x7c38a9800000, 0x7c38b1800000)
  runtime0 cpu1 owns [0x7c38b1800000, 0x7c38b9800000)
  runtime0 cpu2 owns [0x7c38b9800000, 0x7c38c1800000)
  runtime0 cpu3 owns [0x7c38c1800000, 0x7c38c9800000)
  runtime0 cpu4 owns [0x7c38c9800000, 0x7c38d1800000)
  runtime0 cpu5 owns [0x7c38d1800000, 0x7c38d9800000)
  runtime0 cpu6 owns [0x7c38d9800000, 0x7c38e1800000)
  runtime0 cpu7 owns [0x7c38e1800000, 0x7c38e9800000)
  runtime0 cpu8 owns [0x7c38e9800000, 0x7c38f1800000)
  runtime0 cpu9 owns [0x7c38f1800000, 0x7c38f9800000)
  runtime0 cpu10 owns [0x7c38f9800000, 0x7c3901800000)
  runtime0 cpu11 owns [0x7c3901800000, 0x7c3909800000)
  runtime0 cpu12 owns [0x7c3909800000, 0x7c3911800000)
  runtime0 cpu13 owns [0x7c3911800000, 0x7c3919800000)
  runtime0 cpu14 owns [0x7c3919800000, 0x7c3921800000)
  runtime0 cpu15 owns [0x7c3921800000, 0x7c3929800000)
Database Benchmark:
  pid: 2382206
settings:
  num-cpus    : 128
  num-threads : 16
  shardIndex  : 0
  paxos_proc_name  : localhost
  nshards     : 1
  is_micro    : 0
  is_replicated : 0
  storage_engine : cpp
  var-encode  : yes
  allocator   : jemalloc
system properties:
  tuple_prefetch          : no
  btree_node_prefetch     : yes
tpcc settings:
  cross_partition_transactions : 1
  read_only_snapshots          : 1
  partition_locks              : 0
  separate_tree_per_partition  : 1
  new_order_remote_item_pct    : 1
  new_order_fast_id_gen        : 1
  uniform_item_dist            : 0
  order_status_scan_hack       : 0
  workload_mix                 : [45, 43, 4, 4, 4]
20260909-07:36.18-845047(us) 2382206 * ParseNewFormat  (configuration.cc:102): Using new configuration format
20260909-07:36.18-845135(us) 2382206 * ParseNewFormat  (configuration.cc:162): Loaded 1 sites in 1 shards
20260909-07:36.18-845493(us) 2382206 * ParseNewFormat  (configuration.cc:102): Using new configuration format
20260909-07:36.18-845582(us) 2382206 * Initialize      (srpc_rpc_backend.cc:66): SrpcRpcBackend::Initialize: poll_thread_worker_ created, is_some=1
20260909-07:36.18-845628(us) 2382206 * ParseNewFormat  (configuration.cc:162): Loaded 1 sites in 1 shards
20260909-07:36.18-845812(us) 2382206 * Initialize      (srpc_rpc_backend.cc:97): SrpcRpcBackend initialized on 127.0.0.1:31021 (listening on 0.0.0.0:31021)
20260909-07:36.18-845852(us) 2382206 * FastTransport   (fasttransport.cc:147): FastTransport initialized with srpc/rpc backend on 127.0.0.1:31021
20260909-07:36.18-845878(us) 2382206 * RunEventLoop    (srpc_rpc_backend.cc:516): SrpcRpcBackend::RunEventLoop: Starting event loop
20260909-07:36.18-845977(us) 2382206 * Initialize      (srpc_rpc_backend.cc:66): SrpcRpcBackend::Initialize: poll_thread_worker_ created, is_some=1
20260909-07:36.18-846098(us) 2382206 * Initialize      (srpc_rpc_backend.cc:97): SrpcRpcBackend initialized on 127.0.0.1:31022 (listening on 0.0.0.0:31022)
20260909-07:36.18-846119(us) 2382206 * FastTransport   (fasttransport.cc:147): FastTransport initialized with srpc/rpc backend on 127.0.0.1:31022
20260909-07:36.18-846139(us) 2382206 * RunEventLoop    (srpc_rpc_backend.cc:516): SrpcRpcBackend::RunEventLoop: Starting event loop
20260909-07:36.18-849447(us) 2382206 ! run             (bench.cc:537):     # of loaders size:6
20260909-07:36.18-850740(us) 2382206 * benchmark_thread_init (mbta_wrapper.hh:1811): thread_init: thread_id=0, shard_index=0, getShardIndex=0, loader=1
[INFO] finished loading warehouse
[INFO]   * average warehouse record length: 97 bytes
20260909-07:36.18-851061(us) 2382206 * benchmark_thread_init (mbta_wrapper.hh:1811): thread_init: thread_id=1, shard_index=0, getShardIndex=0, loader=1
20260909-07:36.18-851175(us) 2382206 * benchmark_thread_init (mbta_wrapper.hh:1811): thread_init: thread_id=2, shard_index=0, getShardIndex=0, loader=1
PinToWarehouseId(): coreid=2 pinned to whse=1 (partid=0)
20260909-07:36.18-851543(us) 2382206 * benchmark_thread_init (mbta_wrapper.hh:1811): thread_init: thread_id=3, shard_index=0, getShardIndex=0, loader=1
PinToWarehouseId(): coreid=3 pinned to whse=1 (partid=0)
PinToWarehouseId(): coreid=3 pinned to whse=2 (partid=1)
20260909-07:36.18-851937(us) 2382206 * benchmark_thread_init (mbta_wrapper.hh:1811): thread_init: thread_id=4, shard_index=0, getShardIndex=0, loader=1
PinToWarehouseId(): coreid=3 pinned to whse=3 (partid=2)
20260909-07:36.18-851978(us) 2382206 * benchmark_thread_init (mbta_wrapper.hh:1811): thread_init: thread_id=5, shard_index=0, getShardIndex=0, loader=1
PinToWarehouseId(): coreid=5 pinned to whse=1 (partid=0)
PinToWarehouseId(): coreid=3 pinned to whse=4 (partid=3)
num batches: 30
PinToWarehouseId(): coreid=4 pinned to whse=1 (partid=0)
PinToWarehouseId(): coreid=3 pinned to whse=5 (partid=4)
PinToWarehouseId(): coreid=3 pinned to whse=6 (partid=5)
PinToWarehouseId(): coreid=3 pinned to whse=7 (partid=6)
PinToWarehouseId(): coreid=3 pinned to whse=8 (partid=7)
PinToWarehouseId(): coreid=3 pinned to whse=9 (partid=8)
PinToWarehouseId(): coreid=3 pinned to whse=10 (partid=9)
PinToWarehouseId(): coreid=3 pinned to whse=11 (partid=10)
PinToWarehouseId(): coreid=3 pinned to whse=12 (partid=11)
PinToWarehouseId(): coreid=3 pinned to whse=13 (partid=12)
PinToWarehouseId(): coreid=3 pinned to whse=14 (partid=13)
PinToWarehouseId(): coreid=3 pinned to whse=15 (partid=14)
PinToWarehouseId(): coreid=3 pinned to whse=16 (partid=15)
[INFO] finished loading district
[INFO]   * average district record length: 99 bytes
PinToWarehouseId(): coreid=5 pinned to whse=2 (partid=1)
[INFO] finished loading item
[INFO]   * average item record length: 84.1739 bytes
PinToWarehouseId(): coreid=4 pinned to whse=2 (partid=1)
PinToWarehouseId(): coreid=5 pinned to whse=3 (partid=2)
PinToWarehouseId(): coreid=5 pinned to whse=4 (partid=3)
PinToWarehouseId(): coreid=4 pinned to whse=3 (partid=2)
PinToWarehouseId(): coreid=5 pinned to whse=5 (partid=4)
PinToWarehouseId(): coreid=5 pinned to whse=6 (partid=5)
PinToWarehouseId(): coreid=4 pinned to whse=4 (partid=3)
PinToWarehouseId(): coreid=5 pinned to whse=7 (partid=6)
PinToWarehouseId(): coreid=2 pinned to whse=2 (partid=1)
PinToWarehouseId(): coreid=5 pinned to whse=8 (partid=7)
PinToWarehouseId(): coreid=4 pinned to whse=5 (partid=4)
PinToWarehouseId(): coreid=5 pinned to whse=9 (partid=8)
PinToWarehouseId(): coreid=5 pinned to whse=10 (partid=9)
PinToWarehouseId(): coreid=4 pinned to whse=6 (partid=5)
PinToWarehouseId(): coreid=5 pinned to whse=11 (partid=10)
PinToWarehouseId(): coreid=5 pinned to whse=12 (partid=11)
PinToWarehouseId(): coreid=4 pinned to whse=7 (partid=6)
PinToWarehouseId(): coreid=5 pinned to whse=13 (partid=12)
PinToWarehouseId(): coreid=5 pinned to whse=14 (partid=13)
PinToWarehouseId(): coreid=4 pinned to whse=8 (partid=7)
PinToWarehouseId(): coreid=2 pinned to whse=3 (partid=2)
PinToWarehouseId(): coreid=5 pinned to whse=15 (partid=14)
PinToWarehouseId(): coreid=5 pinned to whse=16 (partid=15)
PinToWarehouseId(): coreid=4 pinned to whse=9 (partid=8)
[INFO] finished loading order
[INFO]   * average order_line record length: 11.2927 bytes
[INFO]   * average oorder record length: 7.9446 bytes
[INFO]   * average new_order record length: 12 bytes
PinToWarehouseId(): coreid=4 pinned to whse=10 (partid=9)
PinToWarehouseId(): coreid=4 pinned to whse=11 (partid=10)
PinToWarehouseId(): coreid=2 pinned to whse=4 (partid=3)
PinToWarehouseId(): coreid=4 pinned to whse=12 (partid=11)
PinToWarehouseId(): coreid=4 pinned to whse=13 (partid=12)
PinToWarehouseId(): coreid=4 pinned to whse=14 (partid=13)
PinToWarehouseId(): coreid=4 pinned to whse=15 (partid=14)
PinToWarehouseId(): coreid=2 pinned to whse=5 (partid=4)
PinToWarehouseId(): coreid=4 pinned to whse=16 (partid=15)
[INFO] finished loading customer
[INFO]   * average customer record length: 153.983 bytes 
PinToWarehouseId(): coreid=2 pinned to whse=6 (partid=5)
PinToWarehouseId(): coreid=2 pinned to whse=7 (partid=6)
PinToWarehouseId(): coreid=2 pinned to whse=8 (partid=7)
PinToWarehouseId(): coreid=2 pinned to whse=9 (partid=8)
PinToWarehouseId(): coreid=2 pinned to whse=10 (partid=9)
PinToWarehouseId(): coreid=2 pinned to whse=11 (partid=10)
PinToWarehouseId(): coreid=2 pinned to whse=12 (partid=11)
PinToWarehouseId(): coreid=2 pinned to whse=13 (partid=12)
PinToWarehouseId(): coreid=2 pinned to whse=14 (partid=13)
PinToWarehouseId(): coreid=2 pinned to whse=15 (partid=14)
PinToWarehouseId(): coreid=2 pinned to whse=16 (partid=15)
[INFO] finished loading stock
[INFO]   * average stock record length: 8 bytes
timed region dataloading took 20468.7 ms
DB size: 1802.97 MB
[0, 0, 0] txns persisted in loading phase
20260909-07:36.39-318273(us) 2382206 ! run             (bench.cc:607):     # of nthreads:16
starting benchmark...
tpcc: worker id 128 => warehouses [1, 2)
tpcc: worker id 129 => warehouses [2, 3)
tpcc: worker id 130 => warehouses [3, 4)
tpcc: worker id 131 => warehouses [4, 5)
tpcc: worker id 132 => warehouses [5, 6)
tpcc: worker id 133 => warehouses [6, 7)
tpcc: worker id 134 => warehouses [7, 8)
tpcc: worker id 135 => warehouses [8, 9)
tpcc: worker id 136 => warehouses [9, 10)
tpcc: worker id 137 => warehouses [10, 11)
tpcc: worker id 138 => warehouses [11, 12)
tpcc: worker id 139 => warehouses [12, 13)
tpcc: worker id 140 => warehouses [13, 14)
tpcc: worker id 141 => warehouses [14, 15)
tpcc: worker id 142 => warehouses [15, 16)
tpcc: worker id 143 => warehouses [16, 17)
20260909-07:36.39-329455(us) 2382206 * benchmark_thread_init (mbta_wrapper.hh:1811): thread_init: thread_id=6, shard_index=0, getShardIndex=0, loader=0
20260909-07:36.39-329508(us) 2382206 * benchmark_thread_init (mbta_wrapper.hh:1811): thread_init: thread_id=7, shard_index=0, getShardIndex=0, loader=0
20260909-07:36.39-329656(us) 2382206 * benchmark_thread_init (mbta_wrapper.hh:1811): thread_init: thread_id=8, shard_index=0, getShardIndex=0, loader=0
20260909-07:36.39-329730(us) 2382206 * benchmark_thread_init (mbta_wrapper.hh:1811): thread_init: thread_id=9, shard_index=0, getShardIndex=0, loader=0
20260909-07:36.39-329977(us) 2382206 * benchmark_thread_init (mbta_wrapper.hh:1811): thread_init: thread_id=10, shard_index=0, getShardIndex=0, loader=0
20260909-07:36.39-330166(us) 2382206 * benchmark_thread_init (mbta_wrapper.hh:1811): thread_init: thread_id=11, shard_index=0, getShardIndex=0, loader=0
20260909-07:36.39-330578(us) 2382206 * benchmark_thread_init (mbta_wrapper.hh:1811): thread_init: thread_id=12, shard_index=0, getShardIndex=0, loader=0
20260909-07:36.39-331042(us) 2382206 * benchmark_thread_init (mbta_wrapper.hh:1811): thread_init: thread_id=13, shard_index=0, getShardIndex=0, loader=0
20260909-07:36.39-331158(us) 2382206 * benchmark_thread_init (mbta_wrapper.hh:1811): thread_init: thread_id=14, shard_index=0, getShardIndex=0, loader=0
20260909-07:36.39-331428(us) 2382206 * benchmark_thread_init (mbta_wrapper.hh:1811): thread_init: thread_id=15, shard_index=0, getShardIndex=0, loader=0
20260909-07:36.39-331591(us) 2382206 * benchmark_thread_init (mbta_wrapper.hh:1811): thread_init: thread_id=16, shard_index=0, getShardIndex=0, loader=0
20260909-07:36.39-331872(us) 2382206 * benchmark_thread_init (mbta_wrapper.hh:1811): thread_init: thread_id=17, shard_index=0, getShardIndex=0, loader=0
20260909-07:36.39-331917(us) 2382206 * ParseNewFormat  (configuration.cc:102): Using new configuration format
20260909-07:36.39-331995(us) 2382206 * ParseNewFormat  (configuration.cc:162): Loaded 1 sites in 1 shards
20260909-07:36.39-332271(us) 2382206 * ParseNewFormat  (configuration.cc:102): Using new configuration format
20260909-07:36.39-332354(us) 2382206 * ParseNewFormat  (configuration.cc:102): Using new configuration format
20260909-07:36.39-332402(us) 2382206 * ParseNewFormat  (configuration.cc:102): Using new configuration format
20260909-07:36.39-332432(us) 2382206 * ParseNewFormat  (configuration.cc:162): Loaded 1 sites in 1 shards
20260909-07:36.39-332460(us) 2382206 * ParseNewFormat  (configuration.cc:102): Using new configuration format
20260909-07:36.39-332498(us) 2382206 * ParseNewFormat  (configuration.cc:102): Using new configuration format
20260909-07:36.39-332542(us) 2382206 * ParseNewFormat  (configuration.cc:162): Loaded 1 sites in 1 shards
20260909-07:36.39-332585(us) 2382206 * ParseNewFormat  (configuration.cc:102): Using new configuration format
20260909-07:36.39-332634(us) 2382206 * ParseNewFormat  (configuration.cc:162): Loaded 1 sites in 1 shards
20260909-07:36.39-332676(us) 2382206 * benchmark_thread_init (mbta_wrapper.hh:1811): thread_init: thread_id=18, shard_index=0, getShardIndex=0, loader=0
20260909-07:36.39-332728(us) 2382206 * ParseNewFormat  (configuration.cc:102): Using new configuration format
20260909-07:36.39-332786(us) 2382206 * ParseNewFormat  (configuration.cc:102): Using new configuration format
20260909-07:36.39-332850(us) 2382206 * ParseNewFormat  (configuration.cc:102): Using new configuration format
20260909-07:36.39-332903(us) 2382206 * ParseNewFormat  (configuration.cc:162): Loaded 1 sites in 1 shards
20260909-07:36.39-332944(us) 2382206 * ParseNewFormat  (configuration.cc:102): Using new configuration format
20260909-07:36.39-332965(us) 2382206 * benchmark_thread_init (mbta_wrapper.hh:1811): thread_init: thread_id=20, shard_index=0, getShardIndex=0, loader=0
20260909-07:36.39-333005(us) 2382206 * ParseNewFormat  (configuration.cc:162): Loaded 1 sites in 1 shards
20260909-07:36.39-333053(us) 2382206 * ParseNewFormat  (configuration.cc:162): Loaded 1 sites in 1 shards
20260909-07:36.39-333095(us) 2382206 * ParseNewFormat  (configuration.cc:162): Loaded 1 sites in 1 shards
20260909-07:36.39-333130(us) 2382206 * ParseNewFormat  (configuration.cc:102): Using new configuration format
20260909-07:36.39-333160(us) 2382206 * ParseNewFormat  (configuration.cc:102): Using new configuration format
20260909-07:36.39-333207(us) 2382206 * ParseNewFormat  (configuration.cc:162): Loaded 1 sites in 1 shards
20260909-07:36.39-333251(us) 2382206 * ParseNewFormat  (configuration.cc:102): Using new configuration format
20260909-07:36.39-333296(us) 2382206 * ParseNewFormat  (configuration.cc:162): Loaded 1 sites in 1 shards
20260909-07:36.39-333350(us) 2382206 * ParseNewFormat  (configuration.cc:102): Using new configuration format
20260909-07:36.39-333397(us) 2382206 * ParseNewFormat  (configuration.cc:162): Loaded 1 sites in 1 shards
20260909-07:36.39-333424(us) 2382206 * ParseNewFormat  (configuration.cc:162): Loaded 1 sites in 1 shards
20260909-07:36.39-333465(us) 2382206 * benchmark_thread_init (mbta_wrapper.hh:1811): thread_init: thread_id=19, shard_index=0, getShardIndex=0, loader=0
20260909-07:36.39-333513(us) 2382206 * ParseNewFormat  (configuration.cc:162): Loaded 1 sites in 1 shards
20260909-07:36.39-333591(us) 2382206 * ParseNewFormat  (configuration.cc:102): Using new configuration format
20260909-07:36.39-333628(us) 2382206 * ParseNewFormat  (configuration.cc:102): Using new configuration format
20260909-07:36.39-333651(us) 2382206 * ParseNewFormat  (configuration.cc:162): Loaded 1 sites in 1 shards
20260909-07:36.39-333700(us) 2382206 * ParseNewFormat  (configuration.cc:102): Using new configuration format
20260909-07:36.39-333738(us) 2382206 * ParseNewFormat  (configuration.cc:102): Using new configuration format
20260909-07:36.39-333799(us) 2382206 * Initialize      (srpc_rpc_backend.cc:66): SrpcRpcBackend::Initialize: poll_thread_worker_ created, is_some=1
20260909-07:36.39-333819(us) 2382206 * ParseNewFormat  (configuration.cc:162): Loaded 1 sites in 1 shards
20260909-07:36.39-333886(us) 2382206 * Initialize      (srpc_rpc_backend.cc:97): SrpcRpcBackend initialized on 127.0.0.1:31007 (listening on 0.0.0.0:31007)
20260909-07:36.39-333905(us) 2382206 * FastTransport   (fasttransport.cc:147): FastTransport initialized with srpc/rpc backend on 127.0.0.1:31007
20260909-07:36.39-333927(us) 2382206 * ParseNewFormat  (configuration.cc:162): Loaded 1 sites in 1 shards
20260909-07:36.39-333967(us) 2382206 * ParseNewFormat  (configuration.cc:102): Using new configuration format
20260909-07:36.39-334020(us) 2382206 * Initialize      (srpc_rpc_backend.cc:66): SrpcRpcBackend::Initialize: poll_thread_worker_ created, is_some=1
20260909-07:36.39-334069(us) 2382206 * ParseNewFormat  (configuration.cc:102): Using new configuration format
20260909-07:36.39-334103(us) 2382206 * ParseNewFormat  (configuration.cc:162): Loaded 1 sites in 1 shards
20260909-07:36.39-334127(us) 2382206 * ParseNewFormat  (configuration.cc:102): Using new configuration format
20260909-07:36.39-334159(us) 2382206 * Initialize      (srpc_rpc_backend.cc:97): SrpcRpcBackend initialized on 127.0.0.1:31006 (listening on 0.0.0.0:31006)
20260909-07:36.39-334184(us) 2382206 * FastTransport   (fasttransport.cc:147): FastTransport initialized with srpc/rpc backend on 127.0.0.1:31006
20260909-07:36.39-334227(us) 2382206 * ParseNewFormat  (configuration.cc:162): Loaded 1 sites in 1 shards
20260909-07:36.39-334265(us) 2382206 * ParseNewFormat  (configuration.cc:162): Loaded 1 sites in 1 shards
20260909-07:36.39-334307(us) 2382206 * ParseNewFormat  (configuration.cc:102): Using new configuration format
20260909-07:36.39-334355(us) 2382206 * ParseNewFormat  (configuration.cc:102): Using new configuration format
20260909-07:36.39-334398(us) 2382206 * ParseNewFormat  (configuration.cc:162): Loaded 1 sites in 1 shards
20260909-07:36.39-334502(us) 2382206 * ParseNewFormat  (configuration.cc:162): Loaded 1 sites in 1 shards
20260909-07:36.39-334541(us) 2382206 * ParseNewFormat  (configuration.cc:162): Loaded 1 sites in 1 shards
20260909-07:36.39-334575(us) 2382206 * ParseNewFormat  (configuration.cc:102): Using new configuration format
20260909-07:36.39-334598(us) 2382206 * ParseNewFormat  (configuration.cc:102): Using new configuration format
20260909-07:36.39-334654(us) 2382206 * ParseNewFormat  (configuration.cc:162): Loaded 1 sites in 1 shards
20260909-07:36.39-334678(us) 2382206 * ParseNewFormat  (configuration.cc:102): Using new configuration format
20260909-07:36.39-334725(us) 2382206 * Initialize      (srpc_rpc_backend.cc:66): SrpcRpcBackend::Initialize: poll_thread_worker_ created, is_some=1
20260909-07:36.39-334769(us) 2382206 * ParseNewFormat  (configuration.cc:102): Using new configuration format
20260909-07:36.39-334824(us) 2382206 * Initialize      (srpc_rpc_backend.cc:66): SrpcRpcBackend::Initialize: poll_thread_worker_ created, is_some=1
20260909-07:36.39-334872(us) 2382206 * benchmark_thread_init (mbta_wrapper.hh:1811): thread_init: thread_id=21, shard_index=0, getShardIndex=0, loader=0
20260909-07:36.39-334930(us) 2382206 * ParseNewFormat  (configuration.cc:102): Using new configuration format
20260909-07:36.39-334984(us) 2382206 * Initialize      (srpc_rpc_backend.cc:66): SrpcRpcBackend::Initialize: poll_thread_worker_ created, is_some=1
20260909-07:36.39-335031(us) 2382206 * ParseNewFormat  (configuration.cc:162): Loaded 1 sites in 1 shards
20260909-07:36.39-335072(us) 2382206 * ParseNewFormat  (configuration.cc:162): Loaded 1 sites in 1 shards
20260909-07:36.39-335119(us) 2382206 * Initialize      (srpc_rpc_backend.cc:97): SrpcRpcBackend initialized on 127.0.0.1:31001 (listening on 0.0.0.0:31001)
20260909-07:36.39-335164(us) 2382206 * FastTransport   (fasttransport.cc:147): FastTransport initialized with srpc/rpc backend on 127.0.0.1:31001
20260909-07:36.39-335205(us) 2382206 * ParseNewFormat  (configuration.cc:162): Loaded 1 sites in 1 shards
20260909-07:36.39-335259(us) 2382206 * ParseNewFormat  (configuration.cc:162): Loaded 1 sites in 1 shards
20260909-07:36.39-335291(us) 2382206 * ParseNewFormat  (configuration.cc:162): Loaded 1 sites in 1 shards
20260909-07:36.39-335335(us) 2382206 * ParseNewFormat  (configuration.cc:102): Using new configuration format
20260909-07:36.39-335377(us) 2382206 * Initialize      (srpc_rpc_backend.cc:97): SrpcRpcBackend initialized on 127.0.0.1:31008 (listening on 0.0.0.0:31008)
20260909-07:36.39-335417(us) 2382206 * FastTransport   (fasttransport.cc:147): FastTransport initialized with srpc/rpc backend on 127.0.0.1:31008
20260909-07:36.39-335454(us) 2382206 * Initialize      (srpc_rpc_backend.cc:66): SrpcRpcBackend::Initialize: poll_thread_worker_ created, is_some=1
20260909-07:36.39-335503(us) 2382206 * ParseNewFormat  (configuration.cc:162): Loaded 1 sites in 1 shards
20260909-07:36.39-335541(us) 2382206 * Initialize      (srpc_rpc_backend.cc:66): SrpcRpcBackend::Initialize: poll_thread_worker_ created, is_some=1
20260909-07:36.39-335570(us) 2382206 * Initialize      (srpc_rpc_backend.cc:66): SrpcRpcBackend::Initialize: poll_thread_worker_ created, is_some=1
20260909-07:36.39-335622(us) 2382206 * ParseNewFormat  (configuration.cc:162): Loaded 1 sites in 1 shards
20260909-07:36.39-335679(us) 2382206 * Initialize      (srpc_rpc_backend.cc:66): SrpcRpcBackend::Initialize: poll_thread_worker_ created, is_some=1
20260909-07:36.39-335736(us) 2382206 * ParseNewFormat  (configuration.cc:102): Using new configuration format
20260909-07:36.39-335777(us) 2382206 * Initialize      (srpc_rpc_backend.cc:97): SrpcRpcBackend initialized on 127.0.0.1:31002 (listening on 0.0.0.0:31002)
20260909-07:36.39-335796(us) 2382206 * FastTransport   (fasttransport.cc:147): FastTransport initialized with srpc/rpc backend on 127.0.0.1:31002
20260909-07:36.39-335822(us) 2382206 * ParseNewFormat  (configuration.cc:162): Loaded 1 sites in 1 shards
20260909-07:36.39-335874(us) 2382206 * ParseNewFormat  (configuration.cc:102): Using new configuration format
20260909-07:36.39-335928(us) 2382206 * ParseNewFormat  (configuration.cc:162): Loaded 1 sites in 1 shards
20260909-07:36.39-350911(us) 2382206 * Initialize      (srpc_rpc_backend.cc:97): SrpcRpcBackend initialized on 127.0.0.1:31000 (listening on 0.0.0.0:31000)
20260909-07:36.39-350935(us) 2382206 * FastTransport   (fasttransport.cc:147): FastTransport initialized with srpc/rpc backend on 127.0.0.1:31000
20260909-07:36.39-350964(us) 2382206 * Initialize      (srpc_rpc_backend.cc:97): SrpcRpcBackend initialized on 127.0.0.1:31009 (listening on 0.0.0.0:31009)
20260909-07:36.39-350987(us) 2382206 * FastTransport   (fasttransport.cc:147): FastTransport initialized with srpc/rpc backend on 127.0.0.1:31009
20260909-07:36.39-351016(us) 2382206 * Initialize      (srpc_rpc_backend.cc:97): SrpcRpcBackend initialized on 127.0.0.1:31013 (listening on 0.0.0.0:31013)
20260909-07:36.39-351034(us) 2382206 * FastTransport   (fasttransport.cc:147): FastTransport initialized with srpc/rpc backend on 127.0.0.1:31013
20260909-07:36.39-351074(us) 2382206 * Initialize      (srpc_rpc_backend.cc:97): SrpcRpcBackend initialized on 127.0.0.1:31012 (listening on 0.0.0.0:31012)
20260909-07:36.39-351105(us) 2382206 * FastTransport   (fasttransport.cc:147): FastTransport initialized with srpc/rpc backend on 127.0.0.1:31012
20260909-07:36.39-351133(us) 2382206 * Initialize      (srpc_rpc_backend.cc:66): SrpcRpcBackend::Initialize: poll_thread_worker_ created, is_some=1
20260909-07:36.39-351198(us) 2382206 * Initialize      (srpc_rpc_backend.cc:97): SrpcRpcBackend initialized on 127.0.0.1:31003 (listening on 0.0.0.0:31003)
20260909-07:36.39-351219(us) 2382206 * FastTransport   (fasttransport.cc:147): FastTransport initialized with srpc/rpc backend on 127.0.0.1:31003
20260909-07:36.39-351245(us) 2382206 * Initialize      (srpc_rpc_backend.cc:66): SrpcRpcBackend::Initialize: poll_thread_worker_ created, is_some=1
20260909-07:36.39-351312(us) 2382206 * Initialize      (srpc_rpc_backend.cc:97): SrpcRpcBackend initialized on 127.0.0.1:31010 (listening on 0.0.0.0:31010)
20260909-07:36.39-351330(us) 2382206 * FastTransport   (fasttransport.cc:147): FastTransport initialized with srpc/rpc backend on 127.0.0.1:31010
20260909-07:36.39-351354(us) 2382206 * Initialize      (srpc_rpc_backend.cc:66): SrpcRpcBackend::Initialize: poll_thread_worker_ created, is_some=1
20260909-07:36.39-351430(us) 2382206 * Initialize      (srpc_rpc_backend.cc:97): SrpcRpcBackend initialized on 127.0.0.1:31004 (listening on 0.0.0.0:31004)
20260909-07:36.39-351448(us) 2382206 * FastTransport   (fasttransport.cc:147): FastTransport initialized with srpc/rpc backend on 127.0.0.1:31004
20260909-07:36.39-351567(us) 2382206 * Initialize      (srpc_rpc_backend.cc:66): SrpcRpcBackend::Initialize: poll_thread_worker_ created, is_some=1
20260909-07:36.39-351622(us) 2382206 * ParseNewFormat  (configuration.cc:102): Using new configuration format
20260909-07:36.39-351657(us) 2382206 * ParseNewFormat  (configuration.cc:102): Using new configuration format
20260909-07:36.39-351689(us) 2382206 * ParseNewFormat  (configuration.cc:102): Using new configuration format
20260909-07:36.39-351735(us) 2382206 * ParseNewFormat  (configuration.cc:102): Using new configuration format
20260909-07:36.39-351766(us) 2382206 * ParseNewFormat  (configuration.cc:162): Loaded 1 sites in 1 shards
20260909-07:36.39-351808(us) 2382206 * Initialize      (srpc_rpc_backend.cc:66): SrpcRpcBackend::Initialize: poll_thread_worker_ created, is_some=1
20260909-07:36.39-351861(us) 2382206 * ParseNewFormat  (configuration.cc:102): Using new configuration format
20260909-07:36.39-351916(us) 2382206 * ParseNewFormat  (configuration.cc:102): Using new configuration format
20260909-07:36.39-351944(us) 2382206 * Initialize      (srpc_rpc_backend.cc:97): SrpcRpcBackend initialized on 127.0.0.1:31005 (listening on 0.0.0.0:31005)
20260909-07:36.39-351973(us) 2382206 * FastTransport   (fasttransport.cc:147): FastTransport initialized with srpc/rpc backend on 127.0.0.1:31005
20260909-07:36.39-352012(us) 2382206 * ParseNewFormat  (configuration.cc:102): Using new configuration format
20260909-07:36.39-352052(us) 2382206 * ParseNewFormat  (configuration.cc:102): Using new configuration format
20260909-07:36.39-352090(us) 2382206 * ParseNewFormat  (configuration.cc:162): Loaded 1 sites in 1 shards
20260909-07:36.39-352132(us) 2382206 * ParseNewFormat  (configuration.cc:162): Loaded 1 sites in 1 shards
20260909-07:36.39-352164(us) 2382206 * ParseNewFormat  (configuration.cc:102): Using new configuration format
20260909-07:36.39-352198(us) 2382206 * ParseNewFormat  (configuration.cc:102): Using new configuration format
20260909-07:36.39-352218(us) 2382206 * ParseNewFormat  (configuration.cc:162): Loaded 1 sites in 1 shards
20260909-07:36.39-352253(us) 2382206 * Initialize      (srpc_rpc_backend.cc:97): SrpcRpcBackend initialized on 127.0.0.1:31011 (listening on 0.0.0.0:31011)
20260909-07:36.39-352294(us) 2382206 * FastTransport   (fasttransport.cc:147): FastTransport initialized with srpc/rpc backend on 127.0.0.1:31011
20260909-07:36.39-352330(us) 2382206 * ParseNewFormat  (configuration.cc:162): Loaded 1 sites in 1 shards
20260909-07:36.39-352368(us) 2382206 * ParseNewFormat  (configuration.cc:102): Using new configuration format
20260909-07:36.39-352413(us) 2382206 * Initialize      (srpc_rpc_backend.cc:66): SrpcRpcBackend::Initialize: poll_thread_worker_ created, is_some=1
20260909-07:36.39-352442(us) 2382206 * ParseNewFormat  (configuration.cc:162): Loaded 1 sites in 1 shards
20260909-07:36.39-352470(us) 2382206 * ParseNewFormat  (configuration.cc:162): Loaded 1 sites in 1 shards
20260909-07:36.39-352498(us) 2382206 * ParseNewFormat  (configuration.cc:162): Loaded 1 sites in 1 shards
20260909-07:36.39-352536(us) 2382206 * ParseNewFormat  (configuration.cc:162): Loaded 1 sites in 1 shards
20260909-07:36.39-352567(us) 2382206 * ParseNewFormat  (configuration.cc:102): Using new configuration format
20260909-07:36.39-352614(us) 2382206 * ParseNewFormat  (configuration.cc:162): Loaded 1 sites in 1 shards
20260909-07:36.39-352709(us) 2382206 * ParseNewFormat  (configuration.cc:102): Using new configuration format
20260909-07:36.39-352742(us) 2382206 * ParseNewFormat  (configuration.cc:162): Loaded 1 sites in 1 shards
20260909-07:36.39-353040(us) 2382206 * ParseNewFormat  (configuration.cc:102): Using new configuration format
20260909-07:36.39-353086(us) 2382206 * ParseNewFormat  (configuration.cc:162): Loaded 1 sites in 1 shards
20260909-07:36.39-355842(us) 2382206 * ParseNewFormat  (configuration.cc:162): Loaded 1 sites in 1 shards
20260909-07:36.39-355874(us) 2382206 * ParseNewFormat  (configuration.cc:162): Loaded 1 sites in 1 shards
20260909-07:36.39-356017(us) 2382206 * Initialize      (srpc_rpc_backend.cc:97): SrpcRpcBackend initialized on 127.0.0.1:31015 (listening on 0.0.0.0:31015)
20260909-07:36.39-356049(us) 2382206 * FastTransport   (fasttransport.cc:147): FastTransport initialized with srpc/rpc backend on 127.0.0.1:31015
20260909-07:36.39-356090(us) 2382206 * Initialize      (srpc_rpc_backend.cc:66): SrpcRpcBackend::Initialize: poll_thread_worker_ created, is_some=1
20260909-07:36.39-356149(us) 2382206 * Initialize      (srpc_rpc_backend.cc:97): SrpcRpcBackend initialized on 127.0.0.1:31014 (listening on 0.0.0.0:31014)
20260909-07:36.39-356166(us) 2382206 * FastTransport   (fasttransport.cc:147): FastTransport initialized with srpc/rpc backend on 127.0.0.1:31014
20260909-07:36.39-356640(us) 2382206 * ParseNewFormat  (configuration.cc:102): Using new configuration format
20260909-07:36.39-356679(us) 2382206 * ParseNewFormat  (configuration.cc:162): Loaded 1 sites in 1 shards
20260909-07:36.39-356940(us) 2382206 * ParseNewFormat  (configuration.cc:102): Using new configuration format
20260909-07:36.39-357013(us) 2382206 * ParseNewFormat  (configuration.cc:162): Loaded 1 sites in 1 shards
20260909-07:36.39-358359(us) 2382206 ! run             (bench.cc:685):     TPCC_BENCH_MEASURE_START
20260909-07:36.39-358382(us) 2382206 ! run             (bench.cc:693):     start the running time, runTime:10
20260909-07:36.39-358395(us) 2382206 ! run             (bench.cc:705):     runtime time left:10000 ms, bool:1
20260909-07:36.40-368096(us) 2382206 ! run             (bench.cc:705):     runtime time left:9000 ms, bool:1
20260909-07:36.41-376977(us) 2382206 ! run             (bench.cc:705):     runtime time left:8000 ms, bool:1
20260909-07:36.42-385692(us) 2382206 ! run             (bench.cc:705):     runtime time left:7000 ms, bool:1
20260909-07:36.43-391749(us) 2382206 ! run             (bench.cc:705):     runtime time left:6000 ms, bool:1
20260909-07:36.44-397928(us) 2382206 ! run             (bench.cc:705):     runtime time left:5000 ms, bool:1
20260909-07:36.45-404166(us) 2382206 ! run             (bench.cc:705):     runtime time left:4000 ms, bool:1
20260909-07:36.46-410271(us) 2382206 ! run             (bench.cc:705):     runtime time left:3000 ms, bool:1
20260909-07:36.47-416141(us) 2382206 ! run             (bench.cc:705):     runtime time left:2000 ms, bool:1
20260909-07:36.48-422804(us) 2382206 ! run             (bench.cc:705):     runtime time left:1000 ms, bool:1
20260909-07:36.49-429037(us) 2382206 ! run             (bench.cc:718):     runtime_plus:0
[SHUTDOWN] Setting running=false to stop database worker threads
[SHUTDOWN] Calling first stop() to stop client transports
20260909-07:36.49-429105(us) 2382206 * PrintStats      (srpc_rpc_backend.cc:686): SrpcRpcBackend request stats: msg_size_req_sent: 0 bytes, counter: 0, avg: 0.000000
20260909-07:36.49-429175(us) 2382206 * PrintStats      (srpc_rpc_backend.cc:686): SrpcRpcBackend request stats: msg_size_req_sent: 0 bytes, counter: 0, avg: 0.000000
20260909-07:36.49-429249(us) 2382206 ! stop            (bench.cc:514):     stop all rpc clients. set stop=false
20260909-07:36.49-429274(us) 2382206 * Stop            (srpc_rpc_backend.cc:593): SrpcRpcBackend::Stop: BEGIN - Setting stop flag
20260909-07:36.49-429291(us) 2382206 * Stop            (srpc_rpc_backend.cc:596): SrpcRpcBackend::Stop: Waiting for event loop to exit...
20260909-07:36.49-429307(us) 2382206 * Stop            (srpc_rpc_backend.cc:612): SrpcRpcBackend::Stop: Event loop exited successfully
20260909-07:36.49-429322(us) 2382206 * Stop            (srpc_rpc_backend.cc:616): SrpcRpcBackend::Stop: Signaling 0 request queues to stop
20260909-07:36.49-429342(us) 2382206 * Stop            (srpc_rpc_backend.cc:624): SrpcRpcBackend::Stop: Signaling 0 response queues to stop
20260909-07:36.49-429358(us) 2382206 * Stop            (srpc_rpc_backend.cc:635): SrpcRpcBackend::Stop: Server cleanup deferred to destructor
20260909-07:36.49-429373(us) 2382206 * Stop            (srpc_rpc_backend.cc:638): SrpcRpcBackend::Stop: Closing client connections
20260909-07:36.49-429390(us) 2382206 * Stop            (srpc_rpc_backend.cc:642): SrpcRpcBackend::Stop: Found 0 client connections to close
20260909-07:36.49-429407(us) 2382206 * Stop            (srpc_rpc_backend.cc:662): SrpcRpcBackend::Stop: Closed 0 client connections
20260909-07:36.49-429423(us) 2382206 * Stop            (srpc_rpc_backend.cc:675): SrpcRpcBackend stats: msg_size_resp_sent: 0 bytes, counter: 0, avg: 0.000000
20260909-07:36.49-429441(us) 2382206 * Stop            (srpc_rpc_backend.cc:676): SrpcRpcBackend::Stop: END
20260909-07:36.49-429457(us) 2382206 * Stop            (srpc_rpc_backend.cc:593): SrpcRpcBackend::Stop: BEGIN - Setting stop flag
20260909-07:36.49-429474(us) 2382206 * Stop            (srpc_rpc_backend.cc:596): SrpcRpcBackend::Stop: Waiting for event loop to exit...
20260909-07:36.49-429489(us) 2382206 * Stop            (srpc_rpc_backend.cc:612): SrpcRpcBackend::Stop: Event loop exited successfully
20260909-07:36.49-429505(us) 2382206 * Stop            (srpc_rpc_backend.cc:616): SrpcRpcBackend::Stop: Signaling 0 request queues to stop
20260909-07:36.49-429521(us) 2382206 * Stop            (srpc_rpc_backend.cc:624): SrpcRpcBackend::Stop: Signaling 0 response queues to stop
20260909-07:36.49-429538(us) 2382206 * Stop            (srpc_rpc_backend.cc:635): SrpcRpcBackend::Stop: Server cleanup deferred to destructor
20260909-07:36.49-429554(us) 2382206 * Stop            (srpc_rpc_backend.cc:638): SrpcRpcBackend::Stop: Closing client connections
20260909-07:36.49-429570(us) 2382206 * Stop            (srpc_rpc_backend.cc:642): SrpcRpcBackend::Stop: Found 0 client connections to close
20260909-07:36.49-429586(us) 2382206 * Stop            (srpc_rpc_backend.cc:662): SrpcRpcBackend::Stop: Closed 0 client connections
20260909-07:36.49-429602(us) 2382206 * Stop            (srpc_rpc_backend.cc:675): SrpcRpcBackend stats: msg_size_resp_sent: 0 bytes, counter: 0, avg: 0.000000
20260909-07:36.49-429619(us) 2382206 * Stop            (srpc_rpc_backend.cc:676): SrpcRpcBackend::Stop: END
20260909-07:36.49-429636(us) 2382206 * Stop            (srpc_rpc_backend.cc:593): SrpcRpcBackend::Stop: BEGIN - Setting stop flag
20260909-07:36.49-429652(us) 2382206 * Stop            (srpc_rpc_backend.cc:596): SrpcRpcBackend::Stop: Waiting for event loop to exit...
20260909-07:36.49-429668(us) 2382206 * Stop            (srpc_rpc_backend.cc:612): SrpcRpcBackend::Stop: Event loop exited successfully
20260909-07:36.49-429685(us) 2382206 * Stop            (srpc_rpc_backend.cc:616): SrpcRpcBackend::Stop: Signaling 0 request queues to stop
20260909-07:36.49-429700(us) 2382206 * Stop            (srpc_rpc_backend.cc:624): SrpcRpcBackend::Stop: Signaling 0 response queues to stop
20260909-07:36.49-429716(us) 2382206 * Stop            (srpc_rpc_backend.cc:635): SrpcRpcBackend::Stop: Server cleanup deferred to destructor
20260909-07:36.49-429733(us) 2382206 * Stop            (srpc_rpc_backend.cc:638): SrpcRpcBackend::Stop: Closing client connections
20260909-07:36.49-429749(us) 2382206 * Stop            (srpc_rpc_backend.cc:642): SrpcRpcBackend::Stop: Found 0 client connections to close
20260909-07:36.49-429764(us) 2382206 * Stop            (srpc_rpc_backend.cc:662): SrpcRpcBackend::Stop: Closed 0 client connections
20260909-07:36.49-429779(us) 2382206 * Stop            (srpc_rpc_backend.cc:675): SrpcRpcBackend stats: msg_size_resp_sent: 0 bytes, counter: 0, avg: 0.000000
20260909-07:36.49-429795(us) 2382206 * Stop            (srpc_rpc_backend.cc:676): SrpcRpcBackend::Stop: END
20260909-07:36.49-429814(us) 2382206 * Stop            (srpc_rpc_backend.cc:593): SrpcRpcBackend::Stop: BEGIN - Setting stop flag
20260909-07:36.49-429839(us) 2382206 * Stop            (srpc_rpc_backend.cc:596): SrpcRpcBackend::Stop: Waiting for event loop to exit...
20260909-07:36.49-429863(us) 2382206 * Stop            (srpc_rpc_backend.cc:612): SrpcRpcBackend::Stop: Event loop exited successfully
20260909-07:36.49-429877(us) 2382206 * Stop            (srpc_rpc_backend.cc:616): SrpcRpcBackend::Stop: Signaling 0 request queues to stop
20260909-07:36.49-429893(us) 2382206 * Stop            (srpc_rpc_backend.cc:624): SrpcRpcBackend::Stop: Signaling 0 response queues to stop
20260909-07:36.49-429911(us) 2382206 * Stop            (srpc_rpc_backend.cc:635): SrpcRpcBackend::Stop: Server cleanup deferred to destructor
20260909-07:36.49-429926(us) 2382206 * Stop            (srpc_rpc_backend.cc:638): SrpcRpcBackend::Stop: Closing client connections
20260909-07:36.49-429944(us) 2382206 * Stop            (srpc_rpc_backend.cc:642): SrpcRpcBackend::Stop: Found 0 client connections to close
20260909-07:36.49-429960(us) 2382206 * Stop            (srpc_rpc_backend.cc:662): SrpcRpcBackend::Stop: Closed 0 client connections
20260909-07:36.49-429976(us) 2382206 * Stop            (srpc_rpc_backend.cc:675): SrpcRpcBackend stats: msg_size_resp_sent: 0 bytes, counter: 0, avg: 0.000000
20260909-07:36.49-429995(us) 2382206 * Stop            (srpc_rpc_backend.cc:676): SrpcRpcBackend::Stop: END
20260909-07:36.49-430011(us) 2382206 * Stop            (srpc_rpc_backend.cc:593): SrpcRpcBackend::Stop: BEGIN - Setting stop flag
20260909-07:36.49-430026(us) 2382206 * Stop            (srpc_rpc_backend.cc:596): SrpcRpcBackend::Stop: Waiting for event loop to exit...
20260909-07:36.49-430044(us) 2382206 * Stop            (srpc_rpc_backend.cc:612): SrpcRpcBackend::Stop: Event loop exited successfully
20260909-07:36.49-430060(us) 2382206 * Stop            (srpc_rpc_backend.cc:616): SrpcRpcBackend::Stop: Signaling 0 request queues to stop
20260909-07:36.49-430074(us) 2382206 * Stop            (srpc_rpc_backend.cc:624): SrpcRpcBackend::Stop: Signaling 0 response queues to stop
20260909-07:36.49-430092(us) 2382206 * Stop            (srpc_rpc_backend.cc:635): SrpcRpcBackend::Stop: Server cleanup deferred to destructor
20260909-07:36.49-430113(us) 2382206 * Stop            (srpc_rpc_backend.cc:638): SrpcRpcBackend::Stop: Closing client connections
20260909-07:36.49-430134(us) 2382206 * Stop            (srpc_rpc_backend.cc:642): SrpcRpcBackend::Stop: Found 0 client connections to close
20260909-07:36.49-430149(us) 2382206 * Stop            (srpc_rpc_backend.cc:662): SrpcRpcBackend::Stop: Closed 0 client connections
20260909-07:36.49-430165(us) 2382206 * Stop            (srpc_rpc_backend.cc:675): SrpcRpcBackend stats: msg_size_resp_sent: 0 bytes, counter: 0, avg: 0.000000
20260909-07:36.49-430213(us) 2382206 * Stop            (srpc_rpc_backend.cc:676): SrpcRpcBackend::Stop: END
20260909-07:36.49-430229(us) 2382206 * Stop            (srpc_rpc_backend.cc:593): SrpcRpcBackend::Stop: BEGIN - Setting stop flag
20260909-07:36.49-430247(us) 2382206 * Stop            (srpc_rpc_backend.cc:596): SrpcRpcBackend::Stop: Waiting for event loop to exit...
20260909-07:36.49-430267(us) 2382206 * Stop            (srpc_rpc_backend.cc:612): SrpcRpcBackend::Stop: Event loop exited successfully
20260909-07:36.49-430282(us) 2382206 * Stop            (srpc_rpc_backend.cc:616): SrpcRpcBackend::Stop: Signaling 0 request queues to stop
20260909-07:36.49-430302(us) 2382206 * Stop            (srpc_rpc_backend.cc:624): SrpcRpcBackend::Stop: Signaling 0 response queues to stop
20260909-07:36.49-430317(us) 2382206 * Stop            (srpc_rpc_backend.cc:635): SrpcRpcBackend::Stop: Server cleanup deferred to destructor
20260909-07:36.49-430333(us) 2382206 * Stop            (srpc_rpc_backend.cc:638): SrpcRpcBackend::Stop: Closing client connections
20260909-07:36.49-430348(us) 2382206 * Stop            (srpc_rpc_backend.cc:642): SrpcRpcBackend::Stop: Found 0 client connections to close
20260909-07:36.49-430368(us) 2382206 * Stop            (srpc_rpc_backend.cc:662): SrpcRpcBackend::Stop: Closed 0 client connections
20260909-07:36.49-430386(us) 2382206 * Stop            (srpc_rpc_backend.cc:675): SrpcRpcBackend stats: msg_size_resp_sent: 0 bytes, counter: 0, avg: 0.000000
20260909-07:36.49-430406(us) 2382206 * Stop            (srpc_rpc_backend.cc:676): SrpcRpcBackend::Stop: END
20260909-07:36.49-430422(us) 2382206 * Stop            (srpc_rpc_backend.cc:593): SrpcRpcBackend::Stop: BEGIN - Setting stop flag
20260909-07:36.49-430442(us) 2382206 * Stop            (srpc_rpc_backend.cc:596): SrpcRpcBackend::Stop: Waiting for event loop to exit...
20260909-07:36.49-430458(us) 2382206 * Stop            (srpc_rpc_backend.cc:612): SrpcRpcBackend::Stop: Event loop exited successfully
20260909-07:36.49-430473(us) 2382206 * Stop            (srpc_rpc_backend.cc:616): SrpcRpcBackend::Stop: Signaling 0 request queues to stop
20260909-07:36.49-430489(us) 2382206 * Stop            (srpc_rpc_backend.cc:624): SrpcRpcBackend::Stop: Signaling 0 response queues to stop
20260909-07:36.49-430507(us) 2382206 * Stop            (srpc_rpc_backend.cc:635): SrpcRpcBackend::Stop: Server cleanup deferred to destructor
20260909-07:36.49-430522(us) 2382206 * Stop            (srpc_rpc_backend.cc:638): SrpcRpcBackend::Stop: Closing client connections
20260909-07:36.49-430540(us) 2382206 * Stop            (srpc_rpc_backend.cc:642): SrpcRpcBackend::Stop: Found 0 client connections to close
20260909-07:36.49-430559(us) 2382206 * Stop            (srpc_rpc_backend.cc:662): SrpcRpcBackend::Stop: Closed 0 client connections
20260909-07:36.49-430575(us) 2382206 * Stop            (srpc_rpc_backend.cc:675): SrpcRpcBackend stats: msg_size_resp_sent: 0 bytes, counter: 0, avg: 0.000000
20260909-07:36.49-430594(us) 2382206 * Stop            (srpc_rpc_backend.cc:676): SrpcRpcBackend::Stop: END
20260909-07:36.49-430610(us) 2382206 * Stop            (srpc_rpc_backend.cc:593): SrpcRpcBackend::Stop: BEGIN - Setting stop flag
20260909-07:36.49-430624(us) 2382206 * Stop            (srpc_rpc_backend.cc:596): SrpcRpcBackend::Stop: Waiting for event loop to exit...
20260909-07:36.49-430639(us) 2382206 * Stop            (srpc_rpc_backend.cc:612): SrpcRpcBackend::Stop: Event loop exited successfully
20260909-07:36.49-430654(us) 2382206 * Stop            (srpc_rpc_backend.cc:616): SrpcRpcBackend::Stop: Signaling 0 request queues to stop
20260909-07:36.49-430675(us) 2382206 * Stop            (srpc_rpc_backend.cc:624): SrpcRpcBackend::Stop: Signaling 0 response queues to stop
20260909-07:36.49-430694(us) 2382206 * Stop            (srpc_rpc_backend.cc:635): SrpcRpcBackend::Stop: Server cleanup deferred to destructor
20260909-07:36.49-430709(us) 2382206 * Stop            (srpc_rpc_backend.cc:638): SrpcRpcBackend::Stop: Closing client connections
20260909-07:36.49-430724(us) 2382206 * Stop            (srpc_rpc_backend.cc:642): SrpcRpcBackend::Stop: Found 0 client connections to close
20260909-07:36.49-430739(us) 2382206 * Stop            (srpc_rpc_backend.cc:662): SrpcRpcBackend::Stop: Closed 0 client connections
20260909-07:36.49-430754(us) 2382206 * Stop            (srpc_rpc_backend.cc:675): SrpcRpcBackend stats: msg_size_resp_sent: 0 bytes, counter: 0, avg: 0.000000
20260909-07:36.49-430769(us) 2382206 * Stop            (srpc_rpc_backend.cc:676): SrpcRpcBackend::Stop: END
20260909-07:36.49-430785(us) 2382206 * Stop            (srpc_rpc_backend.cc:593): SrpcRpcBackend::Stop: BEGIN - Setting stop flag
20260909-07:36.49-430801(us) 2382206 * Stop            (srpc_rpc_backend.cc:596): SrpcRpcBackend::Stop: Waiting for event loop to exit...
20260909-07:36.49-430817(us) 2382206 * Stop            (srpc_rpc_backend.cc:612): SrpcRpcBackend::Stop: Event loop exited successfully
20260909-07:36.49-430846(us) 2382206 * Stop            (srpc_rpc_backend.cc:616): SrpcRpcBackend::Stop: Signaling 0 request queues to stop
20260909-07:36.49-430862(us) 2382206 * Stop            (srpc_rpc_backend.cc:624): SrpcRpcBackend::Stop: Signaling 0 response queues to stop
20260909-07:36.49-430877(us) 2382206 * Stop            (srpc_rpc_backend.cc:635): SrpcRpcBackend::Stop: Server cleanup deferred to destructor
20260909-07:36.49-430892(us) 2382206 * Stop            (srpc_rpc_backend.cc:638): SrpcRpcBackend::Stop: Closing client connections
20260909-07:36.49-430908(us) 2382206 * Stop            (srpc_rpc_backend.cc:642): SrpcRpcBackend::Stop: Found 0 client connections to close
20260909-07:36.49-430928(us) 2382206 * Stop            (srpc_rpc_backend.cc:662): SrpcRpcBackend::Stop: Closed 0 client connections
20260909-07:36.49-430943(us) 2382206 * Stop            (srpc_rpc_backend.cc:675): SrpcRpcBackend stats: msg_size_resp_sent: 0 bytes, counter: 0, avg: 0.000000
20260909-07:36.49-430959(us) 2382206 * Stop            (srpc_rpc_backend.cc:676): SrpcRpcBackend::Stop: END
20260909-07:36.49-430975(us) 2382206 * Stop            (srpc_rpc_backend.cc:593): SrpcRpcBackend::Stop: BEGIN - Setting stop flag
20260909-07:36.49-430993(us) 2382206 * Stop            (srpc_rpc_backend.cc:596): SrpcRpcBackend::Stop: Waiting for event loop to exit...
20260909-07:36.49-431013(us) 2382206 * Stop            (srpc_rpc_backend.cc:612): SrpcRpcBackend::Stop: Event loop exited successfully
20260909-07:36.49-431028(us) 2382206 * Stop            (srpc_rpc_backend.cc:616): SrpcRpcBackend::Stop: Signaling 0 request queues to stop
20260909-07:36.49-431044(us) 2382206 * Stop            (srpc_rpc_backend.cc:624): SrpcRpcBackend::Stop: Signaling 0 response queues to stop
20260909-07:36.49-431059(us) 2382206 * Stop            (srpc_rpc_backend.cc:635): SrpcRpcBackend::Stop: Server cleanup deferred to destructor
20260909-07:36.49-431077(us) 2382206 * Stop            (srpc_rpc_backend.cc:638): SrpcRpcBackend::Stop: Closing client connections
20260909-07:36.49-431092(us) 2382206 * Stop            (srpc_rpc_backend.cc:642): SrpcRpcBackend::Stop: Found 0 client connections to close
20260909-07:36.49-431108(us) 2382206 * Stop            (srpc_rpc_backend.cc:662): SrpcRpcBackend::Stop: Closed 0 client connections
20260909-07:36.49-431123(us) 2382206 * Stop            (srpc_rpc_backend.cc:675): SrpcRpcBackend stats: msg_size_resp_sent: 0 bytes, counter: 0, avg: 0.000000
20260909-07:36.49-431143(us) 2382206 * Stop            (srpc_rpc_backend.cc:676): SrpcRpcBackend::Stop: END
20260909-07:36.49-431165(us) 2382206 * Stop            (srpc_rpc_backend.cc:593): SrpcRpcBackend::Stop: BEGIN - Setting stop flag
20260909-07:36.49-431180(us) 2382206 * Stop            (srpc_rpc_backend.cc:596): SrpcRpcBackend::Stop: Waiting for event loop to exit...
20260909-07:36.49-431195(us) 2382206 * Stop            (srpc_rpc_backend.cc:612): SrpcRpcBackend::Stop: Event loop exited successfully
20260909-07:36.49-431210(us) 2382206 * Stop            (srpc_rpc_backend.cc:616): SrpcRpcBackend::Stop: Signaling 0 request queues to stop
20260909-07:36.49-431225(us) 2382206 * Stop            (srpc_rpc_backend.cc:624): SrpcRpcBackend::Stop: Signaling 0 response queues to stop
20260909-07:36.49-431246(us) 2382206 * Stop            (srpc_rpc_backend.cc:635): SrpcRpcBackend::Stop: Server cleanup deferred to destructor
20260909-07:36.49-431290(us) 2382206 * Stop            (srpc_rpc_backend.cc:638): SrpcRpcBackend::Stop: Closing client connections
20260909-07:36.49-431305(us) 2382206 * Stop            (srpc_rpc_backend.cc:642): SrpcRpcBackend::Stop: Found 0 client connections to close
20260909-07:36.49-431321(us) 2382206 * Stop            (srpc_rpc_backend.cc:662): SrpcRpcBackend::Stop: Closed 0 client connections
20260909-07:36.49-431335(us) 2382206 * Stop            (srpc_rpc_backend.cc:675): SrpcRpcBackend stats: msg_size_resp_sent: 0 bytes, counter: 0, avg: 0.000000
20260909-07:36.49-431350(us) 2382206 * Stop            (srpc_rpc_backend.cc:676): SrpcRpcBackend::Stop: END
20260909-07:36.49-431367(us) 2382206 * Stop            (srpc_rpc_backend.cc:593): SrpcRpcBackend::Stop: BEGIN - Setting stop flag
20260909-07:36.49-431383(us) 2382206 * Stop            (srpc_rpc_backend.cc:596): SrpcRpcBackend::Stop: Waiting for event loop to exit...
20260909-07:36.49-431398(us) 2382206 * Stop            (srpc_rpc_backend.cc:612): SrpcRpcBackend::Stop: Event loop exited successfully
20260909-07:36.49-431413(us) 2382206 * Stop            (srpc_rpc_backend.cc:616): SrpcRpcBackend::Stop: Signaling 0 request queues to stop
20260909-07:36.49-431428(us) 2382206 * Stop            (srpc_rpc_backend.cc:624): SrpcRpcBackend::Stop: Signaling 0 response queues to stop
20260909-07:36.49-431444(us) 2382206 * Stop            (srpc_rpc_backend.cc:635): SrpcRpcBackend::Stop: Server cleanup deferred to destructor
20260909-07:36.49-431462(us) 2382206 * Stop            (srpc_rpc_backend.cc:638): SrpcRpcBackend::Stop: Closing client connections
20260909-07:36.49-431480(us) 2382206 * Stop            (srpc_rpc_backend.cc:642): SrpcRpcBackend::Stop: Found 0 client connections to close
20260909-07:36.49-431501(us) 2382206 * Stop            (srpc_rpc_backend.cc:662): SrpcRpcBackend::Stop: Closed 0 client connections
20260909-07:36.49-431519(us) 2382206 * Stop            (srpc_rpc_backend.cc:675): SrpcRpcBackend stats: msg_size_resp_sent: 0 bytes, counter: 0, avg: 0.000000
20260909-07:36.49-431535(us) 2382206 * Stop            (srpc_rpc_backend.cc:676): SrpcRpcBackend::Stop: END
20260909-07:36.49-431552(us) 2382206 * Stop            (srpc_rpc_backend.cc:593): SrpcRpcBackend::Stop: BEGIN - Setting stop flag
20260909-07:36.49-431570(us) 2382206 * Stop            (srpc_rpc_backend.cc:596): SrpcRpcBackend::Stop: Waiting for event loop to exit...
20260909-07:36.49-431584(us) 2382206 * Stop            (srpc_rpc_backend.cc:612): SrpcRpcBackend::Stop: Event loop exited successfully
20260909-07:36.49-431599(us) 2382206 * Stop            (srpc_rpc_backend.cc:616): SrpcRpcBackend::Stop: Signaling 0 request queues to stop
20260909-07:36.49-431615(us) 2382206 * Stop            (srpc_rpc_backend.cc:624): SrpcRpcBackend::Stop: Signaling 0 response queues to stop
20260909-07:36.49-431630(us) 2382206 * Stop            (srpc_rpc_backend.cc:635): SrpcRpcBackend::Stop: Server cleanup deferred to destructor
20260909-07:36.49-431646(us) 2382206 * Stop            (srpc_rpc_backend.cc:638): SrpcRpcBackend::Stop: Closing client connections
20260909-07:36.49-431661(us) 2382206 * Stop            (srpc_rpc_backend.cc:642): SrpcRpcBackend::Stop: Found 0 client connections to close
20260909-07:36.49-431676(us) 2382206 * Stop            (srpc_rpc_backend.cc:662): SrpcRpcBackend::Stop: Closed 0 client connections
20260909-07:36.49-431695(us) 2382206 * Stop            (srpc_rpc_backend.cc:675): SrpcRpcBackend stats: msg_size_resp_sent: 0 bytes, counter: 0, avg: 0.000000
20260909-07:36.49-431713(us) 2382206 * Stop            (srpc_rpc_backend.cc:676): SrpcRpcBackend::Stop: END
20260909-07:36.49-431730(us) 2382206 * Stop            (srpc_rpc_backend.cc:593): SrpcRpcBackend::Stop: BEGIN - Setting stop flag
20260909-07:36.49-431748(us) 2382206 * Stop            (srpc_rpc_backend.cc:596): SrpcRpcBackend::Stop: Waiting for event loop to exit...
20260909-07:36.49-431763(us) 2382206 * Stop            (srpc_rpc_backend.cc:612): SrpcRpcBackend::Stop: Event loop exited successfully
20260909-07:36.49-431779(us) 2382206 * Stop            (srpc_rpc_backend.cc:616): SrpcRpcBackend::Stop: Signaling 0 request queues to stop
20260909-07:36.49-431794(us) 2382206 * Stop            (srpc_rpc_backend.cc:624): SrpcRpcBackend::Stop: Signaling 0 response queues to stop
20260909-07:36.49-431812(us) 2382206 * Stop            (srpc_rpc_backend.cc:635): SrpcRpcBackend::Stop: Server cleanup deferred to destructor
20260909-07:36.49-431827(us) 2382206 * Stop            (srpc_rpc_backend.cc:638): SrpcRpcBackend::Stop: Closing client connections
20260909-07:36.49-431848(us) 2382206 * Stop            (srpc_rpc_backend.cc:642): SrpcRpcBackend::Stop: Found 0 client connections to close
20260909-07:36.49-431864(us) 2382206 * Stop            (srpc_rpc_backend.cc:662): SrpcRpcBackend::Stop: Closed 0 client connections
20260909-07:36.49-431882(us) 2382206 * Stop            (srpc_rpc_backend.cc:675): SrpcRpcBackend stats: msg_size_resp_sent: 0 bytes, counter: 0, avg: 0.000000
20260909-07:36.49-431898(us) 2382206 * Stop            (srpc_rpc_backend.cc:676): SrpcRpcBackend::Stop: END
20260909-07:36.49-431917(us) 2382206 * Stop            (srpc_rpc_backend.cc:593): SrpcRpcBackend::Stop: BEGIN - Setting stop flag
20260909-07:36.49-431932(us) 2382206 * Stop            (srpc_rpc_backend.cc:596): SrpcRpcBackend::Stop: Waiting for event loop to exit...
20260909-07:36.49-431951(us) 2382206 * Stop            (srpc_rpc_backend.cc:612): SrpcRpcBackend::Stop: Event loop exited successfully
20260909-07:36.49-431967(us) 2382206 * Stop            (srpc_rpc_backend.cc:616): SrpcRpcBackend::Stop: Signaling 0 request queues to stop
20260909-07:36.49-431982(us) 2382206 * Stop            (srpc_rpc_backend.cc:624): SrpcRpcBackend::Stop: Signaling 0 response queues to stop
20260909-07:36.49-431996(us) 2382206 * Stop            (srpc_rpc_backend.cc:635): SrpcRpcBackend::Stop: Server cleanup deferred to destructor
20260909-07:36.49-432012(us) 2382206 * Stop            (srpc_rpc_backend.cc:638): SrpcRpcBackend::Stop: Closing client connections
20260909-07:36.49-432027(us) 2382206 * Stop            (srpc_rpc_backend.cc:642): SrpcRpcBackend::Stop: Found 0 client connections to close
20260909-07:36.49-432042(us) 2382206 * Stop            (srpc_rpc_backend.cc:662): SrpcRpcBackend::Stop: Closed 0 client connections
20260909-07:36.49-432057(us) 2382206 * Stop            (srpc_rpc_backend.cc:675): SrpcRpcBackend stats: msg_size_resp_sent: 0 bytes, counter: 0, avg: 0.000000
20260909-07:36.49-432073(us) 2382206 * Stop            (srpc_rpc_backend.cc:676): SrpcRpcBackend::Stop: END
20260909-07:36.49-432090(us) 2382206 * Stop            (srpc_rpc_backend.cc:593): SrpcRpcBackend::Stop: BEGIN - Setting stop flag
20260909-07:36.49-432105(us) 2382206 * Stop            (srpc_rpc_backend.cc:596): SrpcRpcBackend::Stop: Waiting for event loop to exit...
20260909-07:36.49-432121(us) 2382206 * Stop            (srpc_rpc_backend.cc:612): SrpcRpcBackend::Stop: Event loop exited successfully
20260909-07:36.49-432136(us) 2382206 * Stop            (srpc_rpc_backend.cc:616): SrpcRpcBackend::Stop: Signaling 0 request queues to stop
20260909-07:36.49-432149(us) 2382206 * Stop            (srpc_rpc_backend.cc:624): SrpcRpcBackend::Stop: Signaling 0 response queues to stop
20260909-07:36.49-432162(us) 2382206 * Stop            (srpc_rpc_backend.cc:635): SrpcRpcBackend::Stop: Server cleanup deferred to destructor
20260909-07:36.49-432181(us) 2382206 * Stop            (srpc_rpc_backend.cc:638): SrpcRpcBackend::Stop: Closing client connections
20260909-07:36.49-432197(us) 2382206 * Stop            (srpc_rpc_backend.cc:642): SrpcRpcBackend::Stop: Found 0 client connections to close
20260909-07:36.49-432217(us) 2382206 * Stop            (srpc_rpc_backend.cc:662): SrpcRpcBackend::Stop: Closed 0 client connections
20260909-07:36.49-432232(us) 2382206 * Stop            (srpc_rpc_backend.cc:675): SrpcRpcBackend stats: msg_size_resp_sent: 0 bytes, counter: 0, avg: 0.000000
20260909-07:36.49-432248(us) 2382206 * Stop            (srpc_rpc_backend.cc:676): SrpcRpcBackend::Stop: END
[SHUTDOWN] First stop() completed
[SHUTDOWN] Joining 16 worker threads
[SHUTDOWN] Joining worker 0
20260909-07:36.49-432274(us) 2382206 * PrintStats      (srpc_rpc_backend.cc:686): SrpcRpcBackend request stats: msg_size_req_sent: 0 bytes, counter: 0, avg: 0.000000
20260909-07:36.49-432341(us) 2382206 * PrintStats      (srpc_rpc_backend.cc:686): SrpcRpcBackend request stats: msg_size_req_sent: 0 bytes, counter: 0, avg: 0.000000
20260909-07:36.49-432385(us) 2382206 * PrintStats      (srpc_rpc_backend.cc:686): SrpcRpcBackend request stats: msg_size_req_sent: 0 bytes, counter: 0, avg: 0.000000
20260909-07:36.49-432430(us) 2382206 * PrintStats      (srpc_rpc_backend.cc:686): SrpcRpcBackend request stats: msg_size_req_sent: 0 bytes, counter: 0, avg: 0.000000
20260909-07:36.49-432470(us) 2382206 * PrintStats      (srpc_rpc_backend.cc:686): SrpcRpcBackend request stats: msg_size_req_sent: 0 bytes, counter: 0, avg: 0.000000
20260909-07:36.49-432496(us) 2382206 * PrintStats      (srpc_rpc_backend.cc:686): SrpcRpcBackend request stats: msg_size_req_sent: 0 bytes, counter: 0, avg: 0.000000
20260909-07:36.49-432568(us) 2382206 * PrintStats      (srpc_rpc_backend.cc:686): SrpcRpcBackend request stats: msg_size_req_sent: 0 bytes, counter: 0, avg: 0.000000
20260909-07:36.49-432630(us) 2382206 * PrintStats      (srpc_rpc_backend.cc:686): SrpcRpcBackend request stats: msg_size_req_sent: 0 bytes, counter: 0, avg: 0.000000
20260909-07:36.49-432674(us) 2382206 * PrintStats      (srpc_rpc_backend.cc:686): SrpcRpcBackend request stats: msg_size_req_sent: 0 bytes, counter: 0, avg: 0.000000
20260909-07:36.49-432703(us) 2382206 * PrintStats      (srpc_rpc_backend.cc:686): SrpcRpcBackend request stats: msg_size_req_sent: 0 bytes, counter: 0, avg: 0.000000
20260909-07:36.49-432733(us) 2382206 * PrintStats      (srpc_rpc_backend.cc:686): SrpcRpcBackend request stats: msg_size_req_sent: 0 bytes, counter: 0, avg: 0.000000
20260909-07:36.49-432782(us) 2382206 * PrintStats      (srpc_rpc_backend.cc:686): SrpcRpcBackend request stats: msg_size_req_sent: 0 bytes, counter: 0, avg: 0.000000
20260909-07:36.49-432826(us) 2382206 * PrintStats      (srpc_rpc_backend.cc:686): SrpcRpcBackend request stats: msg_size_req_sent: 0 bytes, counter: 0, avg: 0.000000
20260909-07:36.49-432862(us) 2382206 * PrintStats      (srpc_rpc_backend.cc:686): SrpcRpcBackend request stats: msg_size_req_sent: 0 bytes, counter: 0, avg: 0.000000
20260909-07:36.50-434991(us) 2382206 * Stop            (srpc_rpc_backend.cc:589): SrpcRpcBackend::Stop: Already stopped, returning
20260909-07:36.50-435033(us) 2382206 * Shutdown        (srpc_rpc_backend.cc:112): SrpcRpcBackend::Shutdown: About to delete server
20260909-07:36.50-435050(us) 2382206 * Shutdown        (srpc_rpc_backend.cc:116): SrpcRpcBackend::Shutdown: Server pointer is valid, deleting...
20260909-07:36.50-435078(us) 2382206 * Shutdown        (srpc_rpc_backend.cc:120): SrpcRpcBackend::Shutdown: Server deleted successfully
20260909-07:36.50-435093(us) 2382206 * Shutdown        (srpc_rpc_backend.cc:132): SrpcRpcBackend::Shutdown: About to shutdown poll_thread_worker_
20260909-07:36.50-435107(us) 2382206 * Shutdown        (srpc_rpc_backend.cc:136): SrpcRpcBackend::Shutdown: poll_thread_worker_ is valid, calling shutdown()
20260909-07:36.50-436294(us) 2382206 * Shutdown        (srpc_rpc_backend.cc:138): SrpcRpcBackend::Shutdown: poll_thread_worker_->shutdown() completed
20260909-07:36.50-436335(us) 2382206 * Shutdown        (srpc_rpc_backend.cc:140): SrpcRpcBackend::Shutdown: poll_thread_worker_ reset to None
20260909-07:36.50-436351(us) 2382206 * Shutdown        (srpc_rpc_backend.cc:145): SrpcRpcBackend::Shutdown: Shutdown sequence completed, destructor will now exit
20260909-07:36.50-436365(us) 2382206 * ~SrpcRpcBackend (srpc_rpc_backend.cc:52): SrpcRpcBackend::~SrpcRpcBackend: START destructor
20260909-07:36.50-436380(us) 2382206 * Stop            (srpc_rpc_backend.cc:589): SrpcRpcBackend::Stop: Already stopped, returning
20260909-07:36.50-436395(us) 2382206 * Shutdown        (srpc_rpc_backend.cc:112): SrpcRpcBackend::Shutdown: About to delete server
20260909-07:36.50-436409(us) 2382206 * Shutdown        (srpc_rpc_backend.cc:129): SrpcRpcBackend::Shutdown: Server pointer is null, skipping deletion
20260909-07:36.50-436424(us) 2382206 * Shutdown        (srpc_rpc_backend.cc:132): SrpcRpcBackend::Shutdown: About to shutdown poll_thread_worker_
20260909-07:36.50-436438(us) 2382206 * Shutdown        (srpc_rpc_backend.cc:142): SrpcRpcBackend::Shutdown: poll_thread_worker_ is null, skipping shutdown
20260909-07:36.50-436453(us) 2382206 * Shutdown        (srpc_rpc_backend.cc:145): SrpcRpcBackend::Shutdown: Shutdown sequence completed, destructor will now exit
20260909-07:36.50-436468(us) 2382206 * ~SrpcRpcBackend (srpc_rpc_backend.cc:54): SrpcRpcBackend::~SrpcRpcBackend: Shutdown() completed
20260909-07:36.50-438754(us) 2382206 * Stop            (srpc_rpc_backend.cc:589): SrpcRpcBackend::Stop: Already stopped, returning
20260909-07:36.50-438788(us) 2382206 * Shutdown        (srpc_rpc_backend.cc:112): SrpcRpcBackend::Shutdown: About to delete server
20260909-07:36.50-438804(us) 2382206 * Shutdown        (srpc_rpc_backend.cc:116): SrpcRpcBackend::Shutdown: Server pointer is valid, deleting...
20260909-07:36.50-438827(us) 2382206 * Shutdown        (srpc_rpc_backend.cc:120): SrpcRpcBackend::Shutdown: Server deleted successfully
20260909-07:36.50-438850(us) 2382206 * Shutdown        (srpc_rpc_backend.cc:132): SrpcRpcBackend::Shutdown: About to shutdown poll_thread_worker_
20260909-07:36.50-438864(us) 2382206 * Shutdown        (srpc_rpc_backend.cc:136): SrpcRpcBackend::Shutdown: poll_thread_worker_ is valid, calling shutdown()
20260909-07:36.50-439178(us) 2382206 * Shutdown        (srpc_rpc_backend.cc:138): SrpcRpcBackend::Shutdown: poll_thread_worker_->shutdown() completed
20260909-07:36.50-439210(us) 2382206 * Shutdown        (srpc_rpc_backend.cc:140): SrpcRpcBackend::Shutdown: poll_thread_worker_ reset to None
20260909-07:36.50-439225(us) 2382206 * Shutdown        (srpc_rpc_backend.cc:145): SrpcRpcBackend::Shutdown: Shutdown sequence completed, destructor will now exit
20260909-07:36.50-439239(us) 2382206 * ~SrpcRpcBackend (srpc_rpc_backend.cc:52): SrpcRpcBackend::~SrpcRpcBackend: START destructor
20260909-07:36.50-439253(us) 2382206 * Stop            (srpc_rpc_backend.cc:589): SrpcRpcBackend::Stop: Already stopped, returning
20260909-07:36.50-439268(us) 2382206 * Shutdown        (srpc_rpc_backend.cc:112): SrpcRpcBackend::Shutdown: About to delete server
20260909-07:36.50-439282(us) 2382206 * Shutdown        (srpc_rpc_backend.cc:129): SrpcRpcBackend::Shutdown: Server pointer is null, skipping deletion
20260909-07:36.50-439306(us) 2382206 * Shutdown        (srpc_rpc_backend.cc:132): SrpcRpcBackend::Shutdown: About to shutdown poll_thread_worker_
20260909-07:36.50-439321(us) 2382206 * Shutdown        (srpc_rpc_backend.cc:142): SrpcRpcBackend::Shutdown: poll_thread_worker_ is null, skipping shutdown
20260909-07:36.50-439335(us) 2382206 * Shutdown        (srpc_rpc_backend.cc:145): SrpcRpcBackend::Shutdown: Shutdown sequence completed, destructor will now exit
20260909-07:36.50-439350(us) 2382206 * ~SrpcRpcBackend (srpc_rpc_backend.cc:54): SrpcRpcBackend::~SrpcRpcBackend: Shutdown() completed
[SHUTDOWN] Worker 0 joined
[SHUTDOWN] Joining worker 1
20260909-07:36.50-442165(us) 2382206 * Stop            (srpc_rpc_backend.cc:589): SrpcRpcBackend::Stop: Already stopped, returning
20260909-07:36.50-442229(us) 2382206 * Shutdown        (srpc_rpc_backend.cc:112): SrpcRpcBackend::Shutdown: About to delete server
20260909-07:36.50-442245(us) 2382206 * Shutdown        (srpc_rpc_backend.cc:116): SrpcRpcBackend::Shutdown: Server pointer is valid, deleting...
20260909-07:36.50-442269(us) 2382206 * Shutdown        (srpc_rpc_backend.cc:120): SrpcRpcBackend::Shutdown: Server deleted successfully
20260909-07:36.50-442284(us) 2382206 * Shutdown        (srpc_rpc_backend.cc:132): SrpcRpcBackend::Shutdown: About to shutdown poll_thread_worker_
20260909-07:36.50-442298(us) 2382206 * Shutdown        (srpc_rpc_backend.cc:136): SrpcRpcBackend::Shutdown: poll_thread_worker_ is valid, calling shutdown()
20260909-07:36.50-442357(us) 2382206 * Stop            (srpc_rpc_backend.cc:589): SrpcRpcBackend::Stop: Already stopped, returning
20260909-07:36.50-442405(us) 2382206 * Shutdown        (srpc_rpc_backend.cc:112): SrpcRpcBackend::Shutdown: About to delete server
20260909-07:36.50-442421(us) 2382206 * Shutdown        (srpc_rpc_backend.cc:116): SrpcRpcBackend::Shutdown: Server pointer is valid, deleting...
20260909-07:36.50-442441(us) 2382206 * Shutdown        (srpc_rpc_backend.cc:120): SrpcRpcBackend::Shutdown: Server deleted successfully
20260909-07:36.50-442456(us) 2382206 * Shutdown        (srpc_rpc_backend.cc:132): SrpcRpcBackend::Shutdown: About to shutdown poll_thread_worker_
20260909-07:36.50-442470(us) 2382206 * Shutdown        (srpc_rpc_backend.cc:136): SrpcRpcBackend::Shutdown: poll_thread_worker_ is valid, calling shutdown()
20260909-07:36.50-442583(us) 2382206 * Stop            (srpc_rpc_backend.cc:589): SrpcRpcBackend::Stop: Already stopped, returning
20260909-07:36.50-442616(us) 2382206 * Shutdown        (srpc_rpc_backend.cc:112): SrpcRpcBackend::Shutdown: About to delete server
20260909-07:36.50-442632(us) 2382206 * Shutdown        (srpc_rpc_backend.cc:116): SrpcRpcBackend::Shutdown: Server pointer is valid, deleting...
20260909-07:36.50-442651(us) 2382206 * Shutdown        (srpc_rpc_backend.cc:120): SrpcRpcBackend::Shutdown: Server deleted successfully
20260909-07:36.50-442666(us) 2382206 * Shutdown        (srpc_rpc_backend.cc:132): SrpcRpcBackend::Shutdown: About to shutdown poll_thread_worker_
20260909-07:36.50-442681(us) 2382206 * Shutdown        (srpc_rpc_backend.cc:136): SrpcRpcBackend::Shutdown: poll_thread_worker_ is valid, calling shutdown()
20260909-07:36.50-442935(us) 2382206 * Stop            (srpc_rpc_backend.cc:589): SrpcRpcBackend::Stop: Already stopped, returning
20260909-07:36.50-442969(us) 2382206 * Shutdown        (srpc_rpc_backend.cc:112): SrpcRpcBackend::Shutdown: About to delete server
20260909-07:36.50-442986(us) 2382206 * Shutdown        (srpc_rpc_backend.cc:116): SrpcRpcBackend::Shutdown: Server pointer is valid, deleting...
20260909-07:36.50-443004(us) 2382206 * Shutdown        (srpc_rpc_backend.cc:120): SrpcRpcBackend::Shutdown: Server deleted successfully
20260909-07:36.50-443019(us) 2382206 * Stop            (srpc_rpc_backend.cc:589): SrpcRpcBackend::Stop: Already stopped, returning
20260909-07:36.50-443055(us) 2382206 * Shutdown        (srpc_rpc_backend.cc:112): SrpcRpcBackend::Shutdown: About to delete server
20260909-07:36.50-443074(us) 2382206 * Shutdown        (srpc_rpc_backend.cc:116): SrpcRpcBackend::Shutdown: Server pointer is valid, deleting...
20260909-07:36.50-443091(us) 2382206 * Stop            (srpc_rpc_backend.cc:589): SrpcRpcBackend::Stop: Already stopped, returning
20260909-07:36.50-443168(us) 2382206 * Shutdown        (srpc_rpc_backend.cc:112): SrpcRpcBackend::Shutdown: About to delete server
20260909-07:36.50-443191(us) 2382206 * Shutdown        (srpc_rpc_backend.cc:120): SrpcRpcBackend::Shutdown: Server deleted successfully
20260909-07:36.50-443210(us) 2382206 * Shutdown        (srpc_rpc_backend.cc:132): SrpcRpcBackend::Shutdown: About to shutdown poll_thread_worker_
20260909-07:36.50-443225(us) 2382206 * Shutdown        (srpc_rpc_backend.cc:136): SrpcRpcBackend::Shutdown: poll_thread_worker_ is valid, calling shutdown()
20260909-07:36.50-443256(us) 2382206 * Shutdown        (srpc_rpc_backend.cc:116): SrpcRpcBackend::Shutdown: Server pointer is valid, deleting...
20260909-07:36.50-443294(us) 2382206 * Shutdown        (srpc_rpc_backend.cc:120): SrpcRpcBackend::Shutdown: Server deleted successfully
20260909-07:36.50-443316(us) 2382206 * Shutdown        (srpc_rpc_backend.cc:132): SrpcRpcBackend::Shutdown: About to shutdown poll_thread_worker_
20260909-07:36.50-443345(us) 2382206 * Shutdown        (srpc_rpc_backend.cc:136): SrpcRpcBackend::Shutdown: poll_thread_worker_ is valid, calling shutdown()
20260909-07:36.50-443371(us) 2382206 * Stop            (srpc_rpc_backend.cc:589): SrpcRpcBackend::Stop: Already stopped, returning
20260909-07:36.50-443452(us) 2382206 * Shutdown        (srpc_rpc_backend.cc:112): SrpcRpcBackend::Shutdown: About to delete server
20260909-07:36.50-443496(us) 2382206 * Shutdown        (srpc_rpc_backend.cc:116): SrpcRpcBackend::Shutdown: Server pointer is valid, deleting...
20260909-07:36.50-443541(us) 2382206 * Shutdown        (srpc_rpc_backend.cc:120): SrpcRpcBackend::Shutdown: Server deleted successfully
20260909-07:36.50-443568(us) 2382206 * Shutdown        (srpc_rpc_backend.cc:132): SrpcRpcBackend::Shutdown: About to shutdown poll_thread_worker_
20260909-07:36.50-443591(us) 2382206 * Shutdown        (srpc_rpc_backend.cc:136): SrpcRpcBackend::Shutdown: poll_thread_worker_ is valid, calling shutdown()
20260909-07:36.50-443629(us) 2382206 * Stop            (srpc_rpc_backend.cc:589): SrpcRpcBackend::Stop: Already stopped, returning
20260909-07:36.50-443660(us) 2382206 * Shutdown        (srpc_rpc_backend.cc:112): SrpcRpcBackend::Shutdown: About to delete server
20260909-07:36.50-443691(us) 2382206 * Shutdown        (srpc_rpc_backend.cc:116): SrpcRpcBackend::Shutdown: Server pointer is valid, deleting...
20260909-07:36.50-443723(us) 2382206 * Shutdown        (srpc_rpc_backend.cc:120): SrpcRpcBackend::Shutdown: Server deleted successfully
20260909-07:36.50-443754(us) 2382206 * Shutdown        (srpc_rpc_backend.cc:132): SrpcRpcBackend::Shutdown: About to shutdown poll_thread_worker_
20260909-07:36.50-443782(us) 2382206 * Shutdown        (srpc_rpc_backend.cc:136): SrpcRpcBackend::Shutdown: poll_thread_worker_ is valid, calling shutdown()
20260909-07:36.50-443820(us) 2382206 * Stop            (srpc_rpc_backend.cc:589): SrpcRpcBackend::Stop: Already stopped, returning
20260909-07:36.50-443883(us) 2382206 * Shutdown        (srpc_rpc_backend.cc:112): SrpcRpcBackend::Shutdown: About to delete server
20260909-07:36.50-443911(us) 2382206 * Shutdown        (srpc_rpc_backend.cc:116): SrpcRpcBackend::Shutdown: Server pointer is valid, deleting...
20260909-07:36.50-443938(us) 2382206 * Shutdown        (srpc_rpc_backend.cc:138): SrpcRpcBackend::Shutdown: poll_thread_worker_->shutdown() completed
20260909-07:36.50-443978(us) 2382206 * Shutdown        (srpc_rpc_backend.cc:132): SrpcRpcBackend::Shutdown: About to shutdown poll_thread_worker_
20260909-07:36.50-444036(us) 2382206 * Shutdown        (srpc_rpc_backend.cc:136): SrpcRpcBackend::Shutdown: poll_thread_worker_ is valid, calling shutdown()
20260909-07:36.50-444080(us) 2382206 * Shutdown        (srpc_rpc_backend.cc:120): SrpcRpcBackend::Shutdown: Server deleted successfully
20260909-07:36.50-444106(us) 2382206 * Shutdown        (srpc_rpc_backend.cc:132): SrpcRpcBackend::Shutdown: About to shutdown poll_thread_worker_
20260909-07:36.50-444132(us) 2382206 * Shutdown        (srpc_rpc_backend.cc:136): SrpcRpcBackend::Shutdown: poll_thread_worker_ is valid, calling shutdown()
20260909-07:36.50-444164(us) 2382206 * Shutdown        (srpc_rpc_backend.cc:138): SrpcRpcBackend::Shutdown: poll_thread_worker_->shutdown() completed
20260909-07:36.50-444198(us) 2382206 * Shutdown        (srpc_rpc_backend.cc:138): SrpcRpcBackend::Shutdown: poll_thread_worker_->shutdown() completed
20260909-07:36.50-444236(us) 2382206 * Shutdown        (srpc_rpc_backend.cc:140): SrpcRpcBackend::Shutdown: poll_thread_worker_ reset to None
20260909-07:36.50-444260(us) 2382206 * Shutdown        (srpc_rpc_backend.cc:145): SrpcRpcBackend::Shutdown: Shutdown sequence completed, destructor will now exit
20260909-07:36.50-444280(us) 2382206 * ~SrpcRpcBackend (srpc_rpc_backend.cc:52): SrpcRpcBackend::~SrpcRpcBackend: START destructor
20260909-07:36.50-444299(us) 2382206 * Stop            (srpc_rpc_backend.cc:589): SrpcRpcBackend::Stop: Already stopped, returning
20260909-07:36.50-444316(us) 2382206 * Shutdown        (srpc_rpc_backend.cc:112): SrpcRpcBackend::Shutdown: About to delete server
20260909-07:36.50-444335(us) 2382206 * Shutdown        (srpc_rpc_backend.cc:129): SrpcRpcBackend::Shutdown: Server pointer is null, skipping deletion
20260909-07:36.50-444357(us) 2382206 * Shutdown        (srpc_rpc_backend.cc:132): SrpcRpcBackend::Shutdown: About to shutdown poll_thread_worker_
20260909-07:36.50-444376(us) 2382206 * Shutdown        (srpc_rpc_backend.cc:142): SrpcRpcBackend::Shutdown: poll_thread_worker_ is null, skipping shutdown
20260909-07:36.50-444393(us) 2382206 * Shutdown        (srpc_rpc_backend.cc:145): SrpcRpcBackend::Shutdown: Shutdown sequence completed, destructor will now exit
20260909-07:36.50-444421(us) 2382206 * ~SrpcRpcBackend (srpc_rpc_backend.cc:54): SrpcRpcBackend::~SrpcRpcBackend: Shutdown() completed
20260909-07:36.50-444449(us) 2382206 * Shutdown        (srpc_rpc_backend.cc:140): SrpcRpcBackend::Shutdown: poll_thread_worker_ reset to None
20260909-07:36.50-444469(us) 2382206 * Shutdown        (srpc_rpc_backend.cc:145): SrpcRpcBackend::Shutdown: Shutdown sequence completed, destructor will now exit
20260909-07:36.50-444488(us) 2382206 * ~SrpcRpcBackend (srpc_rpc_backend.cc:52): SrpcRpcBackend::~SrpcRpcBackend: START destructor
20260909-07:36.50-444503(us) 2382206 * Stop            (srpc_rpc_backend.cc:589): SrpcRpcBackend::Stop: Already stopped, returning
20260909-07:36.50-444527(us) 2382206 * Shutdown        (srpc_rpc_backend.cc:112): SrpcRpcBackend::Shutdown: About to delete server
20260909-07:36.50-444546(us) 2382206 * Shutdown        (srpc_rpc_backend.cc:129): SrpcRpcBackend::Shutdown: Server pointer is null, skipping deletion
20260909-07:36.50-444564(us) 2382206 * Shutdown        (srpc_rpc_backend.cc:132): SrpcRpcBackend::Shutdown: About to shutdown poll_thread_worker_
20260909-07:36.50-444586(us) 2382206 * Shutdown        (srpc_rpc_backend.cc:142): SrpcRpcBackend::Shutdown: poll_thread_worker_ is null, skipping shutdown
20260909-07:36.50-444607(us) 2382206 * Shutdown        (srpc_rpc_backend.cc:145): SrpcRpcBackend::Shutdown: Shutdown sequence completed, destructor will now exit
20260909-07:36.50-444629(us) 2382206 * ~SrpcRpcBackend (srpc_rpc_backend.cc:54): SrpcRpcBackend::~SrpcRpcBackend: Shutdown() completed
20260909-07:36.50-444658(us) 2382206 * Shutdown        (srpc_rpc_backend.cc:140): SrpcRpcBackend::Shutdown: poll_thread_worker_ reset to None
20260909-07:36.50-444686(us) 2382206 * Shutdown        (srpc_rpc_backend.cc:145): SrpcRpcBackend::Shutdown: Shutdown sequence completed, destructor will now exit
20260909-07:36.50-444701(us) 2382206 * ~SrpcRpcBackend (srpc_rpc_backend.cc:52): SrpcRpcBackend::~SrpcRpcBackend: START destructor
20260909-07:36.50-444718(us) 2382206 * Stop            (srpc_rpc_backend.cc:589): SrpcRpcBackend::Stop: Already stopped, returning
20260909-07:36.50-444738(us) 2382206 * Shutdown        (srpc_rpc_backend.cc:112): SrpcRpcBackend::Shutdown: About to delete server
20260909-07:36.50-444759(us) 2382206 * Shutdown        (srpc_rpc_backend.cc:129): SrpcRpcBackend::Shutdown: Server pointer is null, skipping deletion
20260909-07:36.50-444773(us) 2382206 * Shutdown        (srpc_rpc_backend.cc:132): SrpcRpcBackend::Shutdown: About to shutdown poll_thread_worker_
20260909-07:36.50-444792(us) 2382206 * Shutdown        (srpc_rpc_backend.cc:142): SrpcRpcBackend::Shutdown: poll_thread_worker_ is null, skipping shutdown
20260909-07:36.50-444807(us) 2382206 * Shutdown        (srpc_rpc_backend.cc:138): SrpcRpcBackend::Shutdown: poll_thread_worker_->shutdown() completed
20260909-07:36.50-444873(us) 2382206 * Shutdown        (srpc_rpc_backend.cc:145): SrpcRpcBackend::Shutdown: Shutdown sequence completed, destructor will now exit
20260909-07:36.50-444892(us) 2382206 * ~SrpcRpcBackend (srpc_rpc_backend.cc:54): SrpcRpcBackend::~SrpcRpcBackend: Shutdown() completed
20260909-07:36.50-444908(us) 2382206 * Shutdown        (srpc_rpc_backend.cc:140): SrpcRpcBackend::Shutdown: poll_thread_worker_ reset to None
20260909-07:36.50-444937(us) 2382206 * Shutdown        (srpc_rpc_backend.cc:145): SrpcRpcBackend::Shutdown: Shutdown sequence completed, destructor will now exit
20260909-07:36.50-444974(us) 2382206 * ~SrpcRpcBackend (srpc_rpc_backend.cc:52): SrpcRpcBackend::~SrpcRpcBackend: START destructor
20260909-07:36.50-444999(us) 2382206 * Stop            (srpc_rpc_backend.cc:589): SrpcRpcBackend::Stop: Already stopped, returning
20260909-07:36.50-445027(us) 2382206 * Shutdown        (srpc_rpc_backend.cc:112): SrpcRpcBackend::Shutdown: About to delete server
20260909-07:36.50-445051(us) 2382206 * Shutdown        (srpc_rpc_backend.cc:129): SrpcRpcBackend::Shutdown: Server pointer is null, skipping deletion
20260909-07:36.50-445078(us) 2382206 * Shutdown        (srpc_rpc_backend.cc:132): SrpcRpcBackend::Shutdown: About to shutdown poll_thread_worker_
20260909-07:36.50-445111(us) 2382206 * Shutdown        (srpc_rpc_backend.cc:142): SrpcRpcBackend::Shutdown: poll_thread_worker_ is null, skipping shutdown
20260909-07:36.50-445139(us) 2382206 * Shutdown        (srpc_rpc_backend.cc:145): SrpcRpcBackend::Shutdown: Shutdown sequence completed, destructor will now exit
20260909-07:36.50-445166(us) 2382206 * ~SrpcRpcBackend (srpc_rpc_backend.cc:54): SrpcRpcBackend::~SrpcRpcBackend: Shutdown() completed
20260909-07:36.50-445203(us) 2382206 * Shutdown        (srpc_rpc_backend.cc:138): SrpcRpcBackend::Shutdown: poll_thread_worker_->shutdown() completed
20260909-07:36.50-445325(us) 2382206 * Shutdown        (srpc_rpc_backend.cc:140): SrpcRpcBackend::Shutdown: poll_thread_worker_ reset to None
20260909-07:36.50-445367(us) 2382206 * Shutdown        (srpc_rpc_backend.cc:145): SrpcRpcBackend::Shutdown: Shutdown sequence completed, destructor will now exit
20260909-07:36.50-445399(us) 2382206 * ~SrpcRpcBackend (srpc_rpc_backend.cc:52): SrpcRpcBackend::~SrpcRpcBackend: START destructor
20260909-07:36.50-445436(us) 2382206 * Shutdown        (srpc_rpc_backend.cc:138): SrpcRpcBackend::Shutdown: poll_thread_worker_->shutdown() completed
20260909-07:36.50-445487(us) 2382206 * Stop            (srpc_rpc_backend.cc:589): SrpcRpcBackend::Stop: Already stopped, returning
20260909-07:36.50-445531(us) 2382206 * Shutdown        (srpc_rpc_backend.cc:112): SrpcRpcBackend::Shutdown: About to delete server
20260909-07:36.50-445560(us) 2382206 * Shutdown        (srpc_rpc_backend.cc:129): SrpcRpcBackend::Shutdown: Server pointer is null, skipping deletion
20260909-07:36.50-445588(us) 2382206 * Shutdown        (srpc_rpc_backend.cc:132): SrpcRpcBackend::Shutdown: About to shutdown poll_thread_worker_
20260909-07:36.50-445613(us) 2382206 * Shutdown        (srpc_rpc_backend.cc:142): SrpcRpcBackend::Shutdown: poll_thread_worker_ is null, skipping shutdown
20260909-07:36.50-445657(us) 2382206 * Shutdown        (srpc_rpc_backend.cc:145): SrpcRpcBackend::Shutdown: Shutdown sequence completed, destructor will now exit
20260909-07:36.50-445700(us) 2382206 * ~SrpcRpcBackend (srpc_rpc_backend.cc:54): SrpcRpcBackend::~SrpcRpcBackend: Shutdown() completed
20260909-07:36.50-445750(us) 2382206 * Shutdown        (srpc_rpc_backend.cc:138): SrpcRpcBackend::Shutdown: poll_thread_worker_->shutdown() completed
20260909-07:36.50-445820(us) 2382206 * Shutdown        (srpc_rpc_backend.cc:140): SrpcRpcBackend::Shutdown: poll_thread_worker_ reset to None
20260909-07:36.50-445873(us) 2382206 * Shutdown        (srpc_rpc_backend.cc:140): SrpcRpcBackend::Shutdown: poll_thread_worker_ reset to None
20260909-07:36.50-445906(us) 2382206 * Shutdown        (srpc_rpc_backend.cc:145): SrpcRpcBackend::Shutdown: Shutdown sequence completed, destructor will now exit
20260909-07:36.50-445935(us) 2382206 * ~SrpcRpcBackend (srpc_rpc_backend.cc:52): SrpcRpcBackend::~SrpcRpcBackend: START destructor
20260909-07:36.50-445970(us) 2382206 * Stop            (srpc_rpc_backend.cc:589): SrpcRpcBackend::Stop: Already stopped, returning
20260909-07:36.50-446012(us) 2382206 * Shutdown        (srpc_rpc_backend.cc:112): SrpcRpcBackend::Shutdown: About to delete server
20260909-07:36.50-446053(us) 2382206 * Shutdown        (srpc_rpc_backend.cc:129): SrpcRpcBackend::Shutdown: Server pointer is null, skipping deletion
20260909-07:36.50-446102(us) 2382206 * Shutdown        (srpc_rpc_backend.cc:132): SrpcRpcBackend::Shutdown: About to shutdown poll_thread_worker_
20260909-07:36.50-446144(us) 2382206 * Shutdown        (srpc_rpc_backend.cc:142): SrpcRpcBackend::Shutdown: poll_thread_worker_ is null, skipping shutdown
20260909-07:36.50-446183(us) 2382206 * Shutdown        (srpc_rpc_backend.cc:145): SrpcRpcBackend::Shutdown: Shutdown sequence completed, destructor will now exit
20260909-07:36.50-446217(us) 2382206 * ~SrpcRpcBackend (srpc_rpc_backend.cc:54): SrpcRpcBackend::~SrpcRpcBackend: Shutdown() completed
20260909-07:36.50-446264(us) 2382206 * Shutdown        (srpc_rpc_backend.cc:145): SrpcRpcBackend::Shutdown: Shutdown sequence completed, destructor will now exit
20260909-07:36.50-446309(us) 2382206 * ~SrpcRpcBackend (srpc_rpc_backend.cc:52): SrpcRpcBackend::~SrpcRpcBackend: START destructor
20260909-07:36.50-446348(us) 2382206 * Stop            (srpc_rpc_backend.cc:589): SrpcRpcBackend::Stop: Already stopped, returning
20260909-07:36.50-446384(us) 2382206 * Shutdown        (srpc_rpc_backend.cc:112): SrpcRpcBackend::Shutdown: About to delete server
20260909-07:36.50-446420(us) 2382206 * Shutdown        (srpc_rpc_backend.cc:129): SrpcRpcBackend::Shutdown: Server pointer is null, skipping deletion
20260909-07:36.50-446455(us) 2382206 * Shutdown        (srpc_rpc_backend.cc:132): SrpcRpcBackend::Shutdown: About to shutdown poll_thread_worker_
20260909-07:36.50-446484(us) 2382206 * Shutdown        (srpc_rpc_backend.cc:142): SrpcRpcBackend::Shutdown: poll_thread_worker_ is null, skipping shutdown
20260909-07:36.50-446506(us) 2382206 * Shutdown        (srpc_rpc_backend.cc:145): SrpcRpcBackend::Shutdown: Shutdown sequence completed, destructor will now exit
20260909-07:36.50-446528(us) 2382206 * ~SrpcRpcBackend (srpc_rpc_backend.cc:54): SrpcRpcBackend::~SrpcRpcBackend: Shutdown() completed
20260909-07:36.50-446842(us) 2382206 * Shutdown        (srpc_rpc_backend.cc:138): SrpcRpcBackend::Shutdown: poll_thread_worker_->shutdown() completed
20260909-07:36.50-446897(us) 2382206 * Shutdown        (srpc_rpc_backend.cc:138): SrpcRpcBackend::Shutdown: poll_thread_worker_->shutdown() completed
20260909-07:36.50-446988(us) 2382206 * Shutdown        (srpc_rpc_backend.cc:140): SrpcRpcBackend::Shutdown: poll_thread_worker_ reset to None
20260909-07:36.50-447023(us) 2382206 * Shutdown        (srpc_rpc_backend.cc:145): SrpcRpcBackend::Shutdown: Shutdown sequence completed, destructor will now exit
20260909-07:36.50-447053(us) 2382206 * ~SrpcRpcBackend (srpc_rpc_backend.cc:52): SrpcRpcBackend::~SrpcRpcBackend: START destructor
20260909-07:36.50-447083(us) 2382206 * Stop            (srpc_rpc_backend.cc:589): SrpcRpcBackend::Stop: Already stopped, returning
20260909-07:36.50-447118(us) 2382206 * Shutdown        (srpc_rpc_backend.cc:112): SrpcRpcBackend::Shutdown: About to delete server
20260909-07:36.50-447160(us) 2382206 * Shutdown        (srpc_rpc_backend.cc:129): SrpcRpcBackend::Shutdown: Server pointer is null, skipping deletion
20260909-07:36.50-447201(us) 2382206 * Shutdown        (srpc_rpc_backend.cc:132): SrpcRpcBackend::Shutdown: About to shutdown poll_thread_worker_
20260909-07:36.50-447233(us) 2382206 * Shutdown        (srpc_rpc_backend.cc:142): SrpcRpcBackend::Shutdown: poll_thread_worker_ is null, skipping shutdown
20260909-07:36.50-447269(us) 2382206 * Shutdown        (srpc_rpc_backend.cc:145): SrpcRpcBackend::Shutdown: Shutdown sequence completed, destructor will now exit
20260909-07:36.50-447309(us) 2382206 * ~SrpcRpcBackend (srpc_rpc_backend.cc:54): SrpcRpcBackend::~SrpcRpcBackend: Shutdown() completed
20260909-07:36.50-447353(us) 2382206 * Shutdown        (srpc_rpc_backend.cc:140): SrpcRpcBackend::Shutdown: poll_thread_worker_ reset to None
20260909-07:36.50-447383(us) 2382206 * Shutdown        (srpc_rpc_backend.cc:145): SrpcRpcBackend::Shutdown: Shutdown sequence completed, destructor will now exit
20260909-07:36.50-447403(us) 2382206 * ~SrpcRpcBackend (srpc_rpc_backend.cc:52): SrpcRpcBackend::~SrpcRpcBackend: START destructor
20260909-07:36.50-447424(us) 2382206 * Stop            (srpc_rpc_backend.cc:589): SrpcRpcBackend::Stop: Already stopped, returning
20260909-07:36.50-447443(us) 2382206 * Shutdown        (srpc_rpc_backend.cc:112): SrpcRpcBackend::Shutdown: About to delete server
20260909-07:36.50-447464(us) 2382206 * Shutdown        (srpc_rpc_backend.cc:129): SrpcRpcBackend::Shutdown: Server pointer is null, skipping deletion
20260909-07:36.50-447482(us) 2382206 * Shutdown        (srpc_rpc_backend.cc:132): SrpcRpcBackend::Shutdown: About to shutdown poll_thread_worker_
20260909-07:36.50-447501(us) 2382206 * Shutdown        (srpc_rpc_backend.cc:142): SrpcRpcBackend::Shutdown: poll_thread_worker_ is null, skipping shutdown
20260909-07:36.50-447527(us) 2382206 * Shutdown        (srpc_rpc_backend.cc:145): SrpcRpcBackend::Shutdown: Shutdown sequence completed, destructor will now exit
20260909-07:36.50-447549(us) 2382206 * ~SrpcRpcBackend (srpc_rpc_backend.cc:54): SrpcRpcBackend::~SrpcRpcBackend: Shutdown() completed
[SHUTDOWN] Worker 1 joined
[SHUTDOWN] Joining worker 2
20260909-07:36.50-450867(us) 2382206 * Stop            (srpc_rpc_backend.cc:589): SrpcRpcBackend::Stop: Already stopped, returning
20260909-07:36.50-450912(us) 2382206 * Shutdown        (srpc_rpc_backend.cc:112): SrpcRpcBackend::Shutdown: About to delete server
20260909-07:36.50-450927(us) 2382206 * Shutdown        (srpc_rpc_backend.cc:116): SrpcRpcBackend::Shutdown: Server pointer is valid, deleting...
20260909-07:36.50-450944(us) 2382206 * Stop            (srpc_rpc_backend.cc:589): SrpcRpcBackend::Stop: Already stopped, returning
20260909-07:36.50-450998(us) 2382206 * Shutdown        (srpc_rpc_backend.cc:112): SrpcRpcBackend::Shutdown: About to delete server
20260909-07:36.50-451016(us) 2382206 * Shutdown        (srpc_rpc_backend.cc:116): SrpcRpcBackend::Shutdown: Server pointer is valid, deleting...
20260909-07:36.50-451039(us) 2382206 * Shutdown        (srpc_rpc_backend.cc:120): SrpcRpcBackend::Shutdown: Server deleted successfully
20260909-07:36.50-451057(us) 2382206 * Shutdown        (srpc_rpc_backend.cc:132): SrpcRpcBackend::Shutdown: About to shutdown poll_thread_worker_
20260909-07:36.50-451076(us) 2382206 * Shutdown        (srpc_rpc_backend.cc:136): SrpcRpcBackend::Shutdown: poll_thread_worker_ is valid, calling shutdown()
20260909-07:36.50-451101(us) 2382206 * Shutdown        (srpc_rpc_backend.cc:120): SrpcRpcBackend::Shutdown: Server deleted successfully
20260909-07:36.50-451120(us) 2382206 * Shutdown        (srpc_rpc_backend.cc:132): SrpcRpcBackend::Shutdown: About to shutdown poll_thread_worker_
20260909-07:36.50-451137(us) 2382206 * Shutdown        (srpc_rpc_backend.cc:136): SrpcRpcBackend::Shutdown: poll_thread_worker_ is valid, calling shutdown()
20260909-07:36.50-451333(us) 2382206 * Stop            (srpc_rpc_backend.cc:589): SrpcRpcBackend::Stop: Already stopped, returning
20260909-07:36.50-451365(us) 2382206 * Shutdown        (srpc_rpc_backend.cc:112): SrpcRpcBackend::Shutdown: About to delete server
20260909-07:36.50-451381(us) 2382206 * Shutdown        (srpc_rpc_backend.cc:116): SrpcRpcBackend::Shutdown: Server pointer is valid, deleting...
20260909-07:36.50-451401(us) 2382206 * Shutdown        (srpc_rpc_backend.cc:120): SrpcRpcBackend::Shutdown: Server deleted successfully
20260909-07:36.50-451417(us) 2382206 * Shutdown        (srpc_rpc_backend.cc:132): SrpcRpcBackend::Shutdown: About to shutdown poll_thread_worker_
20260909-07:36.50-451432(us) 2382206 * Shutdown        (srpc_rpc_backend.cc:136): SrpcRpcBackend::Shutdown: poll_thread_worker_ is valid, calling shutdown()
20260909-07:36.50-451631(us) 2382206 * Shutdown        (srpc_rpc_backend.cc:138): SrpcRpcBackend::Shutdown: poll_thread_worker_->shutdown() completed
20260909-07:36.50-451663(us) 2382206 * Shutdown        (srpc_rpc_backend.cc:140): SrpcRpcBackend::Shutdown: poll_thread_worker_ reset to None
20260909-07:36.50-451679(us) 2382206 * Shutdown        (srpc_rpc_backend.cc:145): SrpcRpcBackend::Shutdown: Shutdown sequence completed, destructor will now exit
20260909-07:36.50-451693(us) 2382206 * ~SrpcRpcBackend (srpc_rpc_backend.cc:52): SrpcRpcBackend::~SrpcRpcBackend: START destructor
20260909-07:36.50-451710(us) 2382206 * Stop            (srpc_rpc_backend.cc:589): SrpcRpcBackend::Stop: Already stopped, returning
20260909-07:36.50-451726(us) 2382206 * Shutdown        (srpc_rpc_backend.cc:112): SrpcRpcBackend::Shutdown: About to delete server
20260909-07:36.50-451743(us) 2382206 * Shutdown        (srpc_rpc_backend.cc:129): SrpcRpcBackend::Shutdown: Server pointer is null, skipping deletion
20260909-07:36.50-451759(us) 2382206 * Shutdown        (srpc_rpc_backend.cc:132): SrpcRpcBackend::Shutdown: About to shutdown poll_thread_worker_
20260909-07:36.50-451779(us) 2382206 * Shutdown        (srpc_rpc_backend.cc:142): SrpcRpcBackend::Shutdown: poll_thread_worker_ is null, skipping shutdown
20260909-07:36.50-451793(us) 2382206 * Shutdown        (srpc_rpc_backend.cc:145): SrpcRpcBackend::Shutdown: Shutdown sequence completed, destructor will now exit
20260909-07:36.50-451807(us) 2382206 * ~SrpcRpcBackend (srpc_rpc_backend.cc:54): SrpcRpcBackend::~SrpcRpcBackend: Shutdown() completed
20260909-07:36.50-452064(us) 2382206 * Shutdown        (srpc_rpc_backend.cc:138): SrpcRpcBackend::Shutdown: poll_thread_worker_->shutdown() completed
20260909-07:36.50-452107(us) 2382206 * Shutdown        (srpc_rpc_backend.cc:140): SrpcRpcBackend::Shutdown: poll_thread_worker_ reset to None
20260909-07:36.50-452127(us) 2382206 * Shutdown        (srpc_rpc_backend.cc:145): SrpcRpcBackend::Shutdown: Shutdown sequence completed, destructor will now exit
20260909-07:36.50-452147(us) 2382206 * ~SrpcRpcBackend (srpc_rpc_backend.cc:52): SrpcRpcBackend::~SrpcRpcBackend: START destructor
20260909-07:36.50-452170(us) 2382206 * Stop            (srpc_rpc_backend.cc:589): SrpcRpcBackend::Stop: Already stopped, returning
20260909-07:36.50-452189(us) 2382206 * Shutdown        (srpc_rpc_backend.cc:112): SrpcRpcBackend::Shutdown: About to delete server
20260909-07:36.50-452211(us) 2382206 * Shutdown        (srpc_rpc_backend.cc:129): SrpcRpcBackend::Shutdown: Server pointer is null, skipping deletion
20260909-07:36.50-452235(us) 2382206 * Shutdown        (srpc_rpc_backend.cc:132): SrpcRpcBackend::Shutdown: About to shutdown poll_thread_worker_
20260909-07:36.50-452254(us) 2382206 * Shutdown        (srpc_rpc_backend.cc:142): SrpcRpcBackend::Shutdown: poll_thread_worker_ is null, skipping shutdown
20260909-07:36.50-452276(us) 2382206 * Shutdown        (srpc_rpc_backend.cc:145): SrpcRpcBackend::Shutdown: Shutdown sequence completed, destructor will now exit
20260909-07:36.50-452297(us) 2382206 * ~SrpcRpcBackend (srpc_rpc_backend.cc:54): SrpcRpcBackend::~SrpcRpcBackend: Shutdown() completed
20260909-07:36.50-452329(us) 2382206 * Stop            (srpc_rpc_backend.cc:589): SrpcRpcBackend::Stop: Already stopped, returning
20260909-07:36.50-452386(us) 2382206 * Shutdown        (srpc_rpc_backend.cc:112): SrpcRpcBackend::Shutdown: About to delete server
20260909-07:36.50-452415(us) 2382206 * Shutdown        (srpc_rpc_backend.cc:116): SrpcRpcBackend::Shutdown: Server pointer is valid, deleting...
20260909-07:36.50-452469(us) 2382206 * Shutdown        (srpc_rpc_backend.cc:120): SrpcRpcBackend::Shutdown: Server deleted successfully
20260909-07:36.50-452504(us) 2382206 * Shutdown        (srpc_rpc_backend.cc:132): SrpcRpcBackend::Shutdown: About to shutdown poll_thread_worker_
20260909-07:36.50-452552(us) 2382206 * Shutdown        (srpc_rpc_backend.cc:136): SrpcRpcBackend::Shutdown: poll_thread_worker_ is valid, calling shutdown()
20260909-07:36.50-452597(us) 2382206 * Stop            (srpc_rpc_backend.cc:589): SrpcRpcBackend::Stop: Already stopped, returning
20260909-07:36.50-452667(us) 2382206 * Shutdown        (srpc_rpc_backend.cc:112): SrpcRpcBackend::Shutdown: About to delete server
20260909-07:36.50-452696(us) 2382206 * Shutdown        (srpc_rpc_backend.cc:116): SrpcRpcBackend::Shutdown: Server pointer is valid, deleting...
20260909-07:36.50-452729(us) 2382206 * Shutdown        (srpc_rpc_backend.cc:120): SrpcRpcBackend::Shutdown: Server deleted successfully
20260909-07:36.50-452755(us) 2382206 * Shutdown        (srpc_rpc_backend.cc:132): SrpcRpcBackend::Shutdown: About to shutdown poll_thread_worker_
20260909-07:36.50-452780(us) 2382206 * Shutdown        (srpc_rpc_backend.cc:136): SrpcRpcBackend::Shutdown: poll_thread_worker_ is valid, calling shutdown()
20260909-07:36.50-452819(us) 2382206 * Shutdown        (srpc_rpc_backend.cc:138): SrpcRpcBackend::Shutdown: poll_thread_worker_->shutdown() completed
20260909-07:36.50-452912(us) 2382206 * Shutdown        (srpc_rpc_backend.cc:140): SrpcRpcBackend::Shutdown: poll_thread_worker_ reset to None
20260909-07:36.50-452933(us) 2382206 * Shutdown        (srpc_rpc_backend.cc:145): SrpcRpcBackend::Shutdown: Shutdown sequence completed, destructor will now exit
20260909-07:36.50-452951(us) 2382206 * ~SrpcRpcBackend (srpc_rpc_backend.cc:52): SrpcRpcBackend::~SrpcRpcBackend: START destructor
20260909-07:36.50-452969(us) 2382206 * Stop            (srpc_rpc_backend.cc:589): SrpcRpcBackend::Stop: Already stopped, returning
20260909-07:36.50-452985(us) 2382206 * Shutdown        (srpc_rpc_backend.cc:112): SrpcRpcBackend::Shutdown: About to delete server
20260909-07:36.50-453004(us) 2382206 * Shutdown        (srpc_rpc_backend.cc:129): SrpcRpcBackend::Shutdown: Server pointer is null, skipping deletion
20260909-07:36.50-453021(us) 2382206 * Shutdown        (srpc_rpc_backend.cc:132): SrpcRpcBackend::Shutdown: About to shutdown poll_thread_worker_
20260909-07:36.50-453038(us) 2382206 * Shutdown        (srpc_rpc_backend.cc:142): SrpcRpcBackend::Shutdown: poll_thread_worker_ is null, skipping shutdown
20260909-07:36.50-453056(us) 2382206 * Shutdown        (srpc_rpc_backend.cc:145): SrpcRpcBackend::Shutdown: Shutdown sequence completed, destructor will now exit
20260909-07:36.50-453073(us) 2382206 * ~SrpcRpcBackend (srpc_rpc_backend.cc:54): SrpcRpcBackend::~SrpcRpcBackend: Shutdown() completed
20260909-07:36.50-453686(us) 2382206 * Shutdown        (srpc_rpc_backend.cc:138): SrpcRpcBackend::Shutdown: poll_thread_worker_->shutdown() completed
20260909-07:36.50-453752(us) 2382206 * Shutdown        (srpc_rpc_backend.cc:140): SrpcRpcBackend::Shutdown: poll_thread_worker_ reset to None
20260909-07:36.50-453783(us) 2382206 * Shutdown        (srpc_rpc_backend.cc:145): SrpcRpcBackend::Shutdown: Shutdown sequence completed, destructor will now exit
20260909-07:36.50-453811(us) 2382206 * ~SrpcRpcBackend (srpc_rpc_backend.cc:52): SrpcRpcBackend::~SrpcRpcBackend: START destructor
20260909-07:36.50-453852(us) 2382206 * Stop            (srpc_rpc_backend.cc:589): SrpcRpcBackend::Stop: Already stopped, returning
20260909-07:36.50-453881(us) 2382206 * Shutdown        (srpc_rpc_backend.cc:112): SrpcRpcBackend::Shutdown: About to delete server
20260909-07:36.50-453912(us) 2382206 * Shutdown        (srpc_rpc_backend.cc:129): SrpcRpcBackend::Shutdown: Server pointer is null, skipping deletion
20260909-07:36.50-453941(us) 2382206 * Shutdown        (srpc_rpc_backend.cc:132): SrpcRpcBackend::Shutdown: About to shutdown poll_thread_worker_
20260909-07:36.50-453967(us) 2382206 * Shutdown        (srpc_rpc_backend.cc:142): SrpcRpcBackend::Shutdown: poll_thread_worker_ is null, skipping shutdown
20260909-07:36.50-453997(us) 2382206 * Shutdown        (srpc_rpc_backend.cc:145): SrpcRpcBackend::Shutdown: Shutdown sequence completed, destructor will now exit
20260909-07:36.50-454027(us) 2382206 * ~SrpcRpcBackend (srpc_rpc_backend.cc:54): SrpcRpcBackend::~SrpcRpcBackend: Shutdown() completed
20260909-07:36.50-454182(us) 2382206 * Shutdown        (srpc_rpc_backend.cc:138): SrpcRpcBackend::Shutdown: poll_thread_worker_->shutdown() completed
20260909-07:36.50-454258(us) 2382206 * Shutdown        (srpc_rpc_backend.cc:140): SrpcRpcBackend::Shutdown: poll_thread_worker_ reset to None
20260909-07:36.50-454290(us) 2382206 * Shutdown        (srpc_rpc_backend.cc:145): SrpcRpcBackend::Shutdown: Shutdown sequence completed, destructor will now exit
20260909-07:36.50-454324(us) 2382206 * ~SrpcRpcBackend (srpc_rpc_backend.cc:52): SrpcRpcBackend::~SrpcRpcBackend: START destructor
20260909-07:36.50-454348(us) 2382206 * Stop            (srpc_rpc_backend.cc:589): SrpcRpcBackend::Stop: Already stopped, returning
[SHUTDOWN] Worker 2 joined
[SHUTDOWN] Joining worker 3
20260909-07:36.50-454377(us) 2382206 * Shutdown        (srpc_rpc_backend.cc:112): SrpcRpcBackend::Shutdown: About to delete server
20260909-07:36.50-454441(us) 2382206 * Shutdown        (srpc_rpc_backend.cc:129): SrpcRpcBackend::Shutdown: Server pointer is null, skipping deletion
[SHUTDOWN] Worker 20260909-07:36.50-454474(us) 2382206 * Shutdown        (srpc_rpc_backend.cc:132): SrpcRpcBackend::Shutdown: About to shutdown poll_thread_worker_
3 joined20260909-07:36.50-454511(us) 2382206 * Shutdown        (srpc_rpc_backend.cc:142): SrpcRpcBackend::Shutdown: poll_thread_worker_ is null, skipping shutdown

[SHUTDOWN] Joining worker 420260909-07:36.50-454546(us) 2382206 * 
Shutdown        (srpc_rpc_backend.cc:145): SrpcRpcBackend::Shutdown: Shutdown sequence completed, destructor will now exit
20260909-07:36.50-454598(us) 2382206 * ~SrpcRpcBackend (srpc_rpc_backend.cc:54): SrpcRpcBackend::~SrpcRpcBackend: Shutdown() completed
[SHUTDOWN] Worker 4 joined
[SHUTDOWN] Joining worker 5
[SHUTDOWN] Worker 5 joined
[SHUTDOWN] Joining worker 6
[SHUTDOWN] Worker 6 joined
[SHUTDOWN] Joining worker 7
[SHUTDOWN] Worker 7 joined
[SHUTDOWN] Joining worker 8
[SHUTDOWN] Worker 8 joined
[SHUTDOWN] Joining worker 9
[SHUTDOWN] Worker 9 joined
[SHUTDOWN] Joining worker 10
[SHUTDOWN] Worker 10 joined
[SHUTDOWN] Joining worker 11
[SHUTDOWN] Worker 11 joined
[SHUTDOWN] Joining worker 12
[SHUTDOWN] Worker 12 joined
[SHUTDOWN] Joining worker 13
[SHUTDOWN] Worker 13 joined
[SHUTDOWN] Joining worker 14
[SHUTDOWN] Worker 14 joined
[SHUTDOWN] Joining worker 15
[SHUTDOWN] Worker 15 joined
[SHUTDOWN] All workers joined
[SHUTDOWN] Calling stop_rpc_server()
[STOP_SERVER] Stopping 2 server transports
[STOP_SERVER] Stopping server transport 0
20260909-07:36.50-455724(us) 2382206 * Stop            (srpc_rpc_backend.cc:593): SrpcRpcBackend::Stop: BEGIN - Setting stop flag
20260909-07:36.50-455751(us) 2382206 * Stop            (srpc_rpc_backend.cc:596): SrpcRpcBackend::Stop: Waiting for event loop to exit...
20260909-07:36.50-455776(us) 2382206 * RunEventLoop    (srpc_rpc_backend.cc:577): SrpcRpcBackend::RunEventLoop: Stop flag detected, exiting event loop
20260909-07:36.50-455817(us) 2382206 * RunEventLoop    (srpc_rpc_backend.cc:581): SrpcRpcBackend::RunEventLoop: Exited cleanly
20260909-07:36.50-455849(us) 2382206 * rpc_server      (rpc_setup.cc:126): the rpc_server is terminated on shardIdx:0, alpha:0!
20260909-07:36.50-465828(us) 2382206 * Stop            (srpc_rpc_backend.cc:612): SrpcRpcBackend::Stop: Event loop exited successfully
20260909-07:36.50-465856(us) 2382206 * Stop            (srpc_rpc_backend.cc:616): SrpcRpcBackend::Stop: Signaling 0 request queues to stop
20260909-07:36.50-465870(us) 2382206 * Stop            (srpc_rpc_backend.cc:624): SrpcRpcBackend::Stop: Signaling 0 response queues to stop
20260909-07:36.50-465883(us) 2382206 * Stop            (srpc_rpc_backend.cc:635): SrpcRpcBackend::Stop: Server cleanup deferred to destructor
20260909-07:36.50-465896(us) 2382206 * Stop            (srpc_rpc_backend.cc:638): SrpcRpcBackend::Stop: Closing client connections
20260909-07:36.50-465908(us) 2382206 * Stop            (srpc_rpc_backend.cc:642): SrpcRpcBackend::Stop: Found 0 client connections to close
20260909-07:36.50-465922(us) 2382206 * Stop            (srpc_rpc_backend.cc:662): SrpcRpcBackend::Stop: Closed 0 client connections
20260909-07:36.50-465934(us) 2382206 * Stop            (srpc_rpc_backend.cc:675): SrpcRpcBackend stats: msg_size_resp_sent: 0 bytes, counter: 0, avg: 0.000000
20260909-07:36.50-465951(us) 2382206 * Stop            (srpc_rpc_backend.cc:676): SrpcRpcBackend::Stop: END
[STOP_SERVER] Server transport 0 stopped
[STOP_SERVER] Stopping server transport 1
20260909-07:36.50-465977(us) 2382206 * Stop            (srpc_rpc_backend.cc:593): SrpcRpcBackend::Stop: BEGIN - Setting stop flag
20260909-07:36.50-466001(us) 2382206 * Stop            (srpc_rpc_backend.cc:596): SrpcRpcBackend::Stop: Waiting for event loop to exit...
20260909-07:36.50-466103(us) 2382206 * RunEventLoop    (srpc_rpc_backend.cc:577): SrpcRpcBackend::RunEventLoop: Stop flag detected, exiting event loop
20260909-07:36.50-466129(us) 2382206 * RunEventLoop    (srpc_rpc_backend.cc:581): SrpcRpcBackend::RunEventLoop: Exited cleanly
20260909-07:36.50-466144(us) 2382206 * rpc_server      (rpc_setup.cc:126): the rpc_server is terminated on shardIdx:0, alpha:1!
20260909-07:36.50-476073(us) 2382206 * Stop            (srpc_rpc_backend.cc:612): SrpcRpcBackend::Stop: Event loop exited successfully
20260909-07:36.50-476091(us) 2382206 * Stop            (srpc_rpc_backend.cc:616): SrpcRpcBackend::Stop: Signaling 0 request queues to stop
20260909-07:36.50-476105(us) 2382206 * Stop            (srpc_rpc_backend.cc:624): SrpcRpcBackend::Stop: Signaling 0 response queues to stop
20260909-07:36.50-476118(us) 2382206 * Stop            (srpc_rpc_backend.cc:635): SrpcRpcBackend::Stop: Server cleanup deferred to destructor
20260909-07:36.50-476131(us) 2382206 * Stop            (srpc_rpc_backend.cc:638): SrpcRpcBackend::Stop: Closing client connections
20260909-07:36.50-476143(us) 2382206 * Stop            (srpc_rpc_backend.cc:642): SrpcRpcBackend::Stop: Found 0 client connections to close
20260909-07:36.50-476156(us) 2382206 * Stop            (srpc_rpc_backend.cc:662): SrpcRpcBackend::Stop: Closed 0 client connections
20260909-07:36.50-476169(us) 2382206 * Stop            (srpc_rpc_backend.cc:675): SrpcRpcBackend stats: msg_size_resp_sent: 0 bytes, counter: 0, avg: 0.000000
20260909-07:36.50-476183(us) 2382206 * Stop            (srpc_rpc_backend.cc:676): SrpcRpcBackend::Stop: END
[STOP_SERVER] Server transport 1 stopped
20260909-07:36.50-476296(us) 2382206 * Stop            (srpc_rpc_backend.cc:589): SrpcRpcBackend::Stop: Already stopped, returning
20260909-07:36.50-476312(us) 2382206 * Shutdown        (srpc_rpc_backend.cc:112): SrpcRpcBackend::Shutdown: About to delete server
20260909-07:36.50-476326(us) 2382206 * Shutdown        (srpc_rpc_backend.cc:116): SrpcRpcBackend::Shutdown: Server pointer is valid, deleting...
20260909-07:36.50-476344(us) 2382206 * Shutdown        (srpc_rpc_backend.cc:120): SrpcRpcBackend::Shutdown: Server deleted successfully
20260909-07:36.50-476357(us) 2382206 * Shutdown        (srpc_rpc_backend.cc:132): SrpcRpcBackend::Shutdown: About to shutdown poll_thread_worker_
20260909-07:36.50-476370(us) 2382206 * Shutdown        (srpc_rpc_backend.cc:136): SrpcRpcBackend::Shutdown: poll_thread_worker_ is valid, calling shutdown()
20260909-07:36.50-476737(us) 2382206 * Shutdown        (srpc_rpc_backend.cc:138): SrpcRpcBackend::Shutdown: poll_thread_worker_->shutdown() completed
20260909-07:36.50-476767(us) 2382206 * Shutdown        (srpc_rpc_backend.cc:140): SrpcRpcBackend::Shutdown: poll_thread_worker_ reset to None
20260909-07:36.50-476779(us) 2382206 * Shutdown        (srpc_rpc_backend.cc:145): SrpcRpcBackend::Shutdown: Shutdown sequence completed, destructor will now exit
20260909-07:36.50-476792(us) 2382206 * ~SrpcRpcBackend (srpc_rpc_backend.cc:52): SrpcRpcBackend::~SrpcRpcBackend: START destructor
20260909-07:36.50-476804(us) 2382206 * Stop            (srpc_rpc_backend.cc:589): SrpcRpcBackend::Stop: Already stopped, returning
20260909-07:36.50-476817(us) 2382206 * Shutdown        (srpc_rpc_backend.cc:112): SrpcRpcBackend::Shutdown: About to delete server
20260909-07:36.50-476841(us) 2382206 * Shutdown        (srpc_rpc_backend.cc:129): SrpcRpcBackend::Shutdown: Server pointer is null, skipping deletion
20260909-07:36.50-476854(us) 2382206 * Shutdown        (srpc_rpc_backend.cc:132): SrpcRpcBackend::Shutdown: About to shutdown poll_thread_worker_
20260909-07:36.50-476867(us) 2382206 * Shutdown        (srpc_rpc_backend.cc:142): SrpcRpcBackend::Shutdown: poll_thread_worker_ is null, skipping shutdown
20260909-07:36.50-476880(us) 2382206 * Shutdown        (srpc_rpc_backend.cc:145): SrpcRpcBackend::Shutdown: Shutdown sequence completed, destructor will now exit
20260909-07:36.50-476900(us) 2382206 * ~SrpcRpcBackend (srpc_rpc_backend.cc:54): SrpcRpcBackend::~SrpcRpcBackend: Shutdown() completed
20260909-07:36.50-476942(us) 2382206 * Stop            (srpc_rpc_backend.cc:589): SrpcRpcBackend::Stop: Already stopped, returning
20260909-07:36.50-476957(us) 2382206 * Shutdown        (srpc_rpc_backend.cc:112): SrpcRpcBackend::Shutdown: About to delete server
20260909-07:36.50-476969(us) 2382206 * Shutdown        (srpc_rpc_backend.cc:116): SrpcRpcBackend::Shutdown: Server pointer is valid, deleting...
20260909-07:36.50-476984(us) 2382206 * Shutdown        (srpc_rpc_backend.cc:120): SrpcRpcBackend::Shutdown: Server deleted successfully
20260909-07:36.50-477003(us) 2382206 * Shutdown        (srpc_rpc_backend.cc:132): SrpcRpcBackend::Shutdown: About to shutdown poll_thread_worker_
20260909-07:36.50-477015(us) 2382206 * Shutdown        (srpc_rpc_backend.cc:136): SrpcRpcBackend::Shutdown: poll_thread_worker_ is valid, calling shutdown()
20260909-07:36.50-477997(us) 2382206 * Shutdown        (srpc_rpc_backend.cc:138): SrpcRpcBackend::Shutdown: poll_thread_worker_->shutdown() completed
20260909-07:36.50-478029(us) 2382206 * Shutdown        (srpc_rpc_backend.cc:140): SrpcRpcBackend::Shutdown: poll_thread_worker_ reset to None
20260909-07:36.50-478042(us) 2382206 * Shutdown        (srpc_rpc_backend.cc:145): SrpcRpcBackend::Shutdown: Shutdown sequence completed, destructor will now exit
20260909-07:36.50-478055(us) 2382206 * ~SrpcRpcBackend (srpc_rpc_backend.cc:52): SrpcRpcBackend::~SrpcRpcBackend: START destructor
20260909-07:36.50-478068(us) 2382206 * Stop            (srpc_rpc_backend.cc:589): SrpcRpcBackend::Stop: Already stopped, returning
20260909-07:36.50-478080(us) 2382206 * Shutdown        (srpc_rpc_backend.cc:112): SrpcRpcBackend::Shutdown: About to delete server
20260909-07:36.50-478093(us) 2382206 * Shutdown        (srpc_rpc_backend.cc:129): SrpcRpcBackend::Shutdown: Server pointer is null, skipping deletion
20260909-07:36.50-478106(us) 2382206 * Shutdown        (srpc_rpc_backend.cc:132): SrpcRpcBackend::Shutdown: About to shutdown poll_thread_worker_
20260909-07:36.50-478118(us) 2382206 * Shutdown        (srpc_rpc_backend.cc:142): SrpcRpcBackend::Shutdown: poll_thread_worker_ is null, skipping shutdown
20260909-07:36.50-478131(us) 2382206 * Shutdown        (srpc_rpc_backend.cc:145): SrpcRpcBackend::Shutdown: Shutdown sequence completed, destructor will now exit
20260909-07:36.50-478144(us) 2382206 * ~SrpcRpcBackend (srpc_rpc_backend.cc:54): SrpcRpcBackend::~SrpcRpcBackend: Shutdown() completed
[STOP_SERVER] All server transports stopped
[SHUTDOWN] stop_rpc_server() completed
[SHUTDOWN] Calling second stop()
20260909-07:36.50-478194(us) 2382206 ! stop            (bench.cc:514):     stop all rpc clients. set stop=false
[SHUTDOWN] Second stop() completed
20260909-07:36.50-478211(us) 2382206 ! run             (bench.cc:774):     TPCC_BENCH_MEASURE_END
[SHUTDOWN] Calling do_txn_finish()
[SHUTDOWN] do_txn_finish() completed
--- n_commits per partition ---
 par_id: 0, n_commits: 396795
 par_id: 1, n_commits: 417096
 par_id: 2, n_commits: 410405
 par_id: 3, n_commits: 408749
 par_id: 4, n_commits: 412739
 par_id: 5, n_commits: 394391
 par_id: 6, n_commits: 405014
 par_id: 7, n_commits: 433493
 par_id: 8, n_commits: 408533
 par_id: 9, n_commits: 408875
 par_id: 10, n_commits: 400968
 par_id: 11, n_commits: 406992
 par_id: 12, n_commits: 426365
 par_id: 13, n_commits: 413889
 par_id: 14, n_commits: 407515
 par_id: 15, n_commits: 385124
--- benchmark statistics ---
runtime: 10.12 sec
memory delta: 4610.55 MB
n_commits: 6536943
latency_numer_us: 157180213
latency_numer_us_remote: 0
memory delta rate: 455.588 MB/sec
logical memory delta: 414.578 MB
logical memory delta rate: 40.9663 MB/sec
agg_nosync_throughput: 645954 ops/sec
avg_nosync_per_core_throughput: 40372.1 ops/sec/core
agg_throughput: 645944 ops/sec
avg_per_core_throughput: 40371.5 ops/sec/core
agg_persist_throughput: 645944 ops/sec
avg_per_core_persist_throughput: 40371.5 ops/sec/core
avg_latency: 0.0240449 ms
avg_persist_latency: 0 ms
agg_abort_rate: 110.376 aborts/sec
avg_per_core_abort_rate: 6.89848 aborts/sec/core
  NewOrder_local_commit_latency: 0.0266799 ms
  NewOrder_local_abort_latency: 0.0761065 ms
  NewOrder_local_abort_ratio: 9.10895e-05
  Payment_local_commit_latency: 0.00850527 ms
  Payment_local_abort_latency: 0.0501789 ms
  Payment_local_abort_ratio: 5.69028e-06
  Delivery_local_commit_latency: 0.0996435 ms
  Delivery_local_abort_latency: 0 ms
  Delivery_local_abort_ratio: 0
  OrderStatus_local_commit_latency: 0.00864903 ms
  OrderStatus_local_abort_latency: 0.038092 ms
  OrderStatus_local_abort_ratio: 3.84058e-06
  StockLevel_local_commit_latency: 0.113664 ms
  StockLevel_local_abort_latency: 0.145262 ms
  StockLevel_local_abort_ratio: 0.00317711
  NewOrder_remote_ratio: 0 %
  NewOrder_remote_abort_ratio: 0 %
  NewOrder_remote_commit_latency: 0 ms
  NewOrder_remote_abort_latency: 0 ms
  Payment_remote_ratio: 0 %
  Payment_remote_abort_ratio: 0 %
  Payment_remote_commit_latency: 0 ms
  Payment_remote_abort_latency: 0 ms
--- system counters (for benchmark) ---
--- perf counters (if enabled, for benchmark) ---
--- allocator stats ---
[SiloRuntime 0] ncpus=16
[SiloRuntime 0] cpu=0 fully_faulted?=0 remaining=134217728 bytes
[SiloRuntime 0] cpu=1 fully_faulted?=0 remaining=134217728 bytes
[SiloRuntime 0] cpu=2 fully_faulted?=0 remaining=134217728 bytes
[SiloRuntime 0] cpu=3 fully_faulted?=0 remaining=134217728 bytes
[SiloRuntime 0] cpu=4 fully_faulted?=0 remaining=134217728 bytes
[SiloRuntime 0] cpu=5 fully_faulted?=0 remaining=134217728 bytes
[SiloRuntime 0] cpu=6 fully_faulted?=0 remaining=134217728 bytes
[SiloRuntime 0] cpu=7 fully_faulted?=0 remaining=134217728 bytes
[SiloRuntime 0] cpu=8 fully_faulted?=0 remaining=134217728 bytes
[SiloRuntime 0] cpu=9 fully_faulted?=0 remaining=134217728 bytes
[SiloRuntime 0] cpu=10 fully_faulted?=0 remaining=134217728 bytes
[SiloRuntime 0] cpu=11 fully_faulted?=0 remaining=134217728 bytes
[SiloRuntime 0] cpu=12 fully_faulted?=0 remaining=134217728 bytes
[SiloRuntime 0] cpu=13 fully_faulted?=0 remaining=134217728 bytes
[SiloRuntime 0] cpu=14 fully_faulted?=0 remaining=134217728 bytes
[SiloRuntime 0] cpu=15 fully_faulted?=0 remaining=134217728 bytes
---------------------------------------
--- system counters for n_commits ---
[STOP_SERVER] Stopping 0 server transports
[STOP_SERVER] All server transports stopped
