20260909-07:38.26-825974(us) 2383351 * ParseNewFormat  (configuration.cc:102): Using new configuration format
20260909-07:38.26-826131(us) 2383351 * ParseNewFormat  (configuration.cc:162): Loaded 1 sites in 1 shards
20260909-07:38.26-826164(us) 2383351 * handle_new_config_format (dbtest.cc:368):    Site local_s0: shard=0, replica_idx=0, is_leader=1, cluster=localhost
STO_TPCC_NATIVE_ALLOCATOR configured_bytes=2147483648 scope=native_only rust_heap_excluded=1
SiloRuntime[0]::InitializeAllocator()
  hugepgsize: 2097152
  mmap() region [0x7432c3c00000, 0x743343e00000)
  runtime0 cpu0 owns [0x7432c3c00000, 0x7432cbc00000)
  runtime0 cpu1 owns [0x7432cbc00000, 0x7432d3c00000)
  runtime0 cpu2 owns [0x7432d3c00000, 0x7432dbc00000)
  runtime0 cpu3 owns [0x7432dbc00000, 0x7432e3c00000)
  runtime0 cpu4 owns [0x7432e3c00000, 0x7432ebc00000)
  runtime0 cpu5 owns [0x7432ebc00000, 0x7432f3c00000)
  runtime0 cpu6 owns [0x7432f3c00000, 0x7432fbc00000)
  runtime0 cpu7 owns [0x7432fbc00000, 0x743303c00000)
  runtime0 cpu8 owns [0x743303c00000, 0x74330bc00000)
  runtime0 cpu9 owns [0x74330bc00000, 0x743313c00000)
  runtime0 cpu10 owns [0x743313c00000, 0x74331bc00000)
  runtime0 cpu11 owns [0x74331bc00000, 0x743323c00000)
  runtime0 cpu12 owns [0x743323c00000, 0x74332bc00000)
  runtime0 cpu13 owns [0x74332bc00000, 0x743333c00000)
  runtime0 cpu14 owns [0x743333c00000, 0x74333bc00000)
  runtime0 cpu15 owns [0x74333bc00000, 0x743343c00000)
Database Benchmark:
  pid: 2383351
settings:
  num-cpus    : 128
  num-threads : 16
  shardIndex  : 0
  paxos_proc_name  : localhost
  nshards     : 1
  is_micro    : 0
  is_replicated : 0
  storage_engine : rust
  var-encode  : yes
  allocator   : jemalloc
system properties:
  tuple_prefetch          : no
  btree_node_prefetch     : yes
tpcc settings:
  cross_partition_transactions : 1
  read_only_snapshots          : 1
  partition_locks              : 0
  separate_tree_per_partition  : 1
  new_order_remote_item_pct    : 1
  new_order_fast_id_gen        : 1
  uniform_item_dist            : 0
  order_status_scan_hack       : 0
  workload_mix                 : [45, 43, 4, 4, 4]
20260909-07:38.26-847537(us) 2383351 * ParseNewFormat  (configuration.cc:102): Using new configuration format
20260909-07:38.26-847640(us) 2383351 * ParseNewFormat  (configuration.cc:162): Loaded 1 sites in 1 shards
20260909-07:38.26-848056(us) 2383351 * Initialize      (srpc_rpc_backend.cc:66): SrpcRpcBackend::Initialize: poll_thread_worker_ created, is_some=1
20260909-07:38.26-848157(us) 2383351 * ParseNewFormat  (configuration.cc:102): Using new configuration format
20260909-07:38.26-848234(us) 2383351 * Initialize      (srpc_rpc_backend.cc:97): SrpcRpcBackend initialized on 127.0.0.1:31021 (listening on 0.0.0.0:31021)
20260909-07:38.26-848255(us) 2383351 * FastTransport   (fasttransport.cc:147): FastTransport initialized with srpc/rpc backend on 127.0.0.1:31021
20260909-07:38.26-848277(us) 2383351 * RunEventLoop    (srpc_rpc_backend.cc:516): SrpcRpcBackend::RunEventLoop: Starting event loop
20260909-07:38.26-848309(us) 2383351 * ParseNewFormat  (configuration.cc:162): Loaded 1 sites in 1 shards
20260909-07:38.26-848648(us) 2383351 * Initialize      (srpc_rpc_backend.cc:66): SrpcRpcBackend::Initialize: poll_thread_worker_ created, is_some=1
20260909-07:38.26-848772(us) 2383351 * Initialize      (srpc_rpc_backend.cc:97): SrpcRpcBackend initialized on 127.0.0.1:31022 (listening on 0.0.0.0:31022)
20260909-07:38.26-848795(us) 2383351 * FastTransport   (fasttransport.cc:147): FastTransport initialized with srpc/rpc backend on 127.0.0.1:31022
20260909-07:38.26-848814(us) 2383351 * RunEventLoop    (srpc_rpc_backend.cc:516): SrpcRpcBackend::RunEventLoop: Starting event loop
20260909-07:38.26-851388(us) 2383351 ! run             (bench.cc:537):     # of loaders size:6
20260909-07:38.26-852585(us) 2383351 * benchmark_thread_init (mbta_wrapper.hh:1811): thread_init: thread_id=0, shard_index=0, getShardIndex=0, loader=1
20260909-07:38.26-852851(us) 2383351 * benchmark_thread_init (mbta_wrapper.hh:1811): thread_init: thread_id=1, shard_index=0, getShardIndex=0, loader=1
20260909-07:38.26-852994(us) 2383351 * benchmark_thread_init (mbta_wrapper.hh:1811): thread_init: thread_id=2, shard_index=0, getShardIndex=0, loader=1
20260909-07:38.26-853167(us) 2383351 * benchmark_thread_init (mbta_wrapper.hh:1811): thread_init: thread_id=3, shard_index=0, getShardIndex=0, loader=1
20260909-07:38.26-853542(us) 2383351 * PinToWarehouseId(): coreid=3 pinned to whse=1 (partid=0)benchmark_thread_init (mbta_wrapper.hh:1811): thread_init: thread_id=4, shard_index=0, getShardIndex=0, loader=1

PinToWarehouseId(): coreid=20260909-07:38.26-853735(us) 2383351 * benchmark_thread_init (mbta_wrapper.hh:1811): thread_init: thread_id=5, shard_index=0, getShardIndex=0, loader=14 pinned to whse=1 (partid=0)

num batches: 30
PinToWarehouseId(): coreid=5 pinned to whse=1 (partid=0)
PinToWarehouseId(): coreid=4 pinned to whse=2 (partid=1)
PinToWarehouseId(): coreid=6 pinned to whse=1 (partid=0)
PinToWarehouseId(): coreid=4 pinned to whse=3 (partid=2)
PinToWarehouseId(): coreid=4 pinned to whse=4 (partid=3)
PinToWarehouseId(): coreid=4 pinned to whse=5 (partid=4)
PinToWarehouseId(): coreid=4 pinned to whse=6 (partid=5)
PinToWarehouseId(): coreid=4 pinned to whse=7 (partid=6)
PinToWarehouseId(): coreid=4 pinned to whse=8 (partid=7)
PinToWarehouseId(): coreid=4 pinned to whse=9 (partid=8)
PinToWarehouseId(): coreid=4 pinned to whse=10 (partid=9)
PinToWarehouseId(): coreid=4 pinned to whse=11 (partid=10)
PinToWarehouseId(): coreid=4 pinned to whse=12 (partid=11)
PinToWarehouseId(): coreid=4 pinned to whse=13 (partid=12)
[INFO] finished loading warehouse
[INFO]   * average warehouse record length: 97 bytes
PinToWarehouseId(): coreid=4 pinned to whse=14 (partid=13)
PinToWarehouseId(): coreid=4 pinned to whse=15 (partid=14)
PinToWarehouseId(): coreid=4 pinned to whse=16 (partid=15)
[INFO] finished loading district
[INFO]   * average district record length: 99 bytes
PinToWarehouseId(): coreid=6 pinned to whse=2 (partid=1)
[INFO] finished loading item
[INFO]   * average item record length: 84.1739 bytes
PinToWarehouseId(): coreid=5 pinned to whse=2 (partid=1)
PinToWarehouseId(): coreid=6 pinned to whse=3 (partid=2)
PinToWarehouseId(): coreid=5 pinned to whse=3 (partid=2)
PinToWarehouseId(): coreid=6 pinned to whse=4 (partid=3)
PinToWarehouseId(): coreid=6 pinned to whse=5 (partid=4)
PinToWarehouseId(): coreid=5 pinned to whse=4 (partid=3)
PinToWarehouseId(): coreid=3 pinned to whse=2 (partid=1)
PinToWarehouseId(): coreid=6 pinned to whse=6 (partid=5)
PinToWarehouseId(): coreid=5 pinned to whse=5 (partid=4)
PinToWarehouseId(): coreid=6 pinned to whse=7 (partid=6)
PinToWarehouseId(): coreid=6 pinned to whse=8 (partid=7)
PinToWarehouseId(): coreid=5 pinned to whse=6 (partid=5)
PinToWarehouseId(): coreid=6 pinned to whse=9 (partid=8)
PinToWarehouseId(): coreid=5 pinned to whse=7 (partid=6)
PinToWarehouseId(): coreid=6 pinned to whse=10 (partid=9)
PinToWarehouseId(): coreid=3 pinned to whse=3 (partid=2)
PinToWarehouseId(): coreid=6 pinned to whse=11 (partid=10)
PinToWarehouseId(): coreid=5 pinned to whse=8 (partid=7)
PinToWarehouseId(): coreid=6 pinned to whse=12 (partid=11)
PinToWarehouseId(): coreid=5 pinned to whse=9 (partid=8)
PinToWarehouseId(): coreid=6 pinned to whse=13 (partid=12)
PinToWarehouseId(): coreid=6 pinned to whse=14 (partid=13)
PinToWarehouseId(): coreid=5 pinned to whse=10 (partid=9)
PinToWarehouseId(): coreid=6 pinned to whse=15 (partid=14)
PinToWarehouseId(): coreid=3 pinned to whse=4 (partid=3)
PinToWarehouseId(): coreid=5 pinned to whse=11 (partid=10)
PinToWarehouseId(): coreid=6 pinned to whse=16 (partid=15)
[INFO] finished loading order
[INFO]   * average order_line record length: 11.2927 bytes
[INFO]   * average oorder record length: 7.9446 bytes
[INFO]   * average new_order record length: 12 bytes
PinToWarehouseId(): coreid=5 pinned to whse=12 (partid=11)
PinToWarehouseId(): coreid=5 pinned to whse=13 (partid=12)
PinToWarehouseId(): coreid=5 pinned to whse=14 (partid=13)
PinToWarehouseId(): coreid=3 pinned to whse=5 (partid=4)
PinToWarehouseId(): coreid=5 pinned to whse=15 (partid=14)
PinToWarehouseId(): coreid=5 pinned to whse=16 (partid=15)
[INFO] finished loading customer
[INFO]   * average customer record length: 153.983 bytes 
PinToWarehouseId(): coreid=3 pinned to whse=6 (partid=5)
PinToWarehouseId(): coreid=3 pinned to whse=7 (partid=6)
PinToWarehouseId(): coreid=3 pinned to whse=8 (partid=7)
PinToWarehouseId(): coreid=3 pinned to whse=9 (partid=8)
PinToWarehouseId(): coreid=3 pinned to whse=10 (partid=9)
PinToWarehouseId(): coreid=3 pinned to whse=11 (partid=10)
PinToWarehouseId(): coreid=3 pinned to whse=12 (partid=11)
PinToWarehouseId(): coreid=3 pinned to whse=13 (partid=12)
PinToWarehouseId(): coreid=3 pinned to whse=14 (partid=13)
PinToWarehouseId(): coreid=3 pinned to whse=15 (partid=14)
PinToWarehouseId(): coreid=3 pinned to whse=16 (partid=15)
[INFO] finished loading stock
[INFO]   * average stock record length: 8 bytes
timed region dataloading took 22164.8 ms
DB size: 2494.44 MB
[0, 0, 0] txns persisted in loading phase
20260909-07:38.49-16302(us) 2383351 ! run             (bench.cc:607):     # of nthreads:16
starting benchmark...
STO_TPCC_CAPACITY phase=load_complete scope=database allocated_registry_bytes=1012510984 max_registry_bytes=8589934592 registry_headroom_bytes=7577423608
STO_TPCC_CAPACITY phase=load_complete table=customer_0 retained_records=90000 consumed_record_ids=90000 retained_key_bytes=1080000 allocated_registry_bytes=17856776 max_retained_records=18446744073709551615 max_consumed_record_ids=18446744073709551615 max_retained_key_bytes=18446744073709551615
STO_TPCC_CAPACITY phase=load_complete table=customer_1 retained_records=90000 consumed_record_ids=90000 retained_key_bytes=1080000 allocated_registry_bytes=17856776 max_retained_records=18446744073709551615 max_consumed_record_ids=18446744073709551615 max_retained_key_bytes=18446744073709551615
STO_TPCC_CAPACITY phase=load_complete table=customer_2 retained_records=90000 consumed_record_ids=90000 retained_key_bytes=1080000 allocated_registry_bytes=17856776 max_retained_records=18446744073709551615 max_consumed_record_ids=18446744073709551615 max_retained_key_bytes=18446744073709551615
STO_TPCC_CAPACITY phase=load_complete table=customer_3 retained_records=90000 consumed_record_ids=90000 retained_key_bytes=1080000 allocated_registry_bytes=17856776 max_retained_records=18446744073709551615 max_consumed_record_ids=18446744073709551615 max_retained_key_bytes=18446744073709551615
STO_TPCC_CAPACITY phase=load_complete table=customer_4 retained_records=90000 consumed_record_ids=90000 retained_key_bytes=1080000 allocated_registry_bytes=17856776 max_retained_records=18446744073709551615 max_consumed_record_ids=18446744073709551615 max_retained_key_bytes=18446744073709551615
STO_TPCC_CAPACITY phase=load_complete table=customer_5 retained_records=90000 consumed_record_ids=90000 retained_key_bytes=1080000 allocated_registry_bytes=17856776 max_retained_records=18446744073709551615 max_consumed_record_ids=18446744073709551615 max_retained_key_bytes=18446744073709551615
STO_TPCC_CAPACITY phase=load_complete table=customer_6 retained_records=90000 consumed_record_ids=90000 retained_key_bytes=1080000 allocated_registry_bytes=17856776 max_retained_records=18446744073709551615 max_consumed_record_ids=18446744073709551615 max_retained_key_bytes=18446744073709551615
STO_TPCC_CAPACITY phase=load_complete table=customer_7 retained_records=90000 consumed_record_ids=90000 retained_key_bytes=1080000 allocated_registry_bytes=17856776 max_retained_records=18446744073709551615 max_consumed_record_ids=18446744073709551615 max_retained_key_bytes=18446744073709551615
STO_TPCC_CAPACITY phase=load_complete table=customer_8 retained_records=90000 consumed_record_ids=90000 retained_key_bytes=1080000 allocated_registry_bytes=17856776 max_retained_records=18446744073709551615 max_consumed_record_ids=18446744073709551615 max_retained_key_bytes=18446744073709551615
STO_TPCC_CAPACITY phase=load_complete table=customer_9 retained_records=90000 consumed_record_ids=90000 retained_key_bytes=1080000 allocated_registry_bytes=17856776 max_retained_records=18446744073709551615 max_consumed_record_ids=18446744073709551615 max_retained_key_bytes=18446744073709551615
STO_TPCC_CAPACITY phase=load_complete table=customer_10 retained_records=90000 consumed_record_ids=90000 retained_key_bytes=1080000 allocated_registry_bytes=17856776 max_retained_records=18446744073709551615 max_consumed_record_ids=18446744073709551615 max_retained_key_bytes=18446744073709551615
STO_TPCC_CAPACITY phase=load_complete table=customer_11 retained_records=90000 consumed_record_ids=90000 retained_key_bytes=1080000 allocated_registry_bytes=17856776 max_retained_records=18446744073709551615 max_consumed_record_ids=18446744073709551615 max_retained_key_bytes=18446744073709551615
STO_TPCC_CAPACITY phase=load_complete table=customer_12 retained_records=90000 consumed_record_ids=90000 retained_key_bytes=1080000 allocated_registry_bytes=17856776 max_retained_records=18446744073709551615 max_consumed_record_ids=18446744073709551615 max_retained_key_bytes=18446744073709551615
STO_TPCC_CAPACITY phase=load_complete table=customer_13 retained_records=90000 consumed_record_ids=90000 retained_key_bytes=1080000 allocated_registry_bytes=17856776 max_retained_records=18446744073709551615 max_consumed_record_ids=18446744073709551615 max_retained_key_bytes=18446744073709551615
STO_TPCC_CAPACITY phase=load_complete table=customer_14 retained_records=90000 consumed_record_ids=90000 retained_key_bytes=1080000 allocated_registry_bytes=17856776 max_retained_records=18446744073709551615 max_consumed_record_ids=18446744073709551615 max_retained_key_bytes=18446744073709551615
STO_TPCC_CAPACITY phase=load_complete table=customer_15 retained_records=90000 consumed_record_ids=90000 retained_key_bytes=1080000 allocated_registry_bytes=17856776 max_retained_records=18446744073709551615 max_consumed_record_ids=18446744073709551615 max_retained_key_bytes=18446744073709551615
STO_TPCC_CAPACITY phase=load_complete table=customer_name_idx_0 retained_records=30000 consumed_record_ids=30000 retained_key_bytes=1200000 allocated_registry_bytes=2156376 max_retained_records=18446744073709551615 max_consumed_record_ids=18446744073709551615 max_retained_key_bytes=18446744073709551615
STO_TPCC_CAPACITY phase=load_complete table=customer_name_idx_1 retained_records=30000 consumed_record_ids=30000 retained_key_bytes=1200000 allocated_registry_bytes=2156376 max_retained_records=18446744073709551615 max_consumed_record_ids=18446744073709551615 max_retained_key_bytes=18446744073709551615
STO_TPCC_CAPACITY phase=load_complete table=customer_name_idx_2 retained_records=30000 consumed_record_ids=30000 retained_key_bytes=1200000 allocated_registry_bytes=2156376 max_retained_records=18446744073709551615 max_consumed_record_ids=18446744073709551615 max_retained_key_bytes=18446744073709551615
STO_TPCC_CAPACITY phase=load_complete table=customer_name_idx_3 retained_records=30000 consumed_record_ids=30000 retained_key_bytes=1200000 allocated_registry_bytes=2156376 max_retained_records=18446744073709551615 max_consumed_record_ids=18446744073709551615 max_retained_key_bytes=18446744073709551615
STO_TPCC_CAPACITY phase=load_complete table=customer_name_idx_4 retained_records=30000 consumed_record_ids=30000 retained_key_bytes=1200000 allocated_registry_bytes=2156376 max_retained_records=18446744073709551615 max_consumed_record_ids=18446744073709551615 max_retained_key_bytes=18446744073709551615
STO_TPCC_CAPACITY phase=load_complete table=customer_name_idx_5 retained_records=30000 consumed_record_ids=30000 retained_key_bytes=1200000 allocated_registry_bytes=2156376 max_retained_records=18446744073709551615 max_consumed_record_ids=18446744073709551615 max_retained_key_bytes=18446744073709551615
STO_TPCC_CAPACITY phase=load_complete table=customer_name_idx_6 retained_records=30000 consumed_record_ids=30000 retained_key_bytes=1200000 allocated_registry_bytes=2156376 max_retained_records=18446744073709551615 max_consumed_record_ids=18446744073709551615 max_retained_key_bytes=18446744073709551615
STO_TPCC_CAPACITY phase=load_complete table=customer_name_idx_7 retained_records=30000 consumed_record_ids=30000 retained_key_bytes=1200000 allocated_registry_bytes=2156376 max_retained_records=18446744073709551615 max_consumed_record_ids=18446744073709551615 max_retained_key_bytes=18446744073709551615
STO_TPCC_CAPACITY phase=load_complete table=customer_name_idx_8 retained_records=30000 consumed_record_ids=30000 retained_key_bytes=1200000 allocated_registry_bytes=2156376 max_retained_records=18446744073709551615 max_consumed_record_ids=18446744073709551615 max_retained_key_bytes=18446744073709551615
STO_TPCC_CAPACITY phase=load_complete table=customer_name_idx_9 retained_records=30000 consumed_record_ids=30000 retained_key_bytes=1200000 allocated_registry_bytes=2156376 max_retained_records=18446744073709551615 max_consumed_record_ids=18446744073709551615 max_retained_key_bytes=18446744073709551615
STO_TPCC_CAPACITY phase=load_complete table=customer_name_idx_10 retained_records=30000 consumed_record_ids=30000 retained_key_bytes=1200000 allocated_registry_bytes=2156376 max_retained_records=18446744073709551615 max_consumed_record_ids=18446744073709551615 max_retained_key_bytes=18446744073709551615
STO_TPCC_CAPACITY phase=load_complete table=customer_name_idx_11 retained_records=30000 consumed_record_ids=30000 retained_key_bytes=1200000 allocated_registry_bytes=2156376 max_retained_records=18446744073709551615 max_consumed_record_ids=18446744073709551615 max_retained_key_bytes=18446744073709551615
STO_TPCC_CAPACITY phase=load_complete table=customer_name_idx_12 retained_records=30000 consumed_record_ids=30000 retained_key_bytes=1200000 allocated_registry_bytes=2156376 max_retained_records=18446744073709551615 max_consumed_record_ids=18446744073709551615 max_retained_key_bytes=18446744073709551615
STO_TPCC_CAPACITY phase=load_complete table=customer_name_idx_13 retained_records=30000 consumed_record_ids=30000 retained_key_bytes=1200000 allocated_registry_bytes=2156376 max_retained_records=18446744073709551615 max_consumed_record_ids=18446744073709551615 max_retained_key_bytes=18446744073709551615
STO_TPCC_CAPACITY phase=load_complete table=customer_name_idx_14 retained_records=30000 consumed_record_ids=30000 retained_key_bytes=1200000 allocated_registry_bytes=2156376 max_retained_records=18446744073709551615 max_consumed_record_ids=18446744073709551615 max_retained_key_bytes=18446744073709551615
STO_TPCC_CAPACITY phase=load_complete table=customer_name_idx_15 retained_records=30000 consumed_record_ids=30000 retained_key_bytes=1200000 allocated_registry_bytes=2156376 max_retained_records=18446744073709551615 max_consumed_record_ids=18446744073709551615 max_retained_key_bytes=18446744073709551615
STO_TPCC_CAPACITY phase=load_complete table=district_0 retained_records=10 consumed_record_ids=10 retained_key_bytes=80 allocated_registry_bytes=205424 max_retained_records=18446744073709551615 max_consumed_record_ids=18446744073709551615 max_retained_key_bytes=18446744073709551615
STO_TPCC_CAPACITY phase=load_complete table=district_1 retained_records=10 consumed_record_ids=10 retained_key_bytes=80 allocated_registry_bytes=205424 max_retained_records=18446744073709551615 max_consumed_record_ids=18446744073709551615 max_retained_key_bytes=18446744073709551615
STO_TPCC_CAPACITY phase=load_complete table=district_2 retained_records=10 consumed_record_ids=10 retained_key_bytes=80 allocated_registry_bytes=205424 max_retained_records=18446744073709551615 max_consumed_record_ids=18446744073709551615 max_retained_key_bytes=18446744073709551615
STO_TPCC_CAPACITY phase=load_complete table=district_3 retained_records=10 consumed_record_ids=10 retained_key_bytes=80 allocated_registry_bytes=205424 max_retained_records=18446744073709551615 max_consumed_record_ids=18446744073709551615 max_retained_key_bytes=18446744073709551615
STO_TPCC_CAPACITY phase=load_complete table=district_4 retained_records=10 consumed_record_ids=10 retained_key_bytes=80 allocated_registry_bytes=205424 max_retained_records=18446744073709551615 max_consumed_record_ids=18446744073709551615 max_retained_key_bytes=18446744073709551615
STO_TPCC_CAPACITY phase=load_complete table=district_5 retained_records=10 consumed_record_ids=10 retained_key_bytes=80 allocated_registry_bytes=205424 max_retained_records=18446744073709551615 max_consumed_record_ids=18446744073709551615 max_retained_key_bytes=18446744073709551615
STO_TPCC_CAPACITY phase=load_complete table=district_6 retained_records=10 consumed_record_ids=10 retained_key_bytes=80 allocated_registry_bytes=205424 max_retained_records=18446744073709551615 max_consumed_record_ids=18446744073709551615 max_retained_key_bytes=18446744073709551615
STO_TPCC_CAPACITY phase=load_complete table=district_7 retained_records=10 consumed_record_ids=10 retained_key_bytes=80 allocated_registry_bytes=205424 max_retained_records=18446744073709551615 max_consumed_record_ids=18446744073709551615 max_retained_key_bytes=18446744073709551615
STO_TPCC_CAPACITY phase=load_complete table=district_8 retained_records=10 consumed_record_ids=10 retained_key_bytes=80 allocated_registry_bytes=205424 max_retained_records=18446744073709551615 max_consumed_record_ids=18446744073709551615 max_retained_key_bytes=18446744073709551615
STO_TPCC_CAPACITY phase=load_complete table=district_9 retained_records=10 consumed_record_ids=10 retained_key_bytes=80 allocated_registry_bytes=205424 max_retained_records=18446744073709551615 max_consumed_record_ids=18446744073709551615 max_retained_key_bytes=18446744073709551615
STO_TPCC_CAPACITY phase=load_complete table=district_10 retained_records=10 consumed_record_ids=10 retained_key_bytes=80 allocated_registry_bytes=205424 max_retained_records=18446744073709551615 max_consumed_record_ids=18446744073709551615 max_retained_key_bytes=18446744073709551615
STO_TPCC_CAPACITY phase=load_complete table=district_11 retained_records=10 consumed_record_ids=10 retained_key_bytes=80 allocated_registry_bytes=205424 max_retained_records=18446744073709551615 max_consumed_record_ids=18446744073709551615 max_retained_key_bytes=18446744073709551615
STO_TPCC_CAPACITY phase=load_complete table=district_12 retained_records=10 consumed_record_ids=10 retained_key_bytes=80 allocated_registry_bytes=205424 max_retained_records=18446744073709551615 max_consumed_record_ids=18446744073709551615 max_retained_key_bytes=18446744073709551615
STO_TPCC_CAPACITY phase=load_complete table=district_13 retained_records=10 consumed_record_ids=10 retained_key_bytes=80 allocated_registry_bytes=205424 max_retained_records=18446744073709551615 max_consumed_record_ids=18446744073709551615 max_retained_key_bytes=18446744073709551615
STO_TPCC_CAPACITY phase=load_complete table=district_14 retained_records=10 consumed_record_ids=10 retained_key_bytes=80 allocated_registry_bytes=205424 max_retained_records=18446744073709551615 max_consumed_record_ids=18446744073709551615 max_retained_key_bytes=18446744073709551615
STO_TPCC_CAPACITY phase=load_complete table=district_15 retained_records=10 consumed_record_ids=10 retained_key_bytes=80 allocated_registry_bytes=205424 max_retained_records=18446744073709551615 max_consumed_record_ids=18446744073709551615 max_retained_key_bytes=18446744073709551615
STO_TPCC_CAPACITY phase=load_complete table=history_0 retained_records=30000 consumed_record_ids=30000 retained_key_bytes=720000 allocated_registry_bytes=2156376 max_retained_records=18446744073709551615 max_consumed_record_ids=18446744073709551615 max_retained_key_bytes=18446744073709551615
STO_TPCC_CAPACITY phase=load_complete table=history_1 retained_records=30000 consumed_record_ids=30000 retained_key_bytes=720000 allocated_registry_bytes=2156376 max_retained_records=18446744073709551615 max_consumed_record_ids=18446744073709551615 max_retained_key_bytes=18446744073709551615
STO_TPCC_CAPACITY phase=load_complete table=history_2 retained_records=30000 consumed_record_ids=30000 retained_key_bytes=720000 allocated_registry_bytes=2156376 max_retained_records=18446744073709551615 max_consumed_record_ids=18446744073709551615 max_retained_key_bytes=18446744073709551615
STO_TPCC_CAPACITY phase=load_complete table=history_3 retained_records=30000 consumed_record_ids=30000 retained_key_bytes=720000 allocated_registry_bytes=2156376 max_retained_records=18446744073709551615 max_consumed_record_ids=18446744073709551615 max_retained_key_bytes=18446744073709551615
STO_TPCC_CAPACITY phase=load_complete table=history_4 retained_records=30000 consumed_record_ids=30000 retained_key_bytes=720000 allocated_registry_bytes=2156376 max_retained_records=18446744073709551615 max_consumed_record_ids=18446744073709551615 max_retained_key_bytes=18446744073709551615
STO_TPCC_CAPACITY phase=load_complete table=history_5 retained_records=30000 consumed_record_ids=30000 retained_key_bytes=720000 allocated_registry_bytes=2156376 max_retained_records=18446744073709551615 max_consumed_record_ids=18446744073709551615 max_retained_key_bytes=18446744073709551615
STO_TPCC_CAPACITY phase=load_complete table=history_6 retained_records=30000 consumed_record_ids=30000 retained_key_bytes=720000 allocated_registry_bytes=2156376 max_retained_records=18446744073709551615 max_consumed_record_ids=18446744073709551615 max_retained_key_bytes=18446744073709551615
STO_TPCC_CAPACITY phase=load_complete table=history_7 retained_records=30000 consumed_record_ids=30000 retained_key_bytes=720000 allocated_registry_bytes=2156376 max_retained_records=18446744073709551615 max_consumed_record_ids=18446744073709551615 max_retained_key_bytes=18446744073709551615
STO_TPCC_CAPACITY phase=load_complete table=history_8 retained_records=30000 consumed_record_ids=30000 retained_key_bytes=720000 allocated_registry_bytes=2156376 max_retained_records=18446744073709551615 max_consumed_record_ids=18446744073709551615 max_retained_key_bytes=18446744073709551615
STO_TPCC_CAPACITY phase=load_complete table=history_9 retained_records=30000 consumed_record_ids=30000 retained_key_bytes=720000 allocated_registry_bytes=2156376 max_retained_records=18446744073709551615 max_consumed_record_ids=18446744073709551615 max_retained_key_bytes=18446744073709551615
STO_TPCC_CAPACITY phase=load_complete table=history_10 retained_records=30000 consumed_record_ids=30000 retained_key_bytes=720000 allocated_registry_bytes=2156376 max_retained_records=18446744073709551615 max_consumed_record_ids=18446744073709551615 max_retained_key_bytes=18446744073709551615
STO_TPCC_CAPACITY phase=load_complete table=history_11 retained_records=30000 consumed_record_ids=30000 retained_key_bytes=720000 allocated_registry_bytes=2156376 max_retained_records=18446744073709551615 max_consumed_record_ids=18446744073709551615 max_retained_key_bytes=18446744073709551615
STO_TPCC_CAPACITY phase=load_complete table=history_12 retained_records=30000 consumed_record_ids=30000 retained_key_bytes=720000 allocated_registry_bytes=2156376 max_retained_records=18446744073709551615 max_consumed_record_ids=18446744073709551615 max_retained_key_bytes=18446744073709551615
STO_TPCC_CAPACITY phase=load_complete table=history_13 retained_records=30000 consumed_record_ids=30000 retained_key_bytes=720000 allocated_registry_bytes=2156376 max_retained_records=18446744073709551615 max_consumed_record_ids=18446744073709551615 max_retained_key_bytes=18446744073709551615
STO_TPCC_CAPACITY phase=load_complete table=history_14 retained_records=30000 consumed_record_ids=30000 retained_key_bytes=720000 allocated_registry_bytes=2156376 max_retained_records=18446744073709551615 max_consumed_record_ids=18446744073709551615 max_retained_key_bytes=18446744073709551615
STO_TPCC_CAPACITY phase=load_complete table=history_15 retained_records=30000 consumed_record_ids=30000 retained_key_bytes=720000 allocated_registry_bytes=2156376 max_retained_records=18446744073709551615 max_consumed_record_ids=18446744073709551615 max_retained_key_bytes=18446744073709551615
STO_TPCC_CAPACITY phase=load_complete table=new_order_0 retained_records=9000 consumed_record_ids=9000 retained_key_bytes=108000 allocated_registry_bytes=649024 max_retained_records=18446744073709551615 max_consumed_record_ids=18446744073709551615 max_retained_key_bytes=18446744073709551615
STO_TPCC_CAPACITY phase=load_complete table=new_order_1 retained_records=9000 consumed_record_ids=9000 retained_key_bytes=108000 allocated_registry_bytes=649024 max_retained_records=18446744073709551615 max_consumed_record_ids=18446744073709551615 max_retained_key_bytes=18446744073709551615
STO_TPCC_CAPACITY phase=load_complete table=new_order_2 retained_records=9000 consumed_record_ids=9000 retained_key_bytes=108000 allocated_registry_bytes=649024 max_retained_records=18446744073709551615 max_consumed_record_ids=18446744073709551615 max_retained_key_bytes=18446744073709551615
STO_TPCC_CAPACITY phase=load_complete table=new_order_3 retained_records=9000 consumed_record_ids=9000 retained_key_bytes=108000 allocated_registry_bytes=649024 max_retained_records=18446744073709551615 max_consumed_record_ids=18446744073709551615 max_retained_key_bytes=18446744073709551615
STO_TPCC_CAPACITY phase=load_complete table=new_order_4 retained_records=9000 consumed_record_ids=9000 retained_key_bytes=108000 allocated_registry_bytes=649024 max_retained_records=18446744073709551615 max_consumed_record_ids=18446744073709551615 max_retained_key_bytes=18446744073709551615
STO_TPCC_CAPACITY phase=load_complete table=new_order_5 retained_records=9000 consumed_record_ids=9000 retained_key_bytes=108000 allocated_registry_bytes=649024 max_retained_records=18446744073709551615 max_consumed_record_ids=18446744073709551615 max_retained_key_bytes=18446744073709551615
STO_TPCC_CAPACITY phase=load_complete table=new_order_6 retained_records=9000 consumed_record_ids=9000 retained_key_bytes=108000 allocated_registry_bytes=649024 max_retained_records=18446744073709551615 max_consumed_record_ids=18446744073709551615 max_retained_key_bytes=18446744073709551615
STO_TPCC_CAPACITY phase=load_complete table=new_order_7 retained_records=9000 consumed_record_ids=9000 retained_key_bytes=108000 allocated_registry_bytes=649024 max_retained_records=18446744073709551615 max_consumed_record_ids=18446744073709551615 max_retained_key_bytes=18446744073709551615
STO_TPCC_CAPACITY phase=load_complete table=new_order_8 retained_records=9000 consumed_record_ids=9000 retained_key_bytes=108000 allocated_registry_bytes=649024 max_retained_records=18446744073709551615 max_consumed_record_ids=18446744073709551615 max_retained_key_bytes=18446744073709551615
STO_TPCC_CAPACITY phase=load_complete table=new_order_9 retained_records=9000 consumed_record_ids=9000 retained_key_bytes=108000 allocated_registry_bytes=649024 max_retained_records=18446744073709551615 max_consumed_record_ids=18446744073709551615 max_retained_key_bytes=18446744073709551615
STO_TPCC_CAPACITY phase=load_complete table=new_order_10 retained_records=9000 consumed_record_ids=9000 retained_key_bytes=108000 allocated_registry_bytes=649024 max_retained_records=18446744073709551615 max_consumed_record_ids=18446744073709551615 max_retained_key_bytes=18446744073709551615
STO_TPCC_CAPACITY phase=load_complete table=new_order_11 retained_records=9000 consumed_record_ids=9000 retained_key_bytes=108000 allocated_registry_bytes=649024 max_retained_records=18446744073709551615 max_consumed_record_ids=18446744073709551615 max_retained_key_bytes=18446744073709551615
STO_TPCC_CAPACITY phase=load_complete table=new_order_12 retained_records=9000 consumed_record_ids=9000 retained_key_bytes=108000 allocated_registry_bytes=649024 max_retained_records=18446744073709551615 max_consumed_record_ids=18446744073709551615 max_retained_key_bytes=18446744073709551615
STO_TPCC_CAPACITY phase=load_complete table=new_order_13 retained_records=9000 consumed_record_ids=9000 retained_key_bytes=108000 allocated_registry_bytes=649024 max_retained_records=18446744073709551615 max_consumed_record_ids=18446744073709551615 max_retained_key_bytes=18446744073709551615
STO_TPCC_CAPACITY phase=load_complete table=new_order_14 retained_records=9000 consumed_record_ids=9000 retained_key_bytes=108000 allocated_registry_bytes=649024 max_retained_records=18446744073709551615 max_consumed_record_ids=18446744073709551615 max_retained_key_bytes=18446744073709551615
STO_TPCC_CAPACITY phase=load_complete table=new_order_15 retained_records=9000 consumed_record_ids=9000 retained_key_bytes=108000 allocated_registry_bytes=649024 max_retained_records=18446744073709551615 max_consumed_record_ids=18446744073709551615 max_retained_key_bytes=18446744073709551615
STO_TPCC_CAPACITY phase=load_complete table=oorder_0 retained_records=30000 consumed_record_ids=30000 retained_key_bytes=360000 allocated_registry_bytes=2156376 max_retained_records=18446744073709551615 max_consumed_record_ids=18446744073709551615 max_retained_key_bytes=18446744073709551615
STO_TPCC_CAPACITY phase=load_complete table=oorder_1 retained_records=30000 consumed_record_ids=30000 retained_key_bytes=360000 allocated_registry_bytes=2156376 max_retained_records=18446744073709551615 max_consumed_record_ids=18446744073709551615 max_retained_key_bytes=18446744073709551615
STO_TPCC_CAPACITY phase=load_complete table=oorder_2 retained_records=30000 consumed_record_ids=30000 retained_key_bytes=360000 allocated_registry_bytes=2156376 max_retained_records=18446744073709551615 max_consumed_record_ids=18446744073709551615 max_retained_key_bytes=18446744073709551615
STO_TPCC_CAPACITY phase=load_complete table=oorder_3 retained_records=30000 consumed_record_ids=30000 retained_key_bytes=360000 allocated_registry_bytes=2156376 max_retained_records=18446744073709551615 max_consumed_record_ids=18446744073709551615 max_retained_key_bytes=18446744073709551615
STO_TPCC_CAPACITY phase=load_complete table=oorder_4 retained_records=30000 consumed_record_ids=30000 retained_key_bytes=360000 allocated_registry_bytes=2156376 max_retained_records=18446744073709551615 max_consumed_record_ids=18446744073709551615 max_retained_key_bytes=18446744073709551615
STO_TPCC_CAPACITY phase=load_complete table=oorder_5 retained_records=30000 consumed_record_ids=30000 retained_key_bytes=360000 allocated_registry_bytes=2156376 max_retained_records=18446744073709551615 max_consumed_record_ids=18446744073709551615 max_retained_key_bytes=18446744073709551615
STO_TPCC_CAPACITY phase=load_complete table=oorder_6 retained_records=30000 consumed_record_ids=30000 retained_key_bytes=360000 allocated_registry_bytes=2156376 max_retained_records=18446744073709551615 max_consumed_record_ids=18446744073709551615 max_retained_key_bytes=18446744073709551615
STO_TPCC_CAPACITY phase=load_complete table=oorder_7 retained_records=30000 consumed_record_ids=30000 retained_key_bytes=360000 allocated_registry_bytes=2156376 max_retained_records=18446744073709551615 max_consumed_record_ids=18446744073709551615 max_retained_key_bytes=18446744073709551615
STO_TPCC_CAPACITY phase=load_complete table=oorder_8 retained_records=30000 consumed_record_ids=30000 retained_key_bytes=360000 allocated_registry_bytes=2156376 max_retained_records=18446744073709551615 max_consumed_record_ids=18446744073709551615 max_retained_key_bytes=18446744073709551615
STO_TPCC_CAPACITY phase=load_complete table=oorder_9 retained_records=30000 consumed_record_ids=30000 retained_key_bytes=360000 allocated_registry_bytes=2156376 max_retained_records=18446744073709551615 max_consumed_record_ids=18446744073709551615 max_retained_key_bytes=18446744073709551615
STO_TPCC_CAPACITY phase=load_complete table=oorder_10 retained_records=30000 consumed_record_ids=30000 retained_key_bytes=360000 allocated_registry_bytes=2156376 max_retained_records=18446744073709551615 max_consumed_record_ids=18446744073709551615 max_retained_key_bytes=18446744073709551615
STO_TPCC_CAPACITY phase=load_complete table=oorder_11 retained_records=30000 consumed_record_ids=30000 retained_key_bytes=360000 allocated_registry_bytes=2156376 max_retained_records=18446744073709551615 max_consumed_record_ids=18446744073709551615 max_retained_key_bytes=18446744073709551615
STO_TPCC_CAPACITY phase=load_complete table=oorder_12 retained_records=30000 consumed_record_ids=30000 retained_key_bytes=360000 allocated_registry_bytes=2156376 max_retained_records=18446744073709551615 max_consumed_record_ids=18446744073709551615 max_retained_key_bytes=18446744073709551615
STO_TPCC_CAPACITY phase=load_complete table=oorder_13 retained_records=30000 consumed_record_ids=30000 retained_key_bytes=360000 allocated_registry_bytes=2156376 max_retained_records=18446744073709551615 max_consumed_record_ids=18446744073709551615 max_retained_key_bytes=18446744073709551615
STO_TPCC_CAPACITY phase=load_complete table=oorder_14 retained_records=30000 consumed_record_ids=30000 retained_key_bytes=360000 allocated_registry_bytes=2156376 max_retained_records=18446744073709551615 max_consumed_record_ids=18446744073709551615 max_retained_key_bytes=18446744073709551615
STO_TPCC_CAPACITY phase=load_complete table=oorder_15 retained_records=30000 consumed_record_ids=30000 retained_key_bytes=360000 allocated_registry_bytes=2156376 max_retained_records=18446744073709551615 max_consumed_record_ids=18446744073709551615 max_retained_key_bytes=18446744073709551615
STO_TPCC_CAPACITY phase=load_complete table=oorder_c_id_idx_0 retained_records=30000 consumed_record_ids=30000 retained_key_bytes=480000 allocated_registry_bytes=2156376 max_retained_records=18446744073709551615 max_consumed_record_ids=18446744073709551615 max_retained_key_bytes=18446744073709551615
STO_TPCC_CAPACITY phase=load_complete table=oorder_c_id_idx_1 retained_records=30000 consumed_record_ids=30000 retained_key_bytes=480000 allocated_registry_bytes=2156376 max_retained_records=18446744073709551615 max_consumed_record_ids=18446744073709551615 max_retained_key_bytes=18446744073709551615
STO_TPCC_CAPACITY phase=load_complete table=oorder_c_id_idx_2 retained_records=30000 consumed_record_ids=30000 retained_key_bytes=480000 allocated_registry_bytes=2156376 max_retained_records=18446744073709551615 max_consumed_record_ids=18446744073709551615 max_retained_key_bytes=18446744073709551615
STO_TPCC_CAPACITY phase=load_complete table=oorder_c_id_idx_3 retained_records=30000 consumed_record_ids=30000 retained_key_bytes=480000 allocated_registry_bytes=2156376 max_retained_records=18446744073709551615 max_consumed_record_ids=18446744073709551615 max_retained_key_bytes=18446744073709551615
STO_TPCC_CAPACITY phase=load_complete table=oorder_c_id_idx_4 retained_records=30000 consumed_record_ids=30000 retained_key_bytes=480000 allocated_registry_bytes=2156376 max_retained_records=18446744073709551615 max_consumed_record_ids=18446744073709551615 max_retained_key_bytes=18446744073709551615
STO_TPCC_CAPACITY phase=load_complete table=oorder_c_id_idx_5 retained_records=30000 consumed_record_ids=30000 retained_key_bytes=480000 allocated_registry_bytes=2156376 max_retained_records=18446744073709551615 max_consumed_record_ids=18446744073709551615 max_retained_key_bytes=18446744073709551615
STO_TPCC_CAPACITY phase=load_complete table=oorder_c_id_idx_6 retained_records=30000 consumed_record_ids=30000 retained_key_bytes=480000 allocated_registry_bytes=2156376 max_retained_records=18446744073709551615 max_consumed_record_ids=18446744073709551615 max_retained_key_bytes=18446744073709551615
STO_TPCC_CAPACITY phase=load_complete table=oorder_c_id_idx_7 retained_records=30000 consumed_record_ids=30000 retained_key_bytes=480000 allocated_registry_bytes=2156376 max_retained_records=18446744073709551615 max_consumed_record_ids=18446744073709551615 max_retained_key_bytes=18446744073709551615
STO_TPCC_CAPACITY phase=load_complete table=oorder_c_id_idx_8 retained_records=30000 consumed_record_ids=30000 retained_key_bytes=480000 allocated_registry_bytes=2156376 max_retained_records=18446744073709551615 max_consumed_record_ids=18446744073709551615 max_retained_key_bytes=18446744073709551615
STO_TPCC_CAPACITY phase=load_complete table=oorder_c_id_idx_9 retained_records=30000 consumed_record_ids=30000 retained_key_bytes=480000 allocated_registry_bytes=2156376 max_retained_records=18446744073709551615 max_consumed_record_ids=18446744073709551615 max_retained_key_bytes=18446744073709551615
STO_TPCC_CAPACITY phase=load_complete table=oorder_c_id_idx_10 retained_records=30000 consumed_record_ids=30000 retained_key_bytes=480000 allocated_registry_bytes=2156376 max_retained_records=18446744073709551615 max_consumed_record_ids=18446744073709551615 max_retained_key_bytes=18446744073709551615
STO_TPCC_CAPACITY phase=load_complete table=oorder_c_id_idx_11 retained_records=30000 consumed_record_ids=30000 retained_key_bytes=480000 allocated_registry_bytes=2156376 max_retained_records=18446744073709551615 max_consumed_record_ids=18446744073709551615 max_retained_key_bytes=18446744073709551615
STO_TPCC_CAPACITY phase=load_complete table=oorder_c_id_idx_12 retained_records=30000 consumed_record_ids=30000 retained_key_bytes=480000 allocated_registry_bytes=2156376 max_retained_records=18446744073709551615 max_consumed_record_ids=18446744073709551615 max_retained_key_bytes=18446744073709551615
STO_TPCC_CAPACITY phase=load_complete table=oorder_c_id_idx_13 retained_records=30000 consumed_record_ids=30000 retained_key_bytes=480000 allocated_registry_bytes=2156376 max_retained_records=18446744073709551615 max_consumed_record_ids=18446744073709551615 max_retained_key_bytes=18446744073709551615
STO_TPCC_CAPACITY phase=load_complete table=oorder_c_id_idx_14 retained_records=30000 consumed_record_ids=30000 retained_key_bytes=480000 allocated_registry_bytes=2156376 max_retained_records=18446744073709551615 max_consumed_record_ids=18446744073709551615 max_retained_key_bytes=18446744073709551615
STO_TPCC_CAPACITY phase=load_complete table=oorder_c_id_idx_15 retained_records=30000 consumed_record_ids=30000 retained_key_bytes=480000 allocated_registry_bytes=2156376 max_retained_records=18446744073709551615 max_consumed_record_ids=18446744073709551615 max_retained_key_bytes=18446744073709551615
STO_TPCC_CAPACITY phase=load_complete table=order_line_0 retained_records=299560 consumed_record_ids=299560 retained_key_bytes=4792960 allocated_registry_bytes=21049824 max_retained_records=18446744073709551615 max_consumed_record_ids=18446744073709551615 max_retained_key_bytes=18446744073709551615
STO_TPCC_CAPACITY phase=load_complete table=order_line_1 retained_records=300029 consumed_record_ids=300029 retained_key_bytes=4800464 allocated_registry_bytes=21049824 max_retained_records=18446744073709551615 max_consumed_record_ids=18446744073709551615 max_retained_key_bytes=18446744073709551615
STO_TPCC_CAPACITY phase=load_complete table=order_line_2 retained_records=300826 consumed_record_ids=300826 retained_key_bytes=4813216 allocated_registry_bytes=21121560 max_retained_records=18446744073709551615 max_consumed_record_ids=18446744073709551615 max_retained_key_bytes=18446744073709551615
STO_TPCC_CAPACITY phase=load_complete table=order_line_3 retained_records=300078 consumed_record_ids=300078 retained_key_bytes=4801248 allocated_registry_bytes=21121560 max_retained_records=18446744073709551615 max_consumed_record_ids=18446744073709551615 max_retained_key_bytes=18446744073709551615
STO_TPCC_CAPACITY phase=load_complete table=order_line_4 retained_records=299993 consumed_record_ids=299993 retained_key_bytes=4799888 allocated_registry_bytes=21049824 max_retained_records=18446744073709551615 max_consumed_record_ids=18446744073709551615 max_retained_key_bytes=18446744073709551615
STO_TPCC_CAPACITY phase=load_complete table=order_line_5 retained_records=299158 consumed_record_ids=299158 retained_key_bytes=4786528 allocated_registry_bytes=21049824 max_retained_records=18446744073709551615 max_consumed_record_ids=18446744073709551615 max_retained_key_bytes=18446744073709551615
STO_TPCC_CAPACITY phase=load_complete table=order_line_6 retained_records=299682 consumed_record_ids=299682 retained_key_bytes=4794912 allocated_registry_bytes=21049824 max_retained_records=18446744073709551615 max_consumed_record_ids=18446744073709551615 max_retained_key_bytes=18446744073709551615
STO_TPCC_CAPACITY phase=load_complete table=order_line_7 retained_records=299597 consumed_record_ids=299597 retained_key_bytes=4793552 allocated_registry_bytes=21049824 max_retained_records=18446744073709551615 max_consumed_record_ids=18446744073709551615 max_retained_key_bytes=18446744073709551615
STO_TPCC_CAPACITY phase=load_complete table=order_line_8 retained_records=299625 consumed_record_ids=299625 retained_key_bytes=4794000 allocated_registry_bytes=21049824 max_retained_records=18446744073709551615 max_consumed_record_ids=18446744073709551615 max_retained_key_bytes=18446744073709551615
STO_TPCC_CAPACITY phase=load_complete table=order_line_9 retained_records=301071 consumed_record_ids=301071 retained_key_bytes=4817136 allocated_registry_bytes=21193296 max_retained_records=18446744073709551615 max_consumed_record_ids=18446744073709551615 max_retained_key_bytes=18446744073709551615
STO_TPCC_CAPACITY phase=load_complete table=order_line_10 retained_records=300468 consumed_record_ids=300468 retained_key_bytes=4807488 allocated_registry_bytes=21121560 max_retained_records=18446744073709551615 max_consumed_record_ids=18446744073709551615 max_retained_key_bytes=18446744073709551615
STO_TPCC_CAPACITY phase=load_complete table=order_line_11 retained_records=300005 consumed_record_ids=300005 retained_key_bytes=4800080 allocated_registry_bytes=21049824 max_retained_records=18446744073709551615 max_consumed_record_ids=18446744073709551615 max_retained_key_bytes=18446744073709551615
STO_TPCC_CAPACITY phase=load_complete table=order_line_12 retained_records=300112 consumed_record_ids=300112 retained_key_bytes=4801792 allocated_registry_bytes=21121560 max_retained_records=18446744073709551615 max_consumed_record_ids=18446744073709551615 max_retained_key_bytes=18446744073709551615
STO_TPCC_CAPACITY phase=load_complete table=order_line_13 retained_records=299780 consumed_record_ids=299780 retained_key_bytes=4796480 allocated_registry_bytes=21049824 max_retained_records=18446744073709551615 max_consumed_record_ids=18446744073709551615 max_retained_key_bytes=18446744073709551615
STO_TPCC_CAPACITY phase=load_complete table=order_line_14 retained_records=299489 consumed_record_ids=299489 retained_key_bytes=4791824 allocated_registry_bytes=21049824 max_retained_records=18446744073709551615 max_consumed_record_ids=18446744073709551615 max_retained_key_bytes=18446744073709551615
STO_TPCC_CAPACITY phase=load_complete table=order_line_15 retained_records=299839 consumed_record_ids=299839 retained_key_bytes=4797424 allocated_registry_bytes=21049824 max_retained_records=18446744073709551615 max_consumed_record_ids=18446744073709551615 max_retained_key_bytes=18446744073709551615
STO_TPCC_CAPACITY phase=load_complete table=stock_0 retained_records=100000 consumed_record_ids=100999 retained_key_bytes=800000 allocated_registry_bytes=7111536 max_retained_records=18446744073709551615 max_consumed_record_ids=18446744073709551615 max_retained_key_bytes=18446744073709551615
STO_TPCC_CAPACITY phase=load_complete table=stock_1 retained_records=100000 consumed_record_ids=100999 retained_key_bytes=800000 allocated_registry_bytes=7111536 max_retained_records=18446744073709551615 max_consumed_record_ids=18446744073709551615 max_retained_key_bytes=18446744073709551615
STO_TPCC_CAPACITY phase=load_complete table=stock_2 retained_records=100000 consumed_record_ids=100999 retained_key_bytes=800000 allocated_registry_bytes=7111536 max_retained_records=18446744073709551615 max_consumed_record_ids=18446744073709551615 max_retained_key_bytes=18446744073709551615
STO_TPCC_CAPACITY phase=load_complete table=stock_3 retained_records=100000 consumed_record_ids=100999 retained_key_bytes=800000 allocated_registry_bytes=7111536 max_retained_records=18446744073709551615 max_consumed_record_ids=18446744073709551615 max_retained_key_bytes=18446744073709551615
STO_TPCC_CAPACITY phase=load_complete table=stock_4 retained_records=100000 consumed_record_ids=100999 retained_key_bytes=800000 allocated_registry_bytes=7111536 max_retained_records=18446744073709551615 max_consumed_record_ids=18446744073709551615 max_retained_key_bytes=18446744073709551615
STO_TPCC_CAPACITY phase=load_complete table=stock_5 retained_records=100000 consumed_record_ids=100999 retained_key_bytes=800000 allocated_registry_bytes=7111536 max_retained_records=18446744073709551615 max_consumed_record_ids=18446744073709551615 max_retained_key_bytes=18446744073709551615
STO_TPCC_CAPACITY phase=load_complete table=stock_6 retained_records=100000 consumed_record_ids=100999 retained_key_bytes=800000 allocated_registry_bytes=7111536 max_retained_records=18446744073709551615 max_consumed_record_ids=18446744073709551615 max_retained_key_bytes=18446744073709551615
STO_TPCC_CAPACITY phase=load_complete table=stock_7 retained_records=100000 consumed_record_ids=100999 retained_key_bytes=800000 allocated_registry_bytes=7111536 max_retained_records=18446744073709551615 max_consumed_record_ids=18446744073709551615 max_retained_key_bytes=18446744073709551615
STO_TPCC_CAPACITY phase=load_complete table=stock_8 retained_records=100000 consumed_record_ids=100999 retained_key_bytes=800000 allocated_registry_bytes=7111536 max_retained_records=18446744073709551615 max_consumed_record_ids=18446744073709551615 max_retained_key_bytes=18446744073709551615
STO_TPCC_CAPACITY phase=load_complete table=stock_9 retained_records=100000 consumed_record_ids=100999 retained_key_bytes=800000 allocated_registry_bytes=7111536 max_retained_records=18446744073709551615 max_consumed_record_ids=18446744073709551615 max_retained_key_bytes=18446744073709551615
STO_TPCC_CAPACITY phase=load_complete table=stock_10 retained_records=100000 consumed_record_ids=100999 retained_key_bytes=800000 allocated_registry_bytes=7111536 max_retained_records=18446744073709551615 max_consumed_record_ids=18446744073709551615 max_retained_key_bytes=18446744073709551615
STO_TPCC_CAPACITY phase=load_complete table=stock_11 retained_records=100000 consumed_record_ids=100999 retained_key_bytes=800000 allocated_registry_bytes=7111536 max_retained_records=18446744073709551615 max_consumed_record_ids=18446744073709551615 max_retained_key_bytes=18446744073709551615
STO_TPCC_CAPACITY phase=load_complete table=stock_12 retained_records=100000 consumed_record_ids=100999 retained_key_bytes=800000 allocated_registry_bytes=7111536 max_retained_records=18446744073709551615 max_consumed_record_ids=18446744073709551615 max_retained_key_bytes=18446744073709551615
STO_TPCC_CAPACITY phase=load_complete table=stock_13 retained_records=100000 consumed_record_ids=100999 retained_key_bytes=800000 allocated_registry_bytes=7111536 max_retained_records=18446744073709551615 max_consumed_record_ids=18446744073709551615 max_retained_key_bytes=18446744073709551615
STO_TPCC_CAPACITY phase=load_complete table=stock_14 retained_records=100000 consumed_record_ids=100999 retained_key_bytes=800000 allocated_registry_bytes=7111536 max_retained_records=18446744073709551615 max_consumed_record_ids=18446744073709551615 max_retained_key_bytes=18446744073709551615
STO_TPCC_CAPACITY phase=load_complete table=stock_15 retained_records=100000 consumed_record_ids=100999 retained_key_bytes=800000 allocated_registry_bytes=7111536 max_retained_records=18446744073709551615 max_consumed_record_ids=18446744073709551615 max_retained_key_bytes=18446744073709551615
STO_TPCC_CAPACITY phase=load_complete table=stock_data_0 retained_records=100000 consumed_record_ids=100999 retained_key_bytes=800000 allocated_registry_bytes=7111536 max_retained_records=18446744073709551615 max_consumed_record_ids=18446744073709551615 max_retained_key_bytes=18446744073709551615
STO_TPCC_CAPACITY phase=load_complete table=stock_data_1 retained_records=100000 consumed_record_ids=100999 retained_key_bytes=800000 allocated_registry_bytes=7111536 max_retained_records=18446744073709551615 max_consumed_record_ids=18446744073709551615 max_retained_key_bytes=18446744073709551615
STO_TPCC_CAPACITY phase=load_complete table=stock_data_2 retained_records=100000 consumed_record_ids=100999 retained_key_bytes=800000 allocated_registry_bytes=7111536 max_retained_records=18446744073709551615 max_consumed_record_ids=18446744073709551615 max_retained_key_bytes=18446744073709551615
STO_TPCC_CAPACITY phase=load_complete table=stock_data_3 retained_records=100000 consumed_record_ids=100999 retained_key_bytes=800000 allocated_registry_bytes=7111536 max_retained_records=18446744073709551615 max_consumed_record_ids=18446744073709551615 max_retained_key_bytes=18446744073709551615
STO_TPCC_CAPACITY phase=load_complete table=stock_data_4 retained_records=100000 consumed_record_ids=100999 retained_key_bytes=800000 allocated_registry_bytes=7111536 max_retained_records=18446744073709551615 max_consumed_record_ids=18446744073709551615 max_retained_key_bytes=18446744073709551615
STO_TPCC_CAPACITY phase=load_complete table=stock_data_5 retained_records=100000 consumed_record_ids=100999 retained_key_bytes=800000 allocated_registry_bytes=7111536 max_retained_records=18446744073709551615 max_consumed_record_ids=18446744073709551615 max_retained_key_bytes=18446744073709551615
STO_TPCC_CAPACITY phase=load_complete table=stock_data_6 retained_records=100000 consumed_record_ids=100999 retained_key_bytes=800000 allocated_registry_bytes=7111536 max_retained_records=18446744073709551615 max_consumed_record_ids=18446744073709551615 max_retained_key_bytes=18446744073709551615
STO_TPCC_CAPACITY phase=load_complete table=stock_data_7 retained_records=100000 consumed_record_ids=100999 retained_key_bytes=800000 allocated_registry_bytes=7111536 max_retained_records=18446744073709551615 max_consumed_record_ids=18446744073709551615 max_retained_key_bytes=18446744073709551615
STO_TPCC_CAPACITY phase=load_complete table=stock_data_8 retained_records=100000 consumed_record_ids=100999 retained_key_bytes=800000 allocated_registry_bytes=7111536 max_retained_records=18446744073709551615 max_consumed_record_ids=18446744073709551615 max_retained_key_bytes=18446744073709551615
STO_TPCC_CAPACITY phase=load_complete table=stock_data_9 retained_records=100000 consumed_record_ids=100999 retained_key_bytes=800000 allocated_registry_bytes=7111536 max_retained_records=18446744073709551615 max_consumed_record_ids=18446744073709551615 max_retained_key_bytes=18446744073709551615
STO_TPCC_CAPACITY phase=load_complete table=stock_data_10 retained_records=100000 consumed_record_ids=100999 retained_key_bytes=800000 allocated_registry_bytes=7111536 max_retained_records=18446744073709551615 max_consumed_record_ids=18446744073709551615 max_retained_key_bytes=18446744073709551615
STO_TPCC_CAPACITY phase=load_complete table=stock_data_11 retained_records=100000 consumed_record_ids=100999 retained_key_bytes=800000 allocated_registry_bytes=7111536 max_retained_records=18446744073709551615 max_consumed_record_ids=18446744073709551615 max_retained_key_bytes=18446744073709551615
STO_TPCC_CAPACITY phase=load_complete table=stock_data_12 retained_records=100000 consumed_record_ids=100999 retained_key_bytes=800000 allocated_registry_bytes=7111536 max_retained_records=18446744073709551615 max_consumed_record_ids=18446744073709551615 max_retained_key_bytes=18446744073709551615
STO_TPCC_CAPACITY phase=load_complete table=stock_data_13 retained_records=100000 consumed_record_ids=100999 retained_key_bytes=800000 allocated_registry_bytes=7111536 max_retained_records=18446744073709551615 max_consumed_record_ids=18446744073709551615 max_retained_key_bytes=18446744073709551615
STO_TPCC_CAPACITY phase=load_complete table=stock_data_14 retained_records=100000 consumed_record_ids=100999 retained_key_bytes=800000 allocated_registry_bytes=7111536 max_retained_records=18446744073709551615 max_consumed_record_ids=18446744073709551615 max_retained_key_bytes=18446744073709551615
STO_TPCC_CAPACITY phase=load_complete table=stock_data_15 retained_records=100000 consumed_record_ids=100999 retained_key_bytes=800000 allocated_registry_bytes=7111536 max_retained_records=18446744073709551615 max_consumed_record_ids=18446744073709551615 max_retained_key_bytes=18446744073709551615
STO_TPCC_CAPACITY phase=load_complete table=warehouse_0 retained_records=1 consumed_record_ids=1 retained_key_bytes=4 allocated_registry_bytes=205424 max_retained_records=18446744073709551615 max_consumed_record_ids=18446744073709551615 max_retained_key_bytes=18446744073709551615
STO_TPCC_CAPACITY phase=load_complete table=warehouse_1 retained_records=1 consumed_record_ids=1 retained_key_bytes=4 allocated_registry_bytes=205424 max_retained_records=18446744073709551615 max_consumed_record_ids=18446744073709551615 max_retained_key_bytes=18446744073709551615
STO_TPCC_CAPACITY phase=load_complete table=warehouse_2 retained_records=1 consumed_record_ids=1 retained_key_bytes=4 allocated_registry_bytes=205424 max_retained_records=18446744073709551615 max_consumed_record_ids=18446744073709551615 max_retained_key_bytes=18446744073709551615
STO_TPCC_CAPACITY phase=load_complete table=warehouse_3 retained_records=1 consumed_record_ids=1 retained_key_bytes=4 allocated_registry_bytes=205424 max_retained_records=18446744073709551615 max_consumed_record_ids=18446744073709551615 max_retained_key_bytes=18446744073709551615
STO_TPCC_CAPACITY phase=load_complete table=warehouse_4 retained_records=1 consumed_record_ids=1 retained_key_bytes=4 allocated_registry_bytes=205424 max_retained_records=18446744073709551615 max_consumed_record_ids=18446744073709551615 max_retained_key_bytes=18446744073709551615
STO_TPCC_CAPACITY phase=load_complete table=warehouse_5 retained_records=1 consumed_record_ids=1 retained_key_bytes=4 allocated_registry_bytes=205424 max_retained_records=18446744073709551615 max_consumed_record_ids=18446744073709551615 max_retained_key_bytes=18446744073709551615
STO_TPCC_CAPACITY phase=load_complete table=warehouse_6 retained_records=1 consumed_record_ids=1 retained_key_bytes=4 allocated_registry_bytes=205424 max_retained_records=18446744073709551615 max_consumed_record_ids=18446744073709551615 max_retained_key_bytes=18446744073709551615
STO_TPCC_CAPACITY phase=load_complete table=warehouse_7 retained_records=1 consumed_record_ids=1 retained_key_bytes=4 allocated_registry_bytes=205424 max_retained_records=18446744073709551615 max_consumed_record_ids=18446744073709551615 max_retained_key_bytes=18446744073709551615
STO_TPCC_CAPACITY phase=load_complete table=warehouse_8 retained_records=1 consumed_record_ids=1 retained_key_bytes=4 allocated_registry_bytes=205424 max_retained_records=18446744073709551615 max_consumed_record_ids=18446744073709551615 max_retained_key_bytes=18446744073709551615
STO_TPCC_CAPACITY phase=load_complete table=warehouse_9 retained_records=1 consumed_record_ids=1 retained_key_bytes=4 allocated_registry_bytes=205424 max_retained_records=18446744073709551615 max_consumed_record_ids=18446744073709551615 max_retained_key_bytes=18446744073709551615
STO_TPCC_CAPACITY phase=load_complete table=warehouse_10 retained_records=1 consumed_record_ids=1 retained_key_bytes=4 allocated_registry_bytes=205424 max_retained_records=18446744073709551615 max_consumed_record_ids=18446744073709551615 max_retained_key_bytes=18446744073709551615
STO_TPCC_CAPACITY phase=load_complete table=warehouse_11 retained_records=1 consumed_record_ids=1 retained_key_bytes=4 allocated_registry_bytes=205424 max_retained_records=18446744073709551615 max_consumed_record_ids=18446744073709551615 max_retained_key_bytes=18446744073709551615
STO_TPCC_CAPACITY phase=load_complete table=warehouse_12 retained_records=1 consumed_record_ids=1 retained_key_bytes=4 allocated_registry_bytes=205424 max_retained_records=18446744073709551615 max_consumed_record_ids=18446744073709551615 max_retained_key_bytes=18446744073709551615
STO_TPCC_CAPACITY phase=load_complete table=warehouse_13 retained_records=1 consumed_record_ids=1 retained_key_bytes=4 allocated_registry_bytes=205424 max_retained_records=18446744073709551615 max_consumed_record_ids=18446744073709551615 max_retained_key_bytes=18446744073709551615
STO_TPCC_CAPACITY phase=load_complete table=warehouse_14 retained_records=1 consumed_record_ids=1 retained_key_bytes=4 allocated_registry_bytes=205424 max_retained_records=18446744073709551615 max_consumed_record_ids=18446744073709551615 max_retained_key_bytes=18446744073709551615
STO_TPCC_CAPACITY phase=load_complete table=warehouse_15 retained_records=1 consumed_record_ids=1 retained_key_bytes=4 allocated_registry_bytes=205424 max_retained_records=18446744073709551615 max_consumed_record_ids=18446744073709551615 max_retained_key_bytes=18446744073709551615
STO_TPCC_CAPACITY phase=load_complete table=item retained_records=100000 consumed_record_ids=100000 retained_key_bytes=400000 allocated_registry_bytes=7039800 max_retained_records=18446744073709551615 max_consumed_record_ids=18446744073709551615 max_retained_key_bytes=18446744073709551615
tpcc: worker id 128 => warehouses [1, 2)
tpcc: worker id 129 => warehouses [2, 3)
tpcc: worker id 130 => warehouses [3, 4)
tpcc: worker id 131 => warehouses [4, 5)
tpcc: worker id 132 => warehouses [5, 6)
tpcc: worker id 133 => warehouses [6, 7)
tpcc: worker id 134 => warehouses [7, 8)
tpcc: worker id 135 => warehouses [8, 9)
tpcc: worker id 136 => warehouses [9, 10)
tpcc: worker id 137 => warehouses [10, 11)
tpcc: worker id 138 => warehouses [11, 12)
tpcc: worker id 139 => warehouses [12, 13)
tpcc: worker id 140 => warehouses [13, 14)
tpcc: worker id 141 => warehouses [14, 15)
tpcc: worker id 142 => warehouses [15, 16)
tpcc: worker id 143 => warehouses [16, 17)
20260909-07:38.49-33184(us) 2383351 * benchmark_thread_init (mbta_wrapper.hh:1811): thread_init: thread_id=6, shard_index=0, getShardIndex=0, loader=0
20260909-07:38.49-33516(us) 2383351 * benchmark_thread_init (mbta_wrapper.hh:1811): thread_init: thread_id=7, shard_index=0, getShardIndex=0, loader=0
20260909-07:38.49-33578(us) 2383351 * benchmark_thread_init (mbta_wrapper.hh:1811): thread_init: thread_id=9, shard_index=0, getShardIndex=0, loader=0
20260909-07:38.49-33654(us) 2383351 * benchmark_thread_init (mbta_wrapper.hh:1811): thread_init: thread_id=8, shard_index=0, getShardIndex=0, loader=0
20260909-07:38.49-33854(us) 2383351 * benchmark_thread_init (mbta_wrapper.hh:1811): thread_init: thread_id=10, shard_index=0, getShardIndex=0, loader=0
20260909-07:38.49-34208(us) 2383351 * benchmark_thread_init (mbta_wrapper.hh:1811): thread_init: thread_id=11, shard_index=0, getShardIndex=0, loader=0
20260909-07:38.49-34304(us) 2383351 * ParseNewFormat  (configuration.cc:102): Using new configuration format
20260909-07:38.49-34386(us) 2383351 * ParseNewFormat  (configuration.cc:162): Loaded 1 sites in 1 shards
20260909-07:38.49-34430(us) 2383351 * ParseNewFormat  (configuration.cc:102): Using new configuration format
20260909-07:38.49-34508(us) 2383351 * ParseNewFormat  (configuration.cc:162): Loaded 1 sites in 1 shards
20260909-07:38.49-34575(us) 2383351 * ParseNewFormat  (configuration.cc:102): Using new configuration format
20260909-07:38.49-34625(us) 2383351 * ParseNewFormat  (configuration.cc:102): Using new configuration format
20260909-07:38.49-34680(us) 2383351 * benchmark_thread_init (mbta_wrapper.hh:1811): thread_init: thread_id=12, shard_index=0, getShardIndex=0, loader=0
20260909-07:38.49-34773(us) 2383351 * ParseNewFormat  (configuration.cc:162): Loaded 1 sites in 1 shards
20260909-07:38.49-34855(us) 2383351 * ParseNewFormat  (configuration.cc:162): Loaded 1 sites in 1 shards
20260909-07:38.49-34975(us) 2383351 * ParseNewFormat  (configuration.cc:102): Using new configuration format
20260909-07:38.49-35019(us) 2383351 * ParseNewFormat  (configuration.cc:102): Using new configuration format
20260909-07:38.49-35067(us) 2383351 * ParseNewFormat  (configuration.cc:162): Loaded 1 sites in 1 shards
20260909-07:38.49-35108(us) 2383351 * ParseNewFormat  (configuration.cc:162): Loaded 1 sites in 1 shards
20260909-07:38.49-35224(us) 2383351 * ParseNewFormat  (configuration.cc:102): Using new configuration format
20260909-07:38.49-35280(us) 2383351 * ParseNewFormat  (configuration.cc:162): Loaded 1 sites in 1 shards
20260909-07:38.49-35387(us) 2383351 * ParseNewFormat  (configuration.cc:102): Using new configuration format
20260909-07:38.49-35432(us) 2383351 * ParseNewFormat  (configuration.cc:162): Loaded 1 sites in 1 shards
20260909-07:38.49-35467(us) 2383351 * ParseNewFormat  (configuration.cc:102): Using new configuration format
20260909-07:38.49-35552(us) 2383351 * ParseNewFormat  (configuration.cc:102): Using new configuration format
20260909-07:38.49-35613(us) 2383351 * Initialize      (srpc_rpc_backend.cc:66): SrpcRpcBackend::Initialize: poll_thread_worker_ created, is_some=1
20260909-07:38.49-35664(us) 2383351 * Initialize      (srpc_rpc_backend.cc:66): SrpcRpcBackend::Initialize: poll_thread_worker_ created, is_some=1
20260909-07:38.49-35733(us) 2383351 * benchmark_thread_init (mbta_wrapper.hh:1811): thread_init: thread_id=14, shard_index=0, getShardIndex=0, loader=0
20260909-07:38.49-35784(us) 2383351 * Initialize      (srpc_rpc_backend.cc:97): SrpcRpcBackend initialized on 127.0.0.1:31000 (listening on 0.0.0.0:31000)
20260909-07:38.49-35811(us) 2383351 * FastTransport   (fasttransport.cc:147): FastTransport initialized with srpc/rpc backend on 127.0.0.1:31000
20260909-07:38.49-35889(us) 2383351 * benchmark_thread_init (mbta_wrapper.hh:1811): thread_init: thread_id=13, shard_index=0, getShardIndex=0, loader=0
20260909-07:38.49-35951(us) 2383351 * ParseNewFormat  (configuration.cc:162): Loaded 1 sites in 1 shards
20260909-07:38.49-36005(us) 2383351 * Initialize      (srpc_rpc_backend.cc:97): SrpcRpcBackend initialized on 127.0.0.1:31001 (listening on 0.0.0.0:31001)
20260909-07:38.49-36042(us) 2383351 * FastTransport   (fasttransport.cc:147): FastTransport initialized with srpc/rpc backend on 127.0.0.1:31001
20260909-07:38.49-36083(us) 2383351 * ParseNewFormat  (configuration.cc:102): Using new configuration format
20260909-07:38.49-36148(us) 2383351 * ParseNewFormat  (configuration.cc:162): Loaded 1 sites in 1 shards
20260909-07:38.49-36234(us) 2383351 * benchmark_thread_init (mbta_wrapper.hh:1811): thread_init: thread_id=15, shard_index=0, getShardIndex=0, loader=0
20260909-07:38.49-36308(us) 2383351 * ParseNewFormat  (configuration.cc:162): Loaded 1 sites in 1 shards
20260909-07:38.49-36375(us) 2383351 * Initialize      (srpc_rpc_backend.cc:66): SrpcRpcBackend::Initialize: poll_thread_worker_ created, is_some=1
20260909-07:38.49-36418(us) 2383351 * ParseNewFormat  (configuration.cc:102): Using new configuration format
20260909-07:38.49-36458(us) 2383351 * ParseNewFormat  (configuration.cc:102): Using new configuration format
20260909-07:38.49-36505(us) 2383351 * Initialize      (srpc_rpc_backend.cc:66): SrpcRpcBackend::Initialize: poll_thread_worker_ created, is_some=1
20260909-07:38.49-36539(us) 2383351 * ParseNewFormat  (configuration.cc:102): Using new configuration format
20260909-07:38.49-36580(us) 2383351 * benchmark_thread_init (mbta_wrapper.hh:1811): thread_init: thread_id=17, shard_index=0, getShardIndex=0, loader=0
20260909-07:38.49-36619(us) 2383351 * Initialize      (srpc_rpc_backend.cc:97): SrpcRpcBackend initialized on 127.0.0.1:31002 (listening on 0.0.0.0:31002)
20260909-07:38.49-36646(us) 2383351 * FastTransport   (fasttransport.cc:147): FastTransport initialized with srpc/rpc backend on 127.0.0.1:31002
20260909-07:38.49-36669(us) 2383351 * Initialize      (srpc_rpc_backend.cc:97): SrpcRpcBackend initialized on 127.0.0.1:31003 (listening on 0.0.0.0:31003)
20260909-07:38.49-36699(us) 2383351 * FastTransport   (fasttransport.cc:147): FastTransport initialized with srpc/rpc backend on 127.0.0.1:31003
20260909-07:38.49-36735(us) 2383351 * benchmark_thread_init (mbta_wrapper.hh:1811): thread_init: thread_id=16, shard_index=0, getShardIndex=0, loader=0
20260909-07:38.49-36903(us) 2383351 * ParseNewFormat  (configuration.cc:102): Using new configuration format
20260909-07:38.49-36965(us) 2383351 * ParseNewFormat  (configuration.cc:102): Using new configuration format
20260909-07:38.49-37020(us) 2383351 * ParseNewFormat  (configuration.cc:162): Loaded 1 sites in 1 shards
20260909-07:38.49-37058(us) 2383351 * ParseNewFormat  (configuration.cc:102): Using new configuration format
20260909-07:38.49-37107(us) 2383351 * ParseNewFormat  (configuration.cc:162): Loaded 1 sites in 1 shards
20260909-07:38.49-37170(us) 2383351 * ParseNewFormat  (configuration.cc:102): Using new configuration format
20260909-07:38.49-37216(us) 2383351 * benchmark_thread_init (mbta_wrapper.hh:1811): thread_init: thread_id=18, shard_index=0, getShardIndex=0, loader=0
20260909-07:38.49-37304(us) 2383351 * ParseNewFormat  (configuration.cc:162): Loaded 1 sites in 1 shards
20260909-07:38.49-37351(us) 2383351 * ParseNewFormat  (configuration.cc:102): Using new configuration format
20260909-07:38.49-37386(us) 2383351 * ParseNewFormat  (configuration.cc:162): Loaded 1 sites in 1 shards
20260909-07:38.49-37410(us) 2383351 * benchmark_thread_init (mbta_wrapper.hh:1811): thread_init: thread_id=19, shard_index=0, getShardIndex=0, loader=0
20260909-07:38.49-37467(us) 2383351 * ParseNewFormat  (configuration.cc:162): Loaded 1 sites in 1 shards
20260909-07:38.49-37524(us) 2383351 * ParseNewFormat  (configuration.cc:162): Loaded 1 sites in 1 shards
20260909-07:38.49-37561(us) 2383351 * ParseNewFormat  (configuration.cc:102): Using new configuration format
20260909-07:38.49-37596(us) 2383351 * ParseNewFormat  (configuration.cc:102): Using new configuration format
20260909-07:38.49-37633(us) 2383351 * ParseNewFormat  (configuration.cc:162): Loaded 1 sites in 1 shards
20260909-07:38.49-37652(us) 2383351 * ParseNewFormat  (configuration.cc:162): Loaded 1 sites in 1 shards
20260909-07:38.49-37680(us) 2383351 * ParseNewFormat  (configuration.cc:162): Loaded 1 sites in 1 shards
20260909-07:38.49-37730(us) 2383351 * ParseNewFormat  (configuration.cc:162): Loaded 1 sites in 1 shards
20260909-07:38.49-37760(us) 2383351 * ParseNewFormat  (configuration.cc:102): Using new configuration format
20260909-07:38.49-37809(us) 2383351 * Initialize      (srpc_rpc_backend.cc:66): SrpcRpcBackend::Initialize: poll_thread_worker_ created, is_some=1
20260909-07:38.49-37865(us) 2383351 * benchmark_thread_init (mbta_wrapper.hh:1811): thread_init: thread_id=20, shard_index=0, getShardIndex=0, loader=0
20260909-07:38.49-37921(us) 2383351 * ParseNewFormat  (configuration.cc:162): Loaded 1 sites in 1 shards
20260909-07:38.49-37988(us) 2383351 * ParseNewFormat  (configuration.cc:102): Using new configuration format
20260909-07:38.49-38032(us) 2383351 * Initialize      (srpc_rpc_backend.cc:97): SrpcRpcBackend initialized on 127.0.0.1:31005 (listening on 0.0.0.0:31005)
20260909-07:38.49-38058(us) 2383351 * ParseNewFormat  (configuration.cc:162): Loaded 1 sites in 1 shards
20260909-07:38.49-38098(us) 2383351 * ParseNewFormat  (configuration.cc:102): Using new configuration format
20260909-07:38.49-38145(us) 2383351 * ParseNewFormat  (configuration.cc:162): Loaded 1 sites in 1 shards
20260909-07:38.49-38177(us) 2383351 * ParseNewFormat  (configuration.cc:102): Using new configuration format
20260909-07:38.49-38217(us) 2383351 * FastTransport   (fasttransport.cc:147): FastTransport initialized with srpc/rpc backend on 127.0.0.1:31005
20260909-07:38.49-38256(us) 2383351 * Initialize      (srpc_rpc_backend.cc:66): SrpcRpcBackend::Initialize: poll_thread_worker_ created, is_some=1
20260909-07:38.49-38283(us) 2383351 * ParseNewFormat  (configuration.cc:102): Using new configuration format
20260909-07:38.49-38343(us) 2383351 * Initialize      (srpc_rpc_backend.cc:66): SrpcRpcBackend::Initialize: poll_thread_worker_ created, is_some=1
20260909-07:38.49-38376(us) 2383351 * Initialize      (srpc_rpc_backend.cc:97): SrpcRpcBackend initialized on 127.0.0.1:31006 (listening on 0.0.0.0:31006)
20260909-07:38.49-38399(us) 2383351 * FastTransport   (fasttransport.cc:147): FastTransport initialized with srpc/rpc backend on 127.0.0.1:31006
20260909-07:38.49-38442(us) 2383351 * benchmark_thread_init (mbta_wrapper.hh:1811): thread_init: thread_id=21, shard_index=0, getShardIndex=0, loader=0
20260909-07:38.49-38471(us) 2383351 * ParseNewFormat  (configuration.cc:162): Loaded 1 sites in 1 shards
20260909-07:38.49-38517(us) 2383351 * ParseNewFormat  (configuration.cc:162): Loaded 1 sites in 1 shards
20260909-07:38.49-38566(us) 2383351 * ParseNewFormat  (configuration.cc:102): Using new configuration format
20260909-07:38.49-38619(us) 2383351 * Initialize      (srpc_rpc_backend.cc:97): SrpcRpcBackend initialized on 127.0.0.1:31004 (listening on 0.0.0.0:31004)
20260909-07:38.49-38646(us) 2383351 * ParseNewFormat  (configuration.cc:162): Loaded 1 sites in 1 shards
20260909-07:38.49-38678(us) 2383351 * ParseNewFormat  (configuration.cc:102): Using new configuration format
20260909-07:38.49-38713(us) 2383351 * ParseNewFormat  (configuration.cc:102): Using new configuration format
20260909-07:38.49-38742(us) 2383351 * FastTransport   (fasttransport.cc:147): FastTransport initialized with srpc/rpc backend on 127.0.0.1:31004
20260909-07:38.49-38773(us) 2383351 * ParseNewFormat  (configuration.cc:102): Using new configuration format
20260909-07:38.49-38809(us) 2383351 * ParseNewFormat  (configuration.cc:102): Using new configuration format
20260909-07:38.49-38852(us) 2383351 * ParseNewFormat  (configuration.cc:162): Loaded 1 sites in 1 shards
20260909-07:38.49-38880(us) 2383351 * ParseNewFormat  (configuration.cc:162): Loaded 1 sites in 1 shards
20260909-07:38.49-38908(us) 2383351 * ParseNewFormat  (configuration.cc:162): Loaded 1 sites in 1 shards
20260909-07:38.49-39106(us) 2383351 * ParseNewFormat  (configuration.cc:102): Using new configuration format
20260909-07:38.49-39139(us) 2383351 * ParseNewFormat  (configuration.cc:102): Using new configuration format
20260909-07:38.49-39172(us) 2383351 * ParseNewFormat  (configuration.cc:102): Using new configuration format
20260909-07:38.49-39208(us) 2383351 * ParseNewFormat  (configuration.cc:102): Using new configuration format
20260909-07:38.49-39234(us) 2383351 * ParseNewFormat  (configuration.cc:162): Loaded 1 sites in 1 shards
20260909-07:38.49-39263(us) 2383351 * ParseNewFormat  (configuration.cc:162): Loaded 1 sites in 1 shards
20260909-07:38.49-39297(us) 2383351 * ParseNewFormat  (configuration.cc:162): Loaded 1 sites in 1 shards
20260909-07:38.49-39337(us) 2383351 * ParseNewFormat  (configuration.cc:162): Loaded 1 sites in 1 shards
20260909-07:38.49-39371(us) 2383351 * ParseNewFormat  (configuration.cc:162): Loaded 1 sites in 1 shards
20260909-07:38.49-39544(us) 2383351 * ParseNewFormat  (configuration.cc:102): Using new configuration format
20260909-07:38.49-39576(us) 2383351 * ParseNewFormat  (configuration.cc:162): Loaded 1 sites in 1 shards
20260909-07:38.49-40116(us) 2383351 * ParseNewFormat  (configuration.cc:102): Using new configuration format
20260909-07:38.49-40149(us) 2383351 * ParseNewFormat  (configuration.cc:162): Loaded 1 sites in 1 shards
20260909-07:38.49-58040(us) 2383351 * Initialize      (srpc_rpc_backend.cc:66): SrpcRpcBackend::Initialize: poll_thread_worker_ created, is_some=1
20260909-07:38.49-58105(us) 2383351 * Initialize      (srpc_rpc_backend.cc:97): SrpcRpcBackend initialized on 127.0.0.1:31008 (listening on 0.0.0.0:31008)
20260909-07:38.49-58120(us) 2383351 * FastTransport   (fasttransport.cc:147): FastTransport initialized with srpc/rpc backend on 127.0.0.1:31008
20260909-07:38.49-58153(us) 2383351 * Initialize      (srpc_rpc_backend.cc:66): SrpcRpcBackend::Initialize: poll_thread_worker_ created, is_some=1
20260909-07:38.49-58222(us) 2383351 * Initialize      (srpc_rpc_backend.cc:97): SrpcRpcBackend initialized on 127.0.0.1:31007 (listening on 0.0.0.0:31007)
20260909-07:38.49-58241(us) 2383351 * FastTransport   (fasttransport.cc:147): FastTransport initialized with srpc/rpc backend on 127.0.0.1:31007
20260909-07:38.49-58259(us) 2383351 * Initialize      (srpc_rpc_backend.cc:66): SrpcRpcBackend::Initialize: poll_thread_worker_ created, is_some=1
20260909-07:38.49-58362(us) 2383351 * Initialize      (srpc_rpc_backend.cc:97): SrpcRpcBackend initialized on 127.0.0.1:31009 (listening on 0.0.0.0:31009)
20260909-07:38.49-58382(us) 2383351 * FastTransport   (fasttransport.cc:147): FastTransport initialized with srpc/rpc backend on 127.0.0.1:31009
20260909-07:38.49-58492(us) 2383351 * Initialize      (srpc_rpc_backend.cc:66): SrpcRpcBackend::Initialize: poll_thread_worker_ created, is_some=1
20260909-07:38.49-58641(us) 2383351 * Initialize      (srpc_rpc_backend.cc:66): SrpcRpcBackend::Initialize: poll_thread_worker_ created, is_some=1
20260909-07:38.49-58689(us) 2383351 * ParseNewFormat  (configuration.cc:102): Using new configuration format
20260909-07:38.49-58743(us) 2383351 * ParseNewFormat  (configuration.cc:102): Using new configuration format
20260909-07:38.49-58771(us) 2383351 * Initialize      (srpc_rpc_backend.cc:97): SrpcRpcBackend initialized on 127.0.0.1:31012 (listening on 0.0.0.0:31012)
20260909-07:38.49-58802(us) 2383351 * FastTransport   (fasttransport.cc:147): FastTransport initialized with srpc/rpc backend on 127.0.0.1:31012
20260909-07:38.49-58872(us) 2383351 * ParseNewFormat  (configuration.cc:102): Using new configuration format
20260909-07:38.49-59166(us) 2383351 * Initialize      (srpc_rpc_backend.cc:66): SrpcRpcBackend::Initialize: poll_thread_worker_ created, is_some=1
20260909-07:38.49-59205(us) 2383351 * ParseNewFormat  (configuration.cc:162): Loaded 1 sites in 1 shards
20260909-07:38.49-59246(us) 2383351 * Initialize      (srpc_rpc_backend.cc:97): SrpcRpcBackend initialized on 127.0.0.1:31011 (listening on 0.0.0.0:31011)
20260909-07:38.49-59294(us) 2383351 * FastTransport   (fasttransport.cc:147): FastTransport initialized with srpc/rpc backend on 127.0.0.1:31011
20260909-07:38.49-59326(us) 2383351 * ParseNewFormat  (configuration.cc:162): Loaded 1 sites in 1 shards
20260909-07:38.49-59518(us) 2383351 * Initialize      (srpc_rpc_backend.cc:66): SrpcRpcBackend::Initialize: poll_thread_worker_ created, is_some=1
20260909-07:38.49-59572(us) 2383351 * ParseNewFormat  (configuration.cc:102): Using new configuration format
20260909-07:38.49-59604(us) 2383351 * Initialize      (srpc_rpc_backend.cc:66): SrpcRpcBackend::Initialize: poll_thread_worker_ created, is_some=1
20260909-07:38.49-59639(us) 2383351 * Initialize      (srpc_rpc_backend.cc:66): SrpcRpcBackend::Initialize: poll_thread_worker_ created, is_some=1
20260909-07:38.49-59746(us) 2383351 * Initialize      (srpc_rpc_backend.cc:97): SrpcRpcBackend initialized on 127.0.0.1:31015 (listening on 0.0.0.0:31015)
20260909-07:38.49-59772(us) 2383351 * FastTransport   (fasttransport.cc:147): FastTransport initialized with srpc/rpc backend on 127.0.0.1:31015
20260909-07:38.49-59850(us) 2383351 * ParseNewFormat  (configuration.cc:162): Loaded 1 sites in 1 shards
20260909-07:38.49-59887(us) 2383351 * Initialize      (srpc_rpc_backend.cc:97): SrpcRpcBackend initialized on 127.0.0.1:31010 (listening on 0.0.0.0:31010)
20260909-07:38.49-59918(us) 2383351 * FastTransport   (fasttransport.cc:147): FastTransport initialized with srpc/rpc backend on 127.0.0.1:31010
20260909-07:38.49-59946(us) 2383351 * Initialize      (srpc_rpc_backend.cc:97): SrpcRpcBackend initialized on 127.0.0.1:31013 (listening on 0.0.0.0:31013)
20260909-07:38.49-59976(us) 2383351 * FastTransport   (fasttransport.cc:147): FastTransport initialized with srpc/rpc backend on 127.0.0.1:31013
20260909-07:38.49-60003(us) 2383351 * ParseNewFormat  (configuration.cc:162): Loaded 1 sites in 1 shards
20260909-07:38.49-60044(us) 2383351 * Initialize      (srpc_rpc_backend.cc:97): SrpcRpcBackend initialized on 127.0.0.1:31014 (listening on 0.0.0.0:31014)
20260909-07:38.49-60076(us) 2383351 * ParseNewFormat  (configuration.cc:102): Using new configuration format
20260909-07:38.49-60122(us) 2383351 * ParseNewFormat  (configuration.cc:102): Using new configuration format
20260909-07:38.49-60163(us) 2383351 * FastTransport   (fasttransport.cc:147): FastTransport initialized with srpc/rpc backend on 127.0.0.1:31014
20260909-07:38.49-60197(us) 2383351 * ParseNewFormat  (configuration.cc:102): Using new configuration format
20260909-07:38.49-60225(us) 2383351 * ParseNewFormat  (configuration.cc:162): Loaded 1 sites in 1 shards
20260909-07:38.49-60476(us) 2383351 * ParseNewFormat  (configuration.cc:102): Using new configuration format
20260909-07:38.49-60512(us) 2383351 * ParseNewFormat  (configuration.cc:162): Loaded 1 sites in 1 shards
20260909-07:38.49-60541(us) 2383351 * ParseNewFormat  (configuration.cc:102): Using new configuration format
20260909-07:38.49-60590(us) 2383351 * ParseNewFormat  (configuration.cc:162): Loaded 1 sites in 1 shards
20260909-07:38.49-60712(us) 2383351 * ParseNewFormat  (configuration.cc:162): Loaded 1 sites in 1 shards
20260909-07:38.49-60746(us) 2383351 * ParseNewFormat  (configuration.cc:162): Loaded 1 sites in 1 shards
20260909-07:38.49-61101(us) 2383351 * ParseNewFormat  (configuration.cc:102): Using new configuration format
20260909-07:38.49-61160(us) 2383351 * ParseNewFormat  (configuration.cc:162): Loaded 1 sites in 1 shards
20260909-07:38.49-61460(us) 2383351 * ParseNewFormat  (configuration.cc:102): Using new configuration format
20260909-07:38.49-61509(us) 2383351 * ParseNewFormat  (configuration.cc:162): Loaded 1 sites in 1 shards
20260909-07:38.49-63847(us) 2383351 ! run             (bench.cc:685):     TPCC_BENCH_MEASURE_START
20260909-07:38.49-63890(us) 2383351 ! run             (bench.cc:693):     start the running time, runTime:10
20260909-07:38.49-63912(us) 2383351 ! run             (bench.cc:705):     runtime time left:10000 ms, bool:1
20260909-07:38.50-71773(us) 2383351 ! run             (bench.cc:705):     runtime time left:9000 ms, bool:1
20260909-07:38.51-78053(us) 2383351 ! run             (bench.cc:705):     runtime time left:8000 ms, bool:1
20260909-07:38.52-87254(us) 2383351 ! run             (bench.cc:705):     runtime time left:7000 ms, bool:1
20260909-07:38.53-97578(us) 2383351 ! run             (bench.cc:705):     runtime time left:6000 ms, bool:1
20260909-07:38.54-107563(us) 2383351 ! run             (bench.cc:705):     runtime time left:5000 ms, bool:1
20260909-07:38.55-116754(us) 2383351 ! run             (bench.cc:705):     runtime time left:4000 ms, bool:1
20260909-07:38.56-129332(us) 2383351 ! run             (bench.cc:705):     runtime time left:3000 ms, bool:1
20260909-07:38.57-137254(us) 2383351 ! run             (bench.cc:705):     runtime time left:2000 ms, bool:1
20260909-07:38.58-149252(us) 2383351 ! run             (bench.cc:705):     runtime time left:1000 ms, bool:1
20260909-07:38.59-158924(us) 2383351 ! run             (bench.cc:718):     runtime_plus:0
[SHUTDOWN] Setting running=false to stop database worker threads
[SHUTDOWN] Calling first stop() to stop client transports
20260909-07:38.59-159001(us) 2383351 ! stop            (bench.cc:514):     stop all rpc clients. set stop=false
20260909-07:38.59-159019(us) 2383351 * PrintStats      (srpc_rpc_backend.cc:686): SrpcRpcBackend request stats: msg_size_req_sent: 0 bytes, counter: 0, avg: 0.000000
20260909-07:38.59-159099(us) 2383351 * PrintStats      (srpc_rpc_backend.cc:686): SrpcRpcBackend request stats: msg_size_req_sent: 0 bytes, counter: 0, avg: 0.000000
20260909-07:38.59-159167(us) 2383351 * PrintStats      (srpc_rpc_backend.cc:686): SrpcRpcBackend request stats: msg_size_req_sent: 0 bytes, counter: 0, avg: 0.000000
20260909-07:38.59-159238(us) 2383351 * PrintStats      (srpc_rpc_backend.cc:686): SrpcRpcBackend request stats: msg_size_req_sent: 0 bytes, counter: 0, avg: 0.000000
20260909-07:38.59-159292(us) 2383351 * PrintStats      (srpc_rpc_backend.cc:686): SrpcRpcBackend request stats: msg_size_req_sent: 0 bytes, counter: 0, avg: 0.000000
20260909-07:38.59-159336(us) 2383351 * PrintStats      (srpc_rpc_backend.cc:686): SrpcRpcBackend request stats: msg_size_req_sent: 0 bytes, counter: 0, avg: 0.000000
20260909-07:38.59-159421(us) 2383351 * PrintStats      (srpc_rpc_backend.cc:686): SrpcRpcBackend request stats: msg_size_req_sent: 0 bytes, counter: 0, avg: 0.000000
20260909-07:38.59-159479(us) 2383351 * PrintStats      (srpc_rpc_backend.cc:686): SrpcRpcBackend request stats: msg_size_req_sent: 0 bytes, counter: 0, avg: 0.000000
20260909-07:38.59-159531(us) 2383351 * PrintStats      (srpc_rpc_backend.cc:686): SrpcRpcBackend request stats: msg_size_req_sent: 0 bytes, counter: 0, avg: 0.000000
20260909-07:38.59-159588(us) 2383351 * Stop            (srpc_rpc_backend.cc:593): SrpcRpcBackend::Stop: BEGIN - Setting stop flag
20260909-07:38.59-159619(us) 2383351 * Stop            (srpc_rpc_backend.cc:596): SrpcRpcBackend::Stop: Waiting for event loop to exit...
20260909-07:38.59-159636(us) 2383351 * Stop            (srpc_rpc_backend.cc:612): SrpcRpcBackend::Stop: Event loop exited successfully
20260909-07:38.59-159651(us) 2383351 * Stop            (srpc_rpc_backend.cc:616): SrpcRpcBackend::Stop: Signaling 0 request queues to stop
20260909-07:38.59-159672(us) 2383351 * Stop            (srpc_rpc_backend.cc:624): SrpcRpcBackend::Stop: Signaling 0 response queues to stop
20260909-07:38.59-159688(us) 2383351 * Stop            (srpc_rpc_backend.cc:635): SrpcRpcBackend::Stop: Server cleanup deferred to destructor
20260909-07:38.59-159704(us) 2383351 * Stop            (srpc_rpc_backend.cc:638): SrpcRpcBackend::Stop: Closing client connections
20260909-07:38.59-159721(us) 2383351 * Stop            (srpc_rpc_backend.cc:642): SrpcRpcBackend::Stop: Found 0 client connections to close
20260909-07:38.59-159736(us) 2383351 * Stop            (srpc_rpc_backend.cc:662): SrpcRpcBackend::Stop: Closed 0 client connections
20260909-07:38.59-159751(us) 2383351 * Stop            (srpc_rpc_backend.cc:675): SrpcRpcBackend stats: msg_size_resp_sent: 0 bytes, counter: 0, avg: 0.000000
20260909-07:38.59-159767(us) 2383351 * Stop            (srpc_rpc_backend.cc:676): SrpcRpcBackend::Stop: END
20260909-07:38.59-159788(us) 2383351 * Stop            (srpc_rpc_backend.cc:593): SrpcRpcBackend::Stop: BEGIN - Setting stop flag
20260909-07:38.59-159805(us) 2383351 * Stop            (srpc_rpc_backend.cc:596): SrpcRpcBackend::Stop: Waiting for event loop to exit...
20260909-07:38.59-159824(us) 2383351 * Stop            (srpc_rpc_backend.cc:612): SrpcRpcBackend::Stop: Event loop exited successfully
20260909-07:38.59-159852(us) 2383351 * Stop            (srpc_rpc_backend.cc:616): SrpcRpcBackend::Stop: Signaling 0 request queues to stop
20260909-07:38.59-159868(us) 2383351 * Stop            (srpc_rpc_backend.cc:624): SrpcRpcBackend::Stop: Signaling 0 response queues to stop
20260909-07:38.59-159886(us) 2383351 * Stop            (srpc_rpc_backend.cc:635): SrpcRpcBackend::Stop: Server cleanup deferred to destructor
20260909-07:38.59-159903(us) 2383351 * Stop            (srpc_rpc_backend.cc:638): SrpcRpcBackend::Stop: Closing client connections
20260909-07:38.59-159921(us) 2383351 * Stop            (srpc_rpc_backend.cc:642): SrpcRpcBackend::Stop: Found 0 client connections to close
20260909-07:38.59-159942(us) 2383351 * Stop            (srpc_rpc_backend.cc:662): SrpcRpcBackend::Stop: Closed 0 client connections
20260909-07:38.59-159958(us) 2383351 * Stop            (srpc_rpc_backend.cc:675): SrpcRpcBackend stats: msg_size_resp_sent: 0 bytes, counter: 0, avg: 0.000000
20260909-07:38.59-159974(us) 2383351 * Stop            (srpc_rpc_backend.cc:676): SrpcRpcBackend::Stop: END
20260909-07:38.59-159990(us) 2383351 * Stop            (srpc_rpc_backend.cc:593): SrpcRpcBackend::Stop: BEGIN - Setting stop flag
20260909-07:38.59-160006(us) 2383351 * Stop            (srpc_rpc_backend.cc:596): SrpcRpcBackend::Stop: Waiting for event loop to exit...
20260909-07:38.59-160021(us) 2383351 * Stop            (srpc_rpc_backend.cc:612): SrpcRpcBackend::Stop: Event loop exited successfully
20260909-07:38.59-160036(us) 2383351 * Stop            (srpc_rpc_backend.cc:616): SrpcRpcBackend::Stop: Signaling 0 request queues to stop
20260909-07:38.59-160053(us) 2383351 * Stop            (srpc_rpc_backend.cc:624): SrpcRpcBackend::Stop: Signaling 0 response queues to stop
20260909-07:38.59-160067(us) 2383351 * Stop            (srpc_rpc_backend.cc:635): SrpcRpcBackend::Stop: Server cleanup deferred to destructor
20260909-07:38.59-160083(us) 2383351 * Stop            (srpc_rpc_backend.cc:638): SrpcRpcBackend::Stop: Closing client connections
20260909-07:38.59-160099(us) 2383351 * Stop            (srpc_rpc_backend.cc:642): SrpcRpcBackend::Stop: Found 0 client connections to close
20260909-07:38.59-160114(us) 2383351 * Stop            (srpc_rpc_backend.cc:662): SrpcRpcBackend::Stop: Closed 0 client connections
20260909-07:38.59-160133(us) 2383351 * Stop            (srpc_rpc_backend.cc:675): SrpcRpcBackend stats: msg_size_resp_sent: 0 bytes, counter: 0, avg: 0.000000
20260909-07:38.59-160150(us) 2383351 * Stop            (srpc_rpc_backend.cc:676): SrpcRpcBackend::Stop: END
20260909-07:38.59-160166(us) 2383351 * Stop            (srpc_rpc_backend.cc:593): SrpcRpcBackend::Stop: BEGIN - Setting stop flag
20260909-07:38.59-160182(us) 2383351 * Stop            (srpc_rpc_backend.cc:596): SrpcRpcBackend::Stop: Waiting for event loop to exit...
20260909-07:38.59-160198(us) 2383351 * Stop            (srpc_rpc_backend.cc:612): SrpcRpcBackend::Stop: Event loop exited successfully
20260909-07:38.59-160213(us) 2383351 * Stop            (srpc_rpc_backend.cc:616): SrpcRpcBackend::Stop: Signaling 0 request queues to stop
20260909-07:38.59-160229(us) 2383351 * Stop            (srpc_rpc_backend.cc:624): SrpcRpcBackend::Stop: Signaling 0 response queues to stop
20260909-07:38.59-160246(us) 2383351 * Stop            (srpc_rpc_backend.cc:635): SrpcRpcBackend::Stop: Server cleanup deferred to destructor
20260909-07:38.59-160262(us) 2383351 * Stop            (srpc_rpc_backend.cc:638): SrpcRpcBackend::Stop: Closing client connections
20260909-07:38.59-160277(us) 2383351 * Stop            (srpc_rpc_backend.cc:642): SrpcRpcBackend::Stop: Found 0 client connections to close
20260909-07:38.59-160298(us) 2383351 * Stop            (srpc_rpc_backend.cc:662): SrpcRpcBackend::Stop: Closed 0 client connections
20260909-07:38.59-160314(us) 2383351 * Stop            (srpc_rpc_backend.cc:675): SrpcRpcBackend stats: msg_size_resp_sent: 0 bytes, counter: 0, avg: 0.000000
20260909-07:38.59-160331(us) 2383351 * Stop            (srpc_rpc_backend.cc:676): SrpcRpcBackend::Stop: END
20260909-07:38.59-160347(us) 2383351 * Stop            (srpc_rpc_backend.cc:593): SrpcRpcBackend::Stop: BEGIN - Setting stop flag
20260909-07:38.59-160362(us) 2383351 * Stop            (srpc_rpc_backend.cc:596): SrpcRpcBackend::Stop: Waiting for event loop to exit...
20260909-07:38.59-160378(us) 2383351 * Stop            (srpc_rpc_backend.cc:612): SrpcRpcBackend::Stop: Event loop exited successfully
20260909-07:38.59-160394(us) 2383351 * Stop            (srpc_rpc_backend.cc:616): SrpcRpcBackend::Stop: Signaling 0 request queues to stop
20260909-07:38.59-160412(us) 2383351 * Stop            (srpc_rpc_backend.cc:624): SrpcRpcBackend::Stop: Signaling 0 response queues to stop
20260909-07:38.59-160428(us) 2383351 * Stop            (srpc_rpc_backend.cc:635): SrpcRpcBackend::Stop: Server cleanup deferred to destructor
20260909-07:38.59-160444(us) 2383351 * Stop            (srpc_rpc_backend.cc:638): SrpcRpcBackend::Stop: Closing client connections
20260909-07:38.59-160459(us) 2383351 * Stop            (srpc_rpc_backend.cc:642): SrpcRpcBackend::Stop: Found 0 client connections to close
20260909-07:38.59-160476(us) 2383351 * Stop            (srpc_rpc_backend.cc:662): SrpcRpcBackend::Stop: Closed 0 client connections
20260909-07:38.59-160490(us) 2383351 * Stop            (srpc_rpc_backend.cc:675): SrpcRpcBackend stats: msg_size_resp_sent: 0 bytes, counter: 0, avg: 0.000000
20260909-07:38.59-160510(us) 2383351 * Stop            (srpc_rpc_backend.cc:676): SrpcRpcBackend::Stop: END
20260909-07:38.59-160527(us) 2383351 * Stop            (srpc_rpc_backend.cc:593): SrpcRpcBackend::Stop: BEGIN - Setting stop flag
20260909-07:38.59-160543(us) 2383351 * Stop            (srpc_rpc_backend.cc:596): SrpcRpcBackend::Stop: Waiting for event loop to exit...
20260909-07:38.59-160559(us) 2383351 * Stop            (srpc_rpc_backend.cc:612): SrpcRpcBackend::Stop: Event loop exited successfully
20260909-07:38.59-160574(us) 2383351 * Stop            (srpc_rpc_backend.cc:616): SrpcRpcBackend::Stop: Signaling 0 request queues to stop
20260909-07:38.59-160592(us) 2383351 * Stop            (srpc_rpc_backend.cc:624): SrpcRpcBackend::Stop: Signaling 0 response queues to stop
20260909-07:38.59-160608(us) 2383351 * Stop            (srpc_rpc_backend.cc:635): SrpcRpcBackend::Stop: Server cleanup deferred to destructor
20260909-07:38.59-160623(us) 2383351 * Stop            (srpc_rpc_backend.cc:638): SrpcRpcBackend::Stop: Closing client connections
20260909-07:38.59-160639(us) 2383351 * Stop            (srpc_rpc_backend.cc:642): SrpcRpcBackend::Stop: Found 0 client connections to close
20260909-07:38.59-160655(us) 2383351 * Stop            (srpc_rpc_backend.cc:662): SrpcRpcBackend::Stop: Closed 0 client connections
20260909-07:38.59-160671(us) 2383351 * Stop            (srpc_rpc_backend.cc:675): SrpcRpcBackend stats: msg_size_resp_sent: 0 bytes, counter: 0, avg: 0.000000
20260909-07:38.59-160687(us) 2383351 * Stop            (srpc_rpc_backend.cc:676): SrpcRpcBackend::Stop: END
20260909-07:38.59-160704(us) 2383351 * Stop            (srpc_rpc_backend.cc:593): SrpcRpcBackend::Stop: BEGIN - Setting stop flag
20260909-07:38.59-160719(us) 2383351 * Stop            (srpc_rpc_backend.cc:596): SrpcRpcBackend::Stop: Waiting for event loop to exit...
20260909-07:38.59-160734(us) 2383351 * Stop            (srpc_rpc_backend.cc:612): SrpcRpcBackend::Stop: Event loop exited successfully
20260909-07:38.59-160750(us) 2383351 * Stop            (srpc_rpc_backend.cc:616): SrpcRpcBackend::Stop: Signaling 0 request queues to stop
20260909-07:38.59-160765(us) 2383351 * Stop            (srpc_rpc_backend.cc:624): SrpcRpcBackend::Stop: Signaling 0 response queues to stop
20260909-07:38.59-160785(us) 2383351 * Stop            (srpc_rpc_backend.cc:635): SrpcRpcBackend::Stop: Server cleanup deferred to destructor
20260909-07:38.59-160799(us) 2383351 * Stop            (srpc_rpc_backend.cc:638): SrpcRpcBackend::Stop: Closing client connections
20260909-07:38.59-160814(us) 2383351 * Stop            (srpc_rpc_backend.cc:642): SrpcRpcBackend::Stop: Found 0 client connections to close
20260909-07:38.59-160836(us) 2383351 * Stop            (srpc_rpc_backend.cc:662): SrpcRpcBackend::Stop: Closed 0 client connections
20260909-07:38.59-160852(us) 2383351 * Stop            (srpc_rpc_backend.cc:675): SrpcRpcBackend stats: msg_size_resp_sent: 0 bytes, counter: 0, avg: 0.000000
20260909-07:38.59-160868(us) 2383351 * Stop            (srpc_rpc_backend.cc:676): SrpcRpcBackend::Stop: END
20260909-07:38.59-160883(us) 2383351 * Stop            (srpc_rpc_backend.cc:593): SrpcRpcBackend::Stop: BEGIN - Setting stop flag
20260909-07:38.59-160898(us) 2383351 * Stop            (srpc_rpc_backend.cc:596): SrpcRpcBackend::Stop: Waiting for event loop to exit...
20260909-07:38.59-160914(us) 2383351 * Stop            (srpc_rpc_backend.cc:612): SrpcRpcBackend::Stop: Event loop exited successfully
20260909-07:38.59-160929(us) 2383351 * Stop            (srpc_rpc_backend.cc:616): SrpcRpcBackend::Stop: Signaling 0 request queues to stop
20260909-07:38.59-160943(us) 2383351 * Stop            (srpc_rpc_backend.cc:624): SrpcRpcBackend::Stop: Signaling 0 response queues to stop
20260909-07:38.59-160958(us) 2383351 * Stop            (srpc_rpc_backend.cc:635): SrpcRpcBackend::Stop: Server cleanup deferred to destructor
20260909-07:38.59-160976(us) 2383351 * Stop            (srpc_rpc_backend.cc:638): SrpcRpcBackend::Stop: Closing client connections
20260909-07:38.59-160991(us) 2383351 * Stop            (srpc_rpc_backend.cc:642): SrpcRpcBackend::Stop: Found 0 client connections to close
20260909-07:38.59-161005(us) 2383351 * Stop            (srpc_rpc_backend.cc:662): SrpcRpcBackend::Stop: Closed 0 client connections
20260909-07:38.59-161020(us) 2383351 * Stop            (srpc_rpc_backend.cc:675): SrpcRpcBackend stats: msg_size_resp_sent: 0 bytes, counter: 0, avg: 0.000000
20260909-07:38.59-161038(us) 2383351 * Stop            (srpc_rpc_backend.cc:676): SrpcRpcBackend::Stop: END
20260909-07:38.59-161054(us) 2383351 * Stop            (srpc_rpc_backend.cc:593): SrpcRpcBackend::Stop: BEGIN - Setting stop flag
20260909-07:38.59-161070(us) 2383351 * Stop            (srpc_rpc_backend.cc:596): SrpcRpcBackend::Stop: Waiting for event loop to exit...
20260909-07:38.59-161084(us) 2383351 * Stop            (srpc_rpc_backend.cc:612): SrpcRpcBackend::Stop: Event loop exited successfully
20260909-07:38.59-161100(us) 2383351 * Stop            (srpc_rpc_backend.cc:616): SrpcRpcBackend::Stop: Signaling 0 request queues to stop
20260909-07:38.59-161115(us) 2383351 * Stop            (srpc_rpc_backend.cc:624): SrpcRpcBackend::Stop: Signaling 0 response queues to stop
20260909-07:38.59-161136(us) 2383351 * Stop            (srpc_rpc_backend.cc:635): SrpcRpcBackend::Stop: Server cleanup deferred to destructor
20260909-07:38.59-161151(us) 2383351 * Stop            (srpc_rpc_backend.cc:638): SrpcRpcBackend::Stop: Closing client connections
20260909-07:38.59-161165(us) 2383351 * Stop            (srpc_rpc_backend.cc:642): SrpcRpcBackend::Stop: Found 0 client connections to close
20260909-07:38.59-161184(us) 2383351 * Stop            (srpc_rpc_backend.cc:662): SrpcRpcBackend::Stop: Closed 0 client connections
20260909-07:38.59-161199(us) 2383351 * Stop            (srpc_rpc_backend.cc:675): SrpcRpcBackend stats: msg_size_resp_sent: 0 bytes, counter: 0, avg: 0.000000
20260909-07:38.59-161214(us) 2383351 * Stop            (srpc_rpc_backend.cc:676): SrpcRpcBackend::Stop: END
20260909-07:38.59-161231(us) 2383351 * Stop            (srpc_rpc_backend.cc:593): SrpcRpcBackend::Stop: BEGIN - Setting stop flag
20260909-07:38.59-161246(us) 2383351 * Stop            (srpc_rpc_backend.cc:596): SrpcRpcBackend::Stop: Waiting for event loop to exit...
20260909-07:38.59-161261(us) 2383351 * Stop            (srpc_rpc_backend.cc:612): SrpcRpcBackend::Stop: Event loop exited successfully
20260909-07:38.59-161275(us) 2383351 * Stop            (srpc_rpc_backend.cc:616): SrpcRpcBackend::Stop: Signaling 0 request queues to stop
20260909-07:38.59-161295(us) 2383351 * Stop            (srpc_rpc_backend.cc:624): SrpcRpcBackend::Stop: Signaling 0 response queues to stop
20260909-07:38.59-161310(us) 2383351 * Stop            (srpc_rpc_backend.cc:635): SrpcRpcBackend::Stop: Server cleanup deferred to destructor
20260909-07:38.59-161324(us) 2383351 * Stop            (srpc_rpc_backend.cc:638): SrpcRpcBackend::Stop: Closing client connections
20260909-07:38.59-161344(us) 2383351 * Stop            (srpc_rpc_backend.cc:642): SrpcRpcBackend::Stop: Found 0 client connections to close
20260909-07:38.59-161358(us) 2383351 * Stop            (srpc_rpc_backend.cc:662): SrpcRpcBackend::Stop: Closed 0 client connections
20260909-07:38.59-161373(us) 2383351 * Stop            (srpc_rpc_backend.cc:675): SrpcRpcBackend stats: msg_size_resp_sent: 0 bytes, counter: 0, avg: 0.000000
20260909-07:38.59-161394(us) 2383351 * Stop            (srpc_rpc_backend.cc:676): SrpcRpcBackend::Stop: END
20260909-07:38.59-161410(us) 2383351 * Stop            (srpc_rpc_backend.cc:593): SrpcRpcBackend::Stop: BEGIN - Setting stop flag
20260909-07:38.59-161425(us) 2383351 * Stop            (srpc_rpc_backend.cc:596): SrpcRpcBackend::Stop: Waiting for event loop to exit...
20260909-07:38.59-161441(us) 2383351 * Stop            (srpc_rpc_backend.cc:612): SrpcRpcBackend::Stop: Event loop exited successfully
20260909-07:38.59-161455(us) 2383351 * Stop            (srpc_rpc_backend.cc:616): SrpcRpcBackend::Stop: Signaling 0 request queues to stop
20260909-07:38.59-161471(us) 2383351 * Stop            (srpc_rpc_backend.cc:624): SrpcRpcBackend::Stop: Signaling 0 response queues to stop
20260909-07:38.59-161485(us) 2383351 * Stop            (srpc_rpc_backend.cc:635): SrpcRpcBackend::Stop: Server cleanup deferred to destructor
20260909-07:38.59-161504(us) 2383351 * Stop            (srpc_rpc_backend.cc:638): SrpcRpcBackend::Stop: Closing client connections
20260909-07:38.59-161518(us) 2383351 * Stop            (srpc_rpc_backend.cc:642): SrpcRpcBackend::Stop: Found 0 client connections to close
20260909-07:38.59-161534(us) 2383351 * Stop            (srpc_rpc_backend.cc:662): SrpcRpcBackend::Stop: Closed 0 client connections
20260909-07:38.59-161549(us) 2383351 * Stop            (srpc_rpc_backend.cc:675): SrpcRpcBackend stats: msg_size_resp_sent: 0 bytes, counter: 0, avg: 0.000000
20260909-07:38.59-161565(us) 2383351 * Stop            (srpc_rpc_backend.cc:676): SrpcRpcBackend::Stop: END
20260909-07:38.59-161581(us) 2383351 * Stop            (srpc_rpc_backend.cc:593): SrpcRpcBackend::Stop: BEGIN - Setting stop flag
20260909-07:38.59-161596(us) 2383351 * Stop            (srpc_rpc_backend.cc:596): SrpcRpcBackend::Stop: Waiting for event loop to exit...
20260909-07:38.59-161610(us) 2383351 * Stop            (srpc_rpc_backend.cc:612): SrpcRpcBackend::Stop: Event loop exited successfully
20260909-07:38.59-161626(us) 2383351 * Stop            (srpc_rpc_backend.cc:616): SrpcRpcBackend::Stop: Signaling 0 request queues to stop
20260909-07:38.59-161641(us) 2383351 * Stop            (srpc_rpc_backend.cc:624): SrpcRpcBackend::Stop: Signaling 0 response queues to stop
20260909-07:38.59-161659(us) 2383351 * Stop            (srpc_rpc_backend.cc:635): SrpcRpcBackend::Stop: Server cleanup deferred to destructor
20260909-07:38.59-161675(us) 2383351 * Stop            (srpc_rpc_backend.cc:638): SrpcRpcBackend::Stop: Closing client connections
20260909-07:38.59-161689(us) 2383351 * Stop            (srpc_rpc_backend.cc:642): SrpcRpcBackend::Stop: Found 0 client connections to close
20260909-07:38.59-161707(us) 2383351 * Stop            (srpc_rpc_backend.cc:662): SrpcRpcBackend::Stop: Closed 0 client connections
20260909-07:38.59-161721(us) 2383351 * Stop            (srpc_rpc_backend.cc:675): SrpcRpcBackend stats: msg_size_resp_sent: 0 bytes, counter: 0, avg: 0.000000
20260909-07:38.59-161738(us) 2383351 * Stop            (srpc_rpc_backend.cc:676): SrpcRpcBackend::Stop: END
20260909-07:38.59-161752(us) 2383351 * Stop            (srpc_rpc_backend.cc:593): SrpcRpcBackend::Stop: BEGIN - Setting stop flag
20260909-07:38.59-161768(us) 2383351 * Stop            (srpc_rpc_backend.cc:596): SrpcRpcBackend::Stop: Waiting for event loop to exit...
20260909-07:38.59-161783(us) 2383351 * Stop            (srpc_rpc_backend.cc:612): SrpcRpcBackend::Stop: Event loop exited successfully
20260909-07:38.59-161798(us) 2383351 * Stop            (srpc_rpc_backend.cc:616): SrpcRpcBackend::Stop: Signaling 0 request queues to stop
20260909-07:38.59-161813(us) 2383351 * Stop            (srpc_rpc_backend.cc:624): SrpcRpcBackend::Stop: Signaling 0 response queues to stop
20260909-07:38.59-161837(us) 2383351 * Stop            (srpc_rpc_backend.cc:635): SrpcRpcBackend::Stop: Server cleanup deferred to destructor
20260909-07:38.59-161853(us) 2383351 * Stop            (srpc_rpc_backend.cc:638): SrpcRpcBackend::Stop: Closing client connections
20260909-07:38.59-161868(us) 2383351 * Stop            (srpc_rpc_backend.cc:642): SrpcRpcBackend::Stop: Found 0 client connections to close
20260909-07:38.59-161883(us) 2383351 * Stop            (srpc_rpc_backend.cc:662): SrpcRpcBackend::Stop: Closed 0 client connections
20260909-07:38.59-161902(us) 2383351 * Stop            (srpc_rpc_backend.cc:675): SrpcRpcBackend stats: msg_size_resp_sent: 0 bytes, counter: 0, avg: 0.000000
20260909-07:38.59-161917(us) 2383351 * Stop            (srpc_rpc_backend.cc:676): SrpcRpcBackend::Stop: END
20260909-07:38.59-161933(us) 2383351 * Stop            (srpc_rpc_backend.cc:593): SrpcRpcBackend::Stop: BEGIN - Setting stop flag
20260909-07:38.59-161949(us) 2383351 * Stop            (srpc_rpc_backend.cc:596): SrpcRpcBackend::Stop: Waiting for event loop to exit...
20260909-07:38.59-161964(us) 2383351 * Stop            (srpc_rpc_backend.cc:612): SrpcRpcBackend::Stop: Event loop exited successfully
20260909-07:38.59-161983(us) 2383351 * Stop            (srpc_rpc_backend.cc:616): SrpcRpcBackend::Stop: Signaling 0 request queues to stop
20260909-07:38.59-161998(us) 2383351 * Stop            (srpc_rpc_backend.cc:624): SrpcRpcBackend::Stop: Signaling 0 response queues to stop
20260909-07:38.59-162014(us) 2383351 * Stop            (srpc_rpc_backend.cc:635): SrpcRpcBackend::Stop: Server cleanup deferred to destructor
20260909-07:38.59-162028(us) 2383351 * Stop            (srpc_rpc_backend.cc:638): SrpcRpcBackend::Stop: Closing client connections
20260909-07:38.59-162048(us) 2383351 * Stop            (srpc_rpc_backend.cc:642): SrpcRpcBackend::Stop: Found 0 client connections to close
20260909-07:38.59-162062(us) 2383351 * Stop            (srpc_rpc_backend.cc:662): SrpcRpcBackend::Stop: Closed 0 client connections
20260909-07:38.59-162078(us) 2383351 * Stop            (srpc_rpc_backend.cc:675): SrpcRpcBackend stats: msg_size_resp_sent: 0 bytes, counter: 0, avg: 0.000000
20260909-07:38.59-162093(us) 2383351 * Stop            (srpc_rpc_backend.cc:676): SrpcRpcBackend::Stop: END
20260909-07:38.59-162110(us) 2383351 * Stop            (srpc_rpc_backend.cc:593): SrpcRpcBackend::Stop: BEGIN - Setting stop flag
20260909-07:38.59-162124(us) 2383351 * Stop            (srpc_rpc_backend.cc:596): SrpcRpcBackend::Stop: Waiting for event loop to exit...
20260909-07:38.59-162145(us) 2383351 * Stop            (srpc_rpc_backend.cc:612): SrpcRpcBackend::Stop: Event loop exited successfully
20260909-07:38.59-162159(us) 2383351 * Stop            (srpc_rpc_backend.cc:616): SrpcRpcBackend::Stop: Signaling 0 request queues to stop
20260909-07:38.59-162176(us) 2383351 * Stop            (srpc_rpc_backend.cc:624): SrpcRpcBackend::Stop: Signaling 0 response queues to stop
20260909-07:38.59-162189(us) 2383351 * Stop            (srpc_rpc_backend.cc:635): SrpcRpcBackend::Stop: Server cleanup deferred to destructor
20260909-07:38.59-162210(us) 2383351 * Stop            (srpc_rpc_backend.cc:638): SrpcRpcBackend::Stop: Closing client connections
20260909-07:38.59-162225(us) 2383351 * Stop            (srpc_rpc_backend.cc:642): SrpcRpcBackend::Stop: Found 0 client connections to close
20260909-07:38.59-162242(us) 2383351 * Stop            (srpc_rpc_backend.cc:662): SrpcRpcBackend::Stop: Closed 0 client connections
20260909-07:38.59-162256(us) 2383351 * Stop            (srpc_rpc_backend.cc:675): SrpcRpcBackend stats: msg_size_resp_sent: 0 bytes, counter: 0, avg: 0.000000
20260909-07:38.59-162272(us) 2383351 * Stop            (srpc_rpc_backend.cc:676): SrpcRpcBackend::Stop: END
20260909-07:38.59-162287(us) 2383351 * Stop            (srpc_rpc_backend.cc:593): SrpcRpcBackend::Stop: BEGIN - Setting stop flag
20260909-07:38.59-162306(us) 2383351 * Stop            (srpc_rpc_backend.cc:596): SrpcRpcBackend::Stop: Waiting for event loop to exit...
20260909-07:38.59-162321(us) 2383351 * Stop            (srpc_rpc_backend.cc:612): SrpcRpcBackend::Stop: Event loop exited successfully
20260909-07:38.59-162336(us) 2383351 * Stop            (srpc_rpc_backend.cc:616): SrpcRpcBackend::Stop: Signaling 0 request queues to stop
20260909-07:38.59-162351(us) 2383351 * Stop            (srpc_rpc_backend.cc:624): SrpcRpcBackend::Stop: Signaling 0 response queues to stop
20260909-07:38.59-162367(us) 2383351 * Stop            (srpc_rpc_backend.cc:635): SrpcRpcBackend::Stop: Server cleanup deferred to destructor
20260909-07:38.59-162381(us) 2383351 * Stop            (srpc_rpc_backend.cc:638): SrpcRpcBackend::Stop: Closing client connections
20260909-07:38.59-162399(us) 2383351 * Stop            (srpc_rpc_backend.cc:642): SrpcRpcBackend::Stop: Found 0 client connections to close
20260909-07:38.59-162413(us) 2383351 * Stop            (srpc_rpc_backend.cc:662): SrpcRpcBackend::Stop: Closed 0 client connections
20260909-07:38.59-162429(us) 2383351 * Stop            (srpc_rpc_backend.cc:675): SrpcRpcBackend stats: msg_size_resp_sent: 0 bytes, counter: 0, avg: 0.000000
20260909-07:38.59-162445(us) 2383351 * Stop            (srpc_rpc_backend.cc:676): SrpcRpcBackend::Stop: END
[SHUTDOWN] First stop() completed
[SHUTDOWN] Joining 16 worker threads
[SHUTDOWN] Joining worker 0
20260909-07:38.59-162467(us) 2383351 * PrintStats      (srpc_rpc_backend.cc:686): SrpcRpcBackend request stats: msg_size_req_sent: 0 bytes, counter: 0, avg: 0.000000
20260909-07:38.59-162508(us) 2383351 * PrintStats      (srpc_rpc_backend.cc:686): SrpcRpcBackend request stats: msg_size_req_sent: 0 bytes, counter: 0, avg: 0.000000
20260909-07:38.59-162540(us) 2383351 * PrintStats      (srpc_rpc_backend.cc:686): SrpcRpcBackend request stats: msg_size_req_sent: 0 bytes, counter: 0, avg: 0.000000
20260909-07:38.59-162567(us) 2383351 * PrintStats      (srpc_rpc_backend.cc:686): SrpcRpcBackend request stats: msg_size_req_sent: 0 bytes, counter: 0, avg: 0.000000
20260909-07:38.59-162598(us) 2383351 * PrintStats      (srpc_rpc_backend.cc:686): SrpcRpcBackend request stats: msg_size_req_sent: 0 bytes, counter: 0, avg: 0.000000
20260909-07:38.59-162624(us) 2383351 * PrintStats      (srpc_rpc_backend.cc:686): SrpcRpcBackend request stats: msg_size_req_sent: 0 bytes, counter: 0, avg: 0.000000
20260909-07:38.59-162672(us) 2383351 * PrintStats      (srpc_rpc_backend.cc:686): SrpcRpcBackend request stats: msg_size_req_sent: 0 bytes, counter: 0, avg: 0.000000
20260909-07:39.00-159242(us) 2383351 * Stop            (srpc_rpc_backend.cc:589): SrpcRpcBackend::Stop: Already stopped, returning
20260909-07:39.00-159285(us) 2383351 * Shutdown        (srpc_rpc_backend.cc:112): SrpcRpcBackend::Shutdown: About to delete server
20260909-07:39.00-159309(us) 2383351 * Shutdown        (srpc_rpc_backend.cc:116): SrpcRpcBackend::Shutdown: Server pointer is valid, deleting...
20260909-07:39.00-159337(us) 2383351 * Stop            (srpc_rpc_backend.cc:589): SrpcRpcBackend::Stop: Already stopped, returning
20260909-07:39.00-159367(us) 2383351 * Shutdown        (srpc_rpc_backend.cc:112): SrpcRpcBackend::Shutdown: About to delete server
20260909-07:39.00-159385(us) 2383351 * Shutdown        (srpc_rpc_backend.cc:116): SrpcRpcBackend::Shutdown: Server pointer is valid, deleting...
20260909-07:39.00-159408(us) 2383351 * Shutdown        (srpc_rpc_backend.cc:120): SrpcRpcBackend::Shutdown: Server deleted successfully
20260909-07:39.00-159427(us) 2383351 * Shutdown        (srpc_rpc_backend.cc:132): SrpcRpcBackend::Shutdown: About to shutdown poll_thread_worker_
20260909-07:39.00-159446(us) 2383351 * Shutdown        (srpc_rpc_backend.cc:136): SrpcRpcBackend::Shutdown: poll_thread_worker_ is valid, calling shutdown()
20260909-07:39.00-159478(us) 2383351 * Shutdown        (srpc_rpc_backend.cc:120): SrpcRpcBackend::Shutdown: Server deleted successfully
20260909-07:39.00-159508(us) 2383351 * Shutdown        (srpc_rpc_backend.cc:132): SrpcRpcBackend::Shutdown: About to shutdown poll_thread_worker_
20260909-07:39.00-159532(us) 2383351 * Shutdown        (srpc_rpc_backend.cc:136): SrpcRpcBackend::Shutdown: poll_thread_worker_ is valid, calling shutdown()
20260909-07:39.00-159560(us) 2383351 * Stop            (srpc_rpc_backend.cc:589): SrpcRpcBackend::Stop: Already stopped, returning
20260909-07:39.00-159592(us) 2383351 * Shutdown        (srpc_rpc_backend.cc:112): SrpcRpcBackend::Shutdown: About to delete server
20260909-07:39.00-159609(us) 2383351 * Shutdown        (srpc_rpc_backend.cc:116): SrpcRpcBackend::Shutdown: Server pointer is valid, deleting...
20260909-07:39.00-159625(us) 2383351 * Stop            (srpc_rpc_backend.cc:589): SrpcRpcBackend::Stop: Already stopped, returning
20260909-07:39.00-159704(us) 2383351 * Shutdown        (srpc_rpc_backend.cc:112): SrpcRpcBackend::Shutdown: About to delete server
20260909-07:39.00-159728(us) 2383351 * Shutdown        (srpc_rpc_backend.cc:116): SrpcRpcBackend::Shutdown: Server pointer is valid, deleting...
20260909-07:39.00-159761(us) 2383351 * Shutdown        (srpc_rpc_backend.cc:120): SrpcRpcBackend::Shutdown: Server deleted successfully
20260909-07:39.00-159784(us) 2383351 * Shutdown        (srpc_rpc_backend.cc:132): SrpcRpcBackend::Shutdown: About to shutdown poll_thread_worker_
20260909-07:39.00-159803(us) 2383351 * Shutdown        (srpc_rpc_backend.cc:136): SrpcRpcBackend::Shutdown: poll_thread_worker_ is valid, calling shutdown()
20260909-07:39.00-159864(us) 2383351 * Stop            (srpc_rpc_backend.cc:589): SrpcRpcBackend::Stop: Already stopped, returning
20260909-07:39.00-159911(us) 2383351 * Shutdown        (srpc_rpc_backend.cc:112): SrpcRpcBackend::Shutdown: About to delete server
20260909-07:39.00-159934(us) 2383351 * Shutdown        (srpc_rpc_backend.cc:116): SrpcRpcBackend::Shutdown: Server pointer is valid, deleting...
20260909-07:39.00-159964(us) 2383351 * Shutdown        (srpc_rpc_backend.cc:120): SrpcRpcBackend::Shutdown: Server deleted successfully
20260909-07:39.00-159985(us) 2383351 * Shutdown        (srpc_rpc_backend.cc:132): SrpcRpcBackend::Shutdown: About to shutdown poll_thread_worker_
20260909-07:39.00-160005(us) 2383351 * Shutdown        (srpc_rpc_backend.cc:136): SrpcRpcBackend::Shutdown: poll_thread_worker_ is valid, calling shutdown()
20260909-07:39.00-160036(us) 2383351 * Stop            (srpc_rpc_backend.cc:589): SrpcRpcBackend::Stop: Already stopped, returning
20260909-07:39.00-160077(us) 2383351 * Shutdown        (srpc_rpc_backend.cc:112): SrpcRpcBackend::Shutdown: About to delete server
20260909-07:39.00-160104(us) 2383351 * Shutdown        (srpc_rpc_backend.cc:116): SrpcRpcBackend::Shutdown: Server pointer is valid, deleting...
20260909-07:39.00-160136(us) 2383351 * Shutdown        (srpc_rpc_backend.cc:120): SrpcRpcBackend::Shutdown: Server deleted successfully
20260909-07:39.00-160163(us) 2383351 * Shutdown        (srpc_rpc_backend.cc:132): SrpcRpcBackend::Shutdown: About to shutdown poll_thread_worker_
20260909-07:39.00-160186(us) 2383351 * Shutdown        (srpc_rpc_backend.cc:136): SrpcRpcBackend::Shutdown: poll_thread_worker_ is valid, calling shutdown()
20260909-07:39.00-160216(us) 2383351 * Stop            (srpc_rpc_backend.cc:589): SrpcRpcBackend::Stop: Already stopped, returning
20260909-07:39.00-160257(us) 2383351 * Shutdown        (srpc_rpc_backend.cc:112): SrpcRpcBackend::Shutdown: About to delete server
20260909-07:39.00-160277(us) 2383351 * Shutdown        (srpc_rpc_backend.cc:116): SrpcRpcBackend::Shutdown: Server pointer is valid, deleting...
20260909-07:39.00-160300(us) 2383351 * Shutdown        (srpc_rpc_backend.cc:120): SrpcRpcBackend::Shutdown: Server deleted successfully
20260909-07:39.00-160316(us) 2383351 * Shutdown        (srpc_rpc_backend.cc:132): SrpcRpcBackend::Shutdown: About to shutdown poll_thread_worker_
20260909-07:39.00-160330(us) 2383351 * Shutdown        (srpc_rpc_backend.cc:136): SrpcRpcBackend::Shutdown: poll_thread_worker_ is valid, calling shutdown()
20260909-07:39.00-160397(us) 2383351 * Shutdown        (srpc_rpc_backend.cc:120): SrpcRpcBackend::Shutdown: Server deleted successfully
20260909-07:39.00-160449(us) 2383351 * Shutdown        (srpc_rpc_backend.cc:132): SrpcRpcBackend::Shutdown: About to shutdown poll_thread_worker_
20260909-07:39.00-160474(us) 2383351 * Shutdown        (srpc_rpc_backend.cc:136): SrpcRpcBackend::Shutdown: poll_thread_worker_ is valid, calling shutdown()
20260909-07:39.00-160510(us) 2383351 * Stop            (srpc_rpc_backend.cc:589): SrpcRpcBackend::Stop: Already stopped, returning
20260909-07:39.00-160558(us) 2383351 * Shutdown        (srpc_rpc_backend.cc:112): SrpcRpcBackend::Shutdown: About to delete server
20260909-07:39.00-160586(us) 2383351 * Shutdown        (srpc_rpc_backend.cc:116): SrpcRpcBackend::Shutdown: Server pointer is valid, deleting...
20260909-07:39.00-160620(us) 2383351 * Shutdown        (srpc_rpc_backend.cc:138): SrpcRpcBackend::Shutdown: poll_thread_worker_->shutdown() completed
20260909-07:39.00-160684(us) 2383351 * Shutdown        (srpc_rpc_backend.cc:140): SrpcRpcBackend::Shutdown: poll_thread_worker_ reset to None
20260909-07:39.00-160706(us) 2383351 * Shutdown        (srpc_rpc_backend.cc:145): SrpcRpcBackend::Shutdown: Shutdown sequence completed, destructor will now exit
20260909-07:39.00-160725(us) 2383351 * ~SrpcRpcBackend (srpc_rpc_backend.cc:52): SrpcRpcBackend::~SrpcRpcBackend: START destructor
20260909-07:39.00-160744(us) 2383351 * Stop            (srpc_rpc_backend.cc:589): SrpcRpcBackend::Stop: Already stopped, returning
20260909-07:39.00-160759(us) 2383351 * Shutdown        (srpc_rpc_backend.cc:112): SrpcRpcBackend::Shutdown: About to delete server
20260909-07:39.00-160775(us) 2383351 * Shutdown        (srpc_rpc_backend.cc:129): SrpcRpcBackend::Shutdown: Server pointer is null, skipping deletion
20260909-07:39.00-160788(us) 2383351 * Shutdown        (srpc_rpc_backend.cc:132): SrpcRpcBackend::Shutdown: About to shutdown poll_thread_worker_
20260909-07:39.00-160803(us) 2383351 * Shutdown        (srpc_rpc_backend.cc:142): SrpcRpcBackend::Shutdown: poll_thread_worker_ is null, skipping shutdown
20260909-07:39.00-160822(us) 2383351 * Shutdown        (srpc_rpc_backend.cc:145): SrpcRpcBackend::Shutdown: Shutdown sequence completed, destructor will now exit
20260909-07:39.00-160846(us) 2383351 * ~SrpcRpcBackend (srpc_rpc_backend.cc:54): SrpcRpcBackend::~SrpcRpcBackend: Shutdown() completed
20260909-07:39.00-160876(us) 2383351 * Stop            (srpc_rpc_backend.cc:589): SrpcRpcBackend::Stop: Already stopped, returning
20260909-07:39.00-160909(us) 2383351 * Shutdown        (srpc_rpc_backend.cc:138): SrpcRpcBackend::Shutdown: poll_thread_worker_->shutdown() completed
20260909-07:39.00-160948(us) 2383351 * Shutdown        (srpc_rpc_backend.cc:138): SrpcRpcBackend::Shutdown: poll_thread_worker_->shutdown() completed
20260909-07:39.00-160985(us) 2383351 * Shutdown        (srpc_rpc_backend.cc:140): SrpcRpcBackend::Shutdown: poll_thread_worker_ reset to None
20260909-07:39.00-161006(us) 2383351 * Shutdown        (srpc_rpc_backend.cc:145): SrpcRpcBackend::Shutdown: Shutdown sequence completed, destructor will now exit
20260909-07:39.00-161026(us) 2383351 * ~SrpcRpcBackend (srpc_rpc_backend.cc:52): SrpcRpcBackend::~SrpcRpcBackend: START destructor
20260909-07:39.00-161045(us) 2383351 * Stop            (srpc_rpc_backend.cc:589): SrpcRpcBackend::Stop: Already stopped, returning
20260909-07:39.00-161060(us) 2383351 * Shutdown        (srpc_rpc_backend.cc:112): SrpcRpcBackend::Shutdown: About to delete server
20260909-07:39.00-161082(us) 2383351 * Shutdown        (srpc_rpc_backend.cc:129): SrpcRpcBackend::Shutdown: Server pointer is null, skipping deletion
20260909-07:39.00-161097(us) 2383351 * Shutdown        (srpc_rpc_backend.cc:132): SrpcRpcBackend::Shutdown: About to shutdown poll_thread_worker_
20260909-07:39.00-161117(us) 2383351 * Shutdown        (srpc_rpc_backend.cc:142): SrpcRpcBackend::Shutdown: poll_thread_worker_ is null, skipping shutdown
20260909-07:39.00-161133(us) 2383351 * Shutdown        (srpc_rpc_backend.cc:145): SrpcRpcBackend::Shutdown: Shutdown sequence completed, destructor will now exit
20260909-07:39.00-161155(us) 2383351 * ~SrpcRpcBackend (srpc_rpc_backend.cc:54): SrpcRpcBackend::~SrpcRpcBackend: Shutdown() completed
20260909-07:39.00-161179(us) 2383351 * Shutdown        (srpc_rpc_backend.cc:112): SrpcRpcBackend::Shutdown: About to delete server
20260909-07:39.00-161217(us) 2383351 * Shutdown        (srpc_rpc_backend.cc:116): SrpcRpcBackend::Shutdown: Server pointer is valid, deleting...
20260909-07:39.00-161243(us) 2383351 * Shutdown        (srpc_rpc_backend.cc:120): SrpcRpcBackend::Shutdown: Server deleted successfully
20260909-07:39.00-161260(us) 2383351 * Shutdown        (srpc_rpc_backend.cc:132): SrpcRpcBackend::Shutdown: About to shutdown poll_thread_worker_
20260909-07:39.00-161276(us) 2383351 * Shutdown        (srpc_rpc_backend.cc:136): SrpcRpcBackend::Shutdown: poll_thread_worker_ is valid, calling shutdown()
20260909-07:39.00-161302(us) 2383351 * Shutdown        (srpc_rpc_backend.cc:120): SrpcRpcBackend::Shutdown: Server deleted successfully
20260909-07:39.00-161333(us) 2383351 * Shutdown        (srpc_rpc_backend.cc:132): SrpcRpcBackend::Shutdown: About to shutdown poll_thread_worker_
20260909-07:39.00-161354(us) 2383351 * Shutdown        (srpc_rpc_backend.cc:136): SrpcRpcBackend::Shutdown: poll_thread_worker_ is valid, calling shutdown()
20260909-07:39.00-161373(us) 2383351 * Shutdown        (srpc_rpc_backend.cc:140): SrpcRpcBackend::Shutdown: poll_thread_worker_ reset to None
20260909-07:39.00-161396(us) 2383351 * Shutdown        (srpc_rpc_backend.cc:145): SrpcRpcBackend::Shutdown: Shutdown sequence completed, destructor will now exit
20260909-07:39.00-161411(us) 2383351 * ~SrpcRpcBackend (srpc_rpc_backend.cc:52): SrpcRpcBackend::~SrpcRpcBackend: START destructor
20260909-07:39.00-161430(us) 2383351 * Stop            (srpc_rpc_backend.cc:589): SrpcRpcBackend::Stop: Already stopped, returning
20260909-07:39.00-161447(us) 2383351 * Shutdown        (srpc_rpc_backend.cc:112): SrpcRpcBackend::Shutdown: About to delete server
20260909-07:39.00-161460(us) 2383351 * Shutdown        (srpc_rpc_backend.cc:129): SrpcRpcBackend::Shutdown: Server pointer is null, skipping deletion
20260909-07:39.00-161474(us) 2383351 * Shutdown        (srpc_rpc_backend.cc:132): SrpcRpcBackend::Shutdown: About to shutdown poll_thread_worker_
20260909-07:39.00-161489(us) 2383351 * Shutdown        (srpc_rpc_backend.cc:142): SrpcRpcBackend::Shutdown: poll_thread_worker_ is null, skipping shutdown
20260909-07:39.00-161515(us) 2383351 * Shutdown        (srpc_rpc_backend.cc:145): SrpcRpcBackend::Shutdown: Shutdown sequence completed, destructor will now exit
20260909-07:39.00-161529(us) 2383351 * ~SrpcRpcBackend (srpc_rpc_backend.cc:54): SrpcRpcBackend::~SrpcRpcBackend: Shutdown() completed
20260909-07:39.00-161645(us) 2383351 * Shutdown        (srpc_rpc_backend.cc:138): SrpcRpcBackend::Shutdown: poll_thread_worker_->shutdown() completed
20260909-07:39.00-161729(us) 2383351 * Shutdown        (srpc_rpc_backend.cc:140): SrpcRpcBackend::Shutdown: poll_thread_worker_ reset to None
20260909-07:39.00-161773(us) 2383351 * Shutdown        (srpc_rpc_backend.cc:145): SrpcRpcBackend::Shutdown: Shutdown sequence completed, destructor will now exit
20260909-07:39.00-161800(us) 2383351 * ~SrpcRpcBackend (srpc_rpc_backend.cc:52): SrpcRpcBackend::~SrpcRpcBackend: START destructor
20260909-07:39.00-161825(us) 2383351 * Stop            (srpc_rpc_backend.cc:589): SrpcRpcBackend::Stop: Already stopped, returning
20260909-07:39.00-161868(us) 2383351 * Shutdown        (srpc_rpc_backend.cc:112): SrpcRpcBackend::Shutdown: About to delete server
20260909-07:39.00-161893(us) 2383351 * Shutdown        (srpc_rpc_backend.cc:129): SrpcRpcBackend::Shutdown: Server pointer is null, skipping deletion
20260909-07:39.00-161918(us) 2383351 * Shutdown        (srpc_rpc_backend.cc:132): SrpcRpcBackend::Shutdown: About to shutdown poll_thread_worker_
20260909-07:39.00-161940(us) 2383351 * Shutdown        (srpc_rpc_backend.cc:142): SrpcRpcBackend::Shutdown: poll_thread_worker_ is null, skipping shutdown
20260909-07:39.00-161965(us) 2383351 * Shutdown        (srpc_rpc_backend.cc:145): SrpcRpcBackend::Shutdown: Shutdown sequence completed, destructor will now exit
20260909-07:39.00-161990(us) 2383351 * ~SrpcRpcBackend (srpc_rpc_backend.cc:54): SrpcRpcBackend::~SrpcRpcBackend: Shutdown() completed
20260909-07:39.00-162011(us) 2383351 * Shutdown        (srpc_rpc_backend.cc:138): SrpcRpcBackend::Shutdown: poll_thread_worker_->shutdown() completed
20260909-07:39.00-162048(us) 2383351 * Shutdown        (srpc_rpc_backend.cc:138): SrpcRpcBackend::Shutdown: poll_thread_worker_->shutdown() completed
20260909-07:39.00-162097(us) 2383351 * Shutdown        (srpc_rpc_backend.cc:140): SrpcRpcBackend::Shutdown: poll_thread_worker_ reset to None
20260909-07:39.00-162117(us) 2383351 * Shutdown        (srpc_rpc_backend.cc:145): SrpcRpcBackend::Shutdown: Shutdown sequence completed, destructor will now exit
20260909-07:39.00-162134(us) 2383351 * ~SrpcRpcBackend (srpc_rpc_backend.cc:52): SrpcRpcBackend::~SrpcRpcBackend: START destructor
20260909-07:39.00-162152(us) 2383351 * Stop            (srpc_rpc_backend.cc:589): SrpcRpcBackend::Stop: Already stopped, returning
20260909-07:39.00-162178(us) 2383351 * Shutdown        (srpc_rpc_backend.cc:112): SrpcRpcBackend::Shutdown: About to delete server
20260909-07:39.00-162196(us) 2383351 * Shutdown        (srpc_rpc_backend.cc:129): SrpcRpcBackend::Shutdown: Server pointer is null, skipping deletion
20260909-07:39.00-162217(us) 2383351 * Shutdown        (srpc_rpc_backend.cc:132): SrpcRpcBackend::Shutdown: About to shutdown poll_thread_worker_
20260909-07:39.00-162232(us) 2383351 * Shutdown        (srpc_rpc_backend.cc:138): SrpcRpcBackend::Shutdown: poll_thread_worker_->shutdown() completed
20260909-07:39.00-162284(us) 2383351 * Shutdown        (srpc_rpc_backend.cc:142): SrpcRpcBackend::Shutdown: poll_thread_worker_ is null, skipping shutdown
20260909-07:39.00-162303(us) 2383351 * Shutdown        (srpc_rpc_backend.cc:145): SrpcRpcBackend::Shutdown: Shutdown sequence completed, destructor will now exit
20260909-07:39.00-162336(us) 2383351 * ~SrpcRpcBackend (srpc_rpc_backend.cc:54): SrpcRpcBackend::~SrpcRpcBackend: Shutdown() completed
20260909-07:39.00-162365(us) 2383351 * Shutdown        (srpc_rpc_backend.cc:140): SrpcRpcBackend::Shutdown: poll_thread_worker_ reset to None
20260909-07:39.00-162400(us) 2383351 * Shutdown        (srpc_rpc_backend.cc:145): SrpcRpcBackend::Shutdown: Shutdown sequence completed, destructor will now exit
20260909-07:39.00-162428(us) 2383351 * ~SrpcRpcBackend (srpc_rpc_backend.cc:52): SrpcRpcBackend::~SrpcRpcBackend: START destructor
20260909-07:39.00-162457(us) 2383351 * Stop            (srpc_rpc_backend.cc:589): SrpcRpcBackend::Stop: Already stopped, returning
20260909-07:39.00-162485(us) 2383351 * Shutdown        (srpc_rpc_backend.cc:112): SrpcRpcBackend::Shutdown: About to delete server
20260909-07:39.00-162513(us) 2383351 * Shutdown        (srpc_rpc_backend.cc:129): SrpcRpcBackend::Shutdown: Server pointer is null, skipping deletion
20260909-07:39.00-162537(us) 2383351 * Shutdown        (srpc_rpc_backend.cc:132): SrpcRpcBackend::Shutdown: About to shutdown poll_thread_worker_
20260909-07:39.00-162559(us) 2383351 * Shutdown        (srpc_rpc_backend.cc:142): SrpcRpcBackend::Shutdown: poll_thread_worker_ is null, skipping shutdown
20260909-07:39.00-162586(us) 2383351 * Shutdown        (srpc_rpc_backend.cc:145): SrpcRpcBackend::Shutdown: Shutdown sequence completed, destructor will now exit
20260909-07:39.00-162609(us) 2383351 * Stop            (srpc_rpc_backend.cc:589): SrpcRpcBackend::Stop: Already stopped, returning
20260909-07:39.00-162637(us) 2383351 * Shutdown        (srpc_rpc_backend.cc:112): SrpcRpcBackend::Shutdown: About to delete server
20260909-07:39.00-162652(us) 2383351 * Shutdown        (srpc_rpc_backend.cc:116): SrpcRpcBackend::Shutdown: Server pointer is valid, deleting...
20260909-07:39.00-162673(us) 2383351 * Shutdown        (srpc_rpc_backend.cc:120): SrpcRpcBackend::Shutdown: Server deleted successfully
20260909-07:39.00-162689(us) 2383351 * Shutdown        (srpc_rpc_backend.cc:132): SrpcRpcBackend::Shutdown: About to shutdown poll_thread_worker_
20260909-07:39.00-162704(us) 2383351 * Shutdown        (srpc_rpc_backend.cc:136): SrpcRpcBackend::Shutdown: poll_thread_worker_ is valid, calling shutdown()
20260909-07:39.00-162727(us) 2383351 * Stop            (srpc_rpc_backend.cc:589): SrpcRpcBackend::Stop: Already stopped, returning
20260909-07:39.00-162763(us) 2383351 * Shutdown        (srpc_rpc_backend.cc:112): SrpcRpcBackend::Shutdown: About to delete server
20260909-07:39.00-162777(us) 2383351 * Shutdown        (srpc_rpc_backend.cc:116): SrpcRpcBackend::Shutdown: Server pointer is valid, deleting...
20260909-07:39.00-162798(us) 2383351 * Shutdown        (srpc_rpc_backend.cc:120): SrpcRpcBackend::Shutdown: Server deleted successfully
20260909-07:39.00-162823(us) 2383351 * Shutdown        (srpc_rpc_backend.cc:132): SrpcRpcBackend::Shutdown: About to shutdown poll_thread_worker_
20260909-07:39.00-162852(us) 2383351 * Shutdown        (srpc_rpc_backend.cc:136): SrpcRpcBackend::Shutdown: poll_thread_worker_ is valid, calling shutdown()
20260909-07:39.00-162894(us) 2383351 * ~SrpcRpcBackend (srpc_rpc_backend.cc:54): SrpcRpcBackend::~SrpcRpcBackend: Shutdown() completed
20260909-07:39.00-162953(us) 2383351 * Shutdown        (srpc_rpc_backend.cc:138): SrpcRpcBackend::Shutdown: poll_thread_worker_->shutdown() completed
20260909-07:39.00-163011(us) 2383351 * Stop            (srpc_rpc_backend.cc:589): SrpcRpcBackend::Stop: Already stopped, returning
20260909-07:39.00-163046(us) 2383351 * Shutdown        (srpc_rpc_backend.cc:112): SrpcRpcBackend::Shutdown: About to delete server
20260909-07:39.00-163081(us) 2383351 * Shutdown        (srpc_rpc_backend.cc:116): SrpcRpcBackend::Shutdown: Server pointer is valid, deleting...
20260909-07:39.00-163114(us) 2383351 * Shutdown        (srpc_rpc_backend.cc:120): SrpcRpcBackend::Shutdown: Server deleted successfully
20260909-07:39.00-163144(us) 2383351 * Shutdown        (srpc_rpc_backend.cc:132): SrpcRpcBackend::Shutdown: About to shutdown poll_thread_worker_
20260909-07:39.00-163167(us) 2383351 * Shutdown        (srpc_rpc_backend.cc:136): SrpcRpcBackend::Shutdown: poll_thread_worker_ is valid, calling shutdown()
20260909-07:39.00-163201(us) 2383351 * Stop            (srpc_rpc_backend.cc:589): SrpcRpcBackend::Stop: Already stopped, returning
20260909-07:39.00-163252(us) 2383351 * Shutdown        (srpc_rpc_backend.cc:112): SrpcRpcBackend::Shutdown: About to delete server
20260909-07:39.00-163276(us) 2383351 * Shutdown        (srpc_rpc_backend.cc:116): SrpcRpcBackend::Shutdown: Server pointer is valid, deleting...
20260909-07:39.00-163302(us) 2383351 * Stop            (srpc_rpc_backend.cc:589): SrpcRpcBackend::Stop: Already stopped, returning
20260909-07:39.00-163330(us) 2383351 * Shutdown        (srpc_rpc_backend.cc:112): SrpcRpcBackend::Shutdown: About to delete server
20260909-07:39.00-163348(us) 2383351 * Shutdown        (srpc_rpc_backend.cc:116): SrpcRpcBackend::Shutdown: Server pointer is valid, deleting...
20260909-07:39.00-163372(us) 2383351 * Shutdown        (srpc_rpc_backend.cc:120): SrpcRpcBackend::Shutdown: Server deleted successfully
20260909-07:39.00-163389(us) 2383351 * Shutdown        (srpc_rpc_backend.cc:132): SrpcRpcBackend::Shutdown: About to shutdown poll_thread_worker_
20260909-07:39.00-163407(us) 2383351 * Shutdown        (srpc_rpc_backend.cc:136): SrpcRpcBackend::Shutdown: poll_thread_worker_ is valid, calling shutdown()
20260909-07:39.00-163435(us) 2383351 * Shutdown        (srpc_rpc_backend.cc:140): SrpcRpcBackend::Shutdown: poll_thread_worker_ reset to None
20260909-07:39.00-163457(us) 2383351 * Shutdown        (srpc_rpc_backend.cc:145): SrpcRpcBackend::Shutdown: Shutdown sequence completed, destructor will now exit
20260909-07:39.00-163479(us) 2383351 * ~SrpcRpcBackend (srpc_rpc_backend.cc:52): SrpcRpcBackend::~SrpcRpcBackend: START destructor
20260909-07:39.00-163497(us) 2383351 * Stop            (srpc_rpc_backend.cc:589): SrpcRpcBackend::Stop: Already stopped, returning
20260909-07:39.00-163512(us) 2383351 * Shutdown        (srpc_rpc_backend.cc:112): SrpcRpcBackend::Shutdown: About to delete server
20260909-07:39.00-163530(us) 2383351 * Shutdown        (srpc_rpc_backend.cc:129): SrpcRpcBackend::Shutdown: Server pointer is null, skipping deletion
20260909-07:39.00-163546(us) 2383351 * Shutdown        (srpc_rpc_backend.cc:132): SrpcRpcBackend::Shutdown: About to shutdown poll_thread_worker_
20260909-07:39.00-163562(us) 2383351 * Shutdown        (srpc_rpc_backend.cc:142): SrpcRpcBackend::Shutdown: poll_thread_worker_ is null, skipping shutdown
20260909-07:39.00-163579(us) 2383351 * Shutdown        (srpc_rpc_backend.cc:145): SrpcRpcBackend::Shutdown: Shutdown sequence completed, destructor will now exit
20260909-07:39.00-163595(us) 2383351 * ~SrpcRpcBackend (srpc_rpc_backend.cc:54): SrpcRpcBackend::~SrpcRpcBackend: Shutdown() completed
20260909-07:39.00-163624(us) 2383351 * Stop            (srpc_rpc_backend.cc:589): SrpcRpcBackend::Stop: Already stopped, returning
20260909-07:39.00-163665(us) 2383351 * Shutdown        (srpc_rpc_backend.cc:112): SrpcRpcBackend::Shutdown: About to delete server
20260909-07:39.00-163691(us) 2383351 * Shutdown        (srpc_rpc_backend.cc:116): SrpcRpcBackend::Shutdown: Server pointer is valid, deleting...
20260909-07:39.00-163718(us) 2383351 * Shutdown        (srpc_rpc_backend.cc:138): SrpcRpcBackend::Shutdown: poll_thread_worker_->shutdown() completed
20260909-07:39.00-163754(us) 2383351 * Shutdown        (srpc_rpc_backend.cc:140): SrpcRpcBackend::Shutdown: poll_thread_worker_ reset to None
20260909-07:39.00-163787(us) 2383351 * Shutdown        (srpc_rpc_backend.cc:145): SrpcRpcBackend::Shutdown: Shutdown sequence completed, destructor will now exit
20260909-07:39.00-163812(us) 2383351 * ~SrpcRpcBackend (srpc_rpc_backend.cc:52): SrpcRpcBackend::~SrpcRpcBackend: START destructor
20260909-07:39.00-163851(us) 2383351 * Stop            (srpc_rpc_backend.cc:589): SrpcRpcBackend::Stop: Already stopped, returning
20260909-07:39.00-163878(us) 2383351 * Shutdown        (srpc_rpc_backend.cc:112): SrpcRpcBackend::Shutdown: About to delete server
20260909-07:39.00-163900(us) 2383351 * Shutdown        (srpc_rpc_backend.cc:129): SrpcRpcBackend::Shutdown: Server pointer is null, skipping deletion
20260909-07:39.00-163928(us) 2383351 * Shutdown        (srpc_rpc_backend.cc:132): SrpcRpcBackend::Shutdown: About to shutdown poll_thread_worker_
20260909-07:39.00-163952(us) 2383351 * Shutdown        (srpc_rpc_backend.cc:142): SrpcRpcBackend::Shutdown: poll_thread_worker_ is null, skipping shutdown
20260909-07:39.00-163973(us) 2383351 * Shutdown        (srpc_rpc_backend.cc:145): SrpcRpcBackend::Shutdown: Shutdown sequence completed, destructor will now exit
20260909-07:39.00-163997(us) 2383351 * ~SrpcRpcBackend (srpc_rpc_backend.cc:54): SrpcRpcBackend::~SrpcRpcBackend: Shutdown() completed
20260909-07:39.00-164058(us) 2383351 * Shutdown        (srpc_rpc_backend.cc:120): SrpcRpcBackend::Shutdown: Server deleted successfully
[SHUTDOWN] Worker 020260909-07:39.00-164093(us) 2383351 * Shutdown        (srpc_rpc_backend.cc:132): SrpcRpcBackend::Shutdown: About to shutdown poll_thread_worker_
 joined
[SHUTDOWN] Joining worker 20260909-07:39.00-164116(us) 2383351 * Shutdown        (srpc_rpc_backend.cc:136): SrpcRpcBackend::Shutdown: poll_thread_worker_ is valid, calling shutdown()
1
20260909-07:39.00-164151(us) 2383351 * Stop            (srpc_rpc_backend.cc:589): SrpcRpcBackend::Stop: Already stopped, returning
20260909-07:39.00-164185(us) 2383351 * Shutdown        (srpc_rpc_backend.cc:112): SrpcRpcBackend::Shutdown: About to delete server
20260909-07:39.00-164206(us) 2383351 * Shutdown        (srpc_rpc_backend.cc:116): SrpcRpcBackend::Shutdown: Server pointer is valid, deleting...
20260909-07:39.00-164231(us) 2383351 * Shutdown        (srpc_rpc_backend.cc:120): SrpcRpcBackend::Shutdown: Server deleted successfully
20260909-07:39.00-164251(us) 2383351 * Shutdown        (srpc_rpc_backend.cc:132): SrpcRpcBackend::Shutdown: About to shutdown poll_thread_worker_
20260909-07:39.00-164268(us) 2383351 * Shutdown        (srpc_rpc_backend.cc:136): SrpcRpcBackend::Shutdown: poll_thread_worker_ is valid, calling shutdown()
20260909-07:39.00-164300(us) 2383351 * Shutdown        (srpc_rpc_backend.cc:138): SrpcRpcBackend::Shutdown: poll_thread_worker_->shutdown() completed
20260909-07:39.00-164349(us) 2383351 * Shutdown        (srpc_rpc_backend.cc:120): SrpcRpcBackend::Shutdown: Server deleted successfully
20260909-07:39.00-164383(us) 2383351 * Shutdown        (srpc_rpc_backend.cc:132): SrpcRpcBackend::Shutdown: About to shutdown poll_thread_worker_
20260909-07:39.00-164406(us) 2383351 * Shutdown        (srpc_rpc_backend.cc:136): SrpcRpcBackend::Shutdown: poll_thread_worker_ is valid, calling shutdown()
20260909-07:39.00-164443(us) 2383351 * Shutdown        (srpc_rpc_backend.cc:140): SrpcRpcBackend::Shutdown: poll_thread_worker_ reset to None
20260909-07:39.00-164475(us) 2383351 * Shutdown        (srpc_rpc_backend.cc:145): SrpcRpcBackend::Shutdown: Shutdown sequence completed, destructor will now exit
20260909-07:39.00-164493(us) 2383351 * ~SrpcRpcBackend (srpc_rpc_backend.cc:52): SrpcRpcBackend::~SrpcRpcBackend: START destructor
20260909-07:39.00-164512(us) 2383351 * Stop            (srpc_rpc_backend.cc:589): SrpcRpcBackend::Stop: Already stopped, returning
20260909-07:39.00-164533(us) 2383351 * Shutdown        (srpc_rpc_backend.cc:112): SrpcRpcBackend::Shutdown: About to delete server
20260909-07:39.00-164552(us) 2383351 * Shutdown        (srpc_rpc_backend.cc:129): SrpcRpcBackend::Shutdown: Server pointer is null, skipping deletion
20260909-07:39.00-164568(us) 2383351 * Shutdown        (srpc_rpc_backend.cc:132): SrpcRpcBackend::Shutdown: About to shutdown poll_thread_worker_
20260909-07:39.00-164588(us) 2383351 * Shutdown        (srpc_rpc_backend.cc:142): SrpcRpcBackend::Shutdown: poll_thread_worker_ is null, skipping shutdown
20260909-07:39.00-164605(us) 2383351 * Shutdown        (srpc_rpc_backend.cc:145): SrpcRpcBackend::Shutdown: Shutdown sequence completed, destructor will now exit
20260909-07:39.00-164622(us) 2383351 * ~SrpcRpcBackend (srpc_rpc_backend.cc:54): SrpcRpcBackend::~SrpcRpcBackend: Shutdown() completed
20260909-07:39.00-164649(us) 2383351 * Shutdown        (srpc_rpc_backend.cc:138): SrpcRpcBackend::Shutdown: poll_thread_worker_->shutdown() completed
20260909-07:39.00-164689(us) 2383351 * Shutdown        (srpc_rpc_backend.cc:138): SrpcRpcBackend::Shutdown: poll_thread_worker_->shutdown() completed
20260909-07:39.00-164714(us) 2383351 * Shutdown        (srpc_rpc_backend.cc:138): SrpcRpcBackend::Shutdown: poll_thread_worker_->shutdown() completed
20260909-07:39.00-164749(us) 2383351 * Shutdown        (srpc_rpc_backend.cc:140): SrpcRpcBackend::Shutdown: poll_thread_worker_ reset to None
20260909-07:39.00-164781(us) 2383351 * Shutdown        (srpc_rpc_backend.cc:145): SrpcRpcBackend::Shutdown: Shutdown sequence completed, destructor will now exit
20260909-07:39.00-164804(us) 2383351 * ~SrpcRpcBackend (srpc_rpc_backend.cc:52): SrpcRpcBackend::~SrpcRpcBackend: START destructor
20260909-07:39.00-164821(us) 2383351 * Stop            (srpc_rpc_backend.cc:589): SrpcRpcBackend::Stop: Already stopped, returning
20260909-07:39.00-164840(us) 2383351 * Shutdown        (srpc_rpc_backend.cc:112): SrpcRpcBackend::Shutdown: About to delete server
20260909-07:39.00-164860(us) 2383351 * Shutdown        (srpc_rpc_backend.cc:129): SrpcRpcBackend::Shutdown: Server pointer is null, skipping deletion
20260909-07:39.00-164880(us) 2383351 * Shutdown        (srpc_rpc_backend.cc:132): SrpcRpcBackend::Shutdown: About to shutdown poll_thread_worker_
20260909-07:39.00-164899(us) 2383351 * Shutdown        (srpc_rpc_backend.cc:142): SrpcRpcBackend::Shutdown: poll_thread_worker_ is null, skipping shutdown
20260909-07:39.00-164919(us) 2383351 * Shutdown        (srpc_rpc_backend.cc:145): SrpcRpcBackend::Shutdown: Shutdown sequence completed, destructor will now exit
20260909-07:39.00-164938(us) 2383351 * ~SrpcRpcBackend (srpc_rpc_backend.cc:54): SrpcRpcBackend::~SrpcRpcBackend: Shutdown() completed
20260909-07:39.00-164963(us) 2383351 * Shutdown        (srpc_rpc_backend.cc:140): SrpcRpcBackend::Shutdown: poll_thread_worker_ reset to None
20260909-07:39.00-164983(us) 2383351 * Shutdown        (srpc_rpc_backend.cc:145): SrpcRpcBackend::Shutdown: Shutdown sequence completed, destructor will now exit
20260909-07:39.00-165001(us) 2383351 * ~SrpcRpcBackend (srpc_rpc_backend.cc:52): SrpcRpcBackend::~SrpcRpcBackend: START destructor
20260909-07:39.00-165019(us) 2383351 * Stop            (srpc_rpc_backend.cc:589): SrpcRpcBackend::Stop: Already stopped, returning
20260909-07:39.00-165037(us) 2383351 * Shutdown        (srpc_rpc_backend.cc:112): SrpcRpcBackend::Shutdown: About to delete server
20260909-07:39.00-165058(us) 2383351 * Shutdown        (srpc_rpc_backend.cc:129): SrpcRpcBackend::Shutdown: Server pointer is null, skipping deletion
20260909-07:39.00-165082(us) 2383351 * Shutdown        (srpc_rpc_backend.cc:132): SrpcRpcBackend::Shutdown: About to shutdown poll_thread_worker_
20260909-07:39.00-165109(us) 2383351 * Shutdown        (srpc_rpc_backend.cc:142): SrpcRpcBackend::Shutdown: poll_thread_worker_ is null, skipping shutdown
20260909-07:39.00-165131(us) 2383351 * Shutdown        (srpc_rpc_backend.cc:145): SrpcRpcBackend::Shutdown: Shutdown sequence completed, destructor will now exit
20260909-07:39.00-165152(us) 2383351 * ~SrpcRpcBackend (srpc_rpc_backend.cc:54): SrpcRpcBackend::~SrpcRpcBackend: Shutdown() completed
20260909-07:39.00-165177(us) 2383351 * Shutdown        (srpc_rpc_backend.cc:140): SrpcRpcBackend::Shutdown: poll_thread_worker_ reset to None
20260909-07:39.00-165213(us) 2383351 * Shutdown        (srpc_rpc_backend.cc:145): SrpcRpcBackend::Shutdown: Shutdown sequence completed, destructor will now exit
20260909-07:39.00-165236(us) 2383351 * Shutdown        (srpc_rpc_backend.cc:138): SrpcRpcBackend::Shutdown: poll_thread_worker_->shutdown() completed
20260909-07:39.00-165279(us) 2383351 * Shutdown        (srpc_rpc_backend.cc:140): SrpcRpcBackend::Shutdown: poll_thread_worker_ reset to None
20260909-07:39.00-165304(us) 2383351 * Shutdown        (srpc_rpc_backend.cc:145): SrpcRpcBackend::Shutdown: Shutdown sequence completed, destructor will now exit
20260909-07:39.00-165327(us) 2383351 * ~SrpcRpcBackend (srpc_rpc_backend.cc:52): SrpcRpcBackend::~SrpcRpcBackend: START destructor
20260909-07:39.00-165352(us) 2383351 * Stop            (srpc_rpc_backend.cc:589): SrpcRpcBackend::Stop: Already stopped, returning
20260909-07:39.00-165374(us) 2383351 * Shutdown        (srpc_rpc_backend.cc:112): SrpcRpcBackend::Shutdown: About to delete server
20260909-07:39.00-165395(us) 2383351 * Shutdown        (srpc_rpc_backend.cc:129): SrpcRpcBackend::Shutdown: Server pointer is null, skipping deletion
20260909-07:39.00-165416(us) 2383351 * Shutdown        (srpc_rpc_backend.cc:132): SrpcRpcBackend::Shutdown: About to shutdown poll_thread_worker_
20260909-07:39.00-165431(us) 2383351 * Shutdown        (srpc_rpc_backend.cc:142): SrpcRpcBackend::Shutdown: poll_thread_worker_ is null, skipping shutdown
20260909-07:39.00-165450(us) 2383351 * Shutdown        (srpc_rpc_backend.cc:145): SrpcRpcBackend::Shutdown: Shutdown sequence completed, destructor will now exit
20260909-07:39.00-165465(us) 2383351 * ~SrpcRpcBackend (srpc_rpc_backend.cc:54): SrpcRpcBackend::~SrpcRpcBackend: Shutdown() completed
20260909-07:39.00-165496(us) 2383351 * Shutdown        (srpc_rpc_backend.cc:140): SrpcRpcBackend::Shutdown: poll_thread_worker_ reset to None
20260909-07:39.00-165525(us) 2383351 * Shutdown        (srpc_rpc_backend.cc:145): SrpcRpcBackend::Shutdown: Shutdown sequence completed, destructor will now exit
20260909-07:39.00-165549(us) 2383351 * ~SrpcRpcBackend (srpc_rpc_backend.cc:52): SrpcRpcBackend::~SrpcRpcBackend: START destructor
20260909-07:39.00-165568(us) 2383351 * Stop            (srpc_rpc_backend.cc:589): SrpcRpcBackend::Stop: Already stopped, returning
20260909-07:39.00-165591(us) 2383351 * Shutdown        (srpc_rpc_backend.cc:112): SrpcRpcBackend::Shutdown: About to delete server
20260909-07:39.00-165621(us) 2383351 * Shutdown        (srpc_rpc_backend.cc:129): SrpcRpcBackend::Shutdown: Server pointer is null, skipping deletion
[SHUTDOWN] Worker 1 joined
20260909-07:39.00-165650(us) 2383351 * Shutdown        (srpc_rpc_backend.cc:132): SrpcRpcBackend::Shutdown: About to shutdown poll_thread_worker_
[SHUTDOWN] Joining worker 2
20260909-07:39.00-165692(us) 2383351 * Shutdown        (srpc_rpc_backend.cc:142): SrpcRpcBackend::Shutdown: poll_thread_worker_ is null, skipping shutdown
20260909-07:39.00-165726(us) 2383351 * Shutdown        (srpc_rpc_backend.cc:145): SrpcRpcBackend::Shutdown: Shutdown sequence completed, destructor will now exit
20260909-07:39.00-165748(us) 2383351 * ~SrpcRpcBackend (srpc_rpc_backend.cc:54): SrpcRpcBackend::~SrpcRpcBackend: Shutdown() completed
20260909-07:39.00-165781(us) 2383351 * Shutdown        (srpc_rpc_backend.cc:138): SrpcRpcBackend::Shutdown: poll_thread_worker_->shutdown() completed
[SHUTDOWN] Worker 2 joined
[SHUTDOWN] Joining worker 20260909-07:39.00-165840(us) 2383351 * ~SrpcRpcBackend (srpc_rpc_backend.cc:52): SrpcRpcBackend::~SrpcRpcBackend: START destructor
320260909-07:39.00-165868(us) 2383351 * Stop            (srpc_rpc_backend.cc:589): SrpcRpcBackend::Stop: Already stopped, returning

20260909-07:39.00-165907(us) 2383351 * Shutdown        (srpc_rpc_backend.cc:112): SrpcRpcBackend::Shutdown: About to delete server
20260909-07:39.00-165924(us) 2383351 * Shutdown        (srpc_rpc_backend.cc:129): SrpcRpcBackend::Shutdown: Server pointer is null, skipping deletion
20260909-07:39.00-165943(us) 2383351 * Shutdown        (srpc_rpc_backend.cc:132): SrpcRpcBackend::Shutdown: About to shutdown poll_thread_worker_
20260909-07:39.00-165962(us) 2383351 * Shutdown        (srpc_rpc_backend.cc:142): SrpcRpcBackend::Shutdown: poll_thread_worker_ is null, skipping shutdown
[SHUTDOWN] Worker 3 joined20260909-07:39.00-165988(us) 2383351 * Shutdown        (srpc_rpc_backend.cc:145): SrpcRpcBackend::Shutdown: Shutdown sequence completed, destructor will now exit

[SHUTDOWN] Joining worker 4
20260909-07:39.00-166014(us) 2383351 * ~SrpcRpcBackend (srpc_rpc_backend.cc:54): SrpcRpcBackend::~SrpcRpcBackend: Shutdown() completed
20260909-07:39.00-166051(us) 2383351 * Shutdown        (srpc_rpc_backend.cc:138): SrpcRpcBackend::Shutdown: poll_thread_worker_->shutdown() completed
20260909-07:39.00-166088(us) 2383351 * Shutdown        (srpc_rpc_backend.cc:140): SrpcRpcBackend::Shutdown: poll_thread_worker_ reset to None
20260909-07:39.00-166113(us) 2383351 * Shutdown        (srpc_rpc_backend.cc:145): SrpcRpcBackend::Shutdown: Shutdown sequence completed, destructor will now exit
20260909-07:39.00-166133(us) 2383351 * ~SrpcRpcBackend (srpc_rpc_backend.cc:52): SrpcRpcBackend::~SrpcRpcBackend: START destructor
20260909-07:39.00-166163(us) 2383351 * Stop            (srpc_rpc_backend.cc:589): SrpcRpcBackend::Stop: Already stopped, returning
20260909-07:39.00-166181(us) 2383351 * Shutdown        (srpc_rpc_backend.cc:112): SrpcRpcBackend::Shutdown: About to delete server
20260909-07:39.00-166198(us) 2383351 * Shutdown        (srpc_rpc_backend.cc:129): SrpcRpcBackend::Shutdown: Server pointer is null, skipping deletion
20260909-07:39.00-166216(us) 2383351 * Shutdown        (srpc_rpc_backend.cc:132): SrpcRpcBackend::Shutdown: About to shutdown poll_thread_worker_
20260909-07:39.00-166231(us) 2383351 * Shutdown        (srpc_rpc_backend.cc:142): SrpcRpcBackend::Shutdown: poll_thread_worker_ is null, skipping shutdown
20260909-07:39.00-166253(us) 2383351 * Shutdown        (srpc_rpc_backend.cc:145): SrpcRpcBackend::Shutdown: Shutdown sequence completed, destructor will now exit
20260909-07:39.00-166275(us) 2383351 * ~SrpcRpcBackend (srpc_rpc_backend.cc:54): SrpcRpcBackend::~SrpcRpcBackend: Shutdown() completed
20260909-07:39.00-166300(us) 2383351 * Shutdown        (srpc_rpc_backend.cc:140): SrpcRpcBackend::Shutdown: poll_thread_worker_ reset to None
20260909-07:39.00-166321(us) 2383351 * Shutdown        (srpc_rpc_backend.cc:145): SrpcRpcBackend::Shutdown: Shutdown sequence completed, destructor will now exit
20260909-07:39.00-166339(us) 2383351 * ~SrpcRpcBackend (srpc_rpc_backend.cc:52): SrpcRpcBackend::~SrpcRpcBackend: START destructor
20260909-07:39.00-166354(us) 2383351 * Stop            (srpc_rpc_backend.cc:589): SrpcRpcBackend::Stop: Already stopped, returning
20260909-07:39.00-166372(us) 2383351 * Shutdown        (srpc_rpc_backend.cc:112): SrpcRpcBackend::Shutdown: About to delete server
20260909-07:39.00-166390(us) 2383351 * Shutdown        (srpc_rpc_backend.cc:129): SrpcRpcBackend::Shutdown: Server pointer is null, skipping deletion
[SHUTDOWN] Worker 4 joined
20260909-07:39.00-166412(us) 2383351 * Shutdown        (srpc_rpc_backend.cc:132): SrpcRpcBackend::Shutdown: About to shutdown poll_thread_worker_
[SHUTDOWN] Joining worker 5
20260909-07:39.00-166452(us) 2383351 * Shutdown        (srpc_rpc_backend.cc:142): SrpcRpcBackend::Shutdown: poll_thread_worker_ is null, skipping shutdown
20260909-07:39.00-166492(us) 2383351 * Shutdown        (srpc_rpc_backend.cc:145): SrpcRpcBackend::Shutdown: Shutdown sequence completed, destructor will now exit
20260909-07:39.00-166505(us) 2383351 * ~SrpcRpcBackend (srpc_rpc_backend.cc:54): SrpcRpcBackend::~SrpcRpcBackend: Shutdown() completed
[SHUTDOWN] Worker 5 joined
[SHUTDOWN] Joining worker 6
[SHUTDOWN] Worker 6 joined
[SHUTDOWN] Joining worker 7
[SHUTDOWN] Worker 7 joined
[SHUTDOWN] Joining worker 8
[SHUTDOWN] Worker 8 joined
[SHUTDOWN] Joining worker 9
[SHUTDOWN] Worker 9 joined
[SHUTDOWN] Joining worker 10
[SHUTDOWN] Worker 10 joined
[SHUTDOWN] Joining worker 11
[SHUTDOWN] Worker 11 joined
[SHUTDOWN] Joining worker 12
[SHUTDOWN] Worker 12 joined
[SHUTDOWN] Joining worker 13
[SHUTDOWN] Worker 13 joined
[SHUTDOWN] Joining worker 14
[SHUTDOWN] Worker 14 joined
[SHUTDOWN] Joining worker 15
[SHUTDOWN] Worker 15 joined
[SHUTDOWN] All workers joined
[SHUTDOWN] Calling stop_rpc_server()
[STOP_SERVER] Stopping 2 server transports
[STOP_SERVER] Stopping server transport 0
20260909-07:39.00-167495(us) 2383351 * Stop            (srpc_rpc_backend.cc:593): SrpcRpcBackend::Stop: BEGIN - Setting stop flag
20260909-07:39.00-167525(us) 2383351 * Stop            (srpc_rpc_backend.cc:596): SrpcRpcBackend::Stop: Waiting for event loop to exit...
20260909-07:39.00-167556(us) 2383351 * RunEventLoop    (srpc_rpc_backend.cc:577): SrpcRpcBackend::RunEventLoop: Stop flag detected, exiting event loop
20260909-07:39.00-167581(us) 2383351 * RunEventLoop    (srpc_rpc_backend.cc:581): SrpcRpcBackend::RunEventLoop: Exited cleanly
20260909-07:39.00-167595(us) 2383351 * rpc_server      (rpc_setup.cc:126): the rpc_server is terminated on shardIdx:0, alpha:0!
20260909-07:39.00-177616(us) 2383351 * Stop            (srpc_rpc_backend.cc:612): SrpcRpcBackend::Stop: Event loop exited successfully
20260909-07:39.00-177643(us) 2383351 * Stop            (srpc_rpc_backend.cc:616): SrpcRpcBackend::Stop: Signaling 0 request queues to stop
20260909-07:39.00-177663(us) 2383351 * Stop            (srpc_rpc_backend.cc:624): SrpcRpcBackend::Stop: Signaling 0 response queues to stop
20260909-07:39.00-177683(us) 2383351 * Stop            (srpc_rpc_backend.cc:635): SrpcRpcBackend::Stop: Server cleanup deferred to destructor
20260909-07:39.00-177702(us) 2383351 * Stop            (srpc_rpc_backend.cc:638): SrpcRpcBackend::Stop: Closing client connections
20260909-07:39.00-177722(us) 2383351 * Stop            (srpc_rpc_backend.cc:642): SrpcRpcBackend::Stop: Found 0 client connections to close
20260909-07:39.00-177741(us) 2383351 * Stop            (srpc_rpc_backend.cc:662): SrpcRpcBackend::Stop: Closed 0 client connections
20260909-07:39.00-177760(us) 2383351 * Stop            (srpc_rpc_backend.cc:675): SrpcRpcBackend stats: msg_size_resp_sent: 0 bytes, counter: 0, avg: 0.000000
20260909-07:39.00-177782(us) 2383351 * Stop            (srpc_rpc_backend.cc:676): SrpcRpcBackend::Stop: END
[STOP_SERVER] Server transport 0 stopped
[STOP_SERVER] Stopping server transport 1
20260909-07:39.00-177821(us) 2383351 * Stop            (srpc_rpc_backend.cc:593): SrpcRpcBackend::Stop: BEGIN - Setting stop flag
20260909-07:39.00-177852(us) 2383351 * Stop            (srpc_rpc_backend.cc:596): SrpcRpcBackend::Stop: Waiting for event loop to exit...
20260909-07:39.00-177979(us) 2383351 * RunEventLoop    (srpc_rpc_backend.cc:577): SrpcRpcBackend::RunEventLoop: Stop flag detected, exiting event loop
20260909-07:39.00-178007(us) 2383351 * RunEventLoop    (srpc_rpc_backend.cc:581): SrpcRpcBackend::RunEventLoop: Exited cleanly
20260909-07:39.00-178021(us) 2383351 * rpc_server      (rpc_setup.cc:126): the rpc_server is terminated on shardIdx:0, alpha:1!
20260909-07:39.00-187943(us) 2383351 * Stop            (srpc_rpc_backend.cc:612): SrpcRpcBackend::Stop: Event loop exited successfully
20260909-07:39.00-187983(us) 2383351 * Stop            (srpc_rpc_backend.cc:616): SrpcRpcBackend::Stop: Signaling 0 request queues to stop
20260909-07:39.00-188003(us) 2383351 * Stop            (srpc_rpc_backend.cc:624): SrpcRpcBackend::Stop: Signaling 0 response queues to stop
20260909-07:39.00-188020(us) 2383351 * Stop            (srpc_rpc_backend.cc:635): SrpcRpcBackend::Stop: Server cleanup deferred to destructor
20260909-07:39.00-188039(us) 2383351 * Stop            (srpc_rpc_backend.cc:638): SrpcRpcBackend::Stop: Closing client connections
20260909-07:39.00-188055(us) 2383351 * Stop            (srpc_rpc_backend.cc:642): SrpcRpcBackend::Stop: Found 0 client connections to close
20260909-07:39.00-188078(us) 2383351 * Stop            (srpc_rpc_backend.cc:662): SrpcRpcBackend::Stop: Closed 0 client connections
20260909-07:39.00-188095(us) 2383351 * Stop            (srpc_rpc_backend.cc:675): SrpcRpcBackend stats: msg_size_resp_sent: 0 bytes, counter: 0, avg: 0.000000
20260909-07:39.00-188115(us) 2383351 * Stop            (srpc_rpc_backend.cc:676): SrpcRpcBackend::Stop: END
[STOP_SERVER] Server transport 1 stopped
20260909-07:39.00-188270(us) 2383351 * Stop            (srpc_rpc_backend.cc:589): SrpcRpcBackend::Stop: Already stopped, returning
20260909-07:39.00-188290(us) 2383351 * Shutdown        (srpc_rpc_backend.cc:112): SrpcRpcBackend::Shutdown: About to delete server
20260909-07:39.00-188313(us) 2383351 * Shutdown        (srpc_rpc_backend.cc:116): SrpcRpcBackend::Shutdown: Server pointer is valid, deleting...
20260909-07:39.00-188342(us) 2383351 * Shutdown        (srpc_rpc_backend.cc:120): SrpcRpcBackend::Shutdown: Server deleted successfully
20260909-07:39.00-188361(us) 2383351 * Shutdown        (srpc_rpc_backend.cc:132): SrpcRpcBackend::Shutdown: About to shutdown poll_thread_worker_
20260909-07:39.00-188379(us) 2383351 * Shutdown        (srpc_rpc_backend.cc:136): SrpcRpcBackend::Shutdown: poll_thread_worker_ is valid, calling shutdown()
20260909-07:39.00-189151(us) 2383351 * Shutdown        (srpc_rpc_backend.cc:138): SrpcRpcBackend::Shutdown: poll_thread_worker_->shutdown() completed
20260909-07:39.00-189199(us) 2383351 * Shutdown        (srpc_rpc_backend.cc:140): SrpcRpcBackend::Shutdown: poll_thread_worker_ reset to None
20260909-07:39.00-189218(us) 2383351 * Shutdown        (srpc_rpc_backend.cc:145): SrpcRpcBackend::Shutdown: Shutdown sequence completed, destructor will now exit
20260909-07:39.00-189235(us) 2383351 * ~SrpcRpcBackend (srpc_rpc_backend.cc:52): SrpcRpcBackend::~SrpcRpcBackend: START destructor
20260909-07:39.00-189254(us) 2383351 * Stop            (srpc_rpc_backend.cc:589): SrpcRpcBackend::Stop: Already stopped, returning
20260909-07:39.00-189270(us) 2383351 * Shutdown        (srpc_rpc_backend.cc:112): SrpcRpcBackend::Shutdown: About to delete server
20260909-07:39.00-189289(us) 2383351 * Shutdown        (srpc_rpc_backend.cc:129): SrpcRpcBackend::Shutdown: Server pointer is null, skipping deletion
20260909-07:39.00-189310(us) 2383351 * Shutdown        (srpc_rpc_backend.cc:132): SrpcRpcBackend::Shutdown: About to shutdown poll_thread_worker_
20260909-07:39.00-189327(us) 2383351 * Shutdown        (srpc_rpc_backend.cc:142): SrpcRpcBackend::Shutdown: poll_thread_worker_ is null, skipping shutdown
20260909-07:39.00-189350(us) 2383351 * Shutdown        (srpc_rpc_backend.cc:145): SrpcRpcBackend::Shutdown: Shutdown sequence completed, destructor will now exit
20260909-07:39.00-189372(us) 2383351 * ~SrpcRpcBackend (srpc_rpc_backend.cc:54): SrpcRpcBackend::~SrpcRpcBackend: Shutdown() completed
20260909-07:39.00-189430(us) 2383351 * Stop            (srpc_rpc_backend.cc:589): SrpcRpcBackend::Stop: Already stopped, returning
20260909-07:39.00-189449(us) 2383351 * Shutdown        (srpc_rpc_backend.cc:112): SrpcRpcBackend::Shutdown: About to delete server
20260909-07:39.00-189467(us) 2383351 * Shutdown        (srpc_rpc_backend.cc:116): SrpcRpcBackend::Shutdown: Server pointer is valid, deleting...
20260909-07:39.00-189488(us) 2383351 * Shutdown        (srpc_rpc_backend.cc:120): SrpcRpcBackend::Shutdown: Server deleted successfully
20260909-07:39.00-189507(us) 2383351 * Shutdown        (srpc_rpc_backend.cc:132): SrpcRpcBackend::Shutdown: About to shutdown poll_thread_worker_
20260909-07:39.00-189530(us) 2383351 * Shutdown        (srpc_rpc_backend.cc:136): SrpcRpcBackend::Shutdown: poll_thread_worker_ is valid, calling shutdown()
20260909-07:39.00-190407(us) 2383351 * Shutdown        (srpc_rpc_backend.cc:138): SrpcRpcBackend::Shutdown: poll_thread_worker_->shutdown() completed
20260909-07:39.00-190445(us) 2383351 * Shutdown        (srpc_rpc_backend.cc:140): SrpcRpcBackend::Shutdown: poll_thread_worker_ reset to None
20260909-07:39.00-190462(us) 2383351 * Shutdown        (srpc_rpc_backend.cc:145): SrpcRpcBackend::Shutdown: Shutdown sequence completed, destructor will now exit
20260909-07:39.00-190478(us) 2383351 * ~SrpcRpcBackend (srpc_rpc_backend.cc:52): SrpcRpcBackend::~SrpcRpcBackend: START destructor
20260909-07:39.00-190495(us) 2383351 * Stop            (srpc_rpc_backend.cc:589): SrpcRpcBackend::Stop: Already stopped, returning
20260909-07:39.00-190513(us) 2383351 * Shutdown        (srpc_rpc_backend.cc:112): SrpcRpcBackend::Shutdown: About to delete server
20260909-07:39.00-190530(us) 2383351 * Shutdown        (srpc_rpc_backend.cc:129): SrpcRpcBackend::Shutdown: Server pointer is null, skipping deletion
20260909-07:39.00-190557(us) 2383351 * Shutdown        (srpc_rpc_backend.cc:132): SrpcRpcBackend::Shutdown: About to shutdown poll_thread_worker_
20260909-07:39.00-190575(us) 2383351 * Shutdown        (srpc_rpc_backend.cc:142): SrpcRpcBackend::Shutdown: poll_thread_worker_ is null, skipping shutdown
20260909-07:39.00-190592(us) 2383351 * Shutdown        (srpc_rpc_backend.cc:145): SrpcRpcBackend::Shutdown: Shutdown sequence completed, destructor will now exit
20260909-07:39.00-190612(us) 2383351 * ~SrpcRpcBackend (srpc_rpc_backend.cc:54): SrpcRpcBackend::~SrpcRpcBackend: Shutdown() completed
[STOP_SERVER] All server transports stopped
[SHUTDOWN] stop_rpc_server() completed
[SHUTDOWN] Calling second stop()
20260909-07:39.00-190677(us) 2383351 ! stop            (bench.cc:514):     stop all rpc clients. set stop=false
[SHUTDOWN] Second stop() completed
20260909-07:39.00-190700(us) 2383351 ! run             (bench.cc:774):     TPCC_BENCH_MEASURE_END
[SHUTDOWN] Calling do_txn_finish()
[SHUTDOWN] do_txn_finish() completed
--- n_commits per partition ---
 par_id: 0, n_commits: 545594
 par_id: 1, n_commits: 518058
 par_id: 2, n_commits: 518006
 par_id: 3, n_commits: 517691
 par_id: 4, n_commits: 546187
 par_id: 5, n_commits: 560024
 par_id: 6, n_commits: 501340
 par_id: 7, n_commits: 531136
 par_id: 8, n_commits: 532148
 par_id: 9, n_commits: 544526
 par_id: 10, n_commits: 547047
 par_id: 11, n_commits: 532725
 par_id: 12, n_commits: 533505
 par_id: 13, n_commits: 531066
 par_id: 14, n_commits: 499276
 par_id: 15, n_commits: 461086
STO_TPCC_CAPACITY phase=run_complete scope=database allocated_registry_bytes=4720856968 max_registry_bytes=8589934592 registry_headroom_bytes=3869077624
STO_TPCC_CAPACITY phase=run_complete table=customer_0 retained_records=90000 consumed_record_ids=90000 retained_key_bytes=1080000 allocated_registry_bytes=17856776 max_retained_records=18446744073709551615 max_consumed_record_ids=18446744073709551615 max_retained_key_bytes=18446744073709551615
STO_TPCC_CAPACITY phase=run_complete table=customer_1 retained_records=90000 consumed_record_ids=90000 retained_key_bytes=1080000 allocated_registry_bytes=17856776 max_retained_records=18446744073709551615 max_consumed_record_ids=18446744073709551615 max_retained_key_bytes=18446744073709551615
STO_TPCC_CAPACITY phase=run_complete table=customer_2 retained_records=90000 consumed_record_ids=90000 retained_key_bytes=1080000 allocated_registry_bytes=17856776 max_retained_records=18446744073709551615 max_consumed_record_ids=18446744073709551615 max_retained_key_bytes=18446744073709551615
STO_TPCC_CAPACITY phase=run_complete table=customer_3 retained_records=90000 consumed_record_ids=90000 retained_key_bytes=1080000 allocated_registry_bytes=17856776 max_retained_records=18446744073709551615 max_consumed_record_ids=18446744073709551615 max_retained_key_bytes=18446744073709551615
STO_TPCC_CAPACITY phase=run_complete table=customer_4 retained_records=90000 consumed_record_ids=90000 retained_key_bytes=1080000 allocated_registry_bytes=17856776 max_retained_records=18446744073709551615 max_consumed_record_ids=18446744073709551615 max_retained_key_bytes=18446744073709551615
STO_TPCC_CAPACITY phase=run_complete table=customer_5 retained_records=90000 consumed_record_ids=90000 retained_key_bytes=1080000 allocated_registry_bytes=17856776 max_retained_records=18446744073709551615 max_consumed_record_ids=18446744073709551615 max_retained_key_bytes=18446744073709551615
STO_TPCC_CAPACITY phase=run_complete table=customer_6 retained_records=90000 consumed_record_ids=90000 retained_key_bytes=1080000 allocated_registry_bytes=17856776 max_retained_records=18446744073709551615 max_consumed_record_ids=18446744073709551615 max_retained_key_bytes=18446744073709551615
STO_TPCC_CAPACITY phase=run_complete table=customer_7 retained_records=90000 consumed_record_ids=90000 retained_key_bytes=1080000 allocated_registry_bytes=17856776 max_retained_records=18446744073709551615 max_consumed_record_ids=18446744073709551615 max_retained_key_bytes=18446744073709551615
STO_TPCC_CAPACITY phase=run_complete table=customer_8 retained_records=90000 consumed_record_ids=90000 retained_key_bytes=1080000 allocated_registry_bytes=17856776 max_retained_records=18446744073709551615 max_consumed_record_ids=18446744073709551615 max_retained_key_bytes=18446744073709551615
STO_TPCC_CAPACITY phase=run_complete table=customer_9 retained_records=90000 consumed_record_ids=90000 retained_key_bytes=1080000 allocated_registry_bytes=17856776 max_retained_records=18446744073709551615 max_consumed_record_ids=18446744073709551615 max_retained_key_bytes=18446744073709551615
STO_TPCC_CAPACITY phase=run_complete table=customer_10 retained_records=90000 consumed_record_ids=90000 retained_key_bytes=1080000 allocated_registry_bytes=17856776 max_retained_records=18446744073709551615 max_consumed_record_ids=18446744073709551615 max_retained_key_bytes=18446744073709551615
STO_TPCC_CAPACITY phase=run_complete table=customer_11 retained_records=90000 consumed_record_ids=90000 retained_key_bytes=1080000 allocated_registry_bytes=17856776 max_retained_records=18446744073709551615 max_consumed_record_ids=18446744073709551615 max_retained_key_bytes=18446744073709551615
STO_TPCC_CAPACITY phase=run_complete table=customer_12 retained_records=90000 consumed_record_ids=90000 retained_key_bytes=1080000 allocated_registry_bytes=17856776 max_retained_records=18446744073709551615 max_consumed_record_ids=18446744073709551615 max_retained_key_bytes=18446744073709551615
STO_TPCC_CAPACITY phase=run_complete table=customer_13 retained_records=90000 consumed_record_ids=90000 retained_key_bytes=1080000 allocated_registry_bytes=17856776 max_retained_records=18446744073709551615 max_consumed_record_ids=18446744073709551615 max_retained_key_bytes=18446744073709551615
STO_TPCC_CAPACITY phase=run_complete table=customer_14 retained_records=90000 consumed_record_ids=90000 retained_key_bytes=1080000 allocated_registry_bytes=17856776 max_retained_records=18446744073709551615 max_consumed_record_ids=18446744073709551615 max_retained_key_bytes=18446744073709551615
STO_TPCC_CAPACITY phase=run_complete table=customer_15 retained_records=90000 consumed_record_ids=90000 retained_key_bytes=1080000 allocated_registry_bytes=17856776 max_retained_records=18446744073709551615 max_consumed_record_ids=18446744073709551615 max_retained_key_bytes=18446744073709551615
STO_TPCC_CAPACITY phase=run_complete table=customer_name_idx_0 retained_records=30000 consumed_record_ids=30000 retained_key_bytes=1200000 allocated_registry_bytes=2156376 max_retained_records=18446744073709551615 max_consumed_record_ids=18446744073709551615 max_retained_key_bytes=18446744073709551615
STO_TPCC_CAPACITY phase=run_complete table=customer_name_idx_1 retained_records=30000 consumed_record_ids=30000 retained_key_bytes=1200000 allocated_registry_bytes=2156376 max_retained_records=18446744073709551615 max_consumed_record_ids=18446744073709551615 max_retained_key_bytes=18446744073709551615
STO_TPCC_CAPACITY phase=run_complete table=customer_name_idx_2 retained_records=30000 consumed_record_ids=30000 retained_key_bytes=1200000 allocated_registry_bytes=2156376 max_retained_records=18446744073709551615 max_consumed_record_ids=18446744073709551615 max_retained_key_bytes=18446744073709551615
STO_TPCC_CAPACITY phase=run_complete table=customer_name_idx_3 retained_records=30000 consumed_record_ids=30000 retained_key_bytes=1200000 allocated_registry_bytes=2156376 max_retained_records=18446744073709551615 max_consumed_record_ids=18446744073709551615 max_retained_key_bytes=18446744073709551615
STO_TPCC_CAPACITY phase=run_complete table=customer_name_idx_4 retained_records=30000 consumed_record_ids=30000 retained_key_bytes=1200000 allocated_registry_bytes=2156376 max_retained_records=18446744073709551615 max_consumed_record_ids=18446744073709551615 max_retained_key_bytes=18446744073709551615
STO_TPCC_CAPACITY phase=run_complete table=customer_name_idx_5 retained_records=30000 consumed_record_ids=30000 retained_key_bytes=1200000 allocated_registry_bytes=2156376 max_retained_records=18446744073709551615 max_consumed_record_ids=18446744073709551615 max_retained_key_bytes=18446744073709551615
STO_TPCC_CAPACITY phase=run_complete table=customer_name_idx_6 retained_records=30000 consumed_record_ids=30000 retained_key_bytes=1200000 allocated_registry_bytes=2156376 max_retained_records=18446744073709551615 max_consumed_record_ids=18446744073709551615 max_retained_key_bytes=18446744073709551615
STO_TPCC_CAPACITY phase=run_complete table=customer_name_idx_7 retained_records=30000 consumed_record_ids=30000 retained_key_bytes=1200000 allocated_registry_bytes=2156376 max_retained_records=18446744073709551615 max_consumed_record_ids=18446744073709551615 max_retained_key_bytes=18446744073709551615
STO_TPCC_CAPACITY phase=run_complete table=customer_name_idx_8 retained_records=30000 consumed_record_ids=30000 retained_key_bytes=1200000 allocated_registry_bytes=2156376 max_retained_records=18446744073709551615 max_consumed_record_ids=18446744073709551615 max_retained_key_bytes=18446744073709551615
STO_TPCC_CAPACITY phase=run_complete table=customer_name_idx_9 retained_records=30000 consumed_record_ids=30000 retained_key_bytes=1200000 allocated_registry_bytes=2156376 max_retained_records=18446744073709551615 max_consumed_record_ids=18446744073709551615 max_retained_key_bytes=18446744073709551615
STO_TPCC_CAPACITY phase=run_complete table=customer_name_idx_10 retained_records=30000 consumed_record_ids=30000 retained_key_bytes=1200000 allocated_registry_bytes=2156376 max_retained_records=18446744073709551615 max_consumed_record_ids=18446744073709551615 max_retained_key_bytes=18446744073709551615
STO_TPCC_CAPACITY phase=run_complete table=customer_name_idx_11 retained_records=30000 consumed_record_ids=30000 retained_key_bytes=1200000 allocated_registry_bytes=2156376 max_retained_records=18446744073709551615 max_consumed_record_ids=18446744073709551615 max_retained_key_bytes=18446744073709551615
STO_TPCC_CAPACITY phase=run_complete table=customer_name_idx_12 retained_records=30000 consumed_record_ids=30000 retained_key_bytes=1200000 allocated_registry_bytes=2156376 max_retained_records=18446744073709551615 max_consumed_record_ids=18446744073709551615 max_retained_key_bytes=18446744073709551615
STO_TPCC_CAPACITY phase=run_complete table=customer_name_idx_13 retained_records=30000 consumed_record_ids=30000 retained_key_bytes=1200000 allocated_registry_bytes=2156376 max_retained_records=18446744073709551615 max_consumed_record_ids=18446744073709551615 max_retained_key_bytes=18446744073709551615
STO_TPCC_CAPACITY phase=run_complete table=customer_name_idx_14 retained_records=30000 consumed_record_ids=30000 retained_key_bytes=1200000 allocated_registry_bytes=2156376 max_retained_records=18446744073709551615 max_consumed_record_ids=18446744073709551615 max_retained_key_bytes=18446744073709551615
STO_TPCC_CAPACITY phase=run_complete table=customer_name_idx_15 retained_records=30000 consumed_record_ids=30000 retained_key_bytes=1200000 allocated_registry_bytes=2156376 max_retained_records=18446744073709551615 max_consumed_record_ids=18446744073709551615 max_retained_key_bytes=18446744073709551615
STO_TPCC_CAPACITY phase=run_complete table=district_0 retained_records=10 consumed_record_ids=10 retained_key_bytes=80 allocated_registry_bytes=205424 max_retained_records=18446744073709551615 max_consumed_record_ids=18446744073709551615 max_retained_key_bytes=18446744073709551615
STO_TPCC_CAPACITY phase=run_complete table=district_1 retained_records=10 consumed_record_ids=10 retained_key_bytes=80 allocated_registry_bytes=205424 max_retained_records=18446744073709551615 max_consumed_record_ids=18446744073709551615 max_retained_key_bytes=18446744073709551615
STO_TPCC_CAPACITY phase=run_complete table=district_2 retained_records=10 consumed_record_ids=10 retained_key_bytes=80 allocated_registry_bytes=205424 max_retained_records=18446744073709551615 max_consumed_record_ids=18446744073709551615 max_retained_key_bytes=18446744073709551615
STO_TPCC_CAPACITY phase=run_complete table=district_3 retained_records=10 consumed_record_ids=10 retained_key_bytes=80 allocated_registry_bytes=205424 max_retained_records=18446744073709551615 max_consumed_record_ids=18446744073709551615 max_retained_key_bytes=18446744073709551615
STO_TPCC_CAPACITY phase=run_complete table=district_4 retained_records=10 consumed_record_ids=10 retained_key_bytes=80 allocated_registry_bytes=205424 max_retained_records=18446744073709551615 max_consumed_record_ids=18446744073709551615 max_retained_key_bytes=18446744073709551615
STO_TPCC_CAPACITY phase=run_complete table=district_5 retained_records=10 consumed_record_ids=10 retained_key_bytes=80 allocated_registry_bytes=205424 max_retained_records=18446744073709551615 max_consumed_record_ids=18446744073709551615 max_retained_key_bytes=18446744073709551615
STO_TPCC_CAPACITY phase=run_complete table=district_6 retained_records=10 consumed_record_ids=10 retained_key_bytes=80 allocated_registry_bytes=205424 max_retained_records=18446744073709551615 max_consumed_record_ids=18446744073709551615 max_retained_key_bytes=18446744073709551615
STO_TPCC_CAPACITY phase=run_complete table=district_7 retained_records=10 consumed_record_ids=10 retained_key_bytes=80 allocated_registry_bytes=205424 max_retained_records=18446744073709551615 max_consumed_record_ids=18446744073709551615 max_retained_key_bytes=18446744073709551615
STO_TPCC_CAPACITY phase=run_complete table=district_8 retained_records=10 consumed_record_ids=10 retained_key_bytes=80 allocated_registry_bytes=205424 max_retained_records=18446744073709551615 max_consumed_record_ids=18446744073709551615 max_retained_key_bytes=18446744073709551615
STO_TPCC_CAPACITY phase=run_complete table=district_9 retained_records=10 consumed_record_ids=10 retained_key_bytes=80 allocated_registry_bytes=205424 max_retained_records=18446744073709551615 max_consumed_record_ids=18446744073709551615 max_retained_key_bytes=18446744073709551615
STO_TPCC_CAPACITY phase=run_complete table=district_10 retained_records=10 consumed_record_ids=10 retained_key_bytes=80 allocated_registry_bytes=205424 max_retained_records=18446744073709551615 max_consumed_record_ids=18446744073709551615 max_retained_key_bytes=18446744073709551615
STO_TPCC_CAPACITY phase=run_complete table=district_11 retained_records=10 consumed_record_ids=10 retained_key_bytes=80 allocated_registry_bytes=205424 max_retained_records=18446744073709551615 max_consumed_record_ids=18446744073709551615 max_retained_key_bytes=18446744073709551615
STO_TPCC_CAPACITY phase=run_complete table=district_12 retained_records=10 consumed_record_ids=10 retained_key_bytes=80 allocated_registry_bytes=205424 max_retained_records=18446744073709551615 max_consumed_record_ids=18446744073709551615 max_retained_key_bytes=18446744073709551615
STO_TPCC_CAPACITY phase=run_complete table=district_13 retained_records=10 consumed_record_ids=10 retained_key_bytes=80 allocated_registry_bytes=205424 max_retained_records=18446744073709551615 max_consumed_record_ids=18446744073709551615 max_retained_key_bytes=18446744073709551615
STO_TPCC_CAPACITY phase=run_complete table=district_14 retained_records=10 consumed_record_ids=10 retained_key_bytes=80 allocated_registry_bytes=205424 max_retained_records=18446744073709551615 max_consumed_record_ids=18446744073709551615 max_retained_key_bytes=18446744073709551615
STO_TPCC_CAPACITY phase=run_complete table=district_15 retained_records=10 consumed_record_ids=10 retained_key_bytes=80 allocated_registry_bytes=205424 max_retained_records=18446744073709551615 max_consumed_record_ids=18446744073709551615 max_retained_key_bytes=18446744073709551615
STO_TPCC_CAPACITY phase=run_complete table=history_0 retained_records=264877 consumed_record_ids=264877 retained_key_bytes=6357048 allocated_registry_bytes=18610800 max_retained_records=18446744073709551615 max_consumed_record_ids=18446744073709551615 max_retained_key_bytes=18446744073709551615
STO_TPCC_CAPACITY phase=run_complete table=history_1 retained_records=252447 consumed_record_ids=252447 retained_key_bytes=6058728 allocated_registry_bytes=17735632 max_retained_records=18446744073709551615 max_consumed_record_ids=18446744073709551615 max_retained_key_bytes=18446744073709551615
STO_TPCC_CAPACITY phase=run_complete table=history_2 retained_records=252833 consumed_record_ids=252833 retained_key_bytes=6067992 allocated_registry_bytes=17735632 max_retained_records=18446744073709551615 max_consumed_record_ids=18446744073709551615 max_retained_key_bytes=18446744073709551615
STO_TPCC_CAPACITY phase=run_complete table=history_3 retained_records=252299 consumed_record_ids=252299 retained_key_bytes=6055176 allocated_registry_bytes=17735632 max_retained_records=18446744073709551615 max_consumed_record_ids=18446744073709551615 max_retained_key_bytes=18446744073709551615
STO_TPCC_CAPACITY phase=run_complete table=history_4 retained_records=264706 consumed_record_ids=264706 retained_key_bytes=6352944 allocated_registry_bytes=18610800 max_retained_records=18446744073709551615 max_consumed_record_ids=18446744073709551615 max_retained_key_bytes=18446744073709551615
STO_TPCC_CAPACITY phase=run_complete table=history_5 retained_records=270595 consumed_record_ids=270595 retained_key_bytes=6494280 allocated_registry_bytes=19041216 max_retained_records=18446744073709551615 max_consumed_record_ids=18446744073709551615 max_retained_key_bytes=18446744073709551615
STO_TPCC_CAPACITY phase=run_complete table=history_6 retained_records=245899 consumed_record_ids=245899 retained_key_bytes=5901576 allocated_registry_bytes=17305216 max_retained_records=18446744073709551615 max_consumed_record_ids=18446744073709551615 max_retained_key_bytes=18446744073709551615
STO_TPCC_CAPACITY phase=run_complete table=history_7 retained_records=258085 consumed_record_ids=258085 retained_key_bytes=6194040 allocated_registry_bytes=18166048 max_retained_records=18446744073709551615 max_consumed_record_ids=18446744073709551615 max_retained_key_bytes=18446744073709551615
STO_TPCC_CAPACITY phase=run_complete table=history_8 retained_records=258560 consumed_record_ids=258560 retained_key_bytes=6205440 allocated_registry_bytes=18166048 max_retained_records=18446744073709551615 max_consumed_record_ids=18446744073709551615 max_retained_key_bytes=18446744073709551615
STO_TPCC_CAPACITY phase=run_complete table=history_9 retained_records=264399 consumed_record_ids=264399 retained_key_bytes=6345576 allocated_registry_bytes=18610800 max_retained_records=18446744073709551615 max_consumed_record_ids=18446744073709551615 max_retained_key_bytes=18446744073709551615
STO_TPCC_CAPACITY phase=run_complete table=history_10 retained_records=265582 consumed_record_ids=265582 retained_key_bytes=6373968 allocated_registry_bytes=18682536 max_retained_records=18446744073709551615 max_consumed_record_ids=18446744073709551615 max_retained_key_bytes=18446744073709551615
STO_TPCC_CAPACITY phase=run_complete table=history_11 retained_records=259308 consumed_record_ids=259308 retained_key_bytes=6223392 allocated_registry_bytes=18237784 max_retained_records=18446744073709551615 max_consumed_record_ids=18446744073709551615 max_retained_key_bytes=18446744073709551615
STO_TPCC_CAPACITY phase=run_complete table=history_12 retained_records=260065 consumed_record_ids=260065 retained_key_bytes=6241560 allocated_registry_bytes=18237784 max_retained_records=18446744073709551615 max_consumed_record_ids=18446744073709551615 max_retained_key_bytes=18446744073709551615
STO_TPCC_CAPACITY phase=run_complete table=history_13 retained_records=257939 consumed_record_ids=257939 retained_key_bytes=6190536 allocated_registry_bytes=18094312 max_retained_records=18446744073709551615 max_consumed_record_ids=18446744073709551615 max_retained_key_bytes=18446744073709551615
STO_TPCC_CAPACITY phase=run_complete table=history_14 retained_records=244822 consumed_record_ids=244822 retained_key_bytes=5875728 allocated_registry_bytes=17233480 max_retained_records=18446744073709551615 max_consumed_record_ids=18446744073709551615 max_retained_key_bytes=18446744073709551615
STO_TPCC_CAPACITY phase=run_complete table=history_15 retained_records=228576 consumed_record_ids=228576 retained_key_bytes=5485824 allocated_registry_bytes=16085704 max_retained_records=18446744073709551615 max_consumed_record_ids=18446744073709551615 max_retained_key_bytes=18446744073709551615
STO_TPCC_CAPACITY phase=run_complete table=new_order_0 retained_records=254528 consumed_record_ids=254528 retained_key_bytes=3054336 allocated_registry_bytes=17879104 max_retained_records=18446744073709551615 max_consumed_record_ids=18446744073709551615 max_retained_key_bytes=18446744073709551615
STO_TPCC_CAPACITY phase=run_complete table=new_order_1 retained_records=242172 consumed_record_ids=242172 retained_key_bytes=2906064 allocated_registry_bytes=17018272 max_retained_records=18446744073709551615 max_consumed_record_ids=18446744073709551615 max_retained_key_bytes=18446744073709551615
STO_TPCC_CAPACITY phase=run_complete table=new_order_2 retained_records=242129 consumed_record_ids=242129 retained_key_bytes=2905548 allocated_registry_bytes=17018272 max_retained_records=18446744073709551615 max_consumed_record_ids=18446744073709551615 max_retained_key_bytes=18446744073709551615
STO_TPCC_CAPACITY phase=run_complete table=new_order_3 retained_records=242321 consumed_record_ids=242321 retained_key_bytes=2907852 allocated_registry_bytes=17018272 max_retained_records=18446744073709551615 max_consumed_record_ids=18446744073709551615 max_retained_key_bytes=18446744073709551615
STO_TPCC_CAPACITY phase=run_complete table=new_order_4 retained_records=254712 consumed_record_ids=254712 retained_key_bytes=3056544 allocated_registry_bytes=17879104 max_retained_records=18446744073709551615 max_consumed_record_ids=18446744073709551615 max_retained_key_bytes=18446744073709551615
STO_TPCC_CAPACITY phase=run_complete table=new_order_5 retained_records=261076 consumed_record_ids=261076 retained_key_bytes=3132912 allocated_registry_bytes=18309520 max_retained_records=18446744073709551615 max_consumed_record_ids=18446744073709551615 max_retained_key_bytes=18446744073709551615
STO_TPCC_CAPACITY phase=run_complete table=new_order_6 retained_records=234835 consumed_record_ids=234835 retained_key_bytes=2818020 allocated_registry_bytes=16516120 max_retained_records=18446744073709551615 max_consumed_record_ids=18446744073709551615 max_retained_key_bytes=18446744073709551615
STO_TPCC_CAPACITY phase=run_complete table=new_order_7 retained_records=248358 consumed_record_ids=248358 retained_key_bytes=2980296 allocated_registry_bytes=17448688 max_retained_records=18446744073709551615 max_consumed_record_ids=18446744073709551615 max_retained_key_bytes=18446744073709551615
STO_TPCC_CAPACITY phase=run_complete table=new_order_8 retained_records=248732 consumed_record_ids=248732 retained_key_bytes=2984784 allocated_registry_bytes=17448688 max_retained_records=18446744073709551615 max_consumed_record_ids=18446744073709551615 max_retained_key_bytes=18446744073709551615
STO_TPCC_CAPACITY phase=run_complete table=new_order_9 retained_records=254366 consumed_record_ids=254366 retained_key_bytes=3052392 allocated_registry_bytes=17879104 max_retained_records=18446744073709551615 max_consumed_record_ids=18446744073709551615 max_retained_key_bytes=18446744073709551615
STO_TPCC_CAPACITY phase=run_complete table=new_order_10 retained_records=254496 consumed_record_ids=254496 retained_key_bytes=3053952 allocated_registry_bytes=17879104 max_retained_records=18446744073709551615 max_consumed_record_ids=18446744073709551615 max_retained_key_bytes=18446744073709551615
STO_TPCC_CAPACITY phase=run_complete table=new_order_11 retained_records=248296 consumed_record_ids=248296 retained_key_bytes=2979552 allocated_registry_bytes=17448688 max_retained_records=18446744073709551615 max_consumed_record_ids=18446744073709551615 max_retained_key_bytes=18446744073709551615
STO_TPCC_CAPACITY phase=run_complete table=new_order_12 retained_records=248441 consumed_record_ids=248441 retained_key_bytes=2981292 allocated_registry_bytes=17448688 max_retained_records=18446744073709551615 max_consumed_record_ids=18446744073709551615 max_retained_key_bytes=18446744073709551615
STO_TPCC_CAPACITY phase=run_complete table=new_order_13 retained_records=248315 consumed_record_ids=248315 retained_key_bytes=2979780 allocated_registry_bytes=17448688 max_retained_records=18446744073709551615 max_consumed_record_ids=18446744073709551615 max_retained_key_bytes=18446744073709551615
STO_TPCC_CAPACITY phase=run_complete table=new_order_14 retained_records=234026 consumed_record_ids=234026 retained_key_bytes=2808312 allocated_registry_bytes=16444384 max_retained_records=18446744073709551615 max_consumed_record_ids=18446744073709551615 max_retained_key_bytes=18446744073709551615
STO_TPCC_CAPACITY phase=run_complete table=new_order_15 retained_records=216546 consumed_record_ids=216546 retained_key_bytes=2598552 allocated_registry_bytes=15224872 max_retained_records=18446744073709551615 max_consumed_record_ids=18446744073709551615 max_retained_key_bytes=18446744073709551615
STO_TPCC_CAPACITY phase=run_complete table=oorder_0 retained_records=275528 consumed_record_ids=275528 retained_key_bytes=3306336 allocated_registry_bytes=19399896 max_retained_records=18446744073709551615 max_consumed_record_ids=18446744073709551615 max_retained_key_bytes=18446744073709551615
STO_TPCC_CAPACITY phase=run_complete table=oorder_1 retained_records=263172 consumed_record_ids=263172 retained_key_bytes=3158064 allocated_registry_bytes=18539064 max_retained_records=18446744073709551615 max_consumed_record_ids=18446744073709551615 max_retained_key_bytes=18446744073709551615
STO_TPCC_CAPACITY phase=run_complete table=oorder_2 retained_records=263129 consumed_record_ids=263129 retained_key_bytes=3157548 allocated_registry_bytes=18467328 max_retained_records=18446744073709551615 max_consumed_record_ids=18446744073709551615 max_retained_key_bytes=18446744073709551615
STO_TPCC_CAPACITY phase=run_complete table=oorder_3 retained_records=263321 consumed_record_ids=263321 retained_key_bytes=3159852 allocated_registry_bytes=18539064 max_retained_records=18446744073709551615 max_consumed_record_ids=18446744073709551615 max_retained_key_bytes=18446744073709551615
STO_TPCC_CAPACITY phase=run_complete table=oorder_4 retained_records=275712 consumed_record_ids=275712 retained_key_bytes=3308544 allocated_registry_bytes=19399896 max_retained_records=18446744073709551615 max_consumed_record_ids=18446744073709551615 max_retained_key_bytes=18446744073709551615
STO_TPCC_CAPACITY phase=run_complete table=oorder_5 retained_records=282076 consumed_record_ids=282076 retained_key_bytes=3384912 allocated_registry_bytes=19830312 max_retained_records=18446744073709551615 max_consumed_record_ids=18446744073709551615 max_retained_key_bytes=18446744073709551615
STO_TPCC_CAPACITY phase=run_complete table=oorder_6 retained_records=255835 consumed_record_ids=255835 retained_key_bytes=3070020 allocated_registry_bytes=17950840 max_retained_records=18446744073709551615 max_consumed_record_ids=18446744073709551615 max_retained_key_bytes=18446744073709551615
STO_TPCC_CAPACITY phase=run_complete table=oorder_7 retained_records=269358 consumed_record_ids=269358 retained_key_bytes=3232296 allocated_registry_bytes=18969480 max_retained_records=18446744073709551615 max_consumed_record_ids=18446744073709551615 max_retained_key_bytes=18446744073709551615
STO_TPCC_CAPACITY phase=run_complete table=oorder_8 retained_records=269732 consumed_record_ids=269732 retained_key_bytes=3236784 allocated_registry_bytes=18969480 max_retained_records=18446744073709551615 max_consumed_record_ids=18446744073709551615 max_retained_key_bytes=18446744073709551615
STO_TPCC_CAPACITY phase=run_complete table=oorder_9 retained_records=275366 consumed_record_ids=275366 retained_key_bytes=3304392 allocated_registry_bytes=19328160 max_retained_records=18446744073709551615 max_consumed_record_ids=18446744073709551615 max_retained_key_bytes=18446744073709551615
STO_TPCC_CAPACITY phase=run_complete table=oorder_10 retained_records=275496 consumed_record_ids=275496 retained_key_bytes=3305952 allocated_registry_bytes=19399896 max_retained_records=18446744073709551615 max_consumed_record_ids=18446744073709551615 max_retained_key_bytes=18446744073709551615
STO_TPCC_CAPACITY phase=run_complete table=oorder_11 retained_records=269296 consumed_record_ids=269296 retained_key_bytes=3231552 allocated_registry_bytes=18897744 max_retained_records=18446744073709551615 max_consumed_record_ids=18446744073709551615 max_retained_key_bytes=18446744073709551615
STO_TPCC_CAPACITY phase=run_complete table=oorder_12 retained_records=269441 consumed_record_ids=269441 retained_key_bytes=3233292 allocated_registry_bytes=18969480 max_retained_records=18446744073709551615 max_consumed_record_ids=18446744073709551615 max_retained_key_bytes=18446744073709551615
STO_TPCC_CAPACITY phase=run_complete table=oorder_13 retained_records=269315 consumed_record_ids=269315 retained_key_bytes=3231780 allocated_registry_bytes=18969480 max_retained_records=18446744073709551615 max_consumed_record_ids=18446744073709551615 max_retained_key_bytes=18446744073709551615
STO_TPCC_CAPACITY phase=run_complete table=oorder_14 retained_records=255026 consumed_record_ids=255026 retained_key_bytes=3060312 allocated_registry_bytes=17950840 max_retained_records=18446744073709551615 max_consumed_record_ids=18446744073709551615 max_retained_key_bytes=18446744073709551615
STO_TPCC_CAPACITY phase=run_complete table=oorder_15 retained_records=237546 consumed_record_ids=237546 retained_key_bytes=2850552 allocated_registry_bytes=16659592 max_retained_records=18446744073709551615 max_consumed_record_ids=18446744073709551615 max_retained_key_bytes=18446744073709551615
STO_TPCC_CAPACITY phase=run_complete table=oorder_c_id_idx_0 retained_records=275528 consumed_record_ids=275528 retained_key_bytes=4408448 allocated_registry_bytes=19399896 max_retained_records=18446744073709551615 max_consumed_record_ids=18446744073709551615 max_retained_key_bytes=18446744073709551615
STO_TPCC_CAPACITY phase=run_complete table=oorder_c_id_idx_1 retained_records=263172 consumed_record_ids=263172 retained_key_bytes=4210752 allocated_registry_bytes=18539064 max_retained_records=18446744073709551615 max_consumed_record_ids=18446744073709551615 max_retained_key_bytes=18446744073709551615
STO_TPCC_CAPACITY phase=run_complete table=oorder_c_id_idx_2 retained_records=263129 consumed_record_ids=263129 retained_key_bytes=4210064 allocated_registry_bytes=18467328 max_retained_records=18446744073709551615 max_consumed_record_ids=18446744073709551615 max_retained_key_bytes=18446744073709551615
STO_TPCC_CAPACITY phase=run_complete table=oorder_c_id_idx_3 retained_records=263321 consumed_record_ids=263321 retained_key_bytes=4213136 allocated_registry_bytes=18539064 max_retained_records=18446744073709551615 max_consumed_record_ids=18446744073709551615 max_retained_key_bytes=18446744073709551615
STO_TPCC_CAPACITY phase=run_complete table=oorder_c_id_idx_4 retained_records=275712 consumed_record_ids=275712 retained_key_bytes=4411392 allocated_registry_bytes=19399896 max_retained_records=18446744073709551615 max_consumed_record_ids=18446744073709551615 max_retained_key_bytes=18446744073709551615
STO_TPCC_CAPACITY phase=run_complete table=oorder_c_id_idx_5 retained_records=282076 consumed_record_ids=282076 retained_key_bytes=4513216 allocated_registry_bytes=19830312 max_retained_records=18446744073709551615 max_consumed_record_ids=18446744073709551615 max_retained_key_bytes=18446744073709551615
STO_TPCC_CAPACITY phase=run_complete table=oorder_c_id_idx_6 retained_records=255835 consumed_record_ids=255835 retained_key_bytes=4093360 allocated_registry_bytes=17950840 max_retained_records=18446744073709551615 max_consumed_record_ids=18446744073709551615 max_retained_key_bytes=18446744073709551615
STO_TPCC_CAPACITY phase=run_complete table=oorder_c_id_idx_7 retained_records=269358 consumed_record_ids=269358 retained_key_bytes=4309728 allocated_registry_bytes=18969480 max_retained_records=18446744073709551615 max_consumed_record_ids=18446744073709551615 max_retained_key_bytes=18446744073709551615
STO_TPCC_CAPACITY phase=run_complete table=oorder_c_id_idx_8 retained_records=269732 consumed_record_ids=269732 retained_key_bytes=4315712 allocated_registry_bytes=18969480 max_retained_records=18446744073709551615 max_consumed_record_ids=18446744073709551615 max_retained_key_bytes=18446744073709551615
STO_TPCC_CAPACITY phase=run_complete table=oorder_c_id_idx_9 retained_records=275366 consumed_record_ids=275366 retained_key_bytes=4405856 allocated_registry_bytes=19328160 max_retained_records=18446744073709551615 max_consumed_record_ids=18446744073709551615 max_retained_key_bytes=18446744073709551615
STO_TPCC_CAPACITY phase=run_complete table=oorder_c_id_idx_10 retained_records=275496 consumed_record_ids=275496 retained_key_bytes=4407936 allocated_registry_bytes=19399896 max_retained_records=18446744073709551615 max_consumed_record_ids=18446744073709551615 max_retained_key_bytes=18446744073709551615
STO_TPCC_CAPACITY phase=run_complete table=oorder_c_id_idx_11 retained_records=269296 consumed_record_ids=269296 retained_key_bytes=4308736 allocated_registry_bytes=18897744 max_retained_records=18446744073709551615 max_consumed_record_ids=18446744073709551615 max_retained_key_bytes=18446744073709551615
STO_TPCC_CAPACITY phase=run_complete table=oorder_c_id_idx_12 retained_records=269441 consumed_record_ids=269441 retained_key_bytes=4311056 allocated_registry_bytes=18969480 max_retained_records=18446744073709551615 max_consumed_record_ids=18446744073709551615 max_retained_key_bytes=18446744073709551615
STO_TPCC_CAPACITY phase=run_complete table=oorder_c_id_idx_13 retained_records=269315 consumed_record_ids=269315 retained_key_bytes=4309040 allocated_registry_bytes=18969480 max_retained_records=18446744073709551615 max_consumed_record_ids=18446744073709551615 max_retained_key_bytes=18446744073709551615
STO_TPCC_CAPACITY phase=run_complete table=oorder_c_id_idx_14 retained_records=255026 consumed_record_ids=255026 retained_key_bytes=4080416 allocated_registry_bytes=17950840 max_retained_records=18446744073709551615 max_consumed_record_ids=18446744073709551615 max_retained_key_bytes=18446744073709551615
STO_TPCC_CAPACITY phase=run_complete table=oorder_c_id_idx_15 retained_records=237546 consumed_record_ids=237546 retained_key_bytes=3800736 allocated_registry_bytes=16659592 max_retained_records=18446744073709551615 max_consumed_record_ids=18446744073709551615 max_retained_key_bytes=18446744073709551615
STO_TPCC_CAPACITY phase=run_complete table=order_line_0 retained_records=2755531 consumed_record_ids=2755531 retained_key_bytes=44088496 allocated_registry_bytes=193273456 max_retained_records=18446744073709551615 max_consumed_record_ids=18446744073709551615 max_retained_key_bytes=18446744073709551615
STO_TPCC_CAPACITY phase=run_complete table=order_line_1 retained_records=2630658 consumed_record_ids=2630658 retained_key_bytes=42090528 allocated_registry_bytes=184593400 max_retained_records=18446744073709551615 max_consumed_record_ids=18446744073709551615 max_retained_key_bytes=18446744073709551615
STO_TPCC_CAPACITY phase=run_complete table=order_line_2 retained_records=2629352 consumed_record_ids=2629352 retained_key_bytes=42069632 allocated_registry_bytes=184449928 max_retained_records=18446744073709551615 max_consumed_record_ids=18446744073709551615 max_retained_key_bytes=18446744073709551615
STO_TPCC_CAPACITY phase=run_complete table=order_line_3 retained_records=2634647 consumed_record_ids=2634647 retained_key_bytes=42154352 allocated_registry_bytes=184808608 max_retained_records=18446744073709551615 max_consumed_record_ids=18446744073709551615 max_retained_key_bytes=18446744073709551615
STO_TPCC_CAPACITY phase=run_complete table=order_line_4 retained_records=2757090 consumed_record_ids=2757090 retained_key_bytes=44113440 allocated_registry_bytes=193416928 max_retained_records=18446744073709551615 max_consumed_record_ids=18446744073709551615 max_retained_key_bytes=18446744073709551615
STO_TPCC_CAPACITY phase=run_complete table=order_line_5 retained_records=2819909 consumed_record_ids=2819909 retained_key_bytes=45118544 allocated_registry_bytes=197792824 max_retained_records=18446744073709551615 max_consumed_record_ids=18446744073709551615 max_retained_key_bytes=18446744073709551615
STO_TPCC_CAPACITY phase=run_complete table=order_line_6 retained_records=2556770 consumed_record_ids=2556770 retained_key_bytes=40908320 allocated_registry_bytes=179356672 max_retained_records=18446744073709551615 max_consumed_record_ids=18446744073709551615 max_retained_key_bytes=18446744073709551615
STO_TPCC_CAPACITY phase=run_complete table=order_line_7 retained_records=2693833 consumed_record_ids=2693833 retained_key_bytes=43101328 allocated_registry_bytes=188969296 max_retained_records=18446744073709551615 max_consumed_record_ids=18446744073709551615 max_retained_key_bytes=18446744073709551615
STO_TPCC_CAPACITY phase=run_complete table=order_line_8 retained_records=2691646 consumed_record_ids=2691646 retained_key_bytes=43066336 allocated_registry_bytes=188825824 max_retained_records=18446744073709551615 max_consumed_record_ids=18446744073709551615 max_retained_key_bytes=18446744073709551615
STO_TPCC_CAPACITY phase=run_complete table=order_line_9 retained_records=2755393 consumed_record_ids=2755393 retained_key_bytes=44086288 allocated_registry_bytes=193273456 max_retained_records=18446744073709551615 max_consumed_record_ids=18446744073709551615 max_retained_key_bytes=18446744073709551615
STO_TPCC_CAPACITY phase=run_complete table=order_line_10 retained_records=2755365 consumed_record_ids=2755365 retained_key_bytes=44085840 allocated_registry_bytes=193273456 max_retained_records=18446744073709551615 max_consumed_record_ids=18446744073709551615 max_retained_key_bytes=18446744073709551615
STO_TPCC_CAPACITY phase=run_complete table=order_line_11 retained_records=2693396 consumed_record_ids=2693396 retained_key_bytes=43094336 allocated_registry_bytes=188969296 max_retained_records=18446744073709551615 max_consumed_record_ids=18446744073709551615 max_retained_key_bytes=18446744073709551615
STO_TPCC_CAPACITY phase=run_complete table=order_line_12 retained_records=2695587 consumed_record_ids=2695587 retained_key_bytes=43129392 allocated_registry_bytes=189112768 max_retained_records=18446744073709551615 max_consumed_record_ids=18446744073709551615 max_retained_key_bytes=18446744073709551615
STO_TPCC_CAPACITY phase=run_complete table=order_line_13 retained_records=2694084 consumed_record_ids=2694084 retained_key_bytes=43105344 allocated_registry_bytes=188969296 max_retained_records=18446744073709551615 max_consumed_record_ids=18446744073709551615 max_retained_key_bytes=18446744073709551615
STO_TPCC_CAPACITY phase=run_complete table=order_line_14 retained_records=2547151 consumed_record_ids=2547151 retained_key_bytes=40754416 allocated_registry_bytes=178711048 max_retained_records=18446744073709551615 max_consumed_record_ids=18446744073709551615 max_retained_key_bytes=18446744073709551615
STO_TPCC_CAPACITY phase=run_complete table=order_line_15 retained_records=2373665 consumed_record_ids=2373665 retained_key_bytes=37978640 allocated_registry_bytes=166587664 max_retained_records=18446744073709551615 max_consumed_record_ids=18446744073709551615 max_retained_key_bytes=18446744073709551615
STO_TPCC_CAPACITY phase=run_complete table=stock_0 retained_records=100000 consumed_record_ids=100999 retained_key_bytes=800000 allocated_registry_bytes=7111536 max_retained_records=18446744073709551615 max_consumed_record_ids=18446744073709551615 max_retained_key_bytes=18446744073709551615
STO_TPCC_CAPACITY phase=run_complete table=stock_1 retained_records=100000 consumed_record_ids=100999 retained_key_bytes=800000 allocated_registry_bytes=7111536 max_retained_records=18446744073709551615 max_consumed_record_ids=18446744073709551615 max_retained_key_bytes=18446744073709551615
STO_TPCC_CAPACITY phase=run_complete table=stock_2 retained_records=100000 consumed_record_ids=100999 retained_key_bytes=800000 allocated_registry_bytes=7111536 max_retained_records=18446744073709551615 max_consumed_record_ids=18446744073709551615 max_retained_key_bytes=18446744073709551615
STO_TPCC_CAPACITY phase=run_complete table=stock_3 retained_records=100000 consumed_record_ids=100999 retained_key_bytes=800000 allocated_registry_bytes=7111536 max_retained_records=18446744073709551615 max_consumed_record_ids=18446744073709551615 max_retained_key_bytes=18446744073709551615
STO_TPCC_CAPACITY phase=run_complete table=stock_4 retained_records=100000 consumed_record_ids=100999 retained_key_bytes=800000 allocated_registry_bytes=7111536 max_retained_records=18446744073709551615 max_consumed_record_ids=18446744073709551615 max_retained_key_bytes=18446744073709551615
STO_TPCC_CAPACITY phase=run_complete table=stock_5 retained_records=100000 consumed_record_ids=100999 retained_key_bytes=800000 allocated_registry_bytes=7111536 max_retained_records=18446744073709551615 max_consumed_record_ids=18446744073709551615 max_retained_key_bytes=18446744073709551615
STO_TPCC_CAPACITY phase=run_complete table=stock_6 retained_records=100000 consumed_record_ids=100999 retained_key_bytes=800000 allocated_registry_bytes=7111536 max_retained_records=18446744073709551615 max_consumed_record_ids=18446744073709551615 max_retained_key_bytes=18446744073709551615
STO_TPCC_CAPACITY phase=run_complete table=stock_7 retained_records=100000 consumed_record_ids=100999 retained_key_bytes=800000 allocated_registry_bytes=7111536 max_retained_records=18446744073709551615 max_consumed_record_ids=18446744073709551615 max_retained_key_bytes=18446744073709551615
STO_TPCC_CAPACITY phase=run_complete table=stock_8 retained_records=100000 consumed_record_ids=100999 retained_key_bytes=800000 allocated_registry_bytes=7111536 max_retained_records=18446744073709551615 max_consumed_record_ids=18446744073709551615 max_retained_key_bytes=18446744073709551615
STO_TPCC_CAPACITY phase=run_complete table=stock_9 retained_records=100000 consumed_record_ids=100999 retained_key_bytes=800000 allocated_registry_bytes=7111536 max_retained_records=18446744073709551615 max_consumed_record_ids=18446744073709551615 max_retained_key_bytes=18446744073709551615
STO_TPCC_CAPACITY phase=run_complete table=stock_10 retained_records=100000 consumed_record_ids=100999 retained_key_bytes=800000 allocated_registry_bytes=7111536 max_retained_records=18446744073709551615 max_consumed_record_ids=18446744073709551615 max_retained_key_bytes=18446744073709551615
STO_TPCC_CAPACITY phase=run_complete table=stock_11 retained_records=100000 consumed_record_ids=100999 retained_key_bytes=800000 allocated_registry_bytes=7111536 max_retained_records=18446744073709551615 max_consumed_record_ids=18446744073709551615 max_retained_key_bytes=18446744073709551615
STO_TPCC_CAPACITY phase=run_complete table=stock_12 retained_records=100000 consumed_record_ids=100999 retained_key_bytes=800000 allocated_registry_bytes=7111536 max_retained_records=18446744073709551615 max_consumed_record_ids=18446744073709551615 max_retained_key_bytes=18446744073709551615
STO_TPCC_CAPACITY phase=run_complete table=stock_13 retained_records=100000 consumed_record_ids=100999 retained_key_bytes=800000 allocated_registry_bytes=7111536 max_retained_records=18446744073709551615 max_consumed_record_ids=18446744073709551615 max_retained_key_bytes=18446744073709551615
STO_TPCC_CAPACITY phase=run_complete table=stock_14 retained_records=100000 consumed_record_ids=100999 retained_key_bytes=800000 allocated_registry_bytes=7111536 max_retained_records=18446744073709551615 max_consumed_record_ids=18446744073709551615 max_retained_key_bytes=18446744073709551615
STO_TPCC_CAPACITY phase=run_complete table=stock_15 retained_records=100000 consumed_record_ids=100999 retained_key_bytes=800000 allocated_registry_bytes=7111536 max_retained_records=18446744073709551615 max_consumed_record_ids=18446744073709551615 max_retained_key_bytes=18446744073709551615
STO_TPCC_CAPACITY phase=run_complete table=stock_data_0 retained_records=100000 consumed_record_ids=100999 retained_key_bytes=800000 allocated_registry_bytes=7111536 max_retained_records=18446744073709551615 max_consumed_record_ids=18446744073709551615 max_retained_key_bytes=18446744073709551615
STO_TPCC_CAPACITY phase=run_complete table=stock_data_1 retained_records=100000 consumed_record_ids=100999 retained_key_bytes=800000 allocated_registry_bytes=7111536 max_retained_records=18446744073709551615 max_consumed_record_ids=18446744073709551615 max_retained_key_bytes=18446744073709551615
STO_TPCC_CAPACITY phase=run_complete table=stock_data_2 retained_records=100000 consumed_record_ids=100999 retained_key_bytes=800000 allocated_registry_bytes=7111536 max_retained_records=18446744073709551615 max_consumed_record_ids=18446744073709551615 max_retained_key_bytes=18446744073709551615
STO_TPCC_CAPACITY phase=run_complete table=stock_data_3 retained_records=100000 consumed_record_ids=100999 retained_key_bytes=800000 allocated_registry_bytes=7111536 max_retained_records=18446744073709551615 max_consumed_record_ids=18446744073709551615 max_retained_key_bytes=18446744073709551615
STO_TPCC_CAPACITY phase=run_complete table=stock_data_4 retained_records=100000 consumed_record_ids=100999 retained_key_bytes=800000 allocated_registry_bytes=7111536 max_retained_records=18446744073709551615 max_consumed_record_ids=18446744073709551615 max_retained_key_bytes=18446744073709551615
STO_TPCC_CAPACITY phase=run_complete table=stock_data_5 retained_records=100000 consumed_record_ids=100999 retained_key_bytes=800000 allocated_registry_bytes=7111536 max_retained_records=18446744073709551615 max_consumed_record_ids=18446744073709551615 max_retained_key_bytes=18446744073709551615
STO_TPCC_CAPACITY phase=run_complete table=stock_data_6 retained_records=100000 consumed_record_ids=100999 retained_key_bytes=800000 allocated_registry_bytes=7111536 max_retained_records=18446744073709551615 max_consumed_record_ids=18446744073709551615 max_retained_key_bytes=18446744073709551615
STO_TPCC_CAPACITY phase=run_complete table=stock_data_7 retained_records=100000 consumed_record_ids=100999 retained_key_bytes=800000 allocated_registry_bytes=7111536 max_retained_records=18446744073709551615 max_consumed_record_ids=18446744073709551615 max_retained_key_bytes=18446744073709551615
STO_TPCC_CAPACITY phase=run_complete table=stock_data_8 retained_records=100000 consumed_record_ids=100999 retained_key_bytes=800000 allocated_registry_bytes=7111536 max_retained_records=18446744073709551615 max_consumed_record_ids=18446744073709551615 max_retained_key_bytes=18446744073709551615
STO_TPCC_CAPACITY phase=run_complete table=stock_data_9 retained_records=100000 consumed_record_ids=100999 retained_key_bytes=800000 allocated_registry_bytes=7111536 max_retained_records=18446744073709551615 max_consumed_record_ids=18446744073709551615 max_retained_key_bytes=18446744073709551615
STO_TPCC_CAPACITY phase=run_complete table=stock_data_10 retained_records=100000 consumed_record_ids=100999 retained_key_bytes=800000 allocated_registry_bytes=7111536 max_retained_records=18446744073709551615 max_consumed_record_ids=18446744073709551615 max_retained_key_bytes=18446744073709551615
STO_TPCC_CAPACITY phase=run_complete table=stock_data_11 retained_records=100000 consumed_record_ids=100999 retained_key_bytes=800000 allocated_registry_bytes=7111536 max_retained_records=18446744073709551615 max_consumed_record_ids=18446744073709551615 max_retained_key_bytes=18446744073709551615
STO_TPCC_CAPACITY phase=run_complete table=stock_data_12 retained_records=100000 consumed_record_ids=100999 retained_key_bytes=800000 allocated_registry_bytes=7111536 max_retained_records=18446744073709551615 max_consumed_record_ids=18446744073709551615 max_retained_key_bytes=18446744073709551615
STO_TPCC_CAPACITY phase=run_complete table=stock_data_13 retained_records=100000 consumed_record_ids=100999 retained_key_bytes=800000 allocated_registry_bytes=7111536 max_retained_records=18446744073709551615 max_consumed_record_ids=18446744073709551615 max_retained_key_bytes=18446744073709551615
STO_TPCC_CAPACITY phase=run_complete table=stock_data_14 retained_records=100000 consumed_record_ids=100999 retained_key_bytes=800000 allocated_registry_bytes=7111536 max_retained_records=18446744073709551615 max_consumed_record_ids=18446744073709551615 max_retained_key_bytes=18446744073709551615
STO_TPCC_CAPACITY phase=run_complete table=stock_data_15 retained_records=100000 consumed_record_ids=100999 retained_key_bytes=800000 allocated_registry_bytes=7111536 max_retained_records=18446744073709551615 max_consumed_record_ids=18446744073709551615 max_retained_key_bytes=18446744073709551615
STO_TPCC_CAPACITY phase=run_complete table=warehouse_0 retained_records=1 consumed_record_ids=1 retained_key_bytes=4 allocated_registry_bytes=205424 max_retained_records=18446744073709551615 max_consumed_record_ids=18446744073709551615 max_retained_key_bytes=18446744073709551615
STO_TPCC_CAPACITY phase=run_complete table=warehouse_1 retained_records=1 consumed_record_ids=1 retained_key_bytes=4 allocated_registry_bytes=205424 max_retained_records=18446744073709551615 max_consumed_record_ids=18446744073709551615 max_retained_key_bytes=18446744073709551615
STO_TPCC_CAPACITY phase=run_complete table=warehouse_2 retained_records=1 consumed_record_ids=1 retained_key_bytes=4 allocated_registry_bytes=205424 max_retained_records=18446744073709551615 max_consumed_record_ids=18446744073709551615 max_retained_key_bytes=18446744073709551615
STO_TPCC_CAPACITY phase=run_complete table=warehouse_3 retained_records=1 consumed_record_ids=1 retained_key_bytes=4 allocated_registry_bytes=205424 max_retained_records=18446744073709551615 max_consumed_record_ids=18446744073709551615 max_retained_key_bytes=18446744073709551615
STO_TPCC_CAPACITY phase=run_complete table=warehouse_4 retained_records=1 consumed_record_ids=1 retained_key_bytes=4 allocated_registry_bytes=205424 max_retained_records=18446744073709551615 max_consumed_record_ids=18446744073709551615 max_retained_key_bytes=18446744073709551615
STO_TPCC_CAPACITY phase=run_complete table=warehouse_5 retained_records=1 consumed_record_ids=1 retained_key_bytes=4 allocated_registry_bytes=205424 max_retained_records=18446744073709551615 max_consumed_record_ids=18446744073709551615 max_retained_key_bytes=18446744073709551615
STO_TPCC_CAPACITY phase=run_complete table=warehouse_6 retained_records=1 consumed_record_ids=1 retained_key_bytes=4 allocated_registry_bytes=205424 max_retained_records=18446744073709551615 max_consumed_record_ids=18446744073709551615 max_retained_key_bytes=18446744073709551615
STO_TPCC_CAPACITY phase=run_complete table=warehouse_7 retained_records=1 consumed_record_ids=1 retained_key_bytes=4 allocated_registry_bytes=205424 max_retained_records=18446744073709551615 max_consumed_record_ids=18446744073709551615 max_retained_key_bytes=18446744073709551615
STO_TPCC_CAPACITY phase=run_complete table=warehouse_8 retained_records=1 consumed_record_ids=1 retained_key_bytes=4 allocated_registry_bytes=205424 max_retained_records=18446744073709551615 max_consumed_record_ids=18446744073709551615 max_retained_key_bytes=18446744073709551615
STO_TPCC_CAPACITY phase=run_complete table=warehouse_9 retained_records=1 consumed_record_ids=1 retained_key_bytes=4 allocated_registry_bytes=205424 max_retained_records=18446744073709551615 max_consumed_record_ids=18446744073709551615 max_retained_key_bytes=18446744073709551615
STO_TPCC_CAPACITY phase=run_complete table=warehouse_10 retained_records=1 consumed_record_ids=1 retained_key_bytes=4 allocated_registry_bytes=205424 max_retained_records=18446744073709551615 max_consumed_record_ids=18446744073709551615 max_retained_key_bytes=18446744073709551615
STO_TPCC_CAPACITY phase=run_complete table=warehouse_11 retained_records=1 consumed_record_ids=1 retained_key_bytes=4 allocated_registry_bytes=205424 max_retained_records=18446744073709551615 max_consumed_record_ids=18446744073709551615 max_retained_key_bytes=18446744073709551615
STO_TPCC_CAPACITY phase=run_complete table=warehouse_12 retained_records=1 consumed_record_ids=1 retained_key_bytes=4 allocated_registry_bytes=205424 max_retained_records=18446744073709551615 max_consumed_record_ids=18446744073709551615 max_retained_key_bytes=18446744073709551615
STO_TPCC_CAPACITY phase=run_complete table=warehouse_13 retained_records=1 consumed_record_ids=1 retained_key_bytes=4 allocated_registry_bytes=205424 max_retained_records=18446744073709551615 max_consumed_record_ids=18446744073709551615 max_retained_key_bytes=18446744073709551615
STO_TPCC_CAPACITY phase=run_complete table=warehouse_14 retained_records=1 consumed_record_ids=1 retained_key_bytes=4 allocated_registry_bytes=205424 max_retained_records=18446744073709551615 max_consumed_record_ids=18446744073709551615 max_retained_key_bytes=18446744073709551615
STO_TPCC_CAPACITY phase=run_complete table=warehouse_15 retained_records=1 consumed_record_ids=1 retained_key_bytes=4 allocated_registry_bytes=205424 max_retained_records=18446744073709551615 max_consumed_record_ids=18446744073709551615 max_retained_key_bytes=18446744073709551615
STO_TPCC_CAPACITY phase=run_complete table=item retained_records=100000 consumed_record_ids=100000 retained_key_bytes=400000 allocated_registry_bytes=7039800 max_retained_records=18446744073709551615 max_consumed_record_ids=18446744073709551615 max_retained_key_bytes=18446744073709551615
--- benchmark statistics ---
runtime: 10.1271 sec
memory delta: 4048.45 MB
n_commits: 8419415
latency_numer_us: 156431975
latency_numer_us_remote: 0
memory delta rate: 399.766 MB/sec
logical memory delta: 533.919 MB
logical memory delta rate: 52.722 MB/sec
agg_nosync_throughput: 831399 ops/sec
avg_nosync_per_core_throughput: 51962.4 ops/sec/core
agg_throughput: 831379 ops/sec
avg_per_core_throughput: 51961.2 ops/sec/core
agg_persist_throughput: 831379 ops/sec
avg_per_core_persist_throughput: 51961.2 ops/sec/core
avg_latency: 0.0185799 ms
avg_persist_latency: 0 ms
agg_abort_rate: 81.07 aborts/sec
avg_per_core_abort_rate: 5.06688 aborts/sec/core
  NewOrder_local_commit_latency: 0.0222826 ms
  NewOrder_local_abort_latency: 0.272603 ms
  NewOrder_local_abort_ratio: 0.000143559
  Payment_local_commit_latency: 0.00764685 ms
  Payment_local_abort_latency: 0.0493809 ms
  Payment_local_abort_ratio: 4.14251e-06
  Delivery_local_commit_latency: 0.0820074 ms
  Delivery_local_abort_latency: 0 ms
  Delivery_local_abort_ratio: 0
  OrderStatus_local_commit_latency: 0.0101832 ms
  OrderStatus_local_abort_latency: 0.0851038 ms
  OrderStatus_local_abort_ratio: 1.19191e-05
  StockLevel_local_commit_latency: 0.0517427 ms
  StockLevel_local_abort_latency: 0.100978 ms
  StockLevel_local_abort_ratio: 0.00076532
  NewOrder_remote_ratio: 0 %
  NewOrder_remote_abort_ratio: 0 %
  NewOrder_remote_commit_latency: 0 ms
  NewOrder_remote_abort_latency: 0 ms
  Payment_remote_ratio: 0 %
  Payment_remote_abort_ratio: 0 %
  Payment_remote_commit_latency: 0 ms
  Payment_remote_abort_latency: 0 ms
--- system counters (for benchmark) ---
--- perf counters (if enabled, for benchmark) ---
--- allocator stats ---
[SiloRuntime 0] ncpus=16
[SiloRuntime 0] cpu=0 fully_faulted?=0 remaining=12582912 bytes
[SiloRuntime 0] cpu=1 fully_faulted?=0 remaining=16777216 bytes
[SiloRuntime 0] cpu=2 fully_faulted?=0 remaining=16777216 bytes
[SiloRuntime 0] cpu=3 fully_faulted?=0 remaining=18874368 bytes
[SiloRuntime 0] cpu=4 fully_faulted?=0 remaining=14680064 bytes
[SiloRuntime 0] cpu=5 fully_faulted?=0 remaining=12582912 bytes
[SiloRuntime 0] cpu=6 fully_faulted?=0 remaining=23068672 bytes
[SiloRuntime 0] cpu=7 fully_faulted?=0 remaining=16777216 bytes
[SiloRuntime 0] cpu=8 fully_faulted?=0 remaining=16777216 bytes
[SiloRuntime 0] cpu=9 fully_faulted?=0 remaining=14680064 bytes
[SiloRuntime 0] cpu=10 fully_faulted?=0 remaining=14680064 bytes
[SiloRuntime 0] cpu=11 fully_faulted?=0 remaining=16777216 bytes
[SiloRuntime 0] cpu=12 fully_faulted?=0 remaining=16777216 bytes
[SiloRuntime 0] cpu=13 fully_faulted?=0 remaining=16777216 bytes
[SiloRuntime 0] cpu=14 fully_faulted?=0 remaining=23068672 bytes
[SiloRuntime 0] cpu=15 fully_faulted?=0 remaining=12582912 bytes
---------------------------------------
--- system counters for n_commits ---
[STOP_SERVER] Stopping 0 server transports
[STOP_SERVER] All server transports stopped
