20260909-07:41.38-958325(us) 2384785 * ParseNewFormat  (configuration.cc:102): Using new configuration format
20260909-07:41.38-958484(us) 2384785 * ParseNewFormat  (configuration.cc:162): Loaded 1 sites in 1 shards
20260909-07:41.38-958518(us) 2384785 * handle_new_config_format (dbtest.cc:368):    Site local_s0: shard=0, replica_idx=0, is_leader=1, cluster=localhost
SiloRuntime[0]::InitializeAllocator()
  hugepgsize: 2097152
  mmap() region [0x753b12400000, 0x753b92600000)
  runtime0 cpu0 owns [0x753b12400000, 0x753b1a400000)
  runtime0 cpu1 owns [0x753b1a400000, 0x753b22400000)
  runtime0 cpu2 owns [0x753b22400000, 0x753b2a400000)
  runtime0 cpu3 owns [0x753b2a400000, 0x753b32400000)
  runtime0 cpu4 owns [0x753b32400000, 0x753b3a400000)
  runtime0 cpu5 owns [0x753b3a400000, 0x753b42400000)
  runtime0 cpu6 owns [0x753b42400000, 0x753b4a400000)
  runtime0 cpu7 owns [0x753b4a400000, 0x753b52400000)
  runtime0 cpu8 owns [0x753b52400000, 0x753b5a400000)
  runtime0 cpu9 owns [0x753b5a400000, 0x753b62400000)
  runtime0 cpu10 owns [0x753b62400000, 0x753b6a400000)
  runtime0 cpu11 owns [0x753b6a400000, 0x753b72400000)
  runtime0 cpu12 owns [0x753b72400000, 0x753b7a400000)
  runtime0 cpu13 owns [0x753b7a400000, 0x753b82400000)
  runtime0 cpu14 owns [0x753b82400000, 0x753b8a400000)
  runtime0 cpu15 owns [0x753b8a400000, 0x753b92400000)
Database Benchmark:
  pid: 2384785
settings:
  num-cpus    : 128
  num-threads : 16
  shardIndex  : 0
  paxos_proc_name  : localhost
  nshards     : 1
  is_micro    : 0
  is_replicated : 0
  storage_engine : rust
  var-encode  : yes
  allocator   : jemalloc
system properties:
  tuple_prefetch          : no
  btree_node_prefetch     : yes
tpcc settings:
  cross_partition_transactions : 1
  read_only_snapshots          : 1
  partition_locks              : 0
  separate_tree_per_partition  : 1
  new_order_remote_item_pct    : 1
  new_order_fast_id_gen        : 1
  uniform_item_dist            : 0
  order_status_scan_hack       : 0
  workload_mix                 : [45, 43, 4, 4, 4]
20260909-07:41.39-15341(us) 2384785 * ParseNewFormat  (configuration.cc:102): Using new configuration format
20260909-07:41.39-15440(us) 2384785 * ParseNewFormat  (configuration.cc:162): Loaded 1 sites in 1 shards
20260909-07:41.39-15889(us) 2384785 * Initialize      (srpc_rpc_backend.cc:66): SrpcRpcBackend::Initialize: poll_thread_worker_ created, is_some=1
20260909-07:41.39-15986(us) 2384785 * ParseNewFormat  (configuration.cc:102): Using new configuration format
20260909-07:41.39-16069(us) 2384785 * Initialize      (srpc_rpc_backend.cc:97): SrpcRpcBackend initialized on 127.0.0.1:31021 (listening on 0.0.0.0:31021)
20260909-07:41.39-16094(us) 2384785 * FastTransport   (fasttransport.cc:147): FastTransport initialized with srpc/rpc backend on 127.0.0.1:31021
20260909-07:41.39-16116(us) 2384785 * RunEventLoop    (srpc_rpc_backend.cc:516): SrpcRpcBackend::RunEventLoop: Starting event loop
20260909-07:41.39-16151(us) 2384785 * ParseNewFormat  (configuration.cc:162): Loaded 1 sites in 1 shards
20260909-07:41.39-16490(us) 2384785 * Initialize      (srpc_rpc_backend.cc:66): SrpcRpcBackend::Initialize: poll_thread_worker_ created, is_some=1
20260909-07:41.39-16616(us) 2384785 * Initialize      (srpc_rpc_backend.cc:97): SrpcRpcBackend initialized on 127.0.0.1:31022 (listening on 0.0.0.0:31022)
20260909-07:41.39-16640(us) 2384785 * FastTransport   (fasttransport.cc:147): FastTransport initialized with srpc/rpc backend on 127.0.0.1:31022
20260909-07:41.39-16659(us) 2384785 * RunEventLoop    (srpc_rpc_backend.cc:516): SrpcRpcBackend::RunEventLoop: Starting event loop
20260909-07:41.39-19191(us) 2384785 ! run             (bench.cc:519):     # of loaders size:6
20260909-07:41.39-20388(us) 2384785 * benchmark_thread_init (mbta_wrapper.hh:1811): thread_init: thread_id=0, shard_index=0, getShardIndex=0, loader=1
20260909-07:41.39-20544(us) 2384785 * benchmark_thread_init (mbta_wrapper.hh:1811): thread_init: thread_id=1, shard_index=0, getShardIndex=0, loader=1
20260909-07:41.39-20735(us) 2384785 * benchmark_thread_init (mbta_wrapper.hh:1811): thread_init: thread_id=2, shard_index=0, getShardIndex=0, loader=1
20260909-07:41.39-20954(us) 2384785 * benchmark_thread_init (mbta_wrapper.hh:1811): thread_init: thread_id=3, shard_index=0, getShardIndex=0, loader=1
20260909-07:41.39-21326(us) 2384785 * benchmark_thread_init (mbta_wrapper.hh:1811): thread_init: thread_id=4, shard_index=0, getShardIndex=0, loader=1
PinToWarehouseId(): coreid=3 pinned to whse=1 (partid=0)
20260909-07:41.39-21494(us) 2384785 * benchmark_thread_init (mbta_wrapper.hh:1811): thread_init: thread_id=5, shard_index=0, getShardIndex=0, loader=1
PinToWarehouseId(): coreid=4 pinned to whse=1 (partid=0)
num batches: 30
PinToWarehouseId(): coreid=5 pinned to whse=1 (partid=0)
PinToWarehouseId(): coreid=6 pinned to whse=1 (partid=0)
PinToWarehouseId(): coreid=4 pinned to whse=2 (partid=1)
PinToWarehouseId(): coreid=4 pinned to whse=3 (partid=2)
PinToWarehouseId(): coreid=4 pinned to whse=4 (partid=3)
PinToWarehouseId(): coreid=4 pinned to whse=5 (partid=4)
PinToWarehouseId(): coreid=4 pinned to whse=6 (partid=5)
PinToWarehouseId(): coreid=4 pinned to whse=7 (partid=6)
PinToWarehouseId(): coreid=4 pinned to whse=8 (partid=7)
PinToWarehouseId(): coreid=4 pinned to whse=9 (partid=8)
PinToWarehouseId(): coreid=4 pinned to whse=10 (partid=9)
PinToWarehouseId(): coreid=4 pinned to whse=11 (partid=10)
PinToWarehouseId(): coreid=4 pinned to whse=12 (partid=11)
[INFO] finished loading warehouse
[INFO]   * average warehouse record length: 97 bytes
PinToWarehouseId(): coreid=4 pinned to whse=13 (partid=12)
PinToWarehouseId(): coreid=4 pinned to whse=14 (partid=13)
PinToWarehouseId(): coreid=4 pinned to whse=15 (partid=14)
PinToWarehouseId(): coreid=4 pinned to whse=16 (partid=15)
[INFO] finished loading district
[INFO]   * average district record length: 99 bytes
PinToWarehouseId(): coreid=6 pinned to whse=2 (partid=1)
[INFO] finished loading item
[INFO]   * average item record length: 84.1739 bytes
PinToWarehouseId(): coreid=5 pinned to whse=2 (partid=1)
PinToWarehouseId(): coreid=6 pinned to whse=3 (partid=2)
PinToWarehouseId(): coreid=5 pinned to whse=3 (partid=2)
PinToWarehouseId(): coreid=6 pinned to whse=4 (partid=3)
PinToWarehouseId(): coreid=6 pinned to whse=5 (partid=4)
PinToWarehouseId(): coreid=5 pinned to whse=4 (partid=3)
PinToWarehouseId(): coreid=3 pinned to whse=2 (partid=1)
PinToWarehouseId(): coreid=6 pinned to whse=6 (partid=5)
PinToWarehouseId(): coreid=5 pinned to whse=5 (partid=4)
PinToWarehouseId(): coreid=6 pinned to whse=7 (partid=6)
PinToWarehouseId(): coreid=6 pinned to whse=8 (partid=7)
PinToWarehouseId(): coreid=5 pinned to whse=6 (partid=5)
PinToWarehouseId(): coreid=6 pinned to whse=9 (partid=8)
PinToWarehouseId(): coreid=5 pinned to whse=7 (partid=6)
PinToWarehouseId(): coreid=6 pinned to whse=10 (partid=9)
PinToWarehouseId(): coreid=3 pinned to whse=3 (partid=2)
PinToWarehouseId(): coreid=6 pinned to whse=11 (partid=10)
PinToWarehouseId(): coreid=5 pinned to whse=8 (partid=7)
PinToWarehouseId(): coreid=6 pinned to whse=12 (partid=11)
PinToWarehouseId(): coreid=5 pinned to whse=9 (partid=8)
PinToWarehouseId(): coreid=6 pinned to whse=13 (partid=12)
PinToWarehouseId(): coreid=6 pinned to whse=14 (partid=13)
PinToWarehouseId(): coreid=5 pinned to whse=10 (partid=9)
PinToWarehouseId(): coreid=6 pinned to whse=15 (partid=14)
PinToWarehouseId(): coreid=3 pinned to whse=4 (partid=3)
PinToWarehouseId(): coreid=5 pinned to whse=11 (partid=10)
PinToWarehouseId(): coreid=6 pinned to whse=16 (partid=15)
[INFO] finished loading order
[INFO]   * average order_line record length: 11.2927 bytes
[INFO]   * average oorder record length: 7.9446 bytes
[INFO]   * average new_order record length: 12 bytes
PinToWarehouseId(): coreid=5 pinned to whse=12 (partid=11)
PinToWarehouseId(): coreid=5 pinned to whse=13 (partid=12)
PinToWarehouseId(): coreid=5 pinned to whse=14 (partid=13)
PinToWarehouseId(): coreid=3 pinned to whse=5 (partid=4)
PinToWarehouseId(): coreid=5 pinned to whse=15 (partid=14)
PinToWarehouseId(): coreid=5 pinned to whse=16 (partid=15)
[INFO] finished loading customer
[INFO]   * average customer record length: 153.983 bytes 
PinToWarehouseId(): coreid=3 pinned to whse=6 (partid=5)
PinToWarehouseId(): coreid=3 pinned to whse=7 (partid=6)
PinToWarehouseId(): coreid=3 pinned to whse=8 (partid=7)
PinToWarehouseId(): coreid=3 pinned to whse=9 (partid=8)
PinToWarehouseId(): coreid=3 pinned to whse=10 (partid=9)
PinToWarehouseId(): coreid=3 pinned to whse=11 (partid=10)
PinToWarehouseId(): coreid=3 pinned to whse=12 (partid=11)
PinToWarehouseId(): coreid=3 pinned to whse=13 (partid=12)
PinToWarehouseId(): coreid=3 pinned to whse=14 (partid=13)
PinToWarehouseId(): coreid=3 pinned to whse=15 (partid=14)
PinToWarehouseId(): coreid=3 pinned to whse=16 (partid=15)
[INFO] finished loading stock
[INFO]   * average stock record length: 8 bytes
timed region dataloading took 22031.4 ms
DB size: 2474.43 MB
[0, 0, 0] txns persisted in loading phase
20260909-07:42.01-50672(us) 2384785 ! run             (bench.cc:578):     # of nthreads:16
starting benchmark...
tpcc: worker id 128 => warehouses [1, 2)
tpcc: worker id 129 => warehouses [2, 3)
tpcc: worker id 130 => warehouses [3, 4)
tpcc: worker id 131 => warehouses [4, 5)
tpcc: worker id 132 => warehouses [5, 6)
tpcc: worker id 133 => warehouses [6, 7)
tpcc: worker id 134 => warehouses [7, 8)
tpcc: worker id 135 => warehouses [8, 9)
tpcc: worker id 136 => warehouses [9, 10)
tpcc: worker id 137 => warehouses [10, 11)
tpcc: worker id 138 => warehouses [11, 12)
tpcc: worker id 139 => warehouses [12, 13)
tpcc: worker id 140 => warehouses [13, 14)
tpcc: worker id 141 => warehouses [14, 15)
tpcc: worker id 142 => warehouses [15, 16)
tpcc: worker id 143 => warehouses [16, 17)
20260909-07:42.01-60321(us) 2384785 * benchmark_thread_init (mbta_wrapper.hh:1811): thread_init: thread_id=6, shard_index=0, getShardIndex=0, loader=0
20260909-07:42.01-60432(us) 2384785 * benchmark_thread_init (mbta_wrapper.hh:1811): thread_init: thread_id=7, shard_index=0, getShardIndex=0, loader=0
20260909-07:42.01-60536(us) 2384785 * benchmark_thread_init (mbta_wrapper.hh:1811): thread_init: thread_id=8, shard_index=0, getShardIndex=0, loader=0
20260909-07:42.01-60616(us) 2384785 * benchmark_thread_init (mbta_wrapper.hh:1811): thread_init: thread_id=9, shard_index=0, getShardIndex=0, loader=0
20260909-07:42.01-60814(us) 2384785 * benchmark_thread_init (mbta_wrapper.hh:1811): thread_init: thread_id=10, shard_index=0, getShardIndex=0, loader=0
20260909-07:42.01-60965(us) 2384785 * benchmark_thread_init (mbta_wrapper.hh:1811): thread_init: thread_id=11, shard_index=0, getShardIndex=0, loader=0
20260909-07:42.01-61335(us) 2384785 * ParseNewFormat  (configuration.cc:102): Using new configuration format
20260909-07:42.01-61415(us) 2384785 * ParseNewFormat  (configuration.cc:162): Loaded 1 sites in 1 shards
20260909-07:42.01-61454(us) 2384785 * ParseNewFormat  (configuration.cc:102): Using new configuration format
20260909-07:42.01-61497(us) 2384785 * benchmark_thread_init (mbta_wrapper.hh:1811): thread_init: thread_id=12, shard_index=0, getShardIndex=0, loader=0
20260909-07:42.01-61547(us) 2384785 * ParseNewFormat  (configuration.cc:162): Loaded 1 sites in 1 shards
20260909-07:42.01-61590(us) 2384785 * ParseNewFormat  (configuration.cc:102): Using new configuration format
20260909-07:42.01-61657(us) 2384785 * ParseNewFormat  (configuration.cc:102): Using new configuration format
20260909-07:42.01-61713(us) 2384785 * ParseNewFormat  (configuration.cc:162): Loaded 1 sites in 1 shards
20260909-07:42.01-61740(us) 2384785 * ParseNewFormat  (configuration.cc:162): Loaded 1 sites in 1 shards
20260909-07:42.01-61766(us) 2384785 * ParseNewFormat  (configuration.cc:102): Using new configuration format
20260909-07:42.01-61810(us) 2384785 * benchmark_thread_init (mbta_wrapper.hh:1811): thread_init: thread_id=13, shard_index=0, getShardIndex=0, loader=0
20260909-07:42.01-61880(us) 2384785 * ParseNewFormat  (configuration.cc:162): Loaded 1 sites in 1 shards
20260909-07:42.01-62093(us) 2384785 * benchmark_thread_init (mbta_wrapper.hh:1811): thread_init: thread_id=14, shard_index=0, getShardIndex=0, loader=0
20260909-07:42.01-62284(us) 2384785 * benchmark_thread_init (mbta_wrapper.hh:1811): thread_init: thread_id=15, shard_index=0, getShardIndex=0, loader=0
20260909-07:42.01-62556(us) 2384785 * benchmark_thread_init (mbta_wrapper.hh:1811): thread_init: thread_id=16, shard_index=0, getShardIndex=0, loader=0
20260909-07:42.01-62779(us) 2384785 * benchmark_thread_init (mbta_wrapper.hh:1811): thread_init: thread_id=17, shard_index=0, getShardIndex=0, loader=0
20260909-07:42.01-63025(us) 2384785 * ParseNewFormat  (configuration.cc:102): Using new configuration format
20260909-07:42.01-63073(us) 2384785 * benchmark_thread_init (mbta_wrapper.hh:1811): thread_init: thread_id=18, shard_index=0, getShardIndex=0, loader=0
20260909-07:42.01-63112(us) 2384785 * ParseNewFormat  (configuration.cc:102): Using new configuration format
20260909-07:42.01-63159(us) 2384785 * ParseNewFormat  (configuration.cc:162): Loaded 1 sites in 1 shards
20260909-07:42.01-63201(us) 2384785 * ParseNewFormat  (configuration.cc:162): Loaded 1 sites in 1 shards
20260909-07:42.01-63350(us) 2384785 * ParseNewFormat  (configuration.cc:102): Using new configuration format
20260909-07:42.01-63390(us) 2384785 * ParseNewFormat  (configuration.cc:102): Using new configuration format
20260909-07:42.01-63445(us) 2384785 * ParseNewFormat  (configuration.cc:162): Loaded 1 sites in 1 shards
20260909-07:42.01-63492(us) 2384785 * ParseNewFormat  (configuration.cc:102): Using new configuration format
20260909-07:42.01-63553(us) 2384785 * benchmark_thread_init (mbta_wrapper.hh:1811): thread_init: thread_id=19, shard_index=0, getShardIndex=0, loader=0
20260909-07:42.01-63596(us) 2384785 * ParseNewFormat  (configuration.cc:102): Using new configuration format
20260909-07:42.01-63662(us) 2384785 * ParseNewFormat  (configuration.cc:102): Using new configuration format
20260909-07:42.01-63721(us) 2384785 * ParseNewFormat  (configuration.cc:162): Loaded 1 sites in 1 shards
20260909-07:42.01-63774(us) 2384785 * ParseNewFormat  (configuration.cc:102): Using new configuration format
20260909-07:42.01-63849(us) 2384785 * Initialize      (srpc_rpc_backend.cc:66): SrpcRpcBackend::Initialize: poll_thread_worker_ created, is_some=1
20260909-07:42.01-63901(us) 2384785 * ParseNewFormat  (configuration.cc:102): Using new configuration format
20260909-07:42.01-63945(us) 2384785 * benchmark_thread_init (mbta_wrapper.hh:1811): thread_init: thread_id=20, shard_index=0, getShardIndex=0, loader=0
20260909-07:42.01-63987(us) 2384785 * Initialize      (srpc_rpc_backend.cc:97): SrpcRpcBackend initialized on 127.0.0.1:31000 (listening on 0.0.0.0:31000)
20260909-07:42.01-64023(us) 2384785 * FastTransport   (fasttransport.cc:147): FastTransport initialized with srpc/rpc backend on 127.0.0.1:31000
20260909-07:42.01-64059(us) 2384785 * ParseNewFormat  (configuration.cc:102): Using new configuration format
20260909-07:42.01-64152(us) 2384785 * ParseNewFormat  (configuration.cc:162): Loaded 1 sites in 1 shards
20260909-07:42.01-64206(us) 2384785 * ParseNewFormat  (configuration.cc:102): Using new configuration format
20260909-07:42.01-64242(us) 2384785 * Initialize      (srpc_rpc_backend.cc:66): SrpcRpcBackend::Initialize: poll_thread_worker_ created, is_some=1
20260909-07:42.01-64269(us) 2384785 * ParseNewFormat  (configuration.cc:162): Loaded 1 sites in 1 shards
20260909-07:42.01-64336(us) 2384785 * ParseNewFormat  (configuration.cc:162): Loaded 1 sites in 1 shards
20260909-07:42.01-64399(us) 2384785 * ParseNewFormat  (configuration.cc:102): Using new configuration format
20260909-07:42.01-64449(us) 2384785 * ParseNewFormat  (configuration.cc:162): Loaded 1 sites in 1 shards
20260909-07:42.01-64486(us) 2384785 * ParseNewFormat  (configuration.cc:162): Loaded 1 sites in 1 shards
20260909-07:42.01-64537(us) 2384785 * ParseNewFormat  (configuration.cc:102): Using new configuration format
20260909-07:42.01-64599(us) 2384785 * ParseNewFormat  (configuration.cc:102): Using new configuration format
20260909-07:42.01-64632(us) 2384785 * ParseNewFormat  (configuration.cc:162): Loaded 1 sites in 1 shards
20260909-07:42.01-64673(us) 2384785 * ParseNewFormat  (configuration.cc:162): Loaded 1 sites in 1 shards
20260909-07:42.01-64709(us) 2384785 * ParseNewFormat  (configuration.cc:102): Using new configuration format
20260909-07:42.01-64752(us) 2384785 * ParseNewFormat  (configuration.cc:162): Loaded 1 sites in 1 shards
20260909-07:42.01-64783(us) 2384785 * Initialize      (srpc_rpc_backend.cc:97): SrpcRpcBackend initialized on 127.0.0.1:31003 (listening on 0.0.0.0:31003)
20260909-07:42.01-64808(us) 2384785 * FastTransport   (fasttransport.cc:147): FastTransport initialized with srpc/rpc backend on 127.0.0.1:31003
20260909-07:42.01-64863(us) 2384785 * benchmark_thread_init (mbta_wrapper.hh:1811): thread_init: thread_id=21, shard_index=0, getShardIndex=0, loader=0
20260909-07:42.01-64895(us) 2384785 * ParseNewFormat  (configuration.cc:102): Using new configuration format
20260909-07:42.01-64940(us) 2384785 * ParseNewFormat  (configuration.cc:162): Loaded 1 sites in 1 shards
20260909-07:42.01-64977(us) 2384785 * ParseNewFormat  (configuration.cc:162): Loaded 1 sites in 1 shards
20260909-07:42.01-65020(us) 2384785 * Initialize      (srpc_rpc_backend.cc:66): SrpcRpcBackend::Initialize: poll_thread_worker_ created, is_some=1
20260909-07:42.01-65100(us) 2384785 * Initialize      (srpc_rpc_backend.cc:66): SrpcRpcBackend::Initialize: poll_thread_worker_ created, is_some=1
20260909-07:42.01-65159(us) 2384785 * ParseNewFormat  (configuration.cc:102): Using new configuration format
20260909-07:42.01-65200(us) 2384785 * ParseNewFormat  (configuration.cc:162): Loaded 1 sites in 1 shards
20260909-07:42.01-65255(us) 2384785 * ParseNewFormat  (configuration.cc:102): Using new configuration format
20260909-07:42.01-65287(us) 2384785 * ParseNewFormat  (configuration.cc:102): Using new configuration format
20260909-07:42.01-65325(us) 2384785 * ParseNewFormat  (configuration.cc:162): Loaded 1 sites in 1 shards
20260909-07:42.01-65359(us) 2384785 * Initialize      (srpc_rpc_backend.cc:66): SrpcRpcBackend::Initialize: poll_thread_worker_ created, is_some=1
20260909-07:42.01-65400(us) 2384785 * Initialize      (srpc_rpc_backend.cc:97): SrpcRpcBackend initialized on 127.0.0.1:31002 (listening on 0.0.0.0:31002)
20260909-07:42.01-65434(us) 2384785 * FastTransport   (fasttransport.cc:147): FastTransport initialized with srpc/rpc backend on 127.0.0.1:31002
20260909-07:42.01-65469(us) 2384785 * ParseNewFormat  (configuration.cc:102): Using new configuration format
20260909-07:42.01-65505(us) 2384785 * ParseNewFormat  (configuration.cc:102): Using new configuration format
20260909-07:42.01-65538(us) 2384785 * ParseNewFormat  (configuration.cc:102): Using new configuration format
20260909-07:42.01-65596(us) 2384785 * Initialize      (srpc_rpc_backend.cc:97): SrpcRpcBackend initialized on 127.0.0.1:31004 (listening on 0.0.0.0:31004)
20260909-07:42.01-65627(us) 2384785 * FastTransport   (fasttransport.cc:147): FastTransport initialized with srpc/rpc backend on 127.0.0.1:31004
20260909-07:42.01-65654(us) 2384785 * Initialize      (srpc_rpc_backend.cc:66): SrpcRpcBackend::Initialize: poll_thread_worker_ created, is_some=1
20260909-07:42.01-65705(us) 2384785 * ParseNewFormat  (configuration.cc:102): Using new configuration format
20260909-07:42.01-65737(us) 2384785 * ParseNewFormat  (configuration.cc:102): Using new configuration format
20260909-07:42.01-65778(us) 2384785 * Initialize      (srpc_rpc_backend.cc:97): SrpcRpcBackend initialized on 127.0.0.1:31008 (listening on 0.0.0.0:31008)
20260909-07:42.01-65810(us) 2384785 * FastTransport   (fasttransport.cc:147): FastTransport initialized with srpc/rpc backend on 127.0.0.1:31008
20260909-07:42.01-65855(us) 2384785 * ParseNewFormat  (configuration.cc:102): Using new configuration format
20260909-07:42.01-65893(us) 2384785 * ParseNewFormat  (configuration.cc:162): Loaded 1 sites in 1 shards
20260909-07:42.01-65927(us) 2384785 * Initialize      (srpc_rpc_backend.cc:66): SrpcRpcBackend::Initialize: poll_thread_worker_ created, is_some=1
20260909-07:42.01-65968(us) 2384785 * ParseNewFormat  (configuration.cc:162): Loaded 1 sites in 1 shards
20260909-07:42.01-66002(us) 2384785 * Initialize      (srpc_rpc_backend.cc:97): SrpcRpcBackend initialized on 127.0.0.1:31001 (listening on 0.0.0.0:31001)
20260909-07:42.01-66027(us) 2384785 * FastTransport   (fasttransport.cc:147): FastTransport initialized with srpc/rpc backend on 127.0.0.1:31001
20260909-07:42.01-66049(us) 2384785 * ParseNewFormat  (configuration.cc:162): Loaded 1 sites in 1 shards
20260909-07:42.01-66081(us) 2384785 * ParseNewFormat  (configuration.cc:162): Loaded 1 sites in 1 shards
20260909-07:42.01-66136(us) 2384785 * Initialize      (srpc_rpc_backend.cc:97): SrpcRpcBackend initialized on 127.0.0.1:31005 (listening on 0.0.0.0:31005)
20260909-07:42.01-66160(us) 2384785 * FastTransport   (fasttransport.cc:147): FastTransport initialized with srpc/rpc backend on 127.0.0.1:31005
20260909-07:42.01-66193(us) 2384785 * ParseNewFormat  (configuration.cc:162): Loaded 1 sites in 1 shards
20260909-07:42.01-66224(us) 2384785 * ParseNewFormat  (configuration.cc:162): Loaded 1 sites in 1 shards
20260909-07:42.01-66258(us) 2384785 * ParseNewFormat  (configuration.cc:162): Loaded 1 sites in 1 shards
20260909-07:42.01-66312(us) 2384785 * ParseNewFormat  (configuration.cc:102): Using new configuration format
20260909-07:42.01-66347(us) 2384785 * ParseNewFormat  (configuration.cc:102): Using new configuration format
20260909-07:42.01-66375(us) 2384785 * Initialize      (srpc_rpc_backend.cc:66): SrpcRpcBackend::Initialize: poll_thread_worker_ created, is_some=1
20260909-07:42.01-66405(us) 2384785 * ParseNewFormat  (configuration.cc:162): Loaded 1 sites in 1 shards
20260909-07:42.01-66433(us) 2384785 * ParseNewFormat  (configuration.cc:162): Loaded 1 sites in 1 shards
20260909-07:42.01-66484(us) 2384785 * ParseNewFormat  (configuration.cc:102): Using new configuration format
20260909-07:42.01-66539(us) 2384785 * ParseNewFormat  (configuration.cc:162): Loaded 1 sites in 1 shards
20260909-07:42.01-66562(us) 2384785 * ParseNewFormat  (configuration.cc:162): Loaded 1 sites in 1 shards
20260909-07:42.01-66601(us) 2384785 * Initialize      (srpc_rpc_backend.cc:97): SrpcRpcBackend initialized on 127.0.0.1:31007 (listening on 0.0.0.0:31007)
20260909-07:42.01-66621(us) 2384785 * FastTransport   (fasttransport.cc:147): FastTransport initialized with srpc/rpc backend on 127.0.0.1:31007
20260909-07:42.01-66661(us) 2384785 * ParseNewFormat  (configuration.cc:102): Using new configuration format
20260909-07:42.01-66711(us) 2384785 * ParseNewFormat  (configuration.cc:162): Loaded 1 sites in 1 shards
20260909-07:42.01-66736(us) 2384785 * ParseNewFormat  (configuration.cc:162): Loaded 1 sites in 1 shards
20260909-07:42.01-66786(us) 2384785 * ParseNewFormat  (configuration.cc:102): Using new configuration format
20260909-07:42.01-66866(us) 2384785 * ParseNewFormat  (configuration.cc:162): Loaded 1 sites in 1 shards
20260909-07:42.01-67075(us) 2384785 * ParseNewFormat  (configuration.cc:102): Using new configuration format
20260909-07:42.01-67118(us) 2384785 * ParseNewFormat  (configuration.cc:162): Loaded 1 sites in 1 shards
20260909-07:42.01-67267(us) 2384785 * ParseNewFormat  (configuration.cc:102): Using new configuration format
20260909-07:42.01-67299(us) 2384785 * ParseNewFormat  (configuration.cc:162): Loaded 1 sites in 1 shards
20260909-07:42.01-81124(us) 2384785 * Initialize      (srpc_rpc_backend.cc:66): SrpcRpcBackend::Initialize: poll_thread_worker_ created, is_some=1
20260909-07:42.01-81187(us) 2384785 * Initialize      (srpc_rpc_backend.cc:97): SrpcRpcBackend initialized on 127.0.0.1:31009 (listening on 0.0.0.0:31009)
20260909-07:42.01-81205(us) 2384785 * FastTransport   (fasttransport.cc:147): FastTransport initialized with srpc/rpc backend on 127.0.0.1:31009
20260909-07:42.01-81228(us) 2384785 * Initialize      (srpc_rpc_backend.cc:66): SrpcRpcBackend::Initialize: poll_thread_worker_ created, is_some=1
20260909-07:42.01-81292(us) 2384785 * Initialize      (srpc_rpc_backend.cc:97): SrpcRpcBackend initialized on 127.0.0.1:31006 (listening on 0.0.0.0:31006)
20260909-07:42.01-81308(us) 2384785 * FastTransport   (fasttransport.cc:147): FastTransport initialized with srpc/rpc backend on 127.0.0.1:31006
20260909-07:42.01-81343(us) 2384785 * Initialize      (srpc_rpc_backend.cc:66): SrpcRpcBackend::Initialize: poll_thread_worker_ created, is_some=1
20260909-07:42.01-81419(us) 2384785 * Initialize      (srpc_rpc_backend.cc:97): SrpcRpcBackend initialized on 127.0.0.1:31011 (listening on 0.0.0.0:31011)
20260909-07:42.01-81439(us) 2384785 * FastTransport   (fasttransport.cc:147): FastTransport initialized with srpc/rpc backend on 127.0.0.1:31011
20260909-07:42.01-81474(us) 2384785 * Initialize      (srpc_rpc_backend.cc:66): SrpcRpcBackend::Initialize: poll_thread_worker_ created, is_some=1
20260909-07:42.01-81526(us) 2384785 * ParseNewFormat  (configuration.cc:102): Using new configuration format
20260909-07:42.01-81561(us) 2384785 * ParseNewFormat  (configuration.cc:162): Loaded 1 sites in 1 shards
20260909-07:42.01-81590(us) 2384785 * ParseNewFormat  (configuration.cc:102): Using new configuration format
20260909-07:42.01-81633(us) 2384785 * Initialize      (srpc_rpc_backend.cc:97): SrpcRpcBackend initialized on 127.0.0.1:31010 (listening on 0.0.0.0:31010)
20260909-07:42.01-81664(us) 2384785 * FastTransport   (fasttransport.cc:147): FastTransport initialized with srpc/rpc backend on 127.0.0.1:31010
20260909-07:42.01-81703(us) 2384785 * ParseNewFormat  (configuration.cc:162): Loaded 1 sites in 1 shards
20260909-07:42.01-81741(us) 2384785 * Initialize      (srpc_rpc_backend.cc:66): SrpcRpcBackend::Initialize: poll_thread_worker_ created, is_some=1
20260909-07:42.01-81781(us) 2384785 * ParseNewFormat  (configuration.cc:102): Using new configuration format
20260909-07:42.01-81816(us) 2384785 * ParseNewFormat  (configuration.cc:102): Using new configuration format
20260909-07:42.01-81859(us) 2384785 * Initialize      (srpc_rpc_backend.cc:97): SrpcRpcBackend initialized on 127.0.0.1:31012 (listening on 0.0.0.0:31012)
20260909-07:42.01-81883(us) 2384785 * FastTransport   (fasttransport.cc:147): FastTransport initialized with srpc/rpc backend on 127.0.0.1:31012
20260909-07:42.01-81907(us) 2384785 * ParseNewFormat  (configuration.cc:162): Loaded 1 sites in 1 shards
20260909-07:42.01-81940(us) 2384785 * ParseNewFormat  (configuration.cc:162): Loaded 1 sites in 1 shards
20260909-07:42.01-81992(us) 2384785 * Initialize      (srpc_rpc_backend.cc:66): SrpcRpcBackend::Initialize: poll_thread_worker_ created, is_some=1
20260909-07:42.01-82073(us) 2384785 * Initialize      (srpc_rpc_backend.cc:66): SrpcRpcBackend::Initialize: poll_thread_worker_ created, is_some=1
20260909-07:42.01-82124(us) 2384785 * Initialize      (srpc_rpc_backend.cc:97): SrpcRpcBackend initialized on 127.0.0.1:31014 (listening on 0.0.0.0:31014)
20260909-07:42.01-82160(us) 2384785 * FastTransport   (fasttransport.cc:147): FastTransport initialized with srpc/rpc backend on 127.0.0.1:31014
20260909-07:42.01-82193(us) 2384785 * Initialize      (srpc_rpc_backend.cc:97): SrpcRpcBackend initialized on 127.0.0.1:31013 (listening on 0.0.0.0:31013)
20260909-07:42.01-82213(us) 2384785 * FastTransport   (fasttransport.cc:147): FastTransport initialized with srpc/rpc backend on 127.0.0.1:31013
20260909-07:42.01-82247(us) 2384785 * Initialize      (srpc_rpc_backend.cc:66): SrpcRpcBackend::Initialize: poll_thread_worker_ created, is_some=1
20260909-07:42.01-82320(us) 2384785 * ParseNewFormat  (configuration.cc:102): Using new configuration format
20260909-07:42.01-82368(us) 2384785 * ParseNewFormat  (configuration.cc:162): Loaded 1 sites in 1 shards
20260909-07:42.01-82407(us) 2384785 * ParseNewFormat  (configuration.cc:102): Using new configuration format
20260909-07:42.01-82457(us) 2384785 * ParseNewFormat  (configuration.cc:102): Using new configuration format
20260909-07:42.01-82528(us) 2384785 * ParseNewFormat  (configuration.cc:162): Loaded 1 sites in 1 shards
20260909-07:42.01-82599(us) 2384785 * ParseNewFormat  (configuration.cc:102): Using new configuration format
20260909-07:42.01-82632(us) 2384785 * ParseNewFormat  (configuration.cc:162): Loaded 1 sites in 1 shards
20260909-07:42.01-82938(us) 2384785 * ParseNewFormat  (configuration.cc:102): Using new configuration format
20260909-07:42.01-82975(us) 2384785 * Initialize      (srpc_rpc_backend.cc:97): SrpcRpcBackend initialized on 127.0.0.1:31015 (listening on 0.0.0.0:31015)
20260909-07:42.01-83009(us) 2384785 * FastTransport   (fasttransport.cc:147): FastTransport initialized with srpc/rpc backend on 127.0.0.1:31015
20260909-07:42.01-83045(us) 2384785 * ParseNewFormat  (configuration.cc:162): Loaded 1 sites in 1 shards
20260909-07:42.01-83083(us) 2384785 * ParseNewFormat  (configuration.cc:102): Using new configuration format
20260909-07:42.01-83122(us) 2384785 * ParseNewFormat  (configuration.cc:162): Loaded 1 sites in 1 shards
20260909-07:42.01-83750(us) 2384785 * ParseNewFormat  (configuration.cc:102): Using new configuration format
20260909-07:42.01-83793(us) 2384785 * ParseNewFormat  (configuration.cc:162): Loaded 1 sites in 1 shards
20260909-07:42.01-85838(us) 2384785 * ParseNewFormat  (configuration.cc:162): Loaded 1 sites in 1 shards
20260909-07:42.01-89847(us) 2384785 ! run             (bench.cc:645):     TPCC_BENCH_MEASURE_START
20260909-07:42.01-89890(us) 2384785 ! run             (bench.cc:653):     start the running time, runTime:10
20260909-07:42.01-89911(us) 2384785 ! run             (bench.cc:665):     runtime time left:10000 ms, bool:1
20260909-07:42.02-100940(us) 2384785 ! run             (bench.cc:665):     runtime time left:9000 ms, bool:1
20260909-07:42.03-112152(us) 2384785 ! run             (bench.cc:665):     runtime time left:8000 ms, bool:1
20260909-07:42.04-123156(us) 2384785 ! run             (bench.cc:665):     runtime time left:7000 ms, bool:1
20260909-07:42.05-134086(us) 2384785 ! run             (bench.cc:665):     runtime time left:6000 ms, bool:1
20260909-07:42.06-144114(us) 2384785 ! run             (bench.cc:665):     runtime time left:5000 ms, bool:1
20260909-07:42.07-155749(us) 2384785 ! run             (bench.cc:665):     runtime time left:4000 ms, bool:1
20260909-07:42.08-164582(us) 2384785 ! run             (bench.cc:665):     runtime time left:3000 ms, bool:1
20260909-07:42.09-176521(us) 2384785 ! run             (bench.cc:665):     runtime time left:2000 ms, bool:1
20260909-07:42.10-186676(us) 2384785 ! run             (bench.cc:665):     runtime time left:1000 ms, bool:1
20260909-07:42.11-197345(us) 2384785 ! run             (bench.cc:678):     runtime_plus:0
[SHUTDOWN] Setting running=false to stop database worker threads
[SHUTDOWN] Calling first stop() to stop client transports
20260909-07:42.11-197423(us) 2384785 * PrintStats      (srpc_rpc_backend.cc:686): SrpcRpcBackend request stats: msg_size_req_sent: 0 bytes, counter: 0, avg: 0.000000
20260909-07:42.11-197503(us) 2384785 * PrintStats      (srpc_rpc_backend.cc:686): SrpcRpcBackend request stats: msg_size_req_sent: 0 bytes, counter: 0, avg: 0.000000
20260909-07:42.11-197553(us) 2384785 ! stop            (bench.cc:496):     stop all rpc clients. set stop=false
20260909-07:42.11-197577(us) 2384785 * Stop            (srpc_rpc_backend.cc:593): SrpcRpcBackend::Stop: BEGIN - Setting stop flag
20260909-07:42.11-197594(us) 2384785 * Stop            (srpc_rpc_backend.cc:596): SrpcRpcBackend::Stop: Waiting for event loop to exit...
20260909-07:42.11-197611(us) 2384785 * Stop            (srpc_rpc_backend.cc:612): SrpcRpcBackend::Stop: Event loop exited successfully
20260909-07:42.11-197627(us) 2384785 * Stop            (srpc_rpc_backend.cc:616): SrpcRpcBackend::Stop: Signaling 0 request queues to stop
20260909-07:42.11-197643(us) 2384785 * Stop            (srpc_rpc_backend.cc:624): SrpcRpcBackend::Stop: Signaling 0 response queues to stop
20260909-07:42.11-197659(us) 2384785 * Stop            (srpc_rpc_backend.cc:635): SrpcRpcBackend::Stop: Server cleanup deferred to destructor
20260909-07:42.11-197674(us) 2384785 * Stop            (srpc_rpc_backend.cc:638): SrpcRpcBackend::Stop: Closing client connections
20260909-07:42.11-197691(us) 2384785 * Stop            (srpc_rpc_backend.cc:642): SrpcRpcBackend::Stop: Found 0 client connections to close
20260909-07:42.11-197705(us) 2384785 * PrintStats      (srpc_rpc_backend.cc:686): SrpcRpcBackend request stats: msg_size_req_sent: 0 bytes, counter: 0, avg: 0.000000
20260909-07:42.11-197755(us) 2384785 * PrintStats      (srpc_rpc_backend.cc:686): SrpcRpcBackend request stats: msg_size_req_sent: 0 bytes, counter: 0, avg: 0.000000
20260909-07:42.11-197824(us) 2384785 * PrintStats      (srpc_rpc_backend.cc:686): SrpcRpcBackend request stats: msg_size_req_sent: 0 bytes, counter: 0, avg: 0.000000
20260909-07:42.11-197871(us) 2384785 * PrintStats      (srpc_rpc_backend.cc:686): SrpcRpcBackend request stats: msg_size_req_sent: 0 bytes, counter: 0, avg: 0.000000
20260909-07:42.11-197951(us) 2384785 * PrintStats      (srpc_rpc_backend.cc:686): SrpcRpcBackend request stats: msg_size_req_sent: 0 bytes, counter: 0, avg: 0.000000
20260909-07:42.11-197995(us) 2384785 * PrintStats      (srpc_rpc_backend.cc:686): SrpcRpcBackend request stats: msg_size_req_sent: 0 bytes, counter: 0, avg: 0.000000
20260909-07:42.11-198032(us) 2384785 * PrintStats      (srpc_rpc_backend.cc:686): SrpcRpcBackend request stats: msg_size_req_sent: 0 bytes, counter: 0, avg: 0.000000
20260909-07:42.11-198083(us) 2384785 * PrintStats      (srpc_rpc_backend.cc:686): SrpcRpcBackend request stats: msg_size_req_sent: 0 bytes, counter: 0, avg: 0.000000
20260909-07:42.11-198129(us) 2384785 * PrintStats      (srpc_rpc_backend.cc:686): SrpcRpcBackend request stats: msg_size_req_sent: 0 bytes, counter: 0, avg: 0.000000
20260909-07:42.11-198200(us) 2384785 * PrintStats      (srpc_rpc_backend.cc:686): SrpcRpcBackend request stats: msg_size_req_sent: 0 bytes, counter: 0, avg: 0.000000
20260909-07:42.11-198225(us) 2384785 * PrintStats      (srpc_rpc_backend.cc:686): SrpcRpcBackend request stats: msg_size_req_sent: 0 bytes, counter: 0, avg: 0.000000
20260909-07:42.11-198277(us) 2384785 * PrintStats      (srpc_rpc_backend.cc:686): SrpcRpcBackend request stats: msg_size_req_sent: 0 bytes, counter: 0, avg: 0.000000
20260909-07:42.11-198319(us) 2384785 * PrintStats      (srpc_rpc_backend.cc:686): SrpcRpcBackend request stats: msg_size_req_sent: 0 bytes, counter: 0, avg: 0.000000
20260909-07:42.11-198365(us) 2384785 * PrintStats      (srpc_rpc_backend.cc:686): SrpcRpcBackend request stats: msg_size_req_sent: 0 bytes, counter: 0, avg: 0.000000
20260909-07:42.11-198416(us) 2384785 * Stop            (srpc_rpc_backend.cc:662): SrpcRpcBackend::Stop: Closed 0 client connections
20260909-07:42.11-198432(us) 2384785 * Stop            (srpc_rpc_backend.cc:675): SrpcRpcBackend stats: msg_size_resp_sent: 0 bytes, counter: 0, avg: 0.000000
20260909-07:42.11-198447(us) 2384785 * Stop            (srpc_rpc_backend.cc:676): SrpcRpcBackend::Stop: END
20260909-07:42.11-198461(us) 2384785 * Stop            (srpc_rpc_backend.cc:593): SrpcRpcBackend::Stop: BEGIN - Setting stop flag
20260909-07:42.11-198474(us) 2384785 * Stop            (srpc_rpc_backend.cc:596): SrpcRpcBackend::Stop: Waiting for event loop to exit...
20260909-07:42.11-198489(us) 2384785 * Stop            (srpc_rpc_backend.cc:612): SrpcRpcBackend::Stop: Event loop exited successfully
20260909-07:42.11-198502(us) 2384785 * Stop            (srpc_rpc_backend.cc:616): SrpcRpcBackend::Stop: Signaling 0 request queues to stop
20260909-07:42.11-198519(us) 2384785 * Stop            (srpc_rpc_backend.cc:624): SrpcRpcBackend::Stop: Signaling 0 response queues to stop
20260909-07:42.11-198531(us) 2384785 * Stop            (srpc_rpc_backend.cc:635): SrpcRpcBackend::Stop: Server cleanup deferred to destructor
20260909-07:42.11-198544(us) 2384785 * Stop            (srpc_rpc_backend.cc:638): SrpcRpcBackend::Stop: Closing client connections
20260909-07:42.11-198557(us) 2384785 * Stop            (srpc_rpc_backend.cc:642): SrpcRpcBackend::Stop: Found 0 client connections to close
20260909-07:42.11-198575(us) 2384785 * Stop            (srpc_rpc_backend.cc:662): SrpcRpcBackend::Stop: Closed 0 client connections
20260909-07:42.11-198592(us) 2384785 * Stop            (srpc_rpc_backend.cc:675): SrpcRpcBackend stats: msg_size_resp_sent: 0 bytes, counter: 0, avg: 0.000000
20260909-07:42.11-198608(us) 2384785 * Stop            (srpc_rpc_backend.cc:676): SrpcRpcBackend::Stop: END
20260909-07:42.11-198622(us) 2384785 * Stop            (srpc_rpc_backend.cc:593): SrpcRpcBackend::Stop: BEGIN - Setting stop flag
20260909-07:42.11-198639(us) 2384785 * Stop            (srpc_rpc_backend.cc:596): SrpcRpcBackend::Stop: Waiting for event loop to exit...
20260909-07:42.11-198655(us) 2384785 * Stop            (srpc_rpc_backend.cc:612): SrpcRpcBackend::Stop: Event loop exited successfully
20260909-07:42.11-198669(us) 2384785 * Stop            (srpc_rpc_backend.cc:616): SrpcRpcBackend::Stop: Signaling 0 request queues to stop
20260909-07:42.11-198686(us) 2384785 * Stop            (srpc_rpc_backend.cc:624): SrpcRpcBackend::Stop: Signaling 0 response queues to stop
20260909-07:42.11-198701(us) 2384785 * Stop            (srpc_rpc_backend.cc:635): SrpcRpcBackend::Stop: Server cleanup deferred to destructor
20260909-07:42.11-198715(us) 2384785 * Stop            (srpc_rpc_backend.cc:638): SrpcRpcBackend::Stop: Closing client connections
20260909-07:42.11-198732(us) 2384785 * Stop            (srpc_rpc_backend.cc:642): SrpcRpcBackend::Stop: Found 0 client connections to close
20260909-07:42.11-198746(us) 2384785 * Stop            (srpc_rpc_backend.cc:662): SrpcRpcBackend::Stop: Closed 0 client connections
20260909-07:42.11-198762(us) 2384785 * Stop            (srpc_rpc_backend.cc:675): SrpcRpcBackend stats: msg_size_resp_sent: 0 bytes, counter: 0, avg: 0.000000
20260909-07:42.11-198778(us) 2384785 * Stop            (srpc_rpc_backend.cc:676): SrpcRpcBackend::Stop: END
20260909-07:42.11-198794(us) 2384785 * Stop            (srpc_rpc_backend.cc:593): SrpcRpcBackend::Stop: BEGIN - Setting stop flag
20260909-07:42.11-198807(us) 2384785 * Stop            (srpc_rpc_backend.cc:596): SrpcRpcBackend::Stop: Waiting for event loop to exit...
20260909-07:42.11-198824(us) 2384785 * Stop            (srpc_rpc_backend.cc:612): SrpcRpcBackend::Stop: Event loop exited successfully
20260909-07:42.11-198848(us) 2384785 * Stop            (srpc_rpc_backend.cc:616): SrpcRpcBackend::Stop: Signaling 0 request queues to stop
20260909-07:42.11-198861(us) 2384785 * Stop            (srpc_rpc_backend.cc:624): SrpcRpcBackend::Stop: Signaling 0 response queues to stop
20260909-07:42.11-198874(us) 2384785 * Stop            (srpc_rpc_backend.cc:635): SrpcRpcBackend::Stop: Server cleanup deferred to destructor
20260909-07:42.11-198886(us) 2384785 * Stop            (srpc_rpc_backend.cc:638): SrpcRpcBackend::Stop: Closing client connections
20260909-07:42.11-198903(us) 2384785 * Stop            (srpc_rpc_backend.cc:642): SrpcRpcBackend::Stop: Found 0 client connections to close
20260909-07:42.11-198917(us) 2384785 * Stop            (srpc_rpc_backend.cc:662): SrpcRpcBackend::Stop: Closed 0 client connections
20260909-07:42.11-198934(us) 2384785 * Stop            (srpc_rpc_backend.cc:675): SrpcRpcBackend stats: msg_size_resp_sent: 0 bytes, counter: 0, avg: 0.000000
20260909-07:42.11-198950(us) 2384785 * Stop            (srpc_rpc_backend.cc:676): SrpcRpcBackend::Stop: END
20260909-07:42.11-198964(us) 2384785 * Stop            (srpc_rpc_backend.cc:593): SrpcRpcBackend::Stop: BEGIN - Setting stop flag
20260909-07:42.11-198978(us) 2384785 * Stop            (srpc_rpc_backend.cc:596): SrpcRpcBackend::Stop: Waiting for event loop to exit...
20260909-07:42.11-198994(us) 2384785 * Stop            (srpc_rpc_backend.cc:612): SrpcRpcBackend::Stop: Event loop exited successfully
20260909-07:42.11-199008(us) 2384785 * Stop            (srpc_rpc_backend.cc:616): SrpcRpcBackend::Stop: Signaling 0 request queues to stop
20260909-07:42.11-199022(us) 2384785 * Stop            (srpc_rpc_backend.cc:624): SrpcRpcBackend::Stop: Signaling 0 response queues to stop
20260909-07:42.11-199035(us) 2384785 * Stop            (srpc_rpc_backend.cc:635): SrpcRpcBackend::Stop: Server cleanup deferred to destructor
20260909-07:42.11-199048(us) 2384785 * Stop            (srpc_rpc_backend.cc:638): SrpcRpcBackend::Stop: Closing client connections
20260909-07:42.11-199060(us) 2384785 * Stop            (srpc_rpc_backend.cc:642): SrpcRpcBackend::Stop: Found 0 client connections to close
20260909-07:42.11-199078(us) 2384785 * Stop            (srpc_rpc_backend.cc:662): SrpcRpcBackend::Stop: Closed 0 client connections
20260909-07:42.11-199096(us) 2384785 * Stop            (srpc_rpc_backend.cc:675): SrpcRpcBackend stats: msg_size_resp_sent: 0 bytes, counter: 0, avg: 0.000000
20260909-07:42.11-199113(us) 2384785 * Stop            (srpc_rpc_backend.cc:676): SrpcRpcBackend::Stop: END
20260909-07:42.11-199132(us) 2384785 * Stop            (srpc_rpc_backend.cc:593): SrpcRpcBackend::Stop: BEGIN - Setting stop flag
20260909-07:42.11-199146(us) 2384785 * Stop            (srpc_rpc_backend.cc:596): SrpcRpcBackend::Stop: Waiting for event loop to exit...
20260909-07:42.11-199159(us) 2384785 * Stop            (srpc_rpc_backend.cc:612): SrpcRpcBackend::Stop: Event loop exited successfully
20260909-07:42.11-199176(us) 2384785 * Stop            (srpc_rpc_backend.cc:616): SrpcRpcBackend::Stop: Signaling 0 request queues to stop
20260909-07:42.11-199193(us) 2384785 * Stop            (srpc_rpc_backend.cc:624): SrpcRpcBackend::Stop: Signaling 0 response queues to stop
20260909-07:42.11-199207(us) 2384785 * Stop            (srpc_rpc_backend.cc:635): SrpcRpcBackend::Stop: Server cleanup deferred to destructor
20260909-07:42.11-199219(us) 2384785 * Stop            (srpc_rpc_backend.cc:638): SrpcRpcBackend::Stop: Closing client connections
20260909-07:42.11-199235(us) 2384785 * Stop            (srpc_rpc_backend.cc:642): SrpcRpcBackend::Stop: Found 0 client connections to close
20260909-07:42.11-199249(us) 2384785 * Stop            (srpc_rpc_backend.cc:662): SrpcRpcBackend::Stop: Closed 0 client connections
20260909-07:42.11-199266(us) 2384785 * Stop            (srpc_rpc_backend.cc:675): SrpcRpcBackend stats: msg_size_resp_sent: 0 bytes, counter: 0, avg: 0.000000
20260909-07:42.11-199280(us) 2384785 * Stop            (srpc_rpc_backend.cc:676): SrpcRpcBackend::Stop: END
20260909-07:42.11-199294(us) 2384785 * Stop            (srpc_rpc_backend.cc:593): SrpcRpcBackend::Stop: BEGIN - Setting stop flag
20260909-07:42.11-199310(us) 2384785 * Stop            (srpc_rpc_backend.cc:596): SrpcRpcBackend::Stop: Waiting for event loop to exit...
20260909-07:42.11-199326(us) 2384785 * Stop            (srpc_rpc_backend.cc:612): SrpcRpcBackend::Stop: Event loop exited successfully
20260909-07:42.11-199340(us) 2384785 * Stop            (srpc_rpc_backend.cc:616): SrpcRpcBackend::Stop: Signaling 0 request queues to stop
20260909-07:42.11-199353(us) 2384785 * Stop            (srpc_rpc_backend.cc:624): SrpcRpcBackend::Stop: Signaling 0 response queues to stop
20260909-07:42.11-199369(us) 2384785 * Stop            (srpc_rpc_backend.cc:635): SrpcRpcBackend::Stop: Server cleanup deferred to destructor
20260909-07:42.11-199382(us) 2384785 * Stop            (srpc_rpc_backend.cc:638): SrpcRpcBackend::Stop: Closing client connections
20260909-07:42.11-199399(us) 2384785 * Stop            (srpc_rpc_backend.cc:642): SrpcRpcBackend::Stop: Found 0 client connections to close
20260909-07:42.11-199412(us) 2384785 * Stop            (srpc_rpc_backend.cc:662): SrpcRpcBackend::Stop: Closed 0 client connections
20260909-07:42.11-199429(us) 2384785 * Stop            (srpc_rpc_backend.cc:675): SrpcRpcBackend stats: msg_size_resp_sent: 0 bytes, counter: 0, avg: 0.000000
20260909-07:42.11-199445(us) 2384785 * Stop            (srpc_rpc_backend.cc:676): SrpcRpcBackend::Stop: END
20260909-07:42.11-199459(us) 2384785 * Stop            (srpc_rpc_backend.cc:593): SrpcRpcBackend::Stop: BEGIN - Setting stop flag
20260909-07:42.11-199475(us) 2384785 * Stop            (srpc_rpc_backend.cc:596): SrpcRpcBackend::Stop: Waiting for event loop to exit...
20260909-07:42.11-199491(us) 2384785 * Stop            (srpc_rpc_backend.cc:612): SrpcRpcBackend::Stop: Event loop exited successfully
20260909-07:42.11-199505(us) 2384785 * Stop            (srpc_rpc_backend.cc:616): SrpcRpcBackend::Stop: Signaling 0 request queues to stop
20260909-07:42.11-199522(us) 2384785 * Stop            (srpc_rpc_backend.cc:624): SrpcRpcBackend::Stop: Signaling 0 response queues to stop
20260909-07:42.11-199534(us) 2384785 * Stop            (srpc_rpc_backend.cc:635): SrpcRpcBackend::Stop: Server cleanup deferred to destructor
20260909-07:42.11-199547(us) 2384785 * Stop            (srpc_rpc_backend.cc:638): SrpcRpcBackend::Stop: Closing client connections
20260909-07:42.11-199560(us) 2384785 * Stop            (srpc_rpc_backend.cc:642): SrpcRpcBackend::Stop: Found 0 client connections to close
20260909-07:42.11-199576(us) 2384785 * Stop            (srpc_rpc_backend.cc:662): SrpcRpcBackend::Stop: Closed 0 client connections
20260909-07:42.11-199592(us) 2384785 * Stop            (srpc_rpc_backend.cc:675): SrpcRpcBackend stats: msg_size_resp_sent: 0 bytes, counter: 0, avg: 0.000000
20260909-07:42.11-199606(us) 2384785 * Stop            (srpc_rpc_backend.cc:676): SrpcRpcBackend::Stop: END
20260909-07:42.11-199623(us) 2384785 * Stop            (srpc_rpc_backend.cc:593): SrpcRpcBackend::Stop: BEGIN - Setting stop flag
20260909-07:42.11-199639(us) 2384785 * Stop            (srpc_rpc_backend.cc:596): SrpcRpcBackend::Stop: Waiting for event loop to exit...
20260909-07:42.11-199653(us) 2384785 * Stop            (srpc_rpc_backend.cc:612): SrpcRpcBackend::Stop: Event loop exited successfully
20260909-07:42.11-199669(us) 2384785 * Stop            (srpc_rpc_backend.cc:616): SrpcRpcBackend::Stop: Signaling 0 request queues to stop
20260909-07:42.11-199683(us) 2384785 * Stop            (srpc_rpc_backend.cc:624): SrpcRpcBackend::Stop: Signaling 0 response queues to stop
20260909-07:42.11-199700(us) 2384785 * Stop            (srpc_rpc_backend.cc:635): SrpcRpcBackend::Stop: Server cleanup deferred to destructor
20260909-07:42.11-199716(us) 2384785 * Stop            (srpc_rpc_backend.cc:638): SrpcRpcBackend::Stop: Closing client connections
20260909-07:42.11-199733(us) 2384785 * Stop            (srpc_rpc_backend.cc:642): SrpcRpcBackend::Stop: Found 0 client connections to close
20260909-07:42.11-199749(us) 2384785 * Stop            (srpc_rpc_backend.cc:662): SrpcRpcBackend::Stop: Closed 0 client connections
20260909-07:42.11-199763(us) 2384785 * Stop            (srpc_rpc_backend.cc:675): SrpcRpcBackend stats: msg_size_resp_sent: 0 bytes, counter: 0, avg: 0.000000
20260909-07:42.11-199776(us) 2384785 * Stop            (srpc_rpc_backend.cc:676): SrpcRpcBackend::Stop: END
20260909-07:42.11-199794(us) 2384785 * Stop            (srpc_rpc_backend.cc:593): SrpcRpcBackend::Stop: BEGIN - Setting stop flag
20260909-07:42.11-199808(us) 2384785 * Stop            (srpc_rpc_backend.cc:596): SrpcRpcBackend::Stop: Waiting for event loop to exit...
20260909-07:42.11-199823(us) 2384785 * Stop            (srpc_rpc_backend.cc:612): SrpcRpcBackend::Stop: Event loop exited successfully
20260909-07:42.11-199842(us) 2384785 * Stop            (srpc_rpc_backend.cc:616): SrpcRpcBackend::Stop: Signaling 0 request queues to stop
20260909-07:42.11-199855(us) 2384785 * Stop            (srpc_rpc_backend.cc:624): SrpcRpcBackend::Stop: Signaling 0 response queues to stop
20260909-07:42.11-199867(us) 2384785 * Stop            (srpc_rpc_backend.cc:635): SrpcRpcBackend::Stop: Server cleanup deferred to destructor
20260909-07:42.11-199879(us) 2384785 * Stop            (srpc_rpc_backend.cc:638): SrpcRpcBackend::Stop: Closing client connections
20260909-07:42.11-199892(us) 2384785 * Stop            (srpc_rpc_backend.cc:642): SrpcRpcBackend::Stop: Found 0 client connections to close
20260909-07:42.11-199905(us) 2384785 * Stop            (srpc_rpc_backend.cc:662): SrpcRpcBackend::Stop: Closed 0 client connections
20260909-07:42.11-199922(us) 2384785 * Stop            (srpc_rpc_backend.cc:675): SrpcRpcBackend stats: msg_size_resp_sent: 0 bytes, counter: 0, avg: 0.000000
20260909-07:42.11-199938(us) 2384785 * Stop            (srpc_rpc_backend.cc:676): SrpcRpcBackend::Stop: END
20260909-07:42.11-199953(us) 2384785 * Stop            (srpc_rpc_backend.cc:593): SrpcRpcBackend::Stop: BEGIN - Setting stop flag
20260909-07:42.11-199967(us) 2384785 * Stop            (srpc_rpc_backend.cc:596): SrpcRpcBackend::Stop: Waiting for event loop to exit...
20260909-07:42.11-199983(us) 2384785 * Stop            (srpc_rpc_backend.cc:612): SrpcRpcBackend::Stop: Event loop exited successfully
20260909-07:42.11-199998(us) 2384785 * Stop            (srpc_rpc_backend.cc:616): SrpcRpcBackend::Stop: Signaling 0 request queues to stop
20260909-07:42.11-200014(us) 2384785 * Stop            (srpc_rpc_backend.cc:624): SrpcRpcBackend::Stop: Signaling 0 response queues to stop
20260909-07:42.11-200028(us) 2384785 * Stop            (srpc_rpc_backend.cc:635): SrpcRpcBackend::Stop: Server cleanup deferred to destructor
20260909-07:42.11-200044(us) 2384785 * Stop            (srpc_rpc_backend.cc:638): SrpcRpcBackend::Stop: Closing client connections
20260909-07:42.11-200058(us) 2384785 * Stop            (srpc_rpc_backend.cc:642): SrpcRpcBackend::Stop: Found 0 client connections to close
20260909-07:42.11-200075(us) 2384785 * Stop            (srpc_rpc_backend.cc:662): SrpcRpcBackend::Stop: Closed 0 client connections
20260909-07:42.11-200089(us) 2384785 * Stop            (srpc_rpc_backend.cc:675): SrpcRpcBackend stats: msg_size_resp_sent: 0 bytes, counter: 0, avg: 0.000000
20260909-07:42.11-200106(us) 2384785 * Stop            (srpc_rpc_backend.cc:676): SrpcRpcBackend::Stop: END
20260909-07:42.11-200121(us) 2384785 * Stop            (srpc_rpc_backend.cc:593): SrpcRpcBackend::Stop: BEGIN - Setting stop flag
20260909-07:42.11-200134(us) 2384785 * Stop            (srpc_rpc_backend.cc:596): SrpcRpcBackend::Stop: Waiting for event loop to exit...
20260909-07:42.11-200149(us) 2384785 * Stop            (srpc_rpc_backend.cc:612): SrpcRpcBackend::Stop: Event loop exited successfully
20260909-07:42.11-200162(us) 2384785 * Stop            (srpc_rpc_backend.cc:616): SrpcRpcBackend::Stop: Signaling 0 request queues to stop
20260909-07:42.11-200179(us) 2384785 * Stop            (srpc_rpc_backend.cc:624): SrpcRpcBackend::Stop: Signaling 0 response queues to stop
20260909-07:42.11-200191(us) 2384785 * Stop            (srpc_rpc_backend.cc:635): SrpcRpcBackend::Stop: Server cleanup deferred to destructor
20260909-07:42.11-200209(us) 2384785 * Stop            (srpc_rpc_backend.cc:638): SrpcRpcBackend::Stop: Closing client connections
20260909-07:42.11-200225(us) 2384785 * Stop            (srpc_rpc_backend.cc:642): SrpcRpcBackend::Stop: Found 0 client connections to close
20260909-07:42.11-200239(us) 2384785 * Stop            (srpc_rpc_backend.cc:662): SrpcRpcBackend::Stop: Closed 0 client connections
20260909-07:42.11-200252(us) 2384785 * Stop            (srpc_rpc_backend.cc:675): SrpcRpcBackend stats: msg_size_resp_sent: 0 bytes, counter: 0, avg: 0.000000
20260909-07:42.11-200269(us) 2384785 * Stop            (srpc_rpc_backend.cc:676): SrpcRpcBackend::Stop: END
20260909-07:42.11-200284(us) 2384785 * Stop            (srpc_rpc_backend.cc:593): SrpcRpcBackend::Stop: BEGIN - Setting stop flag
20260909-07:42.11-200301(us) 2384785 * Stop            (srpc_rpc_backend.cc:596): SrpcRpcBackend::Stop: Waiting for event loop to exit...
20260909-07:42.11-200317(us) 2384785 * Stop            (srpc_rpc_backend.cc:612): SrpcRpcBackend::Stop: Event loop exited successfully
20260909-07:42.11-200334(us) 2384785 * Stop            (srpc_rpc_backend.cc:616): SrpcRpcBackend::Stop: Signaling 0 request queues to stop
20260909-07:42.11-200350(us) 2384785 * Stop            (srpc_rpc_backend.cc:624): SrpcRpcBackend::Stop: Signaling 0 response queues to stop
20260909-07:42.11-200364(us) 2384785 * Stop            (srpc_rpc_backend.cc:635): SrpcRpcBackend::Stop: Server cleanup deferred to destructor
20260909-07:42.11-200376(us) 2384785 * Stop            (srpc_rpc_backend.cc:638): SrpcRpcBackend::Stop: Closing client connections
20260909-07:42.11-200394(us) 2384785 * Stop            (srpc_rpc_backend.cc:642): SrpcRpcBackend::Stop: Found 0 client connections to close
20260909-07:42.11-200411(us) 2384785 * Stop            (srpc_rpc_backend.cc:662): SrpcRpcBackend::Stop: Closed 0 client connections
20260909-07:42.11-200427(us) 2384785 * Stop            (srpc_rpc_backend.cc:675): SrpcRpcBackend stats: msg_size_resp_sent: 0 bytes, counter: 0, avg: 0.000000
20260909-07:42.11-200443(us) 2384785 * Stop            (srpc_rpc_backend.cc:676): SrpcRpcBackend::Stop: END
20260909-07:42.11-200458(us) 2384785 * Stop            (srpc_rpc_backend.cc:593): SrpcRpcBackend::Stop: BEGIN - Setting stop flag
20260909-07:42.11-200472(us) 2384785 * Stop            (srpc_rpc_backend.cc:596): SrpcRpcBackend::Stop: Waiting for event loop to exit...
20260909-07:42.11-200488(us) 2384785 * Stop            (srpc_rpc_backend.cc:612): SrpcRpcBackend::Stop: Event loop exited successfully
20260909-07:42.11-200504(us) 2384785 * Stop            (srpc_rpc_backend.cc:616): SrpcRpcBackend::Stop: Signaling 0 request queues to stop
20260909-07:42.11-200520(us) 2384785 * Stop            (srpc_rpc_backend.cc:624): SrpcRpcBackend::Stop: Signaling 0 response queues to stop
20260909-07:42.11-200534(us) 2384785 * Stop            (srpc_rpc_backend.cc:635): SrpcRpcBackend::Stop: Server cleanup deferred to destructor
20260909-07:42.11-200550(us) 2384785 * Stop            (srpc_rpc_backend.cc:638): SrpcRpcBackend::Stop: Closing client connections
20260909-07:42.11-200566(us) 2384785 * Stop            (srpc_rpc_backend.cc:642): SrpcRpcBackend::Stop: Found 0 client connections to close
20260909-07:42.11-200580(us) 2384785 * Stop            (srpc_rpc_backend.cc:662): SrpcRpcBackend::Stop: Closed 0 client connections
20260909-07:42.11-200597(us) 2384785 * Stop            (srpc_rpc_backend.cc:675): SrpcRpcBackend stats: msg_size_resp_sent: 0 bytes, counter: 0, avg: 0.000000
20260909-07:42.11-200611(us) 2384785 * Stop            (srpc_rpc_backend.cc:676): SrpcRpcBackend::Stop: END
20260909-07:42.11-200628(us) 2384785 * Stop            (srpc_rpc_backend.cc:593): SrpcRpcBackend::Stop: BEGIN - Setting stop flag
20260909-07:42.11-200641(us) 2384785 * Stop            (srpc_rpc_backend.cc:596): SrpcRpcBackend::Stop: Waiting for event loop to exit...
20260909-07:42.11-200657(us) 2384785 * Stop            (srpc_rpc_backend.cc:612): SrpcRpcBackend::Stop: Event loop exited successfully
20260909-07:42.11-200671(us) 2384785 * Stop            (srpc_rpc_backend.cc:616): SrpcRpcBackend::Stop: Signaling 0 request queues to stop
20260909-07:42.11-200688(us) 2384785 * Stop            (srpc_rpc_backend.cc:624): SrpcRpcBackend::Stop: Signaling 0 response queues to stop
20260909-07:42.11-200702(us) 2384785 * Stop            (srpc_rpc_backend.cc:635): SrpcRpcBackend::Stop: Server cleanup deferred to destructor
20260909-07:42.11-200715(us) 2384785 * Stop            (srpc_rpc_backend.cc:638): SrpcRpcBackend::Stop: Closing client connections
20260909-07:42.11-200731(us) 2384785 * Stop            (srpc_rpc_backend.cc:642): SrpcRpcBackend::Stop: Found 0 client connections to close
20260909-07:42.11-200747(us) 2384785 * Stop            (srpc_rpc_backend.cc:662): SrpcRpcBackend::Stop: Closed 0 client connections
20260909-07:42.11-200761(us) 2384785 * Stop            (srpc_rpc_backend.cc:675): SrpcRpcBackend stats: msg_size_resp_sent: 0 bytes, counter: 0, avg: 0.000000
20260909-07:42.11-200777(us) 2384785 * Stop            (srpc_rpc_backend.cc:676): SrpcRpcBackend::Stop: END
20260909-07:42.11-200792(us) 2384785 * Stop            (srpc_rpc_backend.cc:593): SrpcRpcBackend::Stop: BEGIN - Setting stop flag
20260909-07:42.11-200805(us) 2384785 * Stop            (srpc_rpc_backend.cc:596): SrpcRpcBackend::Stop: Waiting for event loop to exit...
20260909-07:42.11-200821(us) 2384785 * Stop            (srpc_rpc_backend.cc:612): SrpcRpcBackend::Stop: Event loop exited successfully
20260909-07:42.11-200844(us) 2384785 * Stop            (srpc_rpc_backend.cc:616): SrpcRpcBackend::Stop: Signaling 0 request queues to stop
20260909-07:42.11-200858(us) 2384785 * Stop            (srpc_rpc_backend.cc:624): SrpcRpcBackend::Stop: Signaling 0 response queues to stop
20260909-07:42.11-200874(us) 2384785 * Stop            (srpc_rpc_backend.cc:635): SrpcRpcBackend::Stop: Server cleanup deferred to destructor
20260909-07:42.11-200890(us) 2384785 * Stop            (srpc_rpc_backend.cc:638): SrpcRpcBackend::Stop: Closing client connections
20260909-07:42.11-200906(us) 2384785 * Stop            (srpc_rpc_backend.cc:642): SrpcRpcBackend::Stop: Found 0 client connections to close
20260909-07:42.11-200919(us) 2384785 * Stop            (srpc_rpc_backend.cc:662): SrpcRpcBackend::Stop: Closed 0 client connections
20260909-07:42.11-200936(us) 2384785 * Stop            (srpc_rpc_backend.cc:675): SrpcRpcBackend stats: msg_size_resp_sent: 0 bytes, counter: 0, avg: 0.000000
20260909-07:42.11-200950(us) 2384785 * Stop            (srpc_rpc_backend.cc:676): SrpcRpcBackend::Stop: END
[SHUTDOWN] First stop() completed
[SHUTDOWN] Joining 16 worker threads
[SHUTDOWN] Joining worker 0
20260909-07:42.12-197657(us) 2384785 * Stop            (srpc_rpc_backend.cc:589): SrpcRpcBackend::Stop: Already stopped, returning
20260909-07:42.12-197695(us) 2384785 * Shutdown        (srpc_rpc_backend.cc:112): SrpcRpcBackend::Shutdown: About to delete server
20260909-07:42.12-197717(us) 2384785 * Shutdown        (srpc_rpc_backend.cc:116): SrpcRpcBackend::Shutdown: Server pointer is valid, deleting...
20260909-07:42.12-197745(us) 2384785 * Stop            (srpc_rpc_backend.cc:589): SrpcRpcBackend::Stop: Already stopped, returning
20260909-07:42.12-197783(us) 2384785 * Shutdown        (srpc_rpc_backend.cc:112): SrpcRpcBackend::Shutdown: About to delete server
20260909-07:42.12-197802(us) 2384785 * Shutdown        (srpc_rpc_backend.cc:116): SrpcRpcBackend::Shutdown: Server pointer is valid, deleting...
20260909-07:42.12-197827(us) 2384785 * Stop            (srpc_rpc_backend.cc:589): SrpcRpcBackend::Stop: Already stopped, returning
20260909-07:42.12-197914(us) 2384785 * Shutdown        (srpc_rpc_backend.cc:112): SrpcRpcBackend::Shutdown: About to delete server
20260909-07:42.12-197947(us) 2384785 * Shutdown        (srpc_rpc_backend.cc:116): SrpcRpcBackend::Shutdown: Server pointer is valid, deleting...
20260909-07:42.12-197976(us) 2384785 * Shutdown        (srpc_rpc_backend.cc:120): SrpcRpcBackend::Shutdown: Server deleted successfully
20260909-07:42.12-197998(us) 2384785 * Shutdown        (srpc_rpc_backend.cc:132): SrpcRpcBackend::Shutdown: About to shutdown poll_thread_worker_
20260909-07:42.12-198020(us) 2384785 * Shutdown        (srpc_rpc_backend.cc:136): SrpcRpcBackend::Shutdown: poll_thread_worker_ is valid, calling shutdown()
20260909-07:42.12-198051(us) 2384785 * Stop            (srpc_rpc_backend.cc:589): SrpcRpcBackend::Stop: Already stopped, returning
20260909-07:42.12-198101(us) 2384785 * Shutdown        (srpc_rpc_backend.cc:112): SrpcRpcBackend::Shutdown: About to delete server
20260909-07:42.12-198122(us) 2384785 * Shutdown        (srpc_rpc_backend.cc:116): SrpcRpcBackend::Shutdown: Server pointer is valid, deleting...
20260909-07:42.12-198153(us) 2384785 * Shutdown        (srpc_rpc_backend.cc:120): SrpcRpcBackend::Shutdown: Server deleted successfully
20260909-07:42.12-198181(us) 2384785 * Shutdown        (srpc_rpc_backend.cc:132): SrpcRpcBackend::Shutdown: About to shutdown poll_thread_worker_
20260909-07:42.12-198200(us) 2384785 * Shutdown        (srpc_rpc_backend.cc:136): SrpcRpcBackend::Shutdown: poll_thread_worker_ is valid, calling shutdown()
20260909-07:42.12-198228(us) 2384785 * Stop            (srpc_rpc_backend.cc:589): SrpcRpcBackend::Stop: Already stopped, returning
20260909-07:42.12-198280(us) 2384785 * Shutdown        (srpc_rpc_backend.cc:112): SrpcRpcBackend::Shutdown: About to delete server
20260909-07:42.12-198313(us) 2384785 * Stop            (srpc_rpc_backend.cc:589): SrpcRpcBackend::Stop: Already stopped, returning
20260909-07:42.12-198350(us) 2384785 * Shutdown        (srpc_rpc_backend.cc:112): SrpcRpcBackend::Shutdown: About to delete server
20260909-07:42.12-198368(us) 2384785 * Shutdown        (srpc_rpc_backend.cc:116): SrpcRpcBackend::Shutdown: Server pointer is valid, deleting...
20260909-07:42.12-198386(us) 2384785 * Stop            (srpc_rpc_backend.cc:589): SrpcRpcBackend::Stop: Already stopped, returning
20260909-07:42.12-198405(us) 2384785 * Shutdown        (srpc_rpc_backend.cc:120): SrpcRpcBackend::Shutdown: Server deleted successfully
20260909-07:42.12-198449(us) 2384785 * Shutdown        (srpc_rpc_backend.cc:132): SrpcRpcBackend::Shutdown: About to shutdown poll_thread_worker_
20260909-07:42.12-198469(us) 2384785 * Shutdown        (srpc_rpc_backend.cc:136): SrpcRpcBackend::Shutdown: poll_thread_worker_ is valid, calling shutdown()
20260909-07:42.12-198523(us) 2384785 * Stop            (srpc_rpc_backend.cc:589): SrpcRpcBackend::Stop: Already stopped, returning
20260909-07:42.12-198565(us) 2384785 * Shutdown        (srpc_rpc_backend.cc:112): SrpcRpcBackend::Shutdown: About to delete server
20260909-07:42.12-198588(us) 2384785 * Shutdown        (srpc_rpc_backend.cc:116): SrpcRpcBackend::Shutdown: Server pointer is valid, deleting...
20260909-07:42.12-198608(us) 2384785 * Shutdown        (srpc_rpc_backend.cc:120): SrpcRpcBackend::Shutdown: Server deleted successfully
20260909-07:42.12-198629(us) 2384785 * Shutdown        (srpc_rpc_backend.cc:132): SrpcRpcBackend::Shutdown: About to shutdown poll_thread_worker_
20260909-07:42.12-198645(us) 2384785 * Shutdown        (srpc_rpc_backend.cc:136): SrpcRpcBackend::Shutdown: poll_thread_worker_ is valid, calling shutdown()
20260909-07:42.12-198664(us) 2384785 * Shutdown        (srpc_rpc_backend.cc:116): SrpcRpcBackend::Shutdown: Server pointer is valid, deleting...
20260909-07:42.12-198714(us) 2384785 * Shutdown        (srpc_rpc_backend.cc:120): SrpcRpcBackend::Shutdown: Server deleted successfully
20260909-07:42.12-198732(us) 2384785 * Shutdown        (srpc_rpc_backend.cc:132): SrpcRpcBackend::Shutdown: About to shutdown poll_thread_worker_
20260909-07:42.12-198751(us) 2384785 * Shutdown        (srpc_rpc_backend.cc:136): SrpcRpcBackend::Shutdown: poll_thread_worker_ is valid, calling shutdown()
20260909-07:42.12-198783(us) 2384785 * Stop            (srpc_rpc_backend.cc:589): SrpcRpcBackend::Stop: Already stopped, returning
20260909-07:42.12-198847(us) 2384785 * Shutdown        (srpc_rpc_backend.cc:112): SrpcRpcBackend::Shutdown: About to delete server
20260909-07:42.12-198877(us) 2384785 * Shutdown        (srpc_rpc_backend.cc:116): SrpcRpcBackend::Shutdown: Server pointer is valid, deleting...
20260909-07:42.12-198902(us) 2384785 * Shutdown        (srpc_rpc_backend.cc:120): SrpcRpcBackend::Shutdown: Server deleted successfully
20260909-07:42.12-198919(us) 2384785 * Shutdown        (srpc_rpc_backend.cc:132): SrpcRpcBackend::Shutdown: About to shutdown poll_thread_worker_
20260909-07:42.12-198935(us) 2384785 * Shutdown        (srpc_rpc_backend.cc:136): SrpcRpcBackend::Shutdown: poll_thread_worker_ is valid, calling shutdown()
20260909-07:42.12-198966(us) 2384785 * Stop            (srpc_rpc_backend.cc:589): SrpcRpcBackend::Stop: Already stopped, returning
20260909-07:42.12-199001(us) 2384785 * Shutdown        (srpc_rpc_backend.cc:112): SrpcRpcBackend::Shutdown: About to delete server
20260909-07:42.12-199018(us) 2384785 * Shutdown        (srpc_rpc_backend.cc:116): SrpcRpcBackend::Shutdown: Server pointer is valid, deleting...
20260909-07:42.12-199040(us) 2384785 * Shutdown        (srpc_rpc_backend.cc:120): SrpcRpcBackend::Shutdown: Server deleted successfully
20260909-07:42.12-199056(us) 2384785 * Shutdown        (srpc_rpc_backend.cc:132): SrpcRpcBackend::Shutdown: About to shutdown poll_thread_worker_
20260909-07:42.12-199077(us) 2384785 * Shutdown        (srpc_rpc_backend.cc:136): SrpcRpcBackend::Shutdown: poll_thread_worker_ is valid, calling shutdown()
20260909-07:42.12-199110(us) 2384785 * Stop            (srpc_rpc_backend.cc:589): SrpcRpcBackend::Stop: Already stopped, returning
20260909-07:42.12-199147(us) 2384785 * Shutdown        (srpc_rpc_backend.cc:112): SrpcRpcBackend::Shutdown: About to delete server
20260909-07:42.12-199168(us) 2384785 * Shutdown        (srpc_rpc_backend.cc:116): SrpcRpcBackend::Shutdown: Server pointer is valid, deleting...
20260909-07:42.12-199196(us) 2384785 * Shutdown        (srpc_rpc_backend.cc:120): SrpcRpcBackend::Shutdown: Server deleted successfully
20260909-07:42.12-199214(us) 2384785 * Shutdown        (srpc_rpc_backend.cc:132): SrpcRpcBackend::Shutdown: About to shutdown poll_thread_worker_
20260909-07:42.12-199232(us) 2384785 * Shutdown        (srpc_rpc_backend.cc:136): SrpcRpcBackend::Shutdown: poll_thread_worker_ is valid, calling shutdown()
20260909-07:42.12-199290(us) 2384785 * Stop            (srpc_rpc_backend.cc:589): SrpcRpcBackend::Stop: Already stopped, returning
20260909-07:42.12-199339(us) 2384785 * Shutdown        (srpc_rpc_backend.cc:112): SrpcRpcBackend::Shutdown: About to delete server
20260909-07:42.12-199372(us) 2384785 * Shutdown        (srpc_rpc_backend.cc:116): SrpcRpcBackend::Shutdown: Server pointer is valid, deleting...
20260909-07:42.12-199403(us) 2384785 * Shutdown        (srpc_rpc_backend.cc:120): SrpcRpcBackend::Shutdown: Server deleted successfully
20260909-07:42.12-199427(us) 2384785 * Shutdown        (srpc_rpc_backend.cc:132): SrpcRpcBackend::Shutdown: About to shutdown poll_thread_worker_
20260909-07:42.12-199452(us) 2384785 * Shutdown        (srpc_rpc_backend.cc:136): SrpcRpcBackend::Shutdown: poll_thread_worker_ is valid, calling shutdown()
20260909-07:42.12-199483(us) 2384785 * Shutdown        (srpc_rpc_backend.cc:120): SrpcRpcBackend::Shutdown: Server deleted successfully
20260909-07:42.12-199521(us) 2384785 * Shutdown        (srpc_rpc_backend.cc:132): SrpcRpcBackend::Shutdown: About to shutdown poll_thread_worker_
20260909-07:42.12-199538(us) 2384785 * Shutdown        (srpc_rpc_backend.cc:136): SrpcRpcBackend::Shutdown: poll_thread_worker_ is valid, calling shutdown()
20260909-07:42.12-199572(us) 2384785 * Stop            (srpc_rpc_backend.cc:589): SrpcRpcBackend::Stop: Already stopped, returning
20260909-07:42.12-199607(us) 2384785 * Shutdown        (srpc_rpc_backend.cc:112): SrpcRpcBackend::Shutdown: About to delete server
20260909-07:42.12-199624(us) 2384785 * Shutdown        (srpc_rpc_backend.cc:116): SrpcRpcBackend::Shutdown: Server pointer is valid, deleting...
20260909-07:42.12-199651(us) 2384785 * Shutdown        (srpc_rpc_backend.cc:138): SrpcRpcBackend::Shutdown: poll_thread_worker_->shutdown() completed
20260909-07:42.12-199694(us) 2384785 * Shutdown        (srpc_rpc_backend.cc:140): SrpcRpcBackend::Shutdown: poll_thread_worker_ reset to None
20260909-07:42.12-199709(us) 2384785 * Shutdown        (srpc_rpc_backend.cc:145): SrpcRpcBackend::Shutdown: Shutdown sequence completed, destructor will now exit
20260909-07:42.12-199723(us) 2384785 * ~SrpcRpcBackend (srpc_rpc_backend.cc:52): SrpcRpcBackend::~SrpcRpcBackend: START destructor
20260909-07:42.12-199743(us) 2384785 * Stop            (srpc_rpc_backend.cc:589): SrpcRpcBackend::Stop: Already stopped, returning
20260909-07:42.12-199760(us) 2384785 * Shutdown        (srpc_rpc_backend.cc:138): SrpcRpcBackend::Shutdown: poll_thread_worker_->shutdown() completed
20260909-07:42.12-199846(us) 2384785 * Shutdown        (srpc_rpc_backend.cc:138): SrpcRpcBackend::Shutdown: poll_thread_worker_->shutdown() completed
20260909-07:42.12-199934(us) 2384785 * Stop            (srpc_rpc_backend.cc:589): SrpcRpcBackend::Stop: Already stopped, returning
20260909-07:42.12-199969(us) 2384785 * Shutdown        (srpc_rpc_backend.cc:112): SrpcRpcBackend::Shutdown: About to delete server
20260909-07:42.12-199991(us) 2384785 * Shutdown        (srpc_rpc_backend.cc:116): SrpcRpcBackend::Shutdown: Server pointer is valid, deleting...
20260909-07:42.12-200012(us) 2384785 * Shutdown        (srpc_rpc_backend.cc:120): SrpcRpcBackend::Shutdown: Server deleted successfully
20260909-07:42.12-200065(us) 2384785 * Shutdown        (srpc_rpc_backend.cc:132): SrpcRpcBackend::Shutdown: About to shutdown poll_thread_worker_
20260909-07:42.12-200089(us) 2384785 * Shutdown        (srpc_rpc_backend.cc:136): SrpcRpcBackend::Shutdown: poll_thread_worker_ is valid, calling shutdown()
20260909-07:42.12-200120(us) 2384785 * Shutdown        (srpc_rpc_backend.cc:120): SrpcRpcBackend::Shutdown: Server deleted successfully
20260909-07:42.12-200159(us) 2384785 * Shutdown        (srpc_rpc_backend.cc:132): SrpcRpcBackend::Shutdown: About to shutdown poll_thread_worker_
20260909-07:42.12-200178(us) 2384785 * Shutdown        (srpc_rpc_backend.cc:136): SrpcRpcBackend::Shutdown: poll_thread_worker_ is valid, calling shutdown()
20260909-07:42.12-200216(us) 2384785 * Shutdown        (srpc_rpc_backend.cc:138): SrpcRpcBackend::Shutdown: poll_thread_worker_->shutdown() completed
20260909-07:42.12-200260(us) 2384785 * Shutdown        (srpc_rpc_backend.cc:112): SrpcRpcBackend::Shutdown: About to delete server
20260909-07:42.12-200286(us) 2384785 * Shutdown        (srpc_rpc_backend.cc:129): SrpcRpcBackend::Shutdown: Server pointer is null, skipping deletion
20260909-07:42.12-200305(us) 2384785 * Shutdown        (srpc_rpc_backend.cc:132): SrpcRpcBackend::Shutdown: About to shutdown poll_thread_worker_
20260909-07:42.12-200325(us) 2384785 * Shutdown        (srpc_rpc_backend.cc:142): SrpcRpcBackend::Shutdown: poll_thread_worker_ is null, skipping shutdown
20260909-07:42.12-200344(us) 2384785 * Shutdown        (srpc_rpc_backend.cc:145): SrpcRpcBackend::Shutdown: Shutdown sequence completed, destructor will now exit
20260909-07:42.12-200360(us) 2384785 * ~SrpcRpcBackend (srpc_rpc_backend.cc:54): SrpcRpcBackend::~SrpcRpcBackend: Shutdown() completed
20260909-07:42.12-200385(us) 2384785 * Shutdown        (srpc_rpc_backend.cc:112): SrpcRpcBackend::Shutdown: About to delete server
20260909-07:42.12-200416(us) 2384785 * Shutdown        (srpc_rpc_backend.cc:138): SrpcRpcBackend::Shutdown: poll_thread_worker_->shutdown() completed
20260909-07:42.12-200457(us) 2384785 * Stop            (srpc_rpc_backend.cc:589): SrpcRpcBackend::Stop: Already stopped, returning
20260909-07:42.12-200493(us) 2384785 * Shutdown        (srpc_rpc_backend.cc:112): SrpcRpcBackend::Shutdown: About to delete server
20260909-07:42.12-200513(us) 2384785 * Shutdown        (srpc_rpc_backend.cc:116): SrpcRpcBackend::Shutdown: Server pointer is valid, deleting...
20260909-07:42.12-200537(us) 2384785 * Shutdown        (srpc_rpc_backend.cc:120): SrpcRpcBackend::Shutdown: Server deleted successfully
20260909-07:42.12-200559(us) 2384785 * Shutdown        (srpc_rpc_backend.cc:132): SrpcRpcBackend::Shutdown: About to shutdown poll_thread_worker_
20260909-07:42.12-200577(us) 2384785 * Shutdown        (srpc_rpc_backend.cc:136): SrpcRpcBackend::Shutdown: poll_thread_worker_ is valid, calling shutdown()
20260909-07:42.12-200599(us) 2384785 * Shutdown        (srpc_rpc_backend.cc:140): SrpcRpcBackend::Shutdown: poll_thread_worker_ reset to None
20260909-07:42.12-200644(us) 2384785 * Shutdown        (srpc_rpc_backend.cc:145): SrpcRpcBackend::Shutdown: Shutdown sequence completed, destructor will now exit
20260909-07:42.12-200677(us) 2384785 * ~SrpcRpcBackend (srpc_rpc_backend.cc:52): SrpcRpcBackend::~SrpcRpcBackend: START destructor
20260909-07:42.12-200704(us) 2384785 * Stop            (srpc_rpc_backend.cc:589): SrpcRpcBackend::Stop: Already stopped, returning
20260909-07:42.12-200729(us) 2384785 * Shutdown        (srpc_rpc_backend.cc:112): SrpcRpcBackend::Shutdown: About to delete server
20260909-07:42.12-200752(us) 2384785 * Shutdown        (srpc_rpc_backend.cc:129): SrpcRpcBackend::Shutdown: Server pointer is null, skipping deletion
20260909-07:42.12-200776(us) 2384785 * Shutdown        (srpc_rpc_backend.cc:132): SrpcRpcBackend::Shutdown: About to shutdown poll_thread_worker_
20260909-07:42.12-200796(us) 2384785 * Shutdown        (srpc_rpc_backend.cc:142): SrpcRpcBackend::Shutdown: poll_thread_worker_ is null, skipping shutdown
20260909-07:42.12-200819(us) 2384785 * Shutdown        (srpc_rpc_backend.cc:145): SrpcRpcBackend::Shutdown: Shutdown sequence completed, destructor will now exit
20260909-07:42.12-200861(us) 2384785 * ~SrpcRpcBackend (srpc_rpc_backend.cc:54): SrpcRpcBackend::~SrpcRpcBackend: Shutdown() completed
20260909-07:42.12-200928(us) 2384785 * Shutdown        (srpc_rpc_backend.cc:140): SrpcRpcBackend::Shutdown: poll_thread_worker_ reset to None
20260909-07:42.12-200985(us) 2384785 * Shutdown        (srpc_rpc_backend.cc:145): SrpcRpcBackend::Shutdown: Shutdown sequence completed, destructor will now exit
20260909-07:42.12-201018(us) 2384785 * ~SrpcRpcBackend (srpc_rpc_backend.cc:52): SrpcRpcBackend::~SrpcRpcBackend: START destructor
20260909-07:42.12-201051(us) 2384785 * Stop            (srpc_rpc_backend.cc:589): SrpcRpcBackend::Stop: Already stopped, returning
20260909-07:42.12-201087(us) 2384785 * Shutdown        (srpc_rpc_backend.cc:112): SrpcRpcBackend::Shutdown: About to delete server
20260909-07:42.12-201120(us) 2384785 * Shutdown        (srpc_rpc_backend.cc:138): SrpcRpcBackend::Shutdown: poll_thread_worker_->shutdown() completed
20260909-07:42.12-201170(us) 2384785 * Shutdown        (srpc_rpc_backend.cc:140): SrpcRpcBackend::Shutdown: poll_thread_worker_ reset to None
20260909-07:42.12-201193(us) 2384785 * Shutdown        (srpc_rpc_backend.cc:145): SrpcRpcBackend::Shutdown: Shutdown sequence completed, destructor will now exit
20260909-07:42.12-201213(us) 2384785 * ~SrpcRpcBackend (srpc_rpc_backend.cc:52): SrpcRpcBackend::~SrpcRpcBackend: START destructor
20260909-07:42.12-201231(us) 2384785 * Stop            (srpc_rpc_backend.cc:589): SrpcRpcBackend::Stop: Already stopped, returning
20260909-07:42.12-201246(us) 2384785 * Shutdown        (srpc_rpc_backend.cc:112): SrpcRpcBackend::Shutdown: About to delete server
20260909-07:42.12-201264(us) 2384785 * Shutdown        (srpc_rpc_backend.cc:129): SrpcRpcBackend::Shutdown: Server pointer is null, skipping deletion
20260909-07:42.12-201284(us) 2384785 * Shutdown        (srpc_rpc_backend.cc:132): SrpcRpcBackend::Shutdown: About to shutdown poll_thread_worker_
20260909-07:42.12-201305(us) 2384785 * Shutdown        (srpc_rpc_backend.cc:142): SrpcRpcBackend::Shutdown: poll_thread_worker_ is null, skipping shutdown
20260909-07:42.12-201325(us) 2384785 * Shutdown        (srpc_rpc_backend.cc:145): SrpcRpcBackend::Shutdown: Shutdown sequence completed, destructor will now exit
20260909-07:42.12-201343(us) 2384785 * ~SrpcRpcBackend (srpc_rpc_backend.cc:54): SrpcRpcBackend::~SrpcRpcBackend: Shutdown() completed
20260909-07:42.12-201380(us) 2384785 * Shutdown        (srpc_rpc_backend.cc:129): SrpcRpcBackend::Shutdown: Server pointer is null, skipping deletion
20260909-07:42.12-201428(us) 2384785 * Shutdown        (srpc_rpc_backend.cc:132): SrpcRpcBackend::Shutdown: About to shutdown poll_thread_worker_
20260909-07:42.12-201455(us) 2384785 * Shutdown        (srpc_rpc_backend.cc:142): SrpcRpcBackend::Shutdown: poll_thread_worker_ is null, skipping shutdown
20260909-07:42.12-201484(us) 2384785 * Shutdown        (srpc_rpc_backend.cc:145): SrpcRpcBackend::Shutdown: Shutdown sequence completed, destructor will now exit
20260909-07:42.12-201511(us) 2384785 * ~SrpcRpcBackend (srpc_rpc_backend.cc:54): SrpcRpcBackend::~SrpcRpcBackend: Shutdown() completed
20260909-07:42.12-201544(us) 2384785 * Shutdown        (srpc_rpc_backend.cc:138): SrpcRpcBackend::Shutdown: poll_thread_worker_->shutdown() completed
20260909-07:42.12-201593(us) 2384785 * Shutdown        (srpc_rpc_backend.cc:138): SrpcRpcBackend::Shutdown: poll_thread_worker_->shutdown() completed
20260909-07:42.12-201632(us) 2384785 * Shutdown        (srpc_rpc_backend.cc:140): SrpcRpcBackend::Shutdown: poll_thread_worker_ reset to None
20260909-07:42.12-201670(us) 2384785 * Shutdown        (srpc_rpc_backend.cc:145): SrpcRpcBackend::Shutdown: Shutdown sequence completed, destructor will now exit
20260909-07:42.12-201690(us) 2384785 * ~SrpcRpcBackend (srpc_rpc_backend.cc:52): SrpcRpcBackend::~SrpcRpcBackend: START destructor
20260909-07:42.12-201714(us) 2384785 * Stop            (srpc_rpc_backend.cc:589): SrpcRpcBackend::Stop: Already stopped, returning
20260909-07:42.12-201737(us) 2384785 * Shutdown        (srpc_rpc_backend.cc:112): SrpcRpcBackend::Shutdown: About to delete server
20260909-07:42.12-201753(us) 2384785 * Shutdown        (srpc_rpc_backend.cc:129): SrpcRpcBackend::Shutdown: Server pointer is null, skipping deletion
20260909-07:42.12-201772(us) 2384785 * Shutdown        (srpc_rpc_backend.cc:132): SrpcRpcBackend::Shutdown: About to shutdown poll_thread_worker_
20260909-07:42.12-201789(us) 2384785 * Shutdown        (srpc_rpc_backend.cc:142): SrpcRpcBackend::Shutdown: poll_thread_worker_ is null, skipping shutdown
20260909-07:42.12-201807(us) 2384785 * Shutdown        (srpc_rpc_backend.cc:145): SrpcRpcBackend::Shutdown: Shutdown sequence completed, destructor will now exit
20260909-07:42.12-201826(us) 2384785 * ~SrpcRpcBackend (srpc_rpc_backend.cc:54): SrpcRpcBackend::~SrpcRpcBackend: Shutdown() completed
20260909-07:42.12-201859(us) 2384785 * Shutdown        (srpc_rpc_backend.cc:140): SrpcRpcBackend::Shutdown: poll_thread_worker_ reset to None
20260909-07:42.12-201887(us) 2384785 * Shutdown        (srpc_rpc_backend.cc:145): SrpcRpcBackend::Shutdown: Shutdown sequence completed, destructor will now exit
20260909-07:42.12-201905(us) 2384785 * ~SrpcRpcBackend (srpc_rpc_backend.cc:52): SrpcRpcBackend::~SrpcRpcBackend: START destructor
20260909-07:42.12-201925(us) 2384785 * Stop            (srpc_rpc_backend.cc:589): SrpcRpcBackend::Stop: Already stopped, returning
20260909-07:42.12-201946(us) 2384785 * Shutdown        (srpc_rpc_backend.cc:112): SrpcRpcBackend::Shutdown: About to delete server
20260909-07:42.12-201969(us) 2384785 * Shutdown        (srpc_rpc_backend.cc:129): SrpcRpcBackend::Shutdown: Server pointer is null, skipping deletion
20260909-07:42.12-201990(us) 2384785 * Shutdown        (srpc_rpc_backend.cc:132): SrpcRpcBackend::Shutdown: About to shutdown poll_thread_worker_
20260909-07:42.12-202010(us) 2384785 * Shutdown        (srpc_rpc_backend.cc:142): SrpcRpcBackend::Shutdown: poll_thread_worker_ is null, skipping shutdown
20260909-07:42.12-202029(us) 2384785 * Shutdown        (srpc_rpc_backend.cc:145): SrpcRpcBackend::Shutdown: Shutdown sequence completed, destructor will now exit
20260909-07:42.12-202047(us) 2384785 * ~SrpcRpcBackend (srpc_rpc_backend.cc:54): SrpcRpcBackend::~SrpcRpcBackend: Shutdown() completed
20260909-07:42.12-202077(us) 2384785 * Shutdown        (srpc_rpc_backend.cc:138): SrpcRpcBackend::Shutdown: poll_thread_worker_->shutdown() completed
20260909-07:42.12-202128(us) 2384785 * Shutdown        (srpc_rpc_backend.cc:120): SrpcRpcBackend::Shutdown: Server deleted successfully
20260909-07:42.12-202165(us) 2384785 * Shutdown        (srpc_rpc_backend.cc:132): SrpcRpcBackend::Shutdown: About to shutdown poll_thread_worker_
20260909-07:42.12-202197(us) 2384785 * Shutdown        (srpc_rpc_backend.cc:140): SrpcRpcBackend::Shutdown: poll_thread_worker_ reset to None
20260909-07:42.12-202233(us) 2384785 * Shutdown        (srpc_rpc_backend.cc:145): SrpcRpcBackend::Shutdown: Shutdown sequence completed, destructor will now exit
20260909-07:42.12-202260(us) 2384785 * ~SrpcRpcBackend (srpc_rpc_backend.cc:52): SrpcRpcBackend::~SrpcRpcBackend: START destructor
20260909-07:42.12-202287(us) 2384785 * Stop            (srpc_rpc_backend.cc:589): SrpcRpcBackend::Stop: Already stopped, returning
20260909-07:42.12-202311(us) 2384785 * Shutdown        (srpc_rpc_backend.cc:112): SrpcRpcBackend::Shutdown: About to delete server
20260909-07:42.12-202342(us) 2384785 * Shutdown        (srpc_rpc_backend.cc:129): SrpcRpcBackend::Shutdown: Server pointer is null, skipping deletion
20260909-07:42.12-202368(us) 2384785 * Shutdown        (srpc_rpc_backend.cc:132): SrpcRpcBackend::Shutdown: About to shutdown poll_thread_worker_
20260909-07:42.12-202392(us) 2384785 * Shutdown        (srpc_rpc_backend.cc:142): SrpcRpcBackend::Shutdown: poll_thread_worker_ is null, skipping shutdown
20260909-07:42.12-202416(us) 2384785 * Shutdown        (srpc_rpc_backend.cc:145): SrpcRpcBackend::Shutdown: Shutdown sequence completed, destructor will now exit
20260909-07:42.12-202445(us) 2384785 * ~SrpcRpcBackend (srpc_rpc_backend.cc:54): SrpcRpcBackend::~SrpcRpcBackend: Shutdown() completed
20260909-07:42.12-202475(us) 2384785 * Shutdown        (srpc_rpc_backend.cc:140): SrpcRpcBackend::Shutdown: poll_thread_worker_ reset to None
20260909-07:42.12-202497(us) 2384785 * Shutdown        (srpc_rpc_backend.cc:145): SrpcRpcBackend::Shutdown: Shutdown sequence completed, destructor will now exit
20260909-07:42.12-202513(us) 2384785 * ~SrpcRpcBackend (srpc_rpc_backend.cc:52): SrpcRpcBackend::~SrpcRpcBackend: START destructor
20260909-07:42.12-202530(us) 2384785 * Stop            (srpc_rpc_backend.cc:589): SrpcRpcBackend::Stop: Already stopped, returning
20260909-07:42.12-202546(us) 2384785 * Shutdown        (srpc_rpc_backend.cc:112): SrpcRpcBackend::Shutdown: About to delete server
20260909-07:42.12-202564(us) 2384785 * Shutdown        (srpc_rpc_backend.cc:129): SrpcRpcBackend::Shutdown: Server pointer is null, skipping deletion
20260909-07:42.12-202581(us) 2384785 * Shutdown        (srpc_rpc_backend.cc:132): SrpcRpcBackend::Shutdown: About to shutdown poll_thread_worker_
20260909-07:42.12-202600(us) 2384785 * Shutdown        (srpc_rpc_backend.cc:142): SrpcRpcBackend::Shutdown: poll_thread_worker_ is null, skipping shutdown
20260909-07:42.12-202619(us) 2384785 * Shutdown        (srpc_rpc_backend.cc:145): SrpcRpcBackend::Shutdown: Shutdown sequence completed, destructor will now exit
20260909-07:42.12-202637(us) 2384785 * ~SrpcRpcBackend (srpc_rpc_backend.cc:54): SrpcRpcBackend::~SrpcRpcBackend: Shutdown() completed
20260909-07:42.12-202666(us) 2384785 * Shutdown        (srpc_rpc_backend.cc:138): SrpcRpcBackend::Shutdown: poll_thread_worker_->shutdown() completed
20260909-07:42.12-202710(us) 2384785 * Shutdown        (srpc_rpc_backend.cc:138): SrpcRpcBackend::Shutdown: poll_thread_worker_->shutdown() completed
20260909-07:42.12-202775(us) 2384785 * Shutdown        (srpc_rpc_backend.cc:138): SrpcRpcBackend::Shutdown: poll_thread_worker_->shutdown() completed
20260909-07:42.12-202806(us) 2384785 * Shutdown        (srpc_rpc_backend.cc:140): SrpcRpcBackend::Shutdown: poll_thread_worker_ reset to None
20260909-07:42.12-202873(us) 2384785 * Shutdown        (srpc_rpc_backend.cc:145): SrpcRpcBackend::Shutdown: Shutdown sequence completed, destructor will now exit
20260909-07:42.12-202914(us) 2384785 * ~SrpcRpcBackend (srpc_rpc_backend.cc:52): SrpcRpcBackend::~SrpcRpcBackend: START destructor
20260909-07:42.12-202953(us) 2384785 * Stop            (srpc_rpc_backend.cc:589): SrpcRpcBackend::Stop: Already stopped, returning
20260909-07:42.12-202987(us) 2384785 * Shutdown        (srpc_rpc_backend.cc:112): SrpcRpcBackend::Shutdown: About to delete server
20260909-07:42.12-203015(us) 2384785 * Shutdown        (srpc_rpc_backend.cc:129): SrpcRpcBackend::Shutdown: Server pointer is null, skipping deletion
20260909-07:42.12-203042(us) 2384785 * Shutdown        (srpc_rpc_backend.cc:132): SrpcRpcBackend::Shutdown: About to shutdown poll_thread_worker_
20260909-07:42.12-203068(us) 2384785 * Shutdown        (srpc_rpc_backend.cc:142): SrpcRpcBackend::Shutdown: poll_thread_worker_ is null, skipping shutdown
20260909-07:42.12-203095(us) 2384785 * Shutdown        (srpc_rpc_backend.cc:145): SrpcRpcBackend::Shutdown: Shutdown sequence completed, destructor will now exit
20260909-07:42.12-203121(us) 2384785 * ~SrpcRpcBackend (srpc_rpc_backend.cc:54): SrpcRpcBackend::~SrpcRpcBackend: Shutdown() completed
20260909-07:42.12-203157(us) 2384785 * Shutdown        (srpc_rpc_backend.cc:138): SrpcRpcBackend::Shutdown: poll_thread_worker_->shutdown() completed
20260909-07:42.12-203200(us) 2384785 * Stop            (srpc_rpc_backend.cc:589): SrpcRpcBackend::Stop: Already stopped, returning
20260909-07:42.12-203236(us) 2384785 * Shutdown        (srpc_rpc_backend.cc:112): SrpcRpcBackend::Shutdown: About to delete server
20260909-07:42.12-203258(us) 2384785 * Shutdown        (srpc_rpc_backend.cc:116): SrpcRpcBackend::Shutdown: Server pointer is valid, deleting...
20260909-07:42.12-203285(us) 2384785 * Shutdown        (srpc_rpc_backend.cc:120): SrpcRpcBackend::Shutdown: Server deleted successfully
20260909-07:42.12-203304(us) 2384785 * Shutdown        (srpc_rpc_backend.cc:132): SrpcRpcBackend::Shutdown: About to shutdown poll_thread_worker_
20260909-07:42.12-203322(us) 2384785 * Shutdown        (srpc_rpc_backend.cc:136): SrpcRpcBackend::Shutdown: poll_thread_worker_ is valid, calling shutdown()
20260909-07:42.12-203353(us) 2384785 * Shutdown        (srpc_rpc_backend.cc:140): SrpcRpcBackend::Shutdown: poll_thread_worker_ reset to None
20260909-07:42.12-203391(us) 2384785 * Shutdown        (srpc_rpc_backend.cc:145): SrpcRpcBackend::Shutdown: Shutdown sequence completed, destructor will now exit
20260909-07:42.12-203414(us) 2384785 * ~SrpcRpcBackend (srpc_rpc_backend.cc:52): SrpcRpcBackend::~SrpcRpcBackend: START destructor
20260909-07:42.12-203441(us) 2384785 * Stop            (srpc_rpc_backend.cc:589): SrpcRpcBackend::Stop: Already stopped, returning
20260909-07:42.12-203465(us) 2384785 * Shutdown        (srpc_rpc_backend.cc:112): SrpcRpcBackend::Shutdown: About to delete server
20260909-07:42.12-203499(us) 2384785 * Shutdown        (srpc_rpc_backend.cc:129): SrpcRpcBackend::Shutdown: Server pointer is null, skipping deletion
20260909-07:42.12-203527(us) 2384785 * Shutdown        (srpc_rpc_backend.cc:132): SrpcRpcBackend::Shutdown: About to shutdown poll_thread_worker_
20260909-07:42.12-203550(us) 2384785 * Shutdown        (srpc_rpc_backend.cc:142): SrpcRpcBackend::Shutdown: poll_thread_worker_ is null, skipping shutdown
20260909-07:42.12-203573(us) 2384785 * Shutdown        (srpc_rpc_backend.cc:145): SrpcRpcBackend::Shutdown: Shutdown sequence completed, destructor will now exit
20260909-07:42.12-203597(us) 2384785 * ~SrpcRpcBackend (srpc_rpc_backend.cc:54): SrpcRpcBackend::~SrpcRpcBackend: Shutdown() completed
20260909-07:42.12-203629(us) 2384785 * Shutdown        (srpc_rpc_backend.cc:136): SrpcRpcBackend::Shutdown: poll_thread_worker_ is valid, calling shutdown()
20260909-07:42.12-203669(us) 2384785 * Shutdown        (srpc_rpc_backend.cc:140): SrpcRpcBackend::Shutdown: poll_thread_worker_ reset to None
20260909-07:42.12-203706(us) 2384785 * Shutdown        (srpc_rpc_backend.cc:145): SrpcRpcBackend::Shutdown: Shutdown sequence completed, destructor will now exit
20260909-07:42.12-203734(us) 2384785 * ~SrpcRpcBackend (srpc_rpc_backend.cc:52): SrpcRpcBackend::~SrpcRpcBackend: START destructor
20260909-07:42.12-203764(us) 2384785 * Stop            (srpc_rpc_backend.cc:589): SrpcRpcBackend::Stop: Already stopped, returning
20260909-07:42.12-203796(us) 2384785 * Shutdown        (srpc_rpc_backend.cc:112): SrpcRpcBackend::Shutdown: About to delete server
20260909-07:42.12-203824(us) 2384785 * Shutdown        (srpc_rpc_backend.cc:129): SrpcRpcBackend::Shutdown: Server pointer is null, skipping deletion
20260909-07:42.12-203861(us) 2384785 * Shutdown        (srpc_rpc_backend.cc:132): SrpcRpcBackend::Shutdown: About to shutdown poll_thread_worker_
20260909-07:42.12-203883(us) 2384785 * Shutdown        (srpc_rpc_backend.cc:142): SrpcRpcBackend::Shutdown: poll_thread_worker_ is null, skipping shutdown
20260909-07:42.12-203911(us) 2384785 * Shutdown        (srpc_rpc_backend.cc:145): SrpcRpcBackend::Shutdown: Shutdown sequence completed, destructor will now exit
20260909-07:42.12-203934(us) 2384785 * ~SrpcRpcBackend (srpc_rpc_backend.cc:54): SrpcRpcBackend::~SrpcRpcBackend: Shutdown() completed
20260909-07:42.12-203963(us) 2384785 * Shutdown        (srpc_rpc_backend.cc:140): SrpcRpcBackend::Shutdown: poll_thread_worker_ reset to None
20260909-07:42.12-204012(us) 2384785 * Shutdown        (srpc_rpc_backend.cc:145): SrpcRpcBackend::Shutdown: Shutdown sequence completed, destructor will now exit
20260909-07:42.12-204034(us) 2384785 * ~SrpcRpcBackend (srpc_rpc_backend.cc:52): SrpcRpcBackend::~SrpcRpcBackend: START destructor
20260909-07:42.12-204054(us) 2384785 * Stop            (srpc_rpc_backend.cc:589): SrpcRpcBackend::Stop: Already stopped, returning
20260909-07:42.12-204074(us) 2384785 * Shutdown        (srpc_rpc_backend.cc:112): SrpcRpcBackend::Shutdown: About to delete server
20260909-07:42.12-204101(us) 2384785 * Shutdown        (srpc_rpc_backend.cc:129): SrpcRpcBackend::Shutdown: Server pointer is null, skipping deletion
20260909-07:42.12-204122(us) 2384785 * Shutdown        (srpc_rpc_backend.cc:132): SrpcRpcBackend::Shutdown: About to shutdown poll_thread_worker_
20260909-07:42.12-204144(us) 2384785 * Shutdown        (srpc_rpc_backend.cc:142): SrpcRpcBackend::Shutdown: poll_thread_worker_ is null, skipping shutdown
20260909-07:42.12-204167(us) 2384785 * Shutdown        (srpc_rpc_backend.cc:145): SrpcRpcBackend::Shutdown: Shutdown sequence completed, destructor will now exit
20260909-07:42.12-204189(us) 2384785 * ~SrpcRpcBackend (srpc_rpc_backend.cc:54): SrpcRpcBackend::~SrpcRpcBackend: Shutdown() completed
20260909-07:42.12-204216(us) 2384785 * Shutdown        (srpc_rpc_backend.cc:140): SrpcRpcBackend::Shutdown: poll_thread_worker_ reset to None
20260909-07:42.12-204242(us) 2384785 * Shutdown        (srpc_rpc_backend.cc:145): SrpcRpcBackend::Shutdown: Shutdown sequence completed, destructor will now exit
20260909-07:42.12-204272(us) 2384785 * ~SrpcRpcBackend (srpc_rpc_backend.cc:52): SrpcRpcBackend::~SrpcRpcBackend: START destructor
20260909-07:42.12-204292(us) 2384785 * Stop            (srpc_rpc_backend.cc:589): SrpcRpcBackend::Stop: Already stopped, returning
20260909-07:42.12-204313(us) 2384785 * Shutdown        (srpc_rpc_backend.cc:112): SrpcRpcBackend::Shutdown: About to delete server
20260909-07:42.12-204334(us) 2384785 * Shutdown        (srpc_rpc_backend.cc:129): SrpcRpcBackend::Shutdown: Server pointer is null, skipping deletion
20260909-07:42.12-204353(us) 2384785 * Shutdown        (srpc_rpc_backend.cc:132): SrpcRpcBackend::Shutdown: About to shutdown poll_thread_worker_
20260909-07:42.12-204376(us) 2384785 * Shutdown        (srpc_rpc_backend.cc:142): SrpcRpcBackend::Shutdown: poll_thread_worker_ is null, skipping shutdown
20260909-07:42.12-204400(us) 2384785 * Shutdown        (srpc_rpc_backend.cc:145): SrpcRpcBackend::Shutdown: Shutdown sequence completed, destructor will now exit
20260909-07:42.12-204430(us) 2384785 * ~SrpcRpcBackend (srpc_rpc_backend.cc:54): SrpcRpcBackend::~SrpcRpcBackend: Shutdown() completed
20260909-07:42.12-204556(us) 2384785 * Shutdown        (srpc_rpc_backend.cc:138): SrpcRpcBackend::Shutdown: poll_thread_worker_->shutdown() completed
20260909-07:42.12-204594(us) 2384785 * Shutdown        (srpc_rpc_backend.cc:116): SrpcRpcBackend::Shutdown: Server pointer is valid, deleting...
20260909-07:42.12-204630(us) 2384785 * Shutdown        (srpc_rpc_backend.cc:140): SrpcRpcBackend::Shutdown: poll_thread_worker_ reset to None
20260909-07:42.12-204656(us) 2384785 * Shutdown        (srpc_rpc_backend.cc:145): SrpcRpcBackend::Shutdown: Shutdown sequence completed, destructor will now exit
20260909-07:42.12-204691(us) 2384785 * ~SrpcRpcBackend (srpc_rpc_backend.cc:52): SrpcRpcBackend::~SrpcRpcBackend: START destructor
20260909-07:42.12-204719(us) 2384785 * Stop            (srpc_rpc_backend.cc:589): SrpcRpcBackend::Stop: Already stopped, returning
20260909-07:42.12-204741(us) 2384785 * Shutdown        (srpc_rpc_backend.cc:112): SrpcRpcBackend::Shutdown: About to delete server
20260909-07:42.12-204770(us) 2384785 * Shutdown        (srpc_rpc_backend.cc:129): SrpcRpcBackend::Shutdown: Server pointer is null, skipping deletion
20260909-07:42.12-204796(us) 2384785 * Shutdown        (srpc_rpc_backend.cc:132): SrpcRpcBackend::Shutdown: About to shutdown poll_thread_worker_
20260909-07:42.12-204821(us) 2384785 * Shutdown        (srpc_rpc_backend.cc:142): SrpcRpcBackend::Shutdown: poll_thread_worker_ is null, skipping shutdown
20260909-07:42.12-204861(us) 2384785 * Shutdown        (srpc_rpc_backend.cc:145): SrpcRpcBackend::Shutdown: Shutdown sequence completed, destructor will now exit
20260909-07:42.12-204887(us) 2384785 * ~SrpcRpcBackend (srpc_rpc_backend.cc:54): SrpcRpcBackend::~SrpcRpcBackend: Shutdown() completed
20260909-07:42.12-204919(us) 2384785 * Shutdown        (srpc_rpc_backend.cc:120): SrpcRpcBackend::Shutdown: Server deleted successfully
20260909-07:42.12-204946(us) 2384785 * Shutdown        (srpc_rpc_backend.cc:132): SrpcRpcBackend::Shutdown: About to shutdown poll_thread_worker_
20260909-07:42.12-204968(us) 2384785 * Shutdown        (srpc_rpc_backend.cc:136): SrpcRpcBackend::Shutdown: poll_thread_worker_ is valid, calling shutdown()
20260909-07:42.12-204992(us) 2384785 * Shutdown        (srpc_rpc_backend.cc:138): SrpcRpcBackend::Shutdown: poll_thread_worker_->shutdown() completed
[SHUTDOWN] Worker 20260909-07:42.12-205068(us) 2384785 * Shutdown        (srpc_rpc_backend.cc:140): SrpcRpcBackend::Shutdown: poll_thread_worker_ reset to None
0 joined
[SHUTDOWN] Joining worker 1
20260909-07:42.12-205103(us) 2384785 * Shutdown        (srpc_rpc_backend.cc:145): SrpcRpcBackend::Shutdown: Shutdown sequence completed, destructor will now exit
20260909-07:42.12-205153(us) 2384785 * ~SrpcRpcBackend (srpc_rpc_backend.cc:52): SrpcRpcBackend::~SrpcRpcBackend: START destructor
20260909-07:42.12-205170(us) 2384785 * Stop            (srpc_rpc_backend.cc:589): SrpcRpcBackend::Stop: Already stopped, returning
20260909-07:42.12-205187(us) 2384785 * Shutdown        (srpc_rpc_backend.cc:112): SrpcRpcBackend::Shutdown: About to delete server
20260909-07:42.12-205219(us) 2384785 * Shutdown        (srpc_rpc_backend.cc:129): SrpcRpcBackend::Shutdown: Server pointer is null, skipping deletion
20260909-07:42.12-205240(us) 2384785 * Shutdown        (srpc_rpc_backend.cc:132): SrpcRpcBackend::Shutdown: About to shutdown poll_thread_worker_
20260909-07:42.12-205263(us) 2384785 * Shutdown        (srpc_rpc_backend.cc:142): SrpcRpcBackend::Shutdown: poll_thread_worker_ is null, skipping shutdown
20260909-07:42.12-205286(us) 2384785 * Shutdown        (srpc_rpc_backend.cc:145): SrpcRpcBackend::Shutdown: Shutdown sequence completed, destructor will now exit
[SHUTDOWN] Worker 20260909-07:42.12-205307(us) 2384785 * ~SrpcRpcBackend (srpc_rpc_backend.cc:54): SrpcRpcBackend::~SrpcRpcBackend: Shutdown() completed
1 joined
[SHUTDOWN] Joining worker 2
20260909-07:42.12-205965(us) 2384785 * Shutdown        (srpc_rpc_backend.cc:138): SrpcRpcBackend::Shutdown: poll_thread_worker_->shutdown() completed
20260909-07:42.12-206001(us) 2384785 * Shutdown        (srpc_rpc_backend.cc:140): SrpcRpcBackend::Shutdown: poll_thread_worker_ reset to None
20260909-07:42.12-206019(us) 2384785 * Shutdown        (srpc_rpc_backend.cc:145): SrpcRpcBackend::Shutdown: Shutdown sequence completed, destructor will now exit
20260909-07:42.12-206037(us) 2384785 * ~SrpcRpcBackend (srpc_rpc_backend.cc:52): SrpcRpcBackend::~SrpcRpcBackend: START destructor
20260909-07:42.12-206054(us) 2384785 * Stop            (srpc_rpc_backend.cc:589): SrpcRpcBackend::Stop: Already stopped, returning
20260909-07:42.12-206071(us) 2384785 * Shutdown        (srpc_rpc_backend.cc:112): SrpcRpcBackend::Shutdown: About to delete server
20260909-07:42.12-206092(us) 2384785 * Shutdown        (srpc_rpc_backend.cc:129): SrpcRpcBackend::Shutdown: Server pointer is null, skipping deletion
20260909-07:42.12-206109(us) 2384785 * Shutdown        (srpc_rpc_backend.cc:132): SrpcRpcBackend::Shutdown: About to shutdown poll_thread_worker_
20260909-07:42.12-206126(us) 2384785 * Shutdown        (srpc_rpc_backend.cc:142): SrpcRpcBackend::Shutdown: poll_thread_worker_ is null, skipping shutdown
20260909-07:42.12-206143(us) 2384785 * Shutdown        (srpc_rpc_backend.cc:145): SrpcRpcBackend::Shutdown: Shutdown sequence completed, destructor will now exit
20260909-07:42.12-206160(us) 2384785 * ~SrpcRpcBackend (srpc_rpc_backend.cc:54): SrpcRpcBackend::~SrpcRpcBackend: Shutdown() completed
[SHUTDOWN] Worker 2 joined
[SHUTDOWN] Joining worker 3
[SHUTDOWN] Worker 3 joined
[SHUTDOWN] Joining worker 4
[SHUTDOWN] Worker 4 joined
[SHUTDOWN] Joining worker 5
[SHUTDOWN] Worker 5 joined
[SHUTDOWN] Joining worker 6
[SHUTDOWN] Worker 6 joined
[SHUTDOWN] Joining worker 7
[SHUTDOWN] Worker 7 joined
[SHUTDOWN] Joining worker 8
[SHUTDOWN] Worker 8 joined
[SHUTDOWN] Joining worker 9
[SHUTDOWN] Worker 9 joined
[SHUTDOWN] Joining worker 10
[SHUTDOWN] Worker 10 joined
[SHUTDOWN] Joining worker 11
[SHUTDOWN] Worker 11 joined
[SHUTDOWN] Joining worker 12
[SHUTDOWN] Worker 12 joined
[SHUTDOWN] Joining worker 13
[SHUTDOWN] Worker 13 joined
[SHUTDOWN] Joining worker 14
[SHUTDOWN] Worker 14 joined
[SHUTDOWN] Joining worker 15
[SHUTDOWN] Worker 15 joined
[SHUTDOWN] All workers joined
[SHUTDOWN] Calling stop_rpc_server()
[STOP_SERVER] Stopping 2 server transports
[STOP_SERVER] Stopping server transport 0
20260909-07:42.12-207373(us) 2384785 * Stop            (srpc_rpc_backend.cc:593): SrpcRpcBackend::Stop: BEGIN - Setting stop flag
20260909-07:42.12-207403(us) 2384785 * Stop            (srpc_rpc_backend.cc:596): SrpcRpcBackend::Stop: Waiting for event loop to exit...
20260909-07:42.12-207457(us) 2384785 * RunEventLoop    (srpc_rpc_backend.cc:577): SrpcRpcBackend::RunEventLoop: Stop flag detected, exiting event loop
20260909-07:42.12-207487(us) 2384785 * RunEventLoop    (srpc_rpc_backend.cc:581): SrpcRpcBackend::RunEventLoop: Exited cleanly
20260909-07:42.12-207502(us) 2384785 * rpc_server      (rpc_setup.cc:126): the rpc_server is terminated on shardIdx:0, alpha:0!
20260909-07:42.12-217492(us) 2384785 * Stop            (srpc_rpc_backend.cc:612): SrpcRpcBackend::Stop: Event loop exited successfully
20260909-07:42.12-217533(us) 2384785 * Stop            (srpc_rpc_backend.cc:616): SrpcRpcBackend::Stop: Signaling 0 request queues to stop
20260909-07:42.12-217552(us) 2384785 * Stop            (srpc_rpc_backend.cc:624): SrpcRpcBackend::Stop: Signaling 0 response queues to stop
20260909-07:42.12-217570(us) 2384785 * Stop            (srpc_rpc_backend.cc:635): SrpcRpcBackend::Stop: Server cleanup deferred to destructor
20260909-07:42.12-217586(us) 2384785 * Stop            (srpc_rpc_backend.cc:638): SrpcRpcBackend::Stop: Closing client connections
20260909-07:42.12-217604(us) 2384785 * Stop            (srpc_rpc_backend.cc:642): SrpcRpcBackend::Stop: Found 0 client connections to close
20260909-07:42.12-217626(us) 2384785 * Stop            (srpc_rpc_backend.cc:662): SrpcRpcBackend::Stop: Closed 0 client connections
20260909-07:42.12-217644(us) 2384785 * Stop            (srpc_rpc_backend.cc:675): SrpcRpcBackend stats: msg_size_resp_sent: 0 bytes, counter: 0, avg: 0.000000
20260909-07:42.12-217665(us) 2384785 * Stop            (srpc_rpc_backend.cc:676): SrpcRpcBackend::Stop: END
[STOP_SERVER] Server transport 0 stopped
[STOP_SERVER] Stopping server transport 1
20260909-07:42.12-217703(us) 2384785 * Stop            (srpc_rpc_backend.cc:593): SrpcRpcBackend::Stop: BEGIN - Setting stop flag
20260909-07:42.12-217722(us) 2384785 * Stop            (srpc_rpc_backend.cc:596): SrpcRpcBackend::Stop: Waiting for event loop to exit...
20260909-07:42.12-217740(us) 2384785 * RunEventLoop    (srpc_rpc_backend.cc:577): SrpcRpcBackend::RunEventLoop: Stop flag detected, exiting event loop
20260909-07:42.12-217769(us) 2384785 * RunEventLoop    (srpc_rpc_backend.cc:581): SrpcRpcBackend::RunEventLoop: Exited cleanly
20260909-07:42.12-217784(us) 2384785 * rpc_server      (rpc_setup.cc:126): the rpc_server is terminated on shardIdx:0, alpha:1!
20260909-07:42.12-227851(us) 2384785 * Stop            (srpc_rpc_backend.cc:612): SrpcRpcBackend::Stop: Event loop exited successfully
20260909-07:42.12-227891(us) 2384785 * Stop            (srpc_rpc_backend.cc:616): SrpcRpcBackend::Stop: Signaling 0 request queues to stop
20260909-07:42.12-227911(us) 2384785 * Stop            (srpc_rpc_backend.cc:624): SrpcRpcBackend::Stop: Signaling 0 response queues to stop
20260909-07:42.12-227928(us) 2384785 * Stop            (srpc_rpc_backend.cc:635): SrpcRpcBackend::Stop: Server cleanup deferred to destructor
20260909-07:42.12-227945(us) 2384785 * Stop            (srpc_rpc_backend.cc:638): SrpcRpcBackend::Stop: Closing client connections
20260909-07:42.12-227962(us) 2384785 * Stop            (srpc_rpc_backend.cc:642): SrpcRpcBackend::Stop: Found 0 client connections to close
20260909-07:42.12-227979(us) 2384785 * Stop            (srpc_rpc_backend.cc:662): SrpcRpcBackend::Stop: Closed 0 client connections
20260909-07:42.12-227996(us) 2384785 * Stop            (srpc_rpc_backend.cc:675): SrpcRpcBackend stats: msg_size_resp_sent: 0 bytes, counter: 0, avg: 0.000000
20260909-07:42.12-228024(us) 2384785 * Stop            (srpc_rpc_backend.cc:676): SrpcRpcBackend::Stop: END
[STOP_SERVER] Server transport 1 stopped
20260909-07:42.12-228202(us) 2384785 * Stop            (srpc_rpc_backend.cc:589): SrpcRpcBackend::Stop: Already stopped, returning
20260909-07:42.12-228223(us) 2384785 * Shutdown        (srpc_rpc_backend.cc:112): SrpcRpcBackend::Shutdown: About to delete server
20260909-07:42.12-228241(us) 2384785 * Shutdown        (srpc_rpc_backend.cc:116): SrpcRpcBackend::Shutdown: Server pointer is valid, deleting...
20260909-07:42.12-228265(us) 2384785 * Shutdown        (srpc_rpc_backend.cc:120): SrpcRpcBackend::Shutdown: Server deleted successfully
20260909-07:42.12-228282(us) 2384785 * Shutdown        (srpc_rpc_backend.cc:132): SrpcRpcBackend::Shutdown: About to shutdown poll_thread_worker_
20260909-07:42.12-228299(us) 2384785 * Shutdown        (srpc_rpc_backend.cc:136): SrpcRpcBackend::Shutdown: poll_thread_worker_ is valid, calling shutdown()
20260909-07:42.12-229727(us) 2384785 * Shutdown        (srpc_rpc_backend.cc:138): SrpcRpcBackend::Shutdown: poll_thread_worker_->shutdown() completed
20260909-07:42.12-229775(us) 2384785 * Shutdown        (srpc_rpc_backend.cc:140): SrpcRpcBackend::Shutdown: poll_thread_worker_ reset to None
20260909-07:42.12-229794(us) 2384785 * Shutdown        (srpc_rpc_backend.cc:145): SrpcRpcBackend::Shutdown: Shutdown sequence completed, destructor will now exit
20260909-07:42.12-229811(us) 2384785 * ~SrpcRpcBackend (srpc_rpc_backend.cc:52): SrpcRpcBackend::~SrpcRpcBackend: START destructor
20260909-07:42.12-229848(us) 2384785 * Stop            (srpc_rpc_backend.cc:589): SrpcRpcBackend::Stop: Already stopped, returning
20260909-07:42.12-229866(us) 2384785 * Shutdown        (srpc_rpc_backend.cc:112): SrpcRpcBackend::Shutdown: About to delete server
20260909-07:42.12-229889(us) 2384785 * Shutdown        (srpc_rpc_backend.cc:129): SrpcRpcBackend::Shutdown: Server pointer is null, skipping deletion
20260909-07:42.12-229912(us) 2384785 * Shutdown        (srpc_rpc_backend.cc:132): SrpcRpcBackend::Shutdown: About to shutdown poll_thread_worker_
20260909-07:42.12-229933(us) 2384785 * Shutdown        (srpc_rpc_backend.cc:142): SrpcRpcBackend::Shutdown: poll_thread_worker_ is null, skipping shutdown
20260909-07:42.12-229954(us) 2384785 * Shutdown        (srpc_rpc_backend.cc:145): SrpcRpcBackend::Shutdown: Shutdown sequence completed, destructor will now exit
20260909-07:42.12-229975(us) 2384785 * ~SrpcRpcBackend (srpc_rpc_backend.cc:54): SrpcRpcBackend::~SrpcRpcBackend: Shutdown() completed
20260909-07:42.12-230029(us) 2384785 * Stop            (srpc_rpc_backend.cc:589): SrpcRpcBackend::Stop: Already stopped, returning
20260909-07:42.12-230049(us) 2384785 * Shutdown        (srpc_rpc_backend.cc:112): SrpcRpcBackend::Shutdown: About to delete server
20260909-07:42.12-230066(us) 2384785 * Shutdown        (srpc_rpc_backend.cc:116): SrpcRpcBackend::Shutdown: Server pointer is valid, deleting...
20260909-07:42.12-230089(us) 2384785 * Shutdown        (srpc_rpc_backend.cc:120): SrpcRpcBackend::Shutdown: Server deleted successfully
20260909-07:42.12-230107(us) 2384785 * Shutdown        (srpc_rpc_backend.cc:132): SrpcRpcBackend::Shutdown: About to shutdown poll_thread_worker_
20260909-07:42.12-230124(us) 2384785 * Shutdown        (srpc_rpc_backend.cc:136): SrpcRpcBackend::Shutdown: poll_thread_worker_ is valid, calling shutdown()
20260909-07:42.12-230686(us) 2384785 * Shutdown        (srpc_rpc_backend.cc:138): SrpcRpcBackend::Shutdown: poll_thread_worker_->shutdown() completed
20260909-07:42.12-230722(us) 2384785 * Shutdown        (srpc_rpc_backend.cc:140): SrpcRpcBackend::Shutdown: poll_thread_worker_ reset to None
20260909-07:42.12-230739(us) 2384785 * Shutdown        (srpc_rpc_backend.cc:145): SrpcRpcBackend::Shutdown: Shutdown sequence completed, destructor will now exit
20260909-07:42.12-230755(us) 2384785 * ~SrpcRpcBackend (srpc_rpc_backend.cc:52): SrpcRpcBackend::~SrpcRpcBackend: START destructor
20260909-07:42.12-230773(us) 2384785 * Stop            (srpc_rpc_backend.cc:589): SrpcRpcBackend::Stop: Already stopped, returning
20260909-07:42.12-230792(us) 2384785 * Shutdown        (srpc_rpc_backend.cc:112): SrpcRpcBackend::Shutdown: About to delete server
20260909-07:42.12-230809(us) 2384785 * Shutdown        (srpc_rpc_backend.cc:129): SrpcRpcBackend::Shutdown: Server pointer is null, skipping deletion
20260909-07:42.12-230826(us) 2384785 * Shutdown        (srpc_rpc_backend.cc:132): SrpcRpcBackend::Shutdown: About to shutdown poll_thread_worker_
20260909-07:42.12-230853(us) 2384785 * Shutdown        (srpc_rpc_backend.cc:142): SrpcRpcBackend::Shutdown: poll_thread_worker_ is null, skipping shutdown
20260909-07:42.12-230870(us) 2384785 * Shutdown        (srpc_rpc_backend.cc:145): SrpcRpcBackend::Shutdown: Shutdown sequence completed, destructor will now exit
20260909-07:42.12-230894(us) 2384785 * ~SrpcRpcBackend (srpc_rpc_backend.cc:54): SrpcRpcBackend::~SrpcRpcBackend: Shutdown() completed
[STOP_SERVER] All server transports stopped
[SHUTDOWN] stop_rpc_server() completed
[SHUTDOWN] Calling second stop()
20260909-07:42.12-230964(us) 2384785 ! stop            (bench.cc:496):     stop all rpc clients. set stop=false
[SHUTDOWN] Second stop() completed
20260909-07:42.12-230987(us) 2384785 ! run             (bench.cc:731):     TPCC_BENCH_MEASURE_END
[SHUTDOWN] Calling do_txn_finish()
[SHUTDOWN] do_txn_finish() completed
--- n_commits per partition ---
 par_id: 0, n_commits: 544580
 par_id: 1, n_commits: 555838
 par_id: 2, n_commits: 537366
 par_id: 3, n_commits: 534670
 par_id: 4, n_commits: 554000
 par_id: 5, n_commits: 542135
 par_id: 6, n_commits: 520985
 par_id: 7, n_commits: 527200
 par_id: 8, n_commits: 480301
 par_id: 9, n_commits: 531825
 par_id: 10, n_commits: 556617
 par_id: 11, n_commits: 564777
 par_id: 12, n_commits: 531357
 par_id: 13, n_commits: 553753
 par_id: 14, n_commits: 553510
 par_id: 15, n_commits: 531709
--- benchmark statistics ---
runtime: 10.1413 sec
memory delta: 5234.37 MB
n_commits: 8620623
latency_numer_us: 156601385
latency_numer_us_remote: 0
memory delta rate: 516.144 MB/sec
logical memory delta: 546.689 MB
logical memory delta rate: 53.9073 MB/sec
agg_nosync_throughput: 850068 ops/sec
avg_nosync_per_core_throughput: 53129.3 ops/sec/core
agg_throughput: 850051 ops/sec
avg_per_core_throughput: 53128.2 ops/sec/core
agg_persist_throughput: 850051 ops/sec
avg_per_core_persist_throughput: 53128.2 ops/sec/core
avg_latency: 0.0181659 ms
avg_persist_latency: 0 ms
agg_abort_rate: 84.6046 aborts/sec
avg_per_core_abort_rate: 5.28779 aborts/sec/core
  NewOrder_local_commit_latency: 0.0218429 ms
  NewOrder_local_abort_latency: 0.0836297 ms
  NewOrder_local_abort_ratio: 0.000145357
  Payment_local_commit_latency: 0.00739388 ms
  Payment_local_abort_latency: 0.11184 ms
  Payment_local_abort_ratio: 8.36149e-06
  Delivery_local_commit_latency: 0.0800879 ms
  Delivery_local_abort_latency: 0 ms
  Delivery_local_abort_ratio: 0
  OrderStatus_local_commit_latency: 0.0100366 ms
  OrderStatus_local_abort_latency: 0 ms
  OrderStatus_local_abort_ratio: 0
  StockLevel_local_commit_latency: 0.05109 ms
  StockLevel_local_abort_latency: 0.0831021 ms
  StockLevel_local_abort_ratio: 0.000762036
  NewOrder_remote_ratio: 0 %
  NewOrder_remote_abort_ratio: 0 %
  NewOrder_remote_commit_latency: 0 ms
  NewOrder_remote_abort_latency: 0 ms
  Payment_remote_ratio: 0 %
  Payment_remote_abort_ratio: 0 %
  Payment_remote_commit_latency: 0 ms
  Payment_remote_abort_latency: 0 ms
--- system counters (for benchmark) ---
--- perf counters (if enabled, for benchmark) ---
--- allocator stats ---
[SiloRuntime 0] ncpus=16
[SiloRuntime 0] cpu=0 fully_faulted?=0 remaining=12582912 bytes
[SiloRuntime 0] cpu=1 fully_faulted?=0 remaining=12582912 bytes
[SiloRuntime 0] cpu=2 fully_faulted?=0 remaining=14680064 bytes
[SiloRuntime 0] cpu=3 fully_faulted?=0 remaining=16777216 bytes
[SiloRuntime 0] cpu=4 fully_faulted?=0 remaining=14680064 bytes
[SiloRuntime 0] cpu=5 fully_faulted?=0 remaining=16777216 bytes
[SiloRuntime 0] cpu=6 fully_faulted?=0 remaining=18874368 bytes
[SiloRuntime 0] cpu=7 fully_faulted?=0 remaining=18874368 bytes
[SiloRuntime 0] cpu=8 fully_faulted?=0 remaining=25165824 bytes
[SiloRuntime 0] cpu=9 fully_faulted?=0 remaining=16777216 bytes
[SiloRuntime 0] cpu=10 fully_faulted?=0 remaining=14680064 bytes
[SiloRuntime 0] cpu=11 fully_faulted?=0 remaining=12582912 bytes
[SiloRuntime 0] cpu=12 fully_faulted?=0 remaining=18874368 bytes
[SiloRuntime 0] cpu=13 fully_faulted?=0 remaining=14680064 bytes
[SiloRuntime 0] cpu=14 fully_faulted?=0 remaining=14680064 bytes
[SiloRuntime 0] cpu=15 fully_faulted?=0 remaining=0 bytes
---------------------------------------
--- system counters for n_commits ---
[STOP_SERVER] Stopping 0 server transports
[STOP_SERVER] All server transports stopped
