20260909-07:50.10-754750(us) 2389495 * ParseNewFormat  (configuration.cc:102): Using new configuration format
20260909-07:50.10-754915(us) 2389495 * ParseNewFormat  (configuration.cc:162): Loaded 1 sites in 1 shards
20260909-07:50.10-754958(us) 2389495 * handle_new_config_format (dbtest.cc:368):    Site local_s0: shard=0, replica_idx=0, is_leader=1, cluster=localhost
SiloRuntime[0]::InitializeAllocator()
  hugepgsize: 2097152
  mmap() region [0x76af86a00000, 0x76b006c00000)
  runtime0 cpu0 owns [0x76af86a00000, 0x76af8ea00000)
  runtime0 cpu1 owns [0x76af8ea00000, 0x76af96a00000)
  runtime0 cpu2 owns [0x76af96a00000, 0x76af9ea00000)
  runtime0 cpu3 owns [0x76af9ea00000, 0x76afa6a00000)
  runtime0 cpu4 owns [0x76afa6a00000, 0x76afaea00000)
  runtime0 cpu5 owns [0x76afaea00000, 0x76afb6a00000)
  runtime0 cpu6 owns [0x76afb6a00000, 0x76afbea00000)
  runtime0 cpu7 owns [0x76afbea00000, 0x76afc6a00000)
  runtime0 cpu8 owns [0x76afc6a00000, 0x76afcea00000)
  runtime0 cpu9 owns [0x76afcea00000, 0x76afd6a00000)
  runtime0 cpu10 owns [0x76afd6a00000, 0x76afdea00000)
  runtime0 cpu11 owns [0x76afdea00000, 0x76afe6a00000)
  runtime0 cpu12 owns [0x76afe6a00000, 0x76afeea00000)
  runtime0 cpu13 owns [0x76afeea00000, 0x76aff6a00000)
  runtime0 cpu14 owns [0x76aff6a00000, 0x76affea00000)
  runtime0 cpu15 owns [0x76affea00000, 0x76b006a00000)
Database Benchmark:
  pid: 2389495
settings:
  num-cpus    : 128
  num-threads : 16
  shardIndex  : 0
  paxos_proc_name  : localhost
  nshards     : 1
  is_micro    : 0
  is_replicated : 0
  storage_engine : cpp
  var-encode  : yes
  allocator   : jemalloc
system properties:
  tuple_prefetch          : no
  btree_node_prefetch     : yes
tpcc settings:
  cross_partition_transactions : 1
  read_only_snapshots          : 1
  partition_locks              : 0
  separate_tree_per_partition  : 1
  new_order_remote_item_pct    : 1
  new_order_fast_id_gen        : 1
  uniform_item_dist            : 0
  order_status_scan_hack       : 0
  workload_mix                 : [45, 43, 4, 4, 4]
20260909-07:50.10-758876(us) 2389495 * ParseNewFormat  (configuration.cc:102): Using new configuration format
20260909-07:50.10-758981(us) 2389495 * ParseNewFormat  (configuration.cc:162): Loaded 1 sites in 1 shards
20260909-07:50.10-759417(us) 2389495 * ParseNewFormat  (configuration.cc:102): Using new configuration format
20260909-07:50.10-759478(us) 2389495 * Initialize      (srpc_rpc_backend.cc:66): SrpcRpcBackend::Initialize: poll_thread_worker_ created, is_some=1
20260909-07:50.10-759515(us) 2389495 * ParseNewFormat  (configuration.cc:162): Loaded 1 sites in 1 shards
20260909-07:50.10-759692(us) 2389495 * Initialize      (srpc_rpc_backend.cc:97): SrpcRpcBackend initialized on 127.0.0.1:31021 (listening on 0.0.0.0:31021)
20260909-07:50.10-759725(us) 2389495 * FastTransport   (fasttransport.cc:147): FastTransport initialized with srpc/rpc backend on 127.0.0.1:31021
20260909-07:50.10-759753(us) 2389495 * RunEventLoop    (srpc_rpc_backend.cc:516): SrpcRpcBackend::RunEventLoop: Starting event loop
20260909-07:50.10-759890(us) 2389495 * Initialize      (srpc_rpc_backend.cc:66): SrpcRpcBackend::Initialize: poll_thread_worker_ created, is_some=1
20260909-07:50.10-760013(us) 2389495 * Initialize      (srpc_rpc_backend.cc:97): SrpcRpcBackend initialized on 127.0.0.1:31022 (listening on 0.0.0.0:31022)
20260909-07:50.10-760036(us) 2389495 * FastTransport   (fasttransport.cc:147): FastTransport initialized with srpc/rpc backend on 127.0.0.1:31022
20260909-07:50.10-760059(us) 2389495 * RunEventLoop    (srpc_rpc_backend.cc:516): SrpcRpcBackend::RunEventLoop: Starting event loop
20260909-07:50.10-763531(us) 2389495 ! run             (bench.cc:519):     # of loaders size:6
20260909-07:50.10-765030(us) 2389495 * benchmark_thread_init (mbta_wrapper.hh:1811): thread_init: thread_id=0, shard_index=0, getShardIndex=0, loader=1
20260909-07:50.10-765194(us) 2389495 * benchmark_thread_init (mbta_wrapper.hh:1811): thread_init: thread_id=1, shard_index=0, getShardIndex=0, loader=1
[INFO] finished loading warehouse
[INFO]   * average warehouse record length: 97 bytes
20260909-07:50.10-765397(us) 2389495 * benchmark_thread_init (mbta_wrapper.hh:1811): thread_init: thread_id=2, shard_index=0, getShardIndex=0, loader=1
PinToWarehouseId(): coreid=3 pinned to whse=1 (partid=0)
20260909-07:50.10-765571(us) 2389495 * benchmark_thread_init (mbta_wrapper.hh:1811): thread_init: thread_id=3, shard_index=0, getShardIndex=0, loader=1
PinToWarehouseId(): coreid=2 pinned to whse=1 (partid=0)
PinToWarehouseId(): coreid=3 pinned to whse=2 (partid=1)
20260909-07:50.10-766152(us) 2389495 * benchmark_thread_init (mbta_wrapper.hh:1811): thread_init: thread_id=4, shard_index=0, getShardIndex=0, loader=1
PinToWarehouseId(): coreid=3 pinned to whse=3 (partid=2)
num batches: 30
PinToWarehouseId(): coreid=4 pinned to whse=1 (partid=0)
PinToWarehouseId(): coreid=3 pinned to whse=4 (partid=3)
PinToWarehouseId(): coreid=3 pinned to whse=5 (partid=4)
PinToWarehouseId(): coreid=3 pinned to whse=6 (partid=5)
PinToWarehouseId(): coreid=3 pinned to whse=7 (partid=6)
PinToWarehouseId(): coreid=3 pinned to whse=8 (partid=20260909-07:50.10-766499(us) 2389495 * benchmark_thread_init (mbta_wrapper.hh:1811): thread_init: thread_id=5, shard_index=0, getShardIndex=0, loader=1
7)
PinToWarehouseId(): coreid=3 pinned to whse=9 (partid=8)
PinToWarehouseId(): coreid=5 pinned to whse=1 (partid=0)
PinToWarehouseId(): coreid=3 pinned to whse=10 (partid=9)
PinToWarehouseId(): coreid=3 pinned to whse=11 (partid=10)
PinToWarehouseId(): coreid=3 pinned to whse=12 (partid=11)
PinToWarehouseId(): coreid=3 pinned to whse=13 (partid=12)
PinToWarehouseId(): coreid=3 pinned to whse=14 (partid=13)
PinToWarehouseId(): coreid=3 pinned to whse=15 (partid=14)
PinToWarehouseId(): coreid=3 pinned to whse=16 (partid=15)
[INFO] finished loading district
[INFO]   * average district record length: 99 bytes
PinToWarehouseId(): coreid=5 pinned to whse=2 (partid=1)
[INFO] finished loading item
[INFO]   * average item record length: 84.1739 bytes
PinToWarehouseId(): coreid=4 pinned to whse=2 (partid=1)
PinToWarehouseId(): coreid=5 pinned to whse=3 (partid=2)
PinToWarehouseId(): coreid=5 pinned to whse=4 (partid=3)
PinToWarehouseId(): coreid=4 pinned to whse=3 (partid=2)
PinToWarehouseId(): coreid=5 pinned to whse=5 (partid=4)
PinToWarehouseId(): coreid=5 pinned to whse=6 (partid=5)
PinToWarehouseId(): coreid=4 pinned to whse=4 (partid=3)
PinToWarehouseId(): coreid=5 pinned to whse=7 (partid=6)
PinToWarehouseId(): coreid=2 pinned to whse=2 (partid=1)
PinToWarehouseId(): coreid=5 pinned to whse=8 (partid=7)
PinToWarehouseId(): coreid=4 pinned to whse=5 (partid=4)
PinToWarehouseId(): coreid=5 pinned to whse=9 (partid=8)
PinToWarehouseId(): coreid=5 pinned to whse=10 (partid=9)
PinToWarehouseId(): coreid=4 pinned to whse=6 (partid=5)
PinToWarehouseId(): coreid=5 pinned to whse=11 (partid=10)
PinToWarehouseId(): coreid=5 pinned to whse=12 (partid=11)
PinToWarehouseId(): coreid=4 pinned to whse=7 (partid=6)
PinToWarehouseId(): coreid=5 pinned to whse=13 (partid=12)
PinToWarehouseId(): coreid=5 pinned to whse=14 (partid=13)
PinToWarehouseId(): coreid=4 pinned to whse=8 (partid=7)
PinToWarehouseId(): coreid=2 pinned to whse=3 (partid=2)
PinToWarehouseId(): coreid=5 pinned to whse=15 (partid=14)
PinToWarehouseId(): coreid=5 pinned to whse=16 (partid=15)
PinToWarehouseId(): coreid=4 pinned to whse=9 (partid=8)
[INFO] finished loading order
[INFO]   * average order_line record length: 11.2927 bytes
[INFO]   * average oorder record length: 7.9446 bytes
[INFO]   * average new_order record length: 12 bytes
PinToWarehouseId(): coreid=4 pinned to whse=10 (partid=9)
PinToWarehouseId(): coreid=4 pinned to whse=11 (partid=10)
PinToWarehouseId(): coreid=2 pinned to whse=4 (partid=3)
PinToWarehouseId(): coreid=4 pinned to whse=12 (partid=11)
PinToWarehouseId(): coreid=4 pinned to whse=13 (partid=12)
PinToWarehouseId(): coreid=4 pinned to whse=14 (partid=13)
PinToWarehouseId(): coreid=4 pinned to whse=15 (partid=14)
PinToWarehouseId(): coreid=2 pinned to whse=5 (partid=4)
PinToWarehouseId(): coreid=4 pinned to whse=16 (partid=15)
[INFO] finished loading customer
[INFO]   * average customer record length: 153.983 bytes 
PinToWarehouseId(): coreid=2 pinned to whse=6 (partid=5)
PinToWarehouseId(): coreid=2 pinned to whse=7 (partid=6)
PinToWarehouseId(): coreid=2 pinned to whse=8 (partid=7)
PinToWarehouseId(): coreid=2 pinned to whse=9 (partid=8)
PinToWarehouseId(): coreid=2 pinned to whse=10 (partid=9)
PinToWarehouseId(): coreid=2 pinned to whse=11 (partid=10)
PinToWarehouseId(): coreid=2 pinned to whse=12 (partid=11)
PinToWarehouseId(): coreid=2 pinned to whse=13 (partid=12)
PinToWarehouseId(): coreid=2 pinned to whse=14 (partid=13)
PinToWarehouseId(): coreid=2 pinned to whse=15 (partid=14)
PinToWarehouseId(): coreid=2 pinned to whse=16 (partid=15)
[INFO] finished loading stock
[INFO]   * average stock record length: 8 bytes
timed region dataloading took 20539.1 ms
DB size: 1808.78 MB
[0, 0, 0] txns persisted in loading phase
20260909-07:50.31-302759(us) 2389495 ! run             (bench.cc:578):     # of nthreads:16
starting benchmark...
tpcc: worker id 128 => warehouses [1, 2)
tpcc: worker id 129 => warehouses [2, 3)
tpcc: worker id 130 => warehouses [3, 4)
tpcc: worker id 131 => warehouses [4, 5)
tpcc: worker id 132 => warehouses [5, 6)
tpcc: worker id 133 => warehouses [6, 7)
tpcc: worker id 134 => warehouses [7, 8)
tpcc: worker id 135 => warehouses [8, 9)
tpcc: worker id 136 => warehouses [9, 10)
tpcc: worker id 137 => warehouses [10, 11)
tpcc: worker id 138 => warehouses [11, 12)
tpcc: worker id 139 => warehouses [12, 13)
tpcc: worker id 140 => warehouses [13, 14)
tpcc: worker id 141 => warehouses [14, 15)
tpcc: worker id 142 => warehouses [15, 16)
tpcc: worker id 143 => warehouses [16, 17)
20260909-07:50.31-314216(us) 2389495 * benchmark_thread_init (mbta_wrapper.hh:1811): thread_init: thread_id=6, shard_index=0, getShardIndex=0, loader=0
20260909-07:50.31-314383(us) 2389495 * benchmark_thread_init (mbta_wrapper.hh:1811): thread_init: thread_id=7, shard_index=0, getShardIndex=0, loader=0
20260909-07:50.31-314464(us) 2389495 * benchmark_thread_init (mbta_wrapper.hh:1811): thread_init: thread_id=8, shard_index=0, getShardIndex=0, loader=0
20260909-07:50.31-314531(us) 2389495 * benchmark_thread_init (mbta_wrapper.hh:1811): thread_init: thread_id=9, shard_index=0, getShardIndex=0, loader=0
20260909-07:50.31-314792(us) 2389495 * benchmark_thread_init (mbta_wrapper.hh:1811): thread_init: thread_id=10, shard_index=0, getShardIndex=0, loader=0
20260909-07:50.31-314954(us) 2389495 * benchmark_thread_init (mbta_wrapper.hh:1811): thread_init: thread_id=11, shard_index=0, getShardIndex=0, loader=0
20260909-07:50.31-315234(us) 2389495 * ParseNewFormat  (configuration.cc:102): Using new configuration format
20260909-07:50.31-315305(us) 2389495 * ParseNewFormat  (configuration.cc:162): Loaded 1 sites in 1 shards
20260909-07:50.31-315433(us) 2389495 * ParseNewFormat  (configuration.cc:102): Using new configuration format
20260909-07:50.31-315492(us) 2389495 * ParseNewFormat  (configuration.cc:102): Using new configuration format
20260909-07:50.31-315533(us) 2389495 * ParseNewFormat  (configuration.cc:102): Using new configuration format
20260909-07:50.31-315591(us) 2389495 * benchmark_thread_init (mbta_wrapper.hh:1811): thread_init: thread_id=12, shard_index=0, getShardIndex=0, loader=0
20260909-07:50.31-315645(us) 2389495 * ParseNewFormat  (configuration.cc:162): Loaded 1 sites in 1 shards
20260909-07:50.31-315694(us) 2389495 * ParseNewFormat  (configuration.cc:162): Loaded 1 sites in 1 shards
20260909-07:50.31-315735(us) 2389495 * ParseNewFormat  (configuration.cc:162): Loaded 1 sites in 1 shards
20260909-07:50.31-315806(us) 2389495 * benchmark_thread_init (mbta_wrapper.hh:1811): thread_init: thread_id=13, shard_index=0, getShardIndex=0, loader=0
20260909-07:50.31-315862(us) 2389495 * ParseNewFormat  (configuration.cc:102): Using new configuration format
20260909-07:50.31-315914(us) 2389495 * ParseNewFormat  (configuration.cc:102): Using new configuration format
20260909-07:50.31-315974(us) 2389495 * ParseNewFormat  (configuration.cc:162): Loaded 1 sites in 1 shards
20260909-07:50.31-316023(us) 2389495 * benchmark_thread_init (mbta_wrapper.hh:1811): thread_init: thread_id=14, shard_index=0, getShardIndex=0, loader=0
20260909-07:50.31-316085(us) 2389495 * ParseNewFormat  (configuration.cc:162): Loaded 1 sites in 1 shards
20260909-07:50.31-316248(us) 2389495 * ParseNewFormat  (configuration.cc:102): Using new configuration format
20260909-07:50.31-316300(us) 2389495 * ParseNewFormat  (configuration.cc:102): Using new configuration format
20260909-07:50.31-316339(us) 2389495 * ParseNewFormat  (configuration.cc:162): Loaded 1 sites in 1 shards
20260909-07:50.31-316414(us) 2389495 * ParseNewFormat  (configuration.cc:102): Using new configuration format
20260909-07:50.31-316476(us) 2389495 * benchmark_thread_init (mbta_wrapper.hh:1811): thread_init: thread_id=15, shard_index=0, getShardIndex=0, loader=0
20260909-07:50.31-316522(us) 2389495 * ParseNewFormat  (configuration.cc:102): Using new configuration format
20260909-07:50.31-316575(us) 2389495 * ParseNewFormat  (configuration.cc:162): Loaded 1 sites in 1 shards
20260909-07:50.31-316602(us) 2389495 * ParseNewFormat  (configuration.cc:102): Using new configuration format
20260909-07:50.31-316642(us) 2389495 * ParseNewFormat  (configuration.cc:102): Using new configuration format
20260909-07:50.31-316705(us) 2389495 * ParseNewFormat  (configuration.cc:162): Loaded 1 sites in 1 shards
20260909-07:50.31-316762(us) 2389495 * Initialize      (srpc_rpc_backend.cc:66): SrpcRpcBackend::Initialize: poll_thread_worker_ created, is_some=1
20260909-07:50.31-316874(us) 2389495 * Initialize      (srpc_rpc_backend.cc:97): SrpcRpcBackend initialized on 127.0.0.1:31002 (listening on 0.0.0.0:31002)
20260909-07:50.31-316902(us) 2389495 * FastTransport   (fasttransport.cc:147): FastTransport initialized with srpc/rpc backend on 127.0.0.1:31002
20260909-07:50.31-316962(us) 2389495 * Initialize      (srpc_rpc_backend.cc:66): SrpcRpcBackend::Initialize: poll_thread_worker_ created, is_some=1
20260909-07:50.31-317045(us) 2389495 * Initialize      (srpc_rpc_backend.cc:97): SrpcRpcBackend initialized on 127.0.0.1:31000 (listening on 0.0.0.0:31000)
20260909-07:50.31-317067(us) 2389495 * FastTransport   (fasttransport.cc:147): FastTransport initialized with srpc/rpc backend on 127.0.0.1:31000
20260909-07:50.31-317097(us) 2389495 * Initialize      (srpc_rpc_backend.cc:66): SrpcRpcBackend::Initialize: poll_thread_worker_ created, is_some=1
20260909-07:50.31-317144(us) 2389495 * benchmark_thread_init (mbta_wrapper.hh:1811): thread_init: thread_id=16, shard_index=0, getShardIndex=0, loader=0
20260909-07:50.31-317202(us) 2389495 * ParseNewFormat  (configuration.cc:102): Using new configuration format
20260909-07:50.31-317296(us) 2389495 * ParseNewFormat  (configuration.cc:162): Loaded 1 sites in 1 shards
20260909-07:50.31-317376(us) 2389495 * benchmark_thread_init (mbta_wrapper.hh:1811): thread_init: thread_id=17, shard_index=0, getShardIndex=0, loader=0
20260909-07:50.31-317416(us) 2389495 * ParseNewFormat  (configuration.cc:102): Using new configuration format
20260909-07:50.31-317499(us) 2389495 * benchmark_thread_init (mbta_wrapper.hh:1811): thread_init: thread_id=19, shard_index=0, getShardIndex=0, loader=0
20260909-07:50.31-317557(us) 2389495 * ParseNewFormat  (configuration.cc:102): Using new configuration format
20260909-07:50.31-317613(us) 2389495 * ParseNewFormat  (configuration.cc:102): Using new configuration format
20260909-07:50.31-317664(us) 2389495 * benchmark_thread_init (mbta_wrapper.hh:1811): thread_init: thread_id=18, shard_index=0, getShardIndex=0, loader=0
20260909-07:50.31-317716(us) 2389495 * ParseNewFormat  (configuration.cc:162): Loaded 1 sites in 1 shards
20260909-07:50.31-317763(us) 2389495 * ParseNewFormat  (configuration.cc:102): Using new configuration format
20260909-07:50.31-317827(us) 2389495 * Initialize      (srpc_rpc_backend.cc:66): SrpcRpcBackend::Initialize: poll_thread_worker_ created, is_some=1
20260909-07:50.31-317900(us) 2389495 * ParseNewFormat  (configuration.cc:162): Loaded 1 sites in 1 shards
20260909-07:50.31-317948(us) 2389495 * benchmark_thread_init (mbta_wrapper.hh:1811): thread_init: thread_id=20, shard_index=0, getShardIndex=0, loader=0
20260909-07:50.31-317992(us) 2389495 * ParseNewFormat  (configuration.cc:102): Using new configuration format
20260909-07:50.31-318042(us) 2389495 * ParseNewFormat  (configuration.cc:102): Using new configuration format
20260909-07:50.31-318072(us) 2389495 * ParseNewFormat  (configuration.cc:162): Loaded 1 sites in 1 shards
20260909-07:50.31-318105(us) 2389495 * ParseNewFormat  (configuration.cc:162): Loaded 1 sites in 1 shards
20260909-07:50.31-318133(us) 2389495 * ParseNewFormat  (configuration.cc:102): Using new configuration format
20260909-07:50.31-318184(us) 2389495 * ParseNewFormat  (configuration.cc:162): Loaded 1 sites in 1 shards
20260909-07:50.31-318216(us) 2389495 * ParseNewFormat  (configuration.cc:102): Using new configuration format
20260909-07:50.31-318254(us) 2389495 * ParseNewFormat  (configuration.cc:162): Loaded 1 sites in 1 shards
20260909-07:50.31-318306(us) 2389495 * ParseNewFormat  (configuration.cc:162): Loaded 1 sites in 1 shards
20260909-07:50.31-318379(us) 2389495 * Initialize      (srpc_rpc_backend.cc:97): SrpcRpcBackend initialized on 127.0.0.1:31005 (listening on 0.0.0.0:31005)
20260909-07:50.31-318431(us) 2389495 * FastTransport   (fasttransport.cc:147): FastTransport initialized with srpc/rpc backend on 127.0.0.1:31005
20260909-07:50.31-318476(us) 2389495 * Initialize      (srpc_rpc_backend.cc:97): SrpcRpcBackend initialized on 127.0.0.1:31004 (listening on 0.0.0.0:31004)
20260909-07:50.31-318529(us) 2389495 * FastTransport   (fasttransport.cc:147): FastTransport initialized with srpc/rpc backend on 127.0.0.1:31004
20260909-07:50.31-318561(us) 2389495 * ParseNewFormat  (configuration.cc:162): Loaded 1 sites in 1 shards
20260909-07:50.31-318602(us) 2389495 * ParseNewFormat  (configuration.cc:162): Loaded 1 sites in 1 shards
20260909-07:50.31-318649(us) 2389495 * ParseNewFormat  (configuration.cc:162): Loaded 1 sites in 1 shards
20260909-07:50.31-318685(us) 2389495 * Initialize      (srpc_rpc_backend.cc:66): SrpcRpcBackend::Initialize: poll_thread_worker_ created, is_some=1
20260909-07:50.31-318721(us) 2389495 * ParseNewFormat  (configuration.cc:162): Loaded 1 sites in 1 shards
20260909-07:50.31-318767(us) 2389495 * Initialize      (srpc_rpc_backend.cc:97): SrpcRpcBackend initialized on 127.0.0.1:31003 (listening on 0.0.0.0:31003)
20260909-07:50.31-318785(us) 2389495 * FastTransport   (fasttransport.cc:147): FastTransport initialized with srpc/rpc backend on 127.0.0.1:31003
20260909-07:50.31-318820(us) 2389495 * ParseNewFormat  (configuration.cc:102): Using new configuration format
20260909-07:50.31-318887(us) 2389495 * benchmark_thread_init (mbta_wrapper.hh:1811): thread_init: thread_id=21, shard_index=0, getShardIndex=0, loader=0
20260909-07:50.31-318929(us) 2389495 * ParseNewFormat  (configuration.cc:102): Using new configuration format
20260909-07:50.31-318968(us) 2389495 * ParseNewFormat  (configuration.cc:102): Using new configuration format
20260909-07:50.31-319014(us) 2389495 * ParseNewFormat  (configuration.cc:162): Loaded 1 sites in 1 shards
20260909-07:50.31-319043(us) 2389495 * ParseNewFormat  (configuration.cc:102): Using new configuration format
20260909-07:50.31-319088(us) 2389495 * ParseNewFormat  (configuration.cc:102): Using new configuration format
20260909-07:50.31-319132(us) 2389495 * ParseNewFormat  (configuration.cc:102): Using new configuration format
20260909-07:50.31-319165(us) 2389495 * ParseNewFormat  (configuration.cc:162): Loaded 1 sites in 1 shards
20260909-07:50.31-319200(us) 2389495 * ParseNewFormat  (configuration.cc:162): Loaded 1 sites in 1 shards
20260909-07:50.31-319229(us) 2389495 * ParseNewFormat  (configuration.cc:102): Using new configuration format
20260909-07:50.31-319263(us) 2389495 * ParseNewFormat  (configuration.cc:102): Using new configuration format
20260909-07:50.31-319306(us) 2389495 * ParseNewFormat  (configuration.cc:102): Using new configuration format
20260909-07:50.31-319344(us) 2389495 * ParseNewFormat  (configuration.cc:162): Loaded 1 sites in 1 shards
20260909-07:50.31-319375(us) 2389495 * ParseNewFormat  (configuration.cc:102): Using new configuration format
20260909-07:50.31-319453(us) 2389495 * ParseNewFormat  (configuration.cc:162): Loaded 1 sites in 1 shards
20260909-07:50.31-319550(us) 2389495 * Initialize      (srpc_rpc_backend.cc:66): SrpcRpcBackend::Initialize: poll_thread_worker_ created, is_some=1
20260909-07:50.31-319661(us) 2389495 * ParseNewFormat  (configuration.cc:162): Loaded 1 sites in 1 shards
20260909-07:50.31-319708(us) 2389495 * ParseNewFormat  (configuration.cc:162): Loaded 1 sites in 1 shards
20260909-07:50.31-319743(us) 2389495 * ParseNewFormat  (configuration.cc:162): Loaded 1 sites in 1 shards
20260909-07:50.31-319776(us) 2389495 * ParseNewFormat  (configuration.cc:162): Loaded 1 sites in 1 shards
20260909-07:50.31-319818(us) 2389495 * Initialize      (srpc_rpc_backend.cc:66): SrpcRpcBackend::Initialize: poll_thread_worker_ created, is_some=1
20260909-07:50.31-319850(us) 2389495 * ParseNewFormat  (configuration.cc:102): Using new configuration format
20260909-07:50.31-319936(us) 2389495 * ParseNewFormat  (configuration.cc:102): Using new configuration format
20260909-07:50.31-319990(us) 2389495 * Initialize      (srpc_rpc_backend.cc:66): SrpcRpcBackend::Initialize: poll_thread_worker_ created, is_some=1
20260909-07:50.31-320010(us) 2389495 * ParseNewFormat  (configuration.cc:162): Loaded 1 sites in 1 shards
20260909-07:50.31-320045(us) 2389495 * Initialize      (srpc_rpc_backend.cc:66): SrpcRpcBackend::Initialize: poll_thread_worker_ created, is_some=1
20260909-07:50.31-320096(us) 2389495 * ParseNewFormat  (configuration.cc:162): Loaded 1 sites in 1 shards
20260909-07:50.31-320137(us) 2389495 * ParseNewFormat  (configuration.cc:162): Loaded 1 sites in 1 shards
20260909-07:50.31-320165(us) 2389495 * ParseNewFormat  (configuration.cc:102): Using new configuration format
20260909-07:50.31-320193(us) 2389495 * ParseNewFormat  (configuration.cc:162): Loaded 1 sites in 1 shards
20260909-07:50.31-337919(us) 2389495 * Initialize      (srpc_rpc_backend.cc:97): SrpcRpcBackend initialized on 127.0.0.1:31007 (listening on 0.0.0.0:31007)
20260909-07:50.31-337950(us) 2389495 * FastTransport   (fasttransport.cc:147): FastTransport initialized with srpc/rpc backend on 127.0.0.1:31007
20260909-07:50.31-337982(us) 2389495 * Initialize      (srpc_rpc_backend.cc:97): SrpcRpcBackend initialized on 127.0.0.1:31011 (listening on 0.0.0.0:31011)
20260909-07:50.31-338009(us) 2389495 * FastTransport   (fasttransport.cc:147): FastTransport initialized with srpc/rpc backend on 127.0.0.1:31011
20260909-07:50.31-338035(us) 2389495 * Initialize      (srpc_rpc_backend.cc:97): SrpcRpcBackend initialized on 127.0.0.1:31001 (listening on 0.0.0.0:31001)
20260909-07:50.31-338073(us) 2389495 * FastTransport   (fasttransport.cc:147): FastTransport initialized with srpc/rpc backend on 127.0.0.1:31001
20260909-07:50.31-338104(us) 2389495 * Initialize      (srpc_rpc_backend.cc:97): SrpcRpcBackend initialized on 127.0.0.1:31010 (listening on 0.0.0.0:31010)
20260909-07:50.31-338126(us) 2389495 * FastTransport   (fasttransport.cc:147): FastTransport initialized with srpc/rpc backend on 127.0.0.1:31010
20260909-07:50.31-338149(us) 2389495 * Initialize      (srpc_rpc_backend.cc:66): SrpcRpcBackend::Initialize: poll_thread_worker_ created, is_some=1
20260909-07:50.31-338217(us) 2389495 * Initialize      (srpc_rpc_backend.cc:97): SrpcRpcBackend initialized on 127.0.0.1:31012 (listening on 0.0.0.0:31012)
20260909-07:50.31-338233(us) 2389495 * FastTransport   (fasttransport.cc:147): FastTransport initialized with srpc/rpc backend on 127.0.0.1:31012
20260909-07:50.31-338302(us) 2389495 * Initialize      (srpc_rpc_backend.cc:66): SrpcRpcBackend::Initialize: poll_thread_worker_ created, is_some=1
20260909-07:50.31-338396(us) 2389495 * Initialize      (srpc_rpc_backend.cc:97): SrpcRpcBackend initialized on 127.0.0.1:31009 (listening on 0.0.0.0:31009)
20260909-07:50.31-338424(us) 2389495 * FastTransport   (fasttransport.cc:147): FastTransport initialized with srpc/rpc backend on 127.0.0.1:31009
20260909-07:50.31-338445(us) 2389495 * Initialize      (srpc_rpc_backend.cc:66): SrpcRpcBackend::Initialize: poll_thread_worker_ created, is_some=1
20260909-07:50.31-338493(us) 2389495 * ParseNewFormat  (configuration.cc:102): Using new configuration format
20260909-07:50.31-338544(us) 2389495 * Initialize      (srpc_rpc_backend.cc:66): SrpcRpcBackend::Initialize: poll_thread_worker_ created, is_some=1
20260909-07:50.31-338580(us) 2389495 * Initialize      (srpc_rpc_backend.cc:97): SrpcRpcBackend initialized on 127.0.0.1:31006 (listening on 0.0.0.0:31006)
20260909-07:50.31-338608(us) 2389495 * Initialize      (srpc_rpc_backend.cc:97): SrpcRpcBackend initialized on 127.0.0.1:31008 (listening on 0.0.0.0:31008)
20260909-07:50.31-338626(us) 2389495 * ParseNewFormat  (configuration.cc:102): Using new configuration format
20260909-07:50.31-338666(us) 2389495 * ParseNewFormat  (configuration.cc:102): Using new configuration format
20260909-07:50.31-338727(us) 2389495 * ParseNewFormat  (configuration.cc:102): Using new configuration format
20260909-07:50.31-338749(us) 2389495 * ParseNewFormat  (configuration.cc:162): Loaded 1 sites in 1 shards
20260909-07:50.31-338784(us) 2389495 * ParseNewFormat  (configuration.cc:162): Loaded 1 sites in 1 shards
20260909-07:50.31-338823(us) 2389495 * ParseNewFormat  (configuration.cc:162): Loaded 1 sites in 1 shards
20260909-07:50.31-338875(us) 2389495 * ParseNewFormat  (configuration.cc:102): Using new configuration format
20260909-07:50.31-338920(us) 2389495 * ParseNewFormat  (configuration.cc:162): Loaded 1 sites in 1 shards
20260909-07:50.31-338999(us) 2389495 * ParseNewFormat  (configuration.cc:102): Using new configuration format
20260909-07:50.31-339041(us) 2389495 * ParseNewFormat  (configuration.cc:162): Loaded 1 sites in 1 shards
20260909-07:50.31-339062(us) 2389495 * ParseNewFormat  (configuration.cc:162): Loaded 1 sites in 1 shards
20260909-07:50.31-339116(us) 2389495 * Initialize      (srpc_rpc_backend.cc:66): SrpcRpcBackend::Initialize: poll_thread_worker_ created, is_some=1
20260909-07:50.31-339160(us) 2389495 * FastTransport   (fasttransport.cc:147): FastTransport initialized with srpc/rpc backend on 127.0.0.1:31008
20260909-07:50.31-339200(us) 2389495 * Initialize      (srpc_rpc_backend.cc:97): SrpcRpcBackend initialized on 127.0.0.1:31014 (listening on 0.0.0.0:31014)
20260909-07:50.31-339239(us) 2389495 * ParseNewFormat  (configuration.cc:102): Using new configuration format
20260909-07:50.31-339291(us) 2389495 * FastTransport   (fasttransport.cc:147): FastTransport initialized with srpc/rpc backend on 127.0.0.1:31006
20260909-07:50.31-339332(us) 2389495 * ParseNewFormat  (configuration.cc:102): Using new configuration format
20260909-07:50.31-339407(us) 2389495 * FastTransport   (fasttransport.cc:147): FastTransport initialized with srpc/rpc backend on 127.0.0.1:31014
20260909-07:50.31-339438(us) 2389495 * ParseNewFormat  (configuration.cc:162): Loaded 1 sites in 1 shards
20260909-07:50.31-339482(us) 2389495 * ParseNewFormat  (configuration.cc:102): Using new configuration format
20260909-07:50.31-339515(us) 2389495 * ParseNewFormat  (configuration.cc:162): Loaded 1 sites in 1 shards
20260909-07:50.31-339555(us) 2389495 * Initialize      (srpc_rpc_backend.cc:66): SrpcRpcBackend::Initialize: poll_thread_worker_ created, is_some=1
20260909-07:50.31-339655(us) 2389495 * Initialize      (srpc_rpc_backend.cc:97): SrpcRpcBackend initialized on 127.0.0.1:31015 (listening on 0.0.0.0:31015)
20260909-07:50.31-339683(us) 2389495 * FastTransport   (fasttransport.cc:147): FastTransport initialized with srpc/rpc backend on 127.0.0.1:31015
20260909-07:50.31-339783(us) 2389495 * ParseNewFormat  (configuration.cc:102): Using new configuration format
20260909-07:50.31-339865(us) 2389495 * ParseNewFormat  (configuration.cc:162): Loaded 1 sites in 1 shards
20260909-07:50.31-339889(us) 2389495 * ParseNewFormat  (configuration.cc:102): Using new configuration format
20260909-07:50.31-339927(us) 2389495 * ParseNewFormat  (configuration.cc:162): Loaded 1 sites in 1 shards
20260909-07:50.31-339955(us) 2389495 * Initialize      (srpc_rpc_backend.cc:66): SrpcRpcBackend::Initialize: poll_thread_worker_ created, is_some=1
20260909-07:50.31-340021(us) 2389495 * ParseNewFormat  (configuration.cc:162): Loaded 1 sites in 1 shards
20260909-07:50.31-340059(us) 2389495 * Initialize      (srpc_rpc_backend.cc:97): SrpcRpcBackend initialized on 127.0.0.1:31013 (listening on 0.0.0.0:31013)
20260909-07:50.31-340084(us) 2389495 * FastTransport   (fasttransport.cc:147): FastTransport initialized with srpc/rpc backend on 127.0.0.1:31013
20260909-07:50.31-340323(us) 2389495 * ParseNewFormat  (configuration.cc:102): Using new configuration format
20260909-07:50.31-340531(us) 2389495 * ParseNewFormat  (configuration.cc:102): Using new configuration format
20260909-07:50.31-340568(us) 2389495 * ParseNewFormat  (configuration.cc:162): Loaded 1 sites in 1 shards
20260909-07:50.31-340656(us) 2389495 * ParseNewFormat  (configuration.cc:162): Loaded 1 sites in 1 shards
20260909-07:50.31-343845(us) 2389495 * ParseNewFormat  (configuration.cc:102): Using new configuration format
20260909-07:50.31-343876(us) 2389495 * ParseNewFormat  (configuration.cc:162): Loaded 1 sites in 1 shards
20260909-07:50.31-347148(us) 2389495 ! run             (bench.cc:645):     TPCC_BENCH_MEASURE_START
20260909-07:50.31-347191(us) 2389495 ! run             (bench.cc:653):     start the running time, runTime:10
20260909-07:50.31-347212(us) 2389495 ! run             (bench.cc:665):     runtime time left:10000 ms, bool:1
20260909-07:50.32-354774(us) 2389495 ! run             (bench.cc:665):     runtime time left:9000 ms, bool:1
20260909-07:50.33-362553(us) 2389495 ! run             (bench.cc:665):     runtime time left:8000 ms, bool:1
20260909-07:50.34-373490(us) 2389495 ! run             (bench.cc:665):     runtime time left:7000 ms, bool:1
20260909-07:50.35-385495(us) 2389495 ! run             (bench.cc:665):     runtime time left:6000 ms, bool:1
20260909-07:50.36-393274(us) 2389495 ! run             (bench.cc:665):     runtime time left:5000 ms, bool:1
20260909-07:50.37-402263(us) 2389495 ! run             (bench.cc:665):     runtime time left:4000 ms, bool:1
20260909-07:50.38-410851(us) 2389495 ! run             (bench.cc:665):     runtime time left:3000 ms, bool:1
20260909-07:50.39-417326(us) 2389495 ! run             (bench.cc:665):     runtime time left:2000 ms, bool:1
20260909-07:50.40-425058(us) 2389495 ! run             (bench.cc:665):     runtime time left:1000 ms, bool:1
20260909-07:50.41-434573(us) 2389495 ! run             (bench.cc:678):     runtime_plus:0
[SHUTDOWN] Setting running=false to stop database worker threads
[SHUTDOWN] Calling first stop() to stop client transports
20260909-07:50.41-434649(us) 2389495 * PrintStats      (srpc_rpc_backend.cc:686): SrpcRpcBackend request stats: msg_size_req_sent: 0 bytes, counter: 0, avg: 0.000000
20260909-07:50.41-434709(us) 2389495 * PrintStats      (srpc_rpc_backend.cc:686): SrpcRpcBackend request stats: msg_size_req_sent: 0 bytes, counter: 0, avg: 0.000000
20260909-07:50.41-434758(us) 2389495 * PrintStats      (srpc_rpc_backend.cc:686): SrpcRpcBackend request stats: msg_size_req_sent: 0 bytes, counter: 0, avg: 0.000000
20260909-07:50.41-434809(us) 2389495 ! stop            (bench.cc:496):     stop all rpc clients. set stop=false
20260909-07:50.41-434839(us) 2389495 * Stop            (srpc_rpc_backend.cc:593): SrpcRpcBackend::Stop: BEGIN - Setting stop flag
20260909-07:50.41-434855(us) 2389495 * Stop            (srpc_rpc_backend.cc:596): SrpcRpcBackend::Stop: Waiting for event loop to exit...
20260909-07:50.41-434870(us) 2389495 * Stop            (srpc_rpc_backend.cc:612): SrpcRpcBackend::Stop: Event loop exited successfully
20260909-07:50.41-434885(us) 2389495 * Stop            (srpc_rpc_backend.cc:616): SrpcRpcBackend::Stop: Signaling 0 request queues to stop
20260909-07:50.41-434899(us) 2389495 * Stop            (srpc_rpc_backend.cc:624): SrpcRpcBackend::Stop: Signaling 0 response queues to stop
20260909-07:50.41-434915(us) 2389495 * Stop            (srpc_rpc_backend.cc:635): SrpcRpcBackend::Stop: Server cleanup deferred to destructor
20260909-07:50.41-434930(us) 2389495 * Stop            (srpc_rpc_backend.cc:638): SrpcRpcBackend::Stop: Closing client connections
20260909-07:50.41-434945(us) 2389495 * Stop            (srpc_rpc_backend.cc:642): SrpcRpcBackend::Stop: Found 0 client connections to close
20260909-07:50.41-434966(us) 2389495 * Stop            (srpc_rpc_backend.cc:662): SrpcRpcBackend::Stop: Closed 0 client connections
20260909-07:50.41-434980(us) 2389495 * Stop            (srpc_rpc_backend.cc:675): SrpcRpcBackend stats: msg_size_resp_sent: 0 bytes, counter: 0, avg: 0.000000
20260909-07:50.41-435004(us) 2389495 * Stop            (srpc_rpc_backend.cc:676): SrpcRpcBackend::Stop: END
20260909-07:50.41-435021(us) 2389495 * Stop            (srpc_rpc_backend.cc:593): SrpcRpcBackend::Stop: BEGIN - Setting stop flag
20260909-07:50.41-435037(us) 2389495 * Stop            (srpc_rpc_backend.cc:596): SrpcRpcBackend::Stop: Waiting for event loop to exit...
20260909-07:50.41-435057(us) 2389495 * Stop            (srpc_rpc_backend.cc:612): SrpcRpcBackend::Stop: Event loop exited successfully
20260909-07:50.41-435073(us) 2389495 * Stop            (srpc_rpc_backend.cc:616): SrpcRpcBackend::Stop: Signaling 0 request queues to stop
20260909-07:50.41-435089(us) 2389495 * Stop            (srpc_rpc_backend.cc:624): SrpcRpcBackend::Stop: Signaling 0 response queues to stop
20260909-07:50.41-435104(us) 2389495 * Stop            (srpc_rpc_backend.cc:635): SrpcRpcBackend::Stop: Server cleanup deferred to destructor
20260909-07:50.41-435125(us) 2389495 * Stop            (srpc_rpc_backend.cc:638): SrpcRpcBackend::Stop: Closing client connections
20260909-07:50.41-435143(us) 2389495 * Stop            (srpc_rpc_backend.cc:642): SrpcRpcBackend::Stop: Found 0 client connections to close
20260909-07:50.41-435159(us) 2389495 * Stop            (srpc_rpc_backend.cc:662): SrpcRpcBackend::Stop: Closed 0 client connections
20260909-07:50.41-435174(us) 2389495 * Stop            (srpc_rpc_backend.cc:675): SrpcRpcBackend stats: msg_size_resp_sent: 0 bytes, counter: 0, avg: 0.000000
20260909-07:50.41-435190(us) 2389495 * Stop            (srpc_rpc_backend.cc:676): SrpcRpcBackend::Stop: END
20260909-07:50.41-435206(us) 2389495 * Stop            (srpc_rpc_backend.cc:593): SrpcRpcBackend::Stop: BEGIN - Setting stop flag
20260909-07:50.41-435221(us) 2389495 * Stop            (srpc_rpc_backend.cc:596): SrpcRpcBackend::Stop: Waiting for event loop to exit...
20260909-07:50.41-435237(us) 2389495 * Stop            (srpc_rpc_backend.cc:612): SrpcRpcBackend::Stop: Event loop exited successfully
20260909-07:50.41-435252(us) 2389495 * Stop            (srpc_rpc_backend.cc:616): SrpcRpcBackend::Stop: Signaling 0 request queues to stop
20260909-07:50.41-435268(us) 2389495 * Stop            (srpc_rpc_backend.cc:624): SrpcRpcBackend::Stop: Signaling 0 response queues to stop
20260909-07:50.41-435287(us) 2389495 * Stop            (srpc_rpc_backend.cc:635): SrpcRpcBackend::Stop: Server cleanup deferred to destructor
20260909-07:50.41-435302(us) 2389495 * Stop            (srpc_rpc_backend.cc:638): SrpcRpcBackend::Stop: Closing client connections
20260909-07:50.41-435317(us) 2389495 * Stop            (srpc_rpc_backend.cc:642): SrpcRpcBackend::Stop: Found 0 client connections to close
20260909-07:50.41-435335(us) 2389495 * Stop            (srpc_rpc_backend.cc:662): SrpcRpcBackend::Stop: Closed 0 client connections
20260909-07:50.41-435349(us) 2389495 * Stop            (srpc_rpc_backend.cc:675): SrpcRpcBackend stats: msg_size_resp_sent: 0 bytes, counter: 0, avg: 0.000000
20260909-07:50.41-435365(us) 2389495 * Stop            (srpc_rpc_backend.cc:676): SrpcRpcBackend::Stop: END
20260909-07:50.41-435382(us) 2389495 * Stop            (srpc_rpc_backend.cc:593): SrpcRpcBackend::Stop: BEGIN - Setting stop flag
20260909-07:50.41-435397(us) 2389495 * Stop            (srpc_rpc_backend.cc:596): SrpcRpcBackend::Stop: Waiting for event loop to exit...
20260909-07:50.41-435412(us) 2389495 * Stop            (srpc_rpc_backend.cc:612): SrpcRpcBackend::Stop: Event loop exited successfully
20260909-07:50.41-435431(us) 2389495 * Stop            (srpc_rpc_backend.cc:616): SrpcRpcBackend::Stop: Signaling 0 request queues to stop
20260909-07:50.41-435449(us) 2389495 * Stop            (srpc_rpc_backend.cc:624): SrpcRpcBackend::Stop: Signaling 0 response queues to stop
20260909-07:50.41-435465(us) 2389495 * Stop            (srpc_rpc_backend.cc:635): SrpcRpcBackend::Stop: Server cleanup deferred to destructor
20260909-07:50.41-435480(us) 2389495 * Stop            (srpc_rpc_backend.cc:638): SrpcRpcBackend::Stop: Closing client connections
20260909-07:50.41-435496(us) 2389495 * Stop            (srpc_rpc_backend.cc:642): SrpcRpcBackend::Stop: Found 0 client connections to close
20260909-07:50.41-435511(us) 2389495 * Stop            (srpc_rpc_backend.cc:662): SrpcRpcBackend::Stop: Closed 0 client connections
20260909-07:50.41-435527(us) 2389495 * Stop            (srpc_rpc_backend.cc:675): SrpcRpcBackend stats: msg_size_resp_sent: 0 bytes, counter: 0, avg: 0.000000
20260909-07:50.41-435542(us) 2389495 * Stop            (srpc_rpc_backend.cc:676): SrpcRpcBackend::Stop: END
20260909-07:50.41-435558(us) 2389495 * Stop            (srpc_rpc_backend.cc:593): SrpcRpcBackend::Stop: BEGIN - Setting stop flag
20260909-07:50.41-435573(us) 2389495 * Stop            (srpc_rpc_backend.cc:596): SrpcRpcBackend::Stop: Waiting for event loop to exit...
20260909-07:50.41-435588(us) 2389495 * Stop            (srpc_rpc_backend.cc:612): SrpcRpcBackend::Stop: Event loop exited successfully
20260909-07:50.41-435603(us) 2389495 * Stop            (srpc_rpc_backend.cc:616): SrpcRpcBackend::Stop: Signaling 0 request queues to stop
20260909-07:50.41-435620(us) 2389495 * Stop            (srpc_rpc_backend.cc:624): SrpcRpcBackend::Stop: Signaling 0 response queues to stop
20260909-07:50.41-435636(us) 2389495 * Stop            (srpc_rpc_backend.cc:635): SrpcRpcBackend::Stop: Server cleanup deferred to destructor
20260909-07:50.41-435651(us) 2389495 * Stop            (srpc_rpc_backend.cc:638): SrpcRpcBackend::Stop: Closing client connections
20260909-07:50.41-435666(us) 2389495 * Stop            (srpc_rpc_backend.cc:642): SrpcRpcBackend::Stop: Found 0 client connections to close
20260909-07:50.41-435682(us) 2389495 * Stop            (srpc_rpc_backend.cc:662): SrpcRpcBackend::Stop: Closed 0 client connections
20260909-07:50.41-435698(us) 2389495 * Stop            (srpc_rpc_backend.cc:675): SrpcRpcBackend stats: msg_size_resp_sent: 0 bytes, counter: 0, avg: 0.000000
20260909-07:50.41-435714(us) 2389495 * Stop            (srpc_rpc_backend.cc:676): SrpcRpcBackend::Stop: END
20260909-07:50.41-435731(us) 2389495 * Stop            (srpc_rpc_backend.cc:593): SrpcRpcBackend::Stop: BEGIN - Setting stop flag
20260909-07:50.41-435746(us) 2389495 * Stop            (srpc_rpc_backend.cc:596): SrpcRpcBackend::Stop: Waiting for event loop to exit...
20260909-07:50.41-435761(us) 2389495 * Stop            (srpc_rpc_backend.cc:612): SrpcRpcBackend::Stop: Event loop exited successfully
20260909-07:50.41-435777(us) 2389495 * Stop            (srpc_rpc_backend.cc:616): SrpcRpcBackend::Stop: Signaling 0 request queues to stop
20260909-07:50.41-435793(us) 2389495 * Stop            (srpc_rpc_backend.cc:624): SrpcRpcBackend::Stop: Signaling 0 response queues to stop
20260909-07:50.41-435809(us) 2389495 * Stop            (srpc_rpc_backend.cc:635): SrpcRpcBackend::Stop: Server cleanup deferred to destructor
20260909-07:50.41-435825(us) 2389495 * Stop            (srpc_rpc_backend.cc:638): SrpcRpcBackend::Stop: Closing client connections
20260909-07:50.41-435853(us) 2389495 * Stop            (srpc_rpc_backend.cc:642): SrpcRpcBackend::Stop: Found 0 client connections to close
20260909-07:50.41-435868(us) 2389495 * Stop            (srpc_rpc_backend.cc:662): SrpcRpcBackend::Stop: Closed 0 client connections
20260909-07:50.41-435884(us) 2389495 * Stop            (srpc_rpc_backend.cc:675): SrpcRpcBackend stats: msg_size_resp_sent: 0 bytes, counter: 0, avg: 0.000000
20260909-07:50.41-435900(us) 2389495 * Stop            (srpc_rpc_backend.cc:676): SrpcRpcBackend::Stop: END
20260909-07:50.41-435916(us) 2389495 * Stop            (srpc_rpc_backend.cc:593): SrpcRpcBackend::Stop: BEGIN - Setting stop flag
20260909-07:50.41-435933(us) 2389495 * Stop            (srpc_rpc_backend.cc:596): SrpcRpcBackend::Stop: Waiting for event loop to exit...
20260909-07:50.41-435948(us) 2389495 * Stop            (srpc_rpc_backend.cc:612): SrpcRpcBackend::Stop: Event loop exited successfully
20260909-07:50.41-435967(us) 2389495 * Stop            (srpc_rpc_backend.cc:616): SrpcRpcBackend::Stop: Signaling 0 request queues to stop
20260909-07:50.41-435985(us) 2389495 * Stop            (srpc_rpc_backend.cc:624): SrpcRpcBackend::Stop: Signaling 0 response queues to stop
20260909-07:50.41-436001(us) 2389495 * Stop            (srpc_rpc_backend.cc:635): SrpcRpcBackend::Stop: Server cleanup deferred to destructor
20260909-07:50.41-436017(us) 2389495 * Stop            (srpc_rpc_backend.cc:638): SrpcRpcBackend::Stop: Closing client connections
20260909-07:50.41-436032(us) 2389495 * Stop            (srpc_rpc_backend.cc:642): SrpcRpcBackend::Stop: Found 0 client connections to close
20260909-07:50.41-436047(us) 2389495 * Stop            (srpc_rpc_backend.cc:662): SrpcRpcBackend::Stop: Closed 0 client connections
20260909-07:50.41-436062(us) 2389495 * Stop            (srpc_rpc_backend.cc:675): SrpcRpcBackend stats: msg_size_resp_sent: 0 bytes, counter: 0, avg: 0.000000
20260909-07:50.41-436078(us) 2389495 * Stop            (srpc_rpc_backend.cc:676): SrpcRpcBackend::Stop: END
20260909-07:50.41-436096(us) 2389495 * Stop            (srpc_rpc_backend.cc:593): SrpcRpcBackend::Stop: BEGIN - Setting stop flag
20260909-07:50.41-436112(us) 2389495 * Stop            (srpc_rpc_backend.cc:596): SrpcRpcBackend::Stop: Waiting for event loop to exit...
20260909-07:50.41-436127(us) 2389495 * Stop            (srpc_rpc_backend.cc:612): SrpcRpcBackend::Stop: Event loop exited successfully
20260909-07:50.41-436143(us) 2389495 * Stop            (srpc_rpc_backend.cc:616): SrpcRpcBackend::Stop: Signaling 0 request queues to stop
20260909-07:50.41-436158(us) 2389495 * Stop            (srpc_rpc_backend.cc:624): SrpcRpcBackend::Stop: Signaling 0 response queues to stop
20260909-07:50.41-436177(us) 2389495 * Stop            (srpc_rpc_backend.cc:635): SrpcRpcBackend::Stop: Server cleanup deferred to destructor
20260909-07:50.41-436196(us) 2389495 * Stop            (srpc_rpc_backend.cc:638): SrpcRpcBackend::Stop: Closing client connections
20260909-07:50.41-436215(us) 2389495 * Stop            (srpc_rpc_backend.cc:642): SrpcRpcBackend::Stop: Found 0 client connections to close
20260909-07:50.41-436230(us) 2389495 * Stop            (srpc_rpc_backend.cc:662): SrpcRpcBackend::Stop: Closed 0 client connections
20260909-07:50.41-436245(us) 2389495 * Stop            (srpc_rpc_backend.cc:675): SrpcRpcBackend stats: msg_size_resp_sent: 0 bytes, counter: 0, avg: 0.000000
20260909-07:50.41-436261(us) 2389495 * Stop            (srpc_rpc_backend.cc:676): SrpcRpcBackend::Stop: END
20260909-07:50.41-436278(us) 2389495 * Stop            (srpc_rpc_backend.cc:593): SrpcRpcBackend::Stop: BEGIN - Setting stop flag
20260909-07:50.41-436294(us) 2389495 * Stop            (srpc_rpc_backend.cc:596): SrpcRpcBackend::Stop: Waiting for event loop to exit...
20260909-07:50.41-436309(us) 2389495 * Stop            (srpc_rpc_backend.cc:612): SrpcRpcBackend::Stop: Event loop exited successfully
20260909-07:50.41-436324(us) 2389495 * Stop            (srpc_rpc_backend.cc:616): SrpcRpcBackend::Stop: Signaling 0 request queues to stop
20260909-07:50.41-436340(us) 2389495 * Stop            (srpc_rpc_backend.cc:624): SrpcRpcBackend::Stop: Signaling 0 response queues to stop
20260909-07:50.41-436356(us) 2389495 * Stop            (srpc_rpc_backend.cc:635): SrpcRpcBackend::Stop: Server cleanup deferred to destructor
20260909-07:50.41-436372(us) 2389495 * Stop            (srpc_rpc_backend.cc:638): SrpcRpcBackend::Stop: Closing client connections
20260909-07:50.41-436387(us) 2389495 * Stop            (srpc_rpc_backend.cc:642): SrpcRpcBackend::Stop: Found 0 client connections to close
20260909-07:50.41-436401(us) 2389495 * Stop            (srpc_rpc_backend.cc:662): SrpcRpcBackend::Stop: Closed 0 client connections
20260909-07:50.41-436417(us) 2389495 * Stop            (srpc_rpc_backend.cc:675): SrpcRpcBackend stats: msg_size_resp_sent: 0 bytes, counter: 0, avg: 0.000000
20260909-07:50.41-436433(us) 2389495 * Stop            (srpc_rpc_backend.cc:676): SrpcRpcBackend::Stop: END
20260909-07:50.41-436449(us) 2389495 * Stop            (srpc_rpc_backend.cc:593): SrpcRpcBackend::Stop: BEGIN - Setting stop flag
20260909-07:50.41-436464(us) 2389495 * Stop            (srpc_rpc_backend.cc:596): SrpcRpcBackend::Stop: Waiting for event loop to exit...
20260909-07:50.41-436480(us) 2389495 * Stop            (srpc_rpc_backend.cc:612): SrpcRpcBackend::Stop: Event loop exited successfully
20260909-07:50.41-436496(us) 2389495 * Stop            (srpc_rpc_backend.cc:616): SrpcRpcBackend::Stop: Signaling 0 request queues to stop
20260909-07:50.41-436511(us) 2389495 * Stop            (srpc_rpc_backend.cc:624): SrpcRpcBackend::Stop: Signaling 0 response queues to stop
20260909-07:50.41-436527(us) 2389495 * Stop            (srpc_rpc_backend.cc:635): SrpcRpcBackend::Stop: Server cleanup deferred to destructor
20260909-07:50.41-436543(us) 2389495 * Stop            (srpc_rpc_backend.cc:638): SrpcRpcBackend::Stop: Closing client connections
20260909-07:50.41-436559(us) 2389495 * Stop            (srpc_rpc_backend.cc:642): SrpcRpcBackend::Stop: Found 0 client connections to close
20260909-07:50.41-436575(us) 2389495 * Stop            (srpc_rpc_backend.cc:662): SrpcRpcBackend::Stop: Closed 0 client connections
20260909-07:50.41-436590(us) 2389495 * Stop            (srpc_rpc_backend.cc:675): SrpcRpcBackend stats: msg_size_resp_sent: 0 bytes, counter: 0, avg: 0.000000
20260909-07:50.41-436605(us) 2389495 * Stop            (srpc_rpc_backend.cc:676): SrpcRpcBackend::Stop: END
20260909-07:50.41-436621(us) 2389495 * Stop            (srpc_rpc_backend.cc:593): SrpcRpcBackend::Stop: BEGIN - Setting stop flag
20260909-07:50.41-436637(us) 2389495 * Stop            (srpc_rpc_backend.cc:596): SrpcRpcBackend::Stop: Waiting for event loop to exit...
20260909-07:50.41-436653(us) 2389495 * Stop            (srpc_rpc_backend.cc:612): SrpcRpcBackend::Stop: Event loop exited successfully
20260909-07:50.41-436670(us) 2389495 * Stop            (srpc_rpc_backend.cc:616): SrpcRpcBackend::Stop: Signaling 0 request queues to stop
20260909-07:50.41-436685(us) 2389495 * Stop            (srpc_rpc_backend.cc:624): SrpcRpcBackend::Stop: Signaling 0 response queues to stop
20260909-07:50.41-436701(us) 2389495 * Stop            (srpc_rpc_backend.cc:635): SrpcRpcBackend::Stop: Server cleanup deferred to destructor
20260909-07:50.41-436717(us) 2389495 * Stop            (srpc_rpc_backend.cc:638): SrpcRpcBackend::Stop: Closing client connections
20260909-07:50.41-436732(us) 2389495 * Stop            (srpc_rpc_backend.cc:642): SrpcRpcBackend::Stop: Found 0 client connections to close
20260909-07:50.41-436748(us) 2389495 * Stop            (srpc_rpc_backend.cc:662): SrpcRpcBackend::Stop: Closed 0 client connections
20260909-07:50.41-436764(us) 2389495 * Stop            (srpc_rpc_backend.cc:675): SrpcRpcBackend stats: msg_size_resp_sent: 0 bytes, counter: 0, avg: 0.000000
20260909-07:50.41-436780(us) 2389495 * Stop            (srpc_rpc_backend.cc:676): SrpcRpcBackend::Stop: END
20260909-07:50.41-436795(us) 2389495 * Stop            (srpc_rpc_backend.cc:593): SrpcRpcBackend::Stop: BEGIN - Setting stop flag
20260909-07:50.41-436810(us) 2389495 * Stop            (srpc_rpc_backend.cc:596): SrpcRpcBackend::Stop: Waiting for event loop to exit...
20260909-07:50.41-436825(us) 2389495 * Stop            (srpc_rpc_backend.cc:612): SrpcRpcBackend::Stop: Event loop exited successfully
20260909-07:50.41-436846(us) 2389495 * Stop            (srpc_rpc_backend.cc:616): SrpcRpcBackend::Stop: Signaling 0 request queues to stop
20260909-07:50.41-436864(us) 2389495 * Stop            (srpc_rpc_backend.cc:624): SrpcRpcBackend::Stop: Signaling 0 response queues to stop
20260909-07:50.41-436879(us) 2389495 * Stop            (srpc_rpc_backend.cc:635): SrpcRpcBackend::Stop: Server cleanup deferred to destructor
20260909-07:50.41-436896(us) 2389495 * Stop            (srpc_rpc_backend.cc:638): SrpcRpcBackend::Stop: Closing client connections
20260909-07:50.41-436910(us) 2389495 * Stop            (srpc_rpc_backend.cc:642): SrpcRpcBackend::Stop: Found 0 client connections to close
20260909-07:50.41-436925(us) 2389495 * Stop            (srpc_rpc_backend.cc:662): SrpcRpcBackend::Stop: Closed 0 client connections
20260909-07:50.41-436941(us) 2389495 * Stop            (srpc_rpc_backend.cc:675): SrpcRpcBackend stats: msg_size_resp_sent: 0 bytes, counter: 0, avg: 0.000000
20260909-07:50.41-436957(us) 2389495 * Stop            (srpc_rpc_backend.cc:676): SrpcRpcBackend::Stop: END
20260909-07:50.41-436974(us) 2389495 * Stop            (srpc_rpc_backend.cc:593): SrpcRpcBackend::Stop: BEGIN - Setting stop flag
20260909-07:50.41-436989(us) 2389495 * Stop            (srpc_rpc_backend.cc:596): SrpcRpcBackend::Stop: Waiting for event loop to exit...
20260909-07:50.41-437005(us) 2389495 * Stop            (srpc_rpc_backend.cc:612): SrpcRpcBackend::Stop: Event loop exited successfully
20260909-07:50.41-437020(us) 2389495 * Stop            (srpc_rpc_backend.cc:616): SrpcRpcBackend::Stop: Signaling 0 request queues to stop
20260909-07:50.41-437034(us) 2389495 * Stop            (srpc_rpc_backend.cc:624): SrpcRpcBackend::Stop: Signaling 0 response queues to stop
20260909-07:50.41-437050(us) 2389495 * Stop            (srpc_rpc_backend.cc:635): SrpcRpcBackend::Stop: Server cleanup deferred to destructor
20260909-07:50.41-437065(us) 2389495 * Stop            (srpc_rpc_backend.cc:638): SrpcRpcBackend::Stop: Closing client connections
20260909-07:50.41-437080(us) 2389495 * Stop            (srpc_rpc_backend.cc:642): SrpcRpcBackend::Stop: Found 0 client connections to close
20260909-07:50.41-437095(us) 2389495 * Stop            (srpc_rpc_backend.cc:662): SrpcRpcBackend::Stop: Closed 0 client connections
20260909-07:50.41-437116(us) 2389495 * Stop            (srpc_rpc_backend.cc:675): SrpcRpcBackend stats: msg_size_resp_sent: 0 bytes, counter: 0, avg: 0.000000
20260909-07:50.41-437140(us) 2389495 * Stop            (srpc_rpc_backend.cc:676): SrpcRpcBackend::Stop: END
20260909-07:50.41-437165(us) 2389495 * Stop            (srpc_rpc_backend.cc:593): SrpcRpcBackend::Stop: BEGIN - Setting stop flag
20260909-07:50.41-437188(us) 2389495 * Stop            (srpc_rpc_backend.cc:596): SrpcRpcBackend::Stop: Waiting for event loop to exit...
20260909-07:50.41-437212(us) 2389495 * Stop            (srpc_rpc_backend.cc:612): SrpcRpcBackend::Stop: Event loop exited successfully
20260909-07:50.41-437235(us) 2389495 * Stop            (srpc_rpc_backend.cc:616): SrpcRpcBackend::Stop: Signaling 0 request queues to stop
20260909-07:50.41-437259(us) 2389495 * Stop            (srpc_rpc_backend.cc:624): SrpcRpcBackend::Stop: Signaling 0 response queues to stop
20260909-07:50.41-437281(us) 2389495 * Stop            (srpc_rpc_backend.cc:635): SrpcRpcBackend::Stop: Server cleanup deferred to destructor
20260909-07:50.41-437304(us) 2389495 * Stop            (srpc_rpc_backend.cc:638): SrpcRpcBackend::Stop: Closing client connections
20260909-07:50.41-437326(us) 2389495 * Stop            (srpc_rpc_backend.cc:642): SrpcRpcBackend::Stop: Found 0 client connections to close
20260909-07:50.41-437349(us) 2389495 * Stop            (srpc_rpc_backend.cc:662): SrpcRpcBackend::Stop: Closed 0 client connections
20260909-07:50.41-437372(us) 2389495 * Stop            (srpc_rpc_backend.cc:675): SrpcRpcBackend stats: msg_size_resp_sent: 0 bytes, counter: 0, avg: 0.000000
20260909-07:50.41-437396(us) 2389495 * Stop            (srpc_rpc_backend.cc:676): SrpcRpcBackend::Stop: END
20260909-07:50.41-437419(us) 2389495 * Stop            (srpc_rpc_backend.cc:593): SrpcRpcBackend::Stop: BEGIN - Setting stop flag
20260909-07:50.41-437443(us) 2389495 * Stop            (srpc_rpc_backend.cc:596): SrpcRpcBackend::Stop: Waiting for event loop to exit...
20260909-07:50.41-437466(us) 2389495 * Stop            (srpc_rpc_backend.cc:612): SrpcRpcBackend::Stop: Event loop exited successfully
20260909-07:50.41-437490(us) 2389495 * Stop            (srpc_rpc_backend.cc:616): SrpcRpcBackend::Stop: Signaling 0 request queues to stop
20260909-07:50.41-437513(us) 2389495 * Stop            (srpc_rpc_backend.cc:624): SrpcRpcBackend::Stop: Signaling 0 response queues to stop
20260909-07:50.41-437536(us) 2389495 * Stop            (srpc_rpc_backend.cc:635): SrpcRpcBackend::Stop: Server cleanup deferred to destructor
20260909-07:50.41-437560(us) 2389495 * Stop            (srpc_rpc_backend.cc:638): SrpcRpcBackend::Stop: Closing client connections
20260909-07:50.41-437582(us) 2389495 * Stop            (srpc_rpc_backend.cc:642): SrpcRpcBackend::Stop: Found 0 client connections to close
20260909-07:50.41-437605(us) 2389495 * Stop            (srpc_rpc_backend.cc:662): SrpcRpcBackend::Stop: Closed 0 client connections
20260909-07:50.41-437629(us) 2389495 * Stop            (srpc_rpc_backend.cc:675): SrpcRpcBackend stats: msg_size_resp_sent: 0 bytes, counter: 0, avg: 0.000000
20260909-07:50.41-437653(us) 2389495 * Stop            (srpc_rpc_backend.cc:676): SrpcRpcBackend::Stop: END
20260909-07:50.41-437676(us) 2389495 * Stop            (srpc_rpc_backend.cc:593): SrpcRpcBackend::Stop: BEGIN - Setting stop flag
20260909-07:50.41-437699(us) 2389495 * Stop            (srpc_rpc_backend.cc:596): SrpcRpcBackend::Stop: Waiting for event loop to exit...
20260909-07:50.41-437722(us) 2389495 * Stop            (srpc_rpc_backend.cc:612): SrpcRpcBackend::Stop: Event loop exited successfully
20260909-07:50.41-437745(us) 2389495 * Stop            (srpc_rpc_backend.cc:616): SrpcRpcBackend::Stop: Signaling 0 request queues to stop
20260909-07:50.41-437769(us) 2389495 * Stop            (srpc_rpc_backend.cc:624): SrpcRpcBackend::Stop: Signaling 0 response queues to stop
20260909-07:50.41-437792(us) 2389495 * Stop            (srpc_rpc_backend.cc:635): SrpcRpcBackend::Stop: Server cleanup deferred to destructor
20260909-07:50.41-437815(us) 2389495 * Stop            (srpc_rpc_backend.cc:638): SrpcRpcBackend::Stop: Closing client connections
20260909-07:50.41-437848(us) 2389495 * Stop            (srpc_rpc_backend.cc:642): SrpcRpcBackend::Stop: Found 0 client connections to close
20260909-07:50.41-437871(us) 2389495 * Stop            (srpc_rpc_backend.cc:662): SrpcRpcBackend::Stop: Closed 0 client connections
20260909-07:50.41-437894(us) 2389495 * Stop            (srpc_rpc_backend.cc:675): SrpcRpcBackend stats: msg_size_resp_sent: 0 bytes, counter: 0, avg: 0.000000
20260909-07:50.41-437918(us) 2389495 * Stop            (srpc_rpc_backend.cc:676): SrpcRpcBackend::Stop: END
[SHUTDOWN] First stop() completed
[SHUTDOWN] Joining 16 worker threads
[SHUTDOWN] Joining worker 0
20260909-07:50.41-437948(us) 2389495 * PrintStats      (srpc_rpc_backend.cc:686): SrpcRpcBackend request stats: msg_size_req_sent: 0 bytes, counter: 0, avg: 0.000000
20260909-07:50.41-438022(us) 2389495 * PrintStats      (srpc_rpc_backend.cc:686): SrpcRpcBackend request stats: msg_size_req_sent: 0 bytes, counter: 0, avg: 0.000000
20260909-07:50.41-438075(us) 2389495 * PrintStats      (srpc_rpc_backend.cc:686): SrpcRpcBackend request stats: msg_size_req_sent: 0 bytes, counter: 0, avg: 0.000000
20260909-07:50.41-438110(us) 2389495 * PrintStats      (srpc_rpc_backend.cc:686): SrpcRpcBackend request stats: msg_size_req_sent: 0 bytes, counter: 0, avg: 0.000000
20260909-07:50.41-438179(us) 2389495 * PrintStats      (srpc_rpc_backend.cc:686): SrpcRpcBackend request stats: msg_size_req_sent: 0 bytes, counter: 0, avg: 0.000000
20260909-07:50.41-438240(us) 2389495 * PrintStats      (srpc_rpc_backend.cc:686): SrpcRpcBackend request stats: msg_size_req_sent: 0 bytes, counter: 0, avg: 0.000000
20260909-07:50.41-438283(us) 2389495 * PrintStats      (srpc_rpc_backend.cc:686): SrpcRpcBackend request stats: msg_size_req_sent: 0 bytes, counter: 0, avg: 0.000000
20260909-07:50.41-438332(us) 2389495 * PrintStats      (srpc_rpc_backend.cc:686): SrpcRpcBackend request stats: msg_size_req_sent: 0 bytes, counter: 0, avg: 0.000000
20260909-07:50.41-438377(us) 2389495 * PrintStats      (srpc_rpc_backend.cc:686): SrpcRpcBackend request stats: msg_size_req_sent: 0 bytes, counter: 0, avg: 0.000000
20260909-07:50.41-438425(us) 2389495 * PrintStats      (srpc_rpc_backend.cc:686): SrpcRpcBackend request stats: msg_size_req_sent: 0 bytes, counter: 0, avg: 0.000000
20260909-07:50.41-438454(us) 2389495 * PrintStats      (srpc_rpc_backend.cc:686): SrpcRpcBackend request stats: msg_size_req_sent: 0 bytes, counter: 0, avg: 0.000000
20260909-07:50.41-438501(us) 2389495 * PrintStats      (srpc_rpc_backend.cc:686): SrpcRpcBackend request stats: msg_size_req_sent: 0 bytes, counter: 0, avg: 0.000000
20260909-07:50.41-438547(us) 2389495 * PrintStats      (srpc_rpc_backend.cc:686): SrpcRpcBackend request stats: msg_size_req_sent: 0 bytes, counter: 0, avg: 0.000000
20260909-07:50.42-440965(us) 2389495 * Stop            (srpc_rpc_backend.cc:589): SrpcRpcBackend::Stop: Already stopped, returning
20260909-07:50.42-441004(us) 2389495 * Shutdown        (srpc_rpc_backend.cc:112): SrpcRpcBackend::Shutdown: About to delete server
20260909-07:50.42-441021(us) 2389495 * Shutdown        (srpc_rpc_backend.cc:116): SrpcRpcBackend::Shutdown: Server pointer is valid, deleting...
20260909-07:50.42-441050(us) 2389495 * Shutdown        (srpc_rpc_backend.cc:120): SrpcRpcBackend::Shutdown: Server deleted successfully
20260909-07:50.42-441065(us) 2389495 * Shutdown        (srpc_rpc_backend.cc:132): SrpcRpcBackend::Shutdown: About to shutdown poll_thread_worker_
20260909-07:50.42-441079(us) 2389495 * Shutdown        (srpc_rpc_backend.cc:136): SrpcRpcBackend::Shutdown: poll_thread_worker_ is valid, calling shutdown()
20260909-07:50.42-441896(us) 2389495 * Shutdown        (srpc_rpc_backend.cc:138): SrpcRpcBackend::Shutdown: poll_thread_worker_->shutdown() completed
20260909-07:50.42-441928(us) 2389495 * Shutdown        (srpc_rpc_backend.cc:140): SrpcRpcBackend::Shutdown: poll_thread_worker_ reset to None
20260909-07:50.42-441944(us) 2389495 * Shutdown        (srpc_rpc_backend.cc:145): SrpcRpcBackend::Shutdown: Shutdown sequence completed, destructor will now exit
20260909-07:50.42-441958(us) 2389495 * ~SrpcRpcBackend (srpc_rpc_backend.cc:52): SrpcRpcBackend::~SrpcRpcBackend: START destructor
20260909-07:50.42-441972(us) 2389495 * Stop            (srpc_rpc_backend.cc:589): SrpcRpcBackend::Stop: Already stopped, returning
20260909-07:50.42-441987(us) 2389495 * Shutdown        (srpc_rpc_backend.cc:112): SrpcRpcBackend::Shutdown: About to delete server
20260909-07:50.42-442009(us) 2389495 * Shutdown        (srpc_rpc_backend.cc:129): SrpcRpcBackend::Shutdown: Server pointer is null, skipping deletion
20260909-07:50.42-442024(us) 2389495 * Shutdown        (srpc_rpc_backend.cc:132): SrpcRpcBackend::Shutdown: About to shutdown poll_thread_worker_
20260909-07:50.42-442038(us) 2389495 * Shutdown        (srpc_rpc_backend.cc:142): SrpcRpcBackend::Shutdown: poll_thread_worker_ is null, skipping shutdown
20260909-07:50.42-442052(us) 2389495 * Shutdown        (srpc_rpc_backend.cc:145): SrpcRpcBackend::Shutdown: Shutdown sequence completed, destructor will now exit
20260909-07:50.42-442067(us) 2389495 * ~SrpcRpcBackend (srpc_rpc_backend.cc:54): SrpcRpcBackend::~SrpcRpcBackend: Shutdown() completed
20260909-07:50.42-443716(us) 2389495 * Stop            (srpc_rpc_backend.cc:589): SrpcRpcBackend::Stop: Already stopped, returning
20260909-07:50.42-443756(us) 2389495 * Shutdown        (srpc_rpc_backend.cc:112): SrpcRpcBackend::Shutdown: About to delete server
20260909-07:50.42-443775(us) 2389495 * Shutdown        (srpc_rpc_backend.cc:116): SrpcRpcBackend::Shutdown: Server pointer is valid, deleting...
20260909-07:50.42-443801(us) 2389495 * Shutdown        (srpc_rpc_backend.cc:120): SrpcRpcBackend::Shutdown: Server deleted successfully
20260909-07:50.42-443820(us) 2389495 * Shutdown        (srpc_rpc_backend.cc:132): SrpcRpcBackend::Shutdown: About to shutdown poll_thread_worker_
20260909-07:50.42-443864(us) 2389495 * Shutdown        (srpc_rpc_backend.cc:136): SrpcRpcBackend::Shutdown: poll_thread_worker_ is valid, calling shutdown()
20260909-07:50.42-444890(us) 2389495 * Shutdown        (srpc_rpc_backend.cc:138): SrpcRpcBackend::Shutdown: poll_thread_worker_->shutdown() completed
20260909-07:50.42-444948(us) 2389495 * Shutdown        (srpc_rpc_backend.cc:140): SrpcRpcBackend::Shutdown: poll_thread_worker_ reset to None
20260909-07:50.42-444963(us) 2389495 * Shutdown        (srpc_rpc_backend.cc:145): SrpcRpcBackend::Shutdown: Shutdown sequence completed, destructor will now exit
20260909-07:50.42-444977(us) 2389495 * ~SrpcRpcBackend (srpc_rpc_backend.cc:52): SrpcRpcBackend::~SrpcRpcBackend: START destructor
20260909-07:50.42-444991(us) 2389495 * Stop            (srpc_rpc_backend.cc:589): SrpcRpcBackend::Stop: Already stopped, returning
20260909-07:50.42-445006(us) 2389495 * Shutdown        (srpc_rpc_backend.cc:112): SrpcRpcBackend::Shutdown: About to delete server
20260909-07:50.42-445021(us) 2389495 * Shutdown        (srpc_rpc_backend.cc:129): SrpcRpcBackend::Shutdown: Server pointer is null, skipping deletion
20260909-07:50.42-445035(us) 2389495 * Shutdown        (srpc_rpc_backend.cc:132): SrpcRpcBackend::Shutdown: About to shutdown poll_thread_worker_
20260909-07:50.42-445063(us) 2389495 * Shutdown        (srpc_rpc_backend.cc:142): SrpcRpcBackend::Shutdown: poll_thread_worker_ is null, skipping shutdown
20260909-07:50.42-445092(us) 2389495 * Shutdown        (srpc_rpc_backend.cc:145): SrpcRpcBackend::Shutdown: Shutdown sequence completed, destructor will now exit
20260909-07:50.42-445107(us) 2389495 * ~SrpcRpcBackend (srpc_rpc_backend.cc:54): SrpcRpcBackend::~SrpcRpcBackend: Shutdown() completed
20260909-07:50.42-447685(us) 2389495 * Stop            (srpc_rpc_backend.cc:589): SrpcRpcBackend::Stop: Already stopped, returning
20260909-07:50.42-447736(us) 2389495 * Shutdown        (srpc_rpc_backend.cc:112): SrpcRpcBackend::Shutdown: About to delete server
20260909-07:50.42-447752(us) 2389495 * Shutdown        (srpc_rpc_backend.cc:116): SrpcRpcBackend::Shutdown: Server pointer is valid, deleting...
20260909-07:50.42-447776(us) 2389495 * Shutdown        (srpc_rpc_backend.cc:120): SrpcRpcBackend::Shutdown: Server deleted successfully
20260909-07:50.42-447790(us) 2389495 * Shutdown        (srpc_rpc_backend.cc:132): SrpcRpcBackend::Shutdown: About to shutdown poll_thread_worker_
20260909-07:50.42-447805(us) 2389495 * Shutdown        (srpc_rpc_backend.cc:136): SrpcRpcBackend::Shutdown: poll_thread_worker_ is valid, calling shutdown()
20260909-07:50.42-448473(us) 2389495 * Stop            (srpc_rpc_backend.cc:589): SrpcRpcBackend::Stop: Already stopped, returning
20260909-07:50.42-448546(us) 2389495 * Shutdown        (srpc_rpc_backend.cc:112): SrpcRpcBackend::Shutdown: About to delete server
20260909-07:50.42-448572(us) 2389495 * Shutdown        (srpc_rpc_backend.cc:116): SrpcRpcBackend::Shutdown: Server pointer is valid, deleting...
20260909-07:50.42-448601(us) 2389495 * Shutdown        (srpc_rpc_backend.cc:138): SrpcRpcBackend::Shutdown: poll_thread_worker_->shutdown() completed
20260909-07:50.42-448643(us) 2389495 * Shutdown        (srpc_rpc_backend.cc:140): SrpcRpcBackend::Shutdown: poll_thread_worker_ reset to None
20260909-07:50.42-448659(us) 2389495 * Shutdown        (srpc_rpc_backend.cc:120): SrpcRpcBackend::Shutdown: Server deleted successfully
20260909-07:50.42-448682(us) 2389495 * Shutdown        (srpc_rpc_backend.cc:132): SrpcRpcBackend::Shutdown: About to shutdown poll_thread_worker_
20260909-07:50.42-448704(us) 2389495 * Shutdown        (srpc_rpc_backend.cc:136): SrpcRpcBackend::Shutdown: poll_thread_worker_ is valid, calling shutdown()
20260909-07:50.42-448732(us) 2389495 * Shutdown        (srpc_rpc_backend.cc:145): SrpcRpcBackend::Shutdown: Shutdown sequence completed, destructor will now exit
20260909-07:50.42-448754(us) 2389495 * ~SrpcRpcBackend (srpc_rpc_backend.cc:52): SrpcRpcBackend::~SrpcRpcBackend: START destructor
20260909-07:50.42-448772(us) 2389495 * Stop            (srpc_rpc_backend.cc:589): SrpcRpcBackend::Stop: Already stopped, returning
20260909-07:50.42-448791(us) 2389495 * Shutdown        (srpc_rpc_backend.cc:112): SrpcRpcBackend::Shutdown: About to delete server
20260909-07:50.42-448807(us) 2389495 * Shutdown        (srpc_rpc_backend.cc:129): SrpcRpcBackend::Shutdown: Server pointer is null, skipping deletion
20260909-07:50.42-448827(us) 2389495 * Shutdown        (srpc_rpc_backend.cc:132): SrpcRpcBackend::Shutdown: About to shutdown poll_thread_worker_
20260909-07:50.42-448852(us) 2389495 * Shutdown        (srpc_rpc_backend.cc:142): SrpcRpcBackend::Shutdown: poll_thread_worker_ is null, skipping shutdown
20260909-07:50.42-448869(us) 2389495 * Shutdown        (srpc_rpc_backend.cc:145): SrpcRpcBackend::Shutdown: Shutdown sequence completed, destructor will now exit
20260909-07:50.42-448885(us) 2389495 * ~SrpcRpcBackend (srpc_rpc_backend.cc:54): SrpcRpcBackend::~SrpcRpcBackend: Shutdown() completed
20260909-07:50.42-448916(us) 2389495 * Stop            (srpc_rpc_backend.cc:589): SrpcRpcBackend::Stop: Already stopped, returning
20260909-07:50.42-448964(us) 2389495 * Shutdown        (srpc_rpc_backend.cc:112): SrpcRpcBackend::Shutdown: About to delete server
20260909-07:50.42-448998(us) 2389495 * Shutdown        (srpc_rpc_backend.cc:116): SrpcRpcBackend::Shutdown: Server pointer is valid, deleting...
20260909-07:50.42-449034(us) 2389495 * Shutdown        (srpc_rpc_backend.cc:120): SrpcRpcBackend::Shutdown: Server deleted successfully
20260909-07:50.42-449063(us) 2389495 * Shutdown        (srpc_rpc_backend.cc:132): SrpcRpcBackend::Shutdown: About to shutdown poll_thread_worker_
20260909-07:50.42-449099(us) 2389495 * Shutdown        (srpc_rpc_backend.cc:136): SrpcRpcBackend::Shutdown: poll_thread_worker_ is valid, calling shutdown()
20260909-07:50.42-449138(us) 2389495 * Stop            (srpc_rpc_backend.cc:589): SrpcRpcBackend::Stop: Already stopped, returning
20260909-07:50.42-449200(us) 2389495 * Shutdown        (srpc_rpc_backend.cc:112): SrpcRpcBackend::Shutdown: About to delete server
20260909-07:50.42-449225(us) 2389495 * Shutdown        (srpc_rpc_backend.cc:116): SrpcRpcBackend::Shutdown: Server pointer is valid, deleting...
20260909-07:50.42-449253(us) 2389495 * Shutdown        (srpc_rpc_backend.cc:120): SrpcRpcBackend::Shutdown: Server deleted successfully
20260909-07:50.42-449273(us) 2389495 * Shutdown        (srpc_rpc_backend.cc:132): SrpcRpcBackend::Shutdown: About to shutdown poll_thread_worker_
20260909-07:50.42-449297(us) 2389495 * Shutdown        (srpc_rpc_backend.cc:136): SrpcRpcBackend::Shutdown: poll_thread_worker_ is valid, calling shutdown()
20260909-07:50.42-449951(us) 2389495 * Shutdown        (srpc_rpc_backend.cc:138): SrpcRpcBackend::Shutdown: poll_thread_worker_->shutdown() completed
20260909-07:50.42-450002(us) 2389495 * Shutdown        (srpc_rpc_backend.cc:140): SrpcRpcBackend::Shutdown: poll_thread_worker_ reset to None
20260909-07:50.42-450032(us) 2389495 * Shutdown        (srpc_rpc_backend.cc:145): SrpcRpcBackend::Shutdown: Shutdown sequence completed, destructor will now exit
20260909-07:50.42-450057(us) 2389495 * ~SrpcRpcBackend (srpc_rpc_backend.cc:52): SrpcRpcBackend::~SrpcRpcBackend: START destructor
20260909-07:50.42-450086(us) 2389495 * Stop            (srpc_rpc_backend.cc:589): SrpcRpcBackend::Stop: Already stopped, returning
20260909-07:50.42-450109(us) 2389495 * Shutdown        (srpc_rpc_backend.cc:112): SrpcRpcBackend::Shutdown: About to delete server
20260909-07:50.42-450139(us) 2389495 * Shutdown        (srpc_rpc_backend.cc:129): SrpcRpcBackend::Shutdown: Server pointer is null, skipping deletion
20260909-07:50.42-450168(us) 2389495 * Shutdown        (srpc_rpc_backend.cc:132): SrpcRpcBackend::Shutdown: About to shutdown poll_thread_worker_
20260909-07:50.42-450191(us) 2389495 * Shutdown        (srpc_rpc_backend.cc:142): SrpcRpcBackend::Shutdown: poll_thread_worker_ is null, skipping shutdown
20260909-07:50.42-450217(us) 2389495 * Shutdown        (srpc_rpc_backend.cc:145): SrpcRpcBackend::Shutdown: Shutdown sequence completed, destructor will now exit
20260909-07:50.42-450238(us) 2389495 * ~SrpcRpcBackend (srpc_rpc_backend.cc:54): SrpcRpcBackend::~SrpcRpcBackend: Shutdown() completed
20260909-07:50.42-450338(us) 2389495 * Shutdown        (srpc_rpc_backend.cc:138): SrpcRpcBackend::Shutdown: poll_thread_worker_->shutdown() completed
20260909-07:50.42-450388(us) 2389495 * Shutdown        (srpc_rpc_backend.cc:140): SrpcRpcBackend::Shutdown: poll_thread_worker_ reset to None
20260909-07:50.42-450407(us) 2389495 * Shutdown        (srpc_rpc_backend.cc:145): SrpcRpcBackend::Shutdown: Shutdown sequence completed, destructor will now exit
20260909-07:50.42-450430(us) 2389495 * ~SrpcRpcBackend (srpc_rpc_backend.cc:52): SrpcRpcBackend::~SrpcRpcBackend: START destructor
20260909-07:50.42-450449(us) 2389495 * Stop            (srpc_rpc_backend.cc:589): SrpcRpcBackend::Stop: Already stopped, returning
20260909-07:50.42-450474(us) 2389495 * Shutdown        (srpc_rpc_backend.cc:112): SrpcRpcBackend::Shutdown: About to delete server
20260909-07:50.42-450498(us) 2389495 * Shutdown        (srpc_rpc_backend.cc:129): SrpcRpcBackend::Shutdown: Server pointer is null, skipping deletion
20260909-07:50.42-450522(us) 2389495 * Shutdown        (srpc_rpc_backend.cc:132): SrpcRpcBackend::Shutdown: About to shutdown poll_thread_worker_
20260909-07:50.42-450545(us) 2389495 * Shutdown        (srpc_rpc_backend.cc:142): SrpcRpcBackend::Shutdown: poll_thread_worker_ is null, skipping shutdown
20260909-07:50.42-450566(us) 2389495 * Shutdown        (srpc_rpc_backend.cc:145): SrpcRpcBackend::Shutdown: Shutdown sequence completed, destructor will now exit
20260909-07:50.42-450595(us) 2389495 * ~SrpcRpcBackend (srpc_rpc_backend.cc:54): SrpcRpcBackend::~SrpcRpcBackend: Shutdown() completed
20260909-07:50.42-450630(us) 2389495 * Shutdown        (srpc_rpc_backend.cc:138): SrpcRpcBackend::Shutdown: poll_thread_worker_->shutdown() completed
20260909-07:50.42-450707(us) 2389495 * Shutdown        (srpc_rpc_backend.cc:140): SrpcRpcBackend::Shutdown: poll_thread_worker_ reset to None
20260909-07:50.42-450740(us) 2389495 * Shutdown        (srpc_rpc_backend.cc:145): SrpcRpcBackend::Shutdown: Shutdown sequence completed, destructor will now exit
20260909-07:50.42-450776(us) 2389495 * ~SrpcRpcBackend (srpc_rpc_backend.cc:52): SrpcRpcBackend::~SrpcRpcBackend: START destructor
20260909-07:50.42-450813(us) 2389495 * Stop            (srpc_rpc_backend.cc:589): SrpcRpcBackend::Stop: Already stopped, returning
20260909-07:50.42-450865(us) 2389495 * Shutdown        (srpc_rpc_backend.cc:112): SrpcRpcBackend::Shutdown: About to delete server
20260909-07:50.42-450902(us) 2389495 * Shutdown        (srpc_rpc_backend.cc:129): SrpcRpcBackend::Shutdown: Server pointer is null, skipping deletion
20260909-07:50.42-450933(us) 2389495 * Shutdown        (srpc_rpc_backend.cc:132): SrpcRpcBackend::Shutdown: About to shutdown poll_thread_worker_
20260909-07:50.42-450967(us) 2389495 * Shutdown        (srpc_rpc_backend.cc:142): SrpcRpcBackend::Shutdown: poll_thread_worker_ is null, skipping shutdown
20260909-07:50.42-451001(us) 2389495 * Shutdown        (srpc_rpc_backend.cc:145): SrpcRpcBackend::Shutdown: Shutdown sequence completed, destructor will now exit
20260909-07:50.42-451036(us) 2389495 * ~SrpcRpcBackend (srpc_rpc_backend.cc:54): SrpcRpcBackend::~SrpcRpcBackend: Shutdown() completed
20260909-07:50.42-452707(us) 2389495 * Stop            (srpc_rpc_backend.cc:589): SrpcRpcBackend::Stop: Already stopped, returning
20260909-07:50.42-452759(us) 2389495 * Shutdown        (srpc_rpc_backend.cc:112): SrpcRpcBackend::Shutdown: About to delete server
20260909-07:50.42-452787(us) 2389495 * Shutdown        (srpc_rpc_backend.cc:116): SrpcRpcBackend::Shutdown: Server pointer is valid, deleting...
20260909-07:50.42-452823(us) 2389495 * Shutdown        (srpc_rpc_backend.cc:120): SrpcRpcBackend::Shutdown: Server deleted successfully
20260909-07:50.42-452866(us) 2389495 * Shutdown        (srpc_rpc_backend.cc:132): SrpcRpcBackend::Shutdown: About to shutdown poll_thread_worker_
20260909-07:50.42-452895(us) 2389495 * Shutdown        (srpc_rpc_backend.cc:136): SrpcRpcBackend::Shutdown: poll_thread_worker_ is valid, calling shutdown()
20260909-07:50.42-453334(us) 2389495 * Shutdown        (srpc_rpc_backend.cc:138): SrpcRpcBackend::Shutdown: poll_thread_worker_->shutdown() completed
20260909-07:50.42-453406(us) 2389495 * Shutdown        (srpc_rpc_backend.cc:140): SrpcRpcBackend::Shutdown: poll_thread_worker_ reset to None
20260909-07:50.42-453438(us) 2389495 * Shutdown        (srpc_rpc_backend.cc:145): SrpcRpcBackend::Shutdown: Shutdown sequence completed, destructor will now exit
20260909-07:50.42-453466(us) 2389495 * ~SrpcRpcBackend (srpc_rpc_backend.cc:52): SrpcRpcBackend::~SrpcRpcBackend: START destructor
20260909-07:50.42-453495(us) 2389495 * Stop            (srpc_rpc_backend.cc:589): SrpcRpcBackend::Stop: Already stopped, returning
20260909-07:50.42-453530(us) 2389495 * Shutdown        (srpc_rpc_backend.cc:112): SrpcRpcBackend::Shutdown: About to delete server
20260909-07:50.42-453560(us) 2389495 * Shutdown        (srpc_rpc_backend.cc:129): SrpcRpcBackend::Shutdown: Server pointer is null, skipping deletion
20260909-07:50.42-453592(us) 2389495 * Shutdown        (srpc_rpc_backend.cc:132): SrpcRpcBackend::Shutdown: About to shutdown poll_thread_worker_
20260909-07:50.42-453627(us) 2389495 * Shutdown        (srpc_rpc_backend.cc:142): SrpcRpcBackend::Shutdown: poll_thread_worker_ is null, skipping shutdown
20260909-07:50.42-453655(us) 2389495 * Shutdown        (srpc_rpc_backend.cc:145): SrpcRpcBackend::Shutdown: Shutdown sequence completed, destructor will now exit
20260909-07:50.42-453689(us) 2389495 * ~SrpcRpcBackend (srpc_rpc_backend.cc:54): SrpcRpcBackend::~SrpcRpcBackend: Shutdown() completed
20260909-07:50.42-455574(us) 2389495 * Stop            (srpc_rpc_backend.cc:589): SrpcRpcBackend::Stop: Already stopped, returning
20260909-07:50.42-455615(us) 2389495 * Shutdown        (srpc_rpc_backend.cc:112): SrpcRpcBackend::Shutdown: About to delete server
20260909-07:50.42-455633(us) 2389495 * Shutdown        (srpc_rpc_backend.cc:116): SrpcRpcBackend::Shutdown: Server pointer is valid, deleting...
20260909-07:50.42-455655(us) 2389495 * Shutdown        (srpc_rpc_backend.cc:120): SrpcRpcBackend::Shutdown: Server deleted successfully
20260909-07:50.42-455671(us) 2389495 * Shutdown        (srpc_rpc_backend.cc:132): SrpcRpcBackend::Shutdown: About to shutdown poll_thread_worker_
20260909-07:50.42-455687(us) 2389495 * Shutdown        (srpc_rpc_backend.cc:136): SrpcRpcBackend::Shutdown: poll_thread_worker_ is valid, calling shutdown()
20260909-07:50.42-455711(us) 2389495 * Stop            (srpc_rpc_backend.cc:589): SrpcRpcBackend::Stop: Already stopped, returning
20260909-07:50.42-455775(us) 2389495 * Shutdown        (srpc_rpc_backend.cc:112): SrpcRpcBackend::Shutdown: About to delete server
20260909-07:50.42-455792(us) 2389495 * Shutdown        (srpc_rpc_backend.cc:116): SrpcRpcBackend::Shutdown: Server pointer is valid, deleting...
20260909-07:50.42-455812(us) 2389495 * Shutdown        (srpc_rpc_backend.cc:120): SrpcRpcBackend::Shutdown: Server deleted successfully
20260909-07:50.42-455827(us) 2389495 * Shutdown        (srpc_rpc_backend.cc:132): SrpcRpcBackend::Shutdown: About to shutdown poll_thread_worker_
20260909-07:50.42-455854(us) 2389495 * Shutdown        (srpc_rpc_backend.cc:136): SrpcRpcBackend::Shutdown: poll_thread_worker_ is valid, calling shutdown()
20260909-07:50.42-455923(us) 2389495 * Stop            (srpc_rpc_backend.cc:589): SrpcRpcBackend::Stop: Already stopped, returning
20260909-07:50.42-455955(us) 2389495 * Shutdown        (srpc_rpc_backend.cc:112): SrpcRpcBackend::Shutdown: About to delete server
20260909-07:50.42-455975(us) 2389495 * Shutdown        (srpc_rpc_backend.cc:116): SrpcRpcBackend::Shutdown: Server pointer is valid, deleting...
20260909-07:50.42-455994(us) 2389495 * Shutdown        (srpc_rpc_backend.cc:120): SrpcRpcBackend::Shutdown: Server deleted successfully
20260909-07:50.42-456009(us) 2389495 * Shutdown        (srpc_rpc_backend.cc:132): SrpcRpcBackend::Shutdown: About to shutdown poll_thread_worker_
20260909-07:50.42-456025(us) 2389495 * Shutdown        (srpc_rpc_backend.cc:136): SrpcRpcBackend::Shutdown: poll_thread_worker_ is valid, calling shutdown()
20260909-07:50.42-456427(us) 2389495 * Shutdown        (srpc_rpc_backend.cc:138): SrpcRpcBackend::Shutdown: poll_thread_worker_->shutdown() completed
20260909-07:50.42-456460(us) 2389495 * Shutdown        (srpc_rpc_backend.cc:140): SrpcRpcBackend::Shutdown: poll_thread_worker_ reset to None
20260909-07:50.42-456476(us) 2389495 * Shutdown        (srpc_rpc_backend.cc:145): SrpcRpcBackend::Shutdown: Shutdown sequence completed, destructor will now exit
20260909-07:50.42-456490(us) 2389495 * ~SrpcRpcBackend (srpc_rpc_backend.cc:52): SrpcRpcBackend::~SrpcRpcBackend: START destructor
20260909-07:50.42-456505(us) 2389495 * Stop            (srpc_rpc_backend.cc:589): SrpcRpcBackend::Stop: Already stopped, returning
20260909-07:50.42-456519(us) 2389495 * Shutdown        (srpc_rpc_backend.cc:112): SrpcRpcBackend::Shutdown: About to delete server
20260909-07:50.42-456534(us) 2389495 * Shutdown        (srpc_rpc_backend.cc:129): SrpcRpcBackend::Shutdown: Server pointer is null, skipping deletion
20260909-07:50.42-456548(us) 2389495 * Shutdown        (srpc_rpc_backend.cc:132): SrpcRpcBackend::Shutdown: About to shutdown poll_thread_worker_
20260909-07:50.42-456569(us) 2389495 * Shutdown        (srpc_rpc_backend.cc:142): SrpcRpcBackend::Shutdown: poll_thread_worker_ is null, skipping shutdown
20260909-07:50.42-456583(us) 2389495 * Shutdown        (srpc_rpc_backend.cc:145): SrpcRpcBackend::Shutdown: Shutdown sequence completed, destructor will now exit
20260909-07:50.42-456597(us) 2389495 * ~SrpcRpcBackend (srpc_rpc_backend.cc:54): SrpcRpcBackend::~SrpcRpcBackend: Shutdown() completed
20260909-07:50.42-456686(us) 2389495 * Stop            (srpc_rpc_backend.cc:589): SrpcRpcBackend::Stop: Already stopped, returning
20260909-07:50.42-456779(us) 2389495 * Shutdown        (srpc_rpc_backend.cc:112): SrpcRpcBackend::Shutdown: About to delete server
20260909-07:50.42-456806(us) 2389495 * Shutdown        (srpc_rpc_backend.cc:116): SrpcRpcBackend::Shutdown: Server pointer is valid, deleting...
20260909-07:50.42-456856(us) 2389495 * Shutdown        (srpc_rpc_backend.cc:120): SrpcRpcBackend::Shutdown: Server deleted successfully
20260909-07:50.42-456883(us) 2389495 * Shutdown        (srpc_rpc_backend.cc:132): SrpcRpcBackend::Shutdown: About to shutdown poll_thread_worker_
20260909-07:50.42-456901(us) 2389495 * Shutdown        (srpc_rpc_backend.cc:136): SrpcRpcBackend::Shutdown: poll_thread_worker_ is valid, calling shutdown()
20260909-07:50.42-457061(us) 2389495 * Stop            (srpc_rpc_backend.cc:589): SrpcRpcBackend::Stop: Already stopped, returning
20260909-07:50.42-457115(us) 2389495 * Shutdown        (srpc_rpc_backend.cc:112): SrpcRpcBackend::Shutdown: About to delete server
20260909-07:50.42-457140(us) 2389495 * Shutdown        (srpc_rpc_backend.cc:116): SrpcRpcBackend::Shutdown: Server pointer is valid, deleting...
20260909-07:50.42-457174(us) 2389495 * Shutdown        (srpc_rpc_backend.cc:120): SrpcRpcBackend::Shutdown: Server deleted successfully
20260909-07:50.42-457195(us) 2389495 * Shutdown        (srpc_rpc_backend.cc:132): SrpcRpcBackend::Shutdown: About to shutdown poll_thread_worker_
20260909-07:50.42-457219(us) 2389495 * Shutdown        (srpc_rpc_backend.cc:136): SrpcRpcBackend::Shutdown: poll_thread_worker_ is valid, calling shutdown()
20260909-07:50.42-457259(us) 2389495 * Stop            (srpc_rpc_backend.cc:589): SrpcRpcBackend::Stop: Already stopped, returning
20260909-07:50.42-457313(us) 2389495 * Shutdown        (srpc_rpc_backend.cc:138): SrpcRpcBackend::Shutdown: poll_thread_worker_->shutdown() completed
20260909-07:50.42-457357(us) 2389495 * Shutdown        (srpc_rpc_backend.cc:112): SrpcRpcBackend::Shutdown: About to delete server
20260909-07:50.42-457402(us) 2389495 * Shutdown        (srpc_rpc_backend.cc:140): SrpcRpcBackend::Shutdown: poll_thread_worker_ reset to None
20260909-07:50.42-457465(us) 2389495 * Shutdown        (srpc_rpc_backend.cc:145): SrpcRpcBackend::Shutdown: Shutdown sequence completed, destructor will now exit
20260909-07:50.42-457506(us) 2389495 * ~SrpcRpcBackend (srpc_rpc_backend.cc:52): SrpcRpcBackend::~SrpcRpcBackend: START destructor
20260909-07:50.42-457538(us) 2389495 * Stop            (srpc_rpc_backend.cc:589): SrpcRpcBackend::Stop: Already stopped, returning
20260909-07:50.42-457578(us) 2389495 * Shutdown        (srpc_rpc_backend.cc:112): SrpcRpcBackend::Shutdown: About to delete server
20260909-07:50.42-457628(us) 2389495 * Shutdown        (srpc_rpc_backend.cc:129): SrpcRpcBackend::Shutdown: Server pointer is null, skipping deletion
20260909-07:50.42-457668(us) 2389495 * Shutdown        (srpc_rpc_backend.cc:132): SrpcRpcBackend::Shutdown: About to shutdown poll_thread_worker_
20260909-07:50.42-457701(us) 2389495 * Shutdown        (srpc_rpc_backend.cc:142): SrpcRpcBackend::Shutdown: poll_thread_worker_ is null, skipping shutdown
20260909-07:50.42-457733(us) 2389495 * Shutdown        (srpc_rpc_backend.cc:145): SrpcRpcBackend::Shutdown: Shutdown sequence completed, destructor will now exit
20260909-07:50.42-457764(us) 2389495 * ~SrpcRpcBackend (srpc_rpc_backend.cc:54): SrpcRpcBackend::~SrpcRpcBackend: Shutdown() completed
20260909-07:50.42-457812(us) 2389495 * Shutdown        (srpc_rpc_backend.cc:116): SrpcRpcBackend::Shutdown: Server pointer is valid, deleting...
20260909-07:50.42-457879(us) 2389495 * Shutdown        (srpc_rpc_backend.cc:138): SrpcRpcBackend::Shutdown: poll_thread_worker_->shutdown() completed
20260909-07:50.42-457916(us) 2389495 * Stop            (srpc_rpc_backend.cc:589): SrpcRpcBackend::Stop: Already stopped, returning
20260909-07:50.42-457962(us) 2389495 * Shutdown        (srpc_rpc_backend.cc:112): SrpcRpcBackend::Shutdown: About to delete server
20260909-07:50.42-457986(us) 2389495 * Shutdown        (srpc_rpc_backend.cc:116): SrpcRpcBackend::Shutdown: Server pointer is valid, deleting...
20260909-07:50.42-458020(us) 2389495 * Shutdown        (srpc_rpc_backend.cc:120): SrpcRpcBackend::Shutdown: Server deleted successfully
20260909-07:50.42-458046(us) 2389495 * Shutdown        (srpc_rpc_backend.cc:132): SrpcRpcBackend::Shutdown: About to shutdown poll_thread_worker_
20260909-07:50.42-458075(us) 2389495 * Shutdown        (srpc_rpc_backend.cc:136): SrpcRpcBackend::Shutdown: poll_thread_worker_ is valid, calling shutdown()
20260909-07:50.42-458110(us) 2389495 * Shutdown        (srpc_rpc_backend.cc:140): SrpcRpcBackend::Shutdown: poll_thread_worker_ reset to None
20260909-07:50.42-458137(us) 2389495 * Shutdown        (srpc_rpc_backend.cc:145): SrpcRpcBackend::Shutdown: Shutdown sequence completed, destructor will now exit
20260909-07:50.42-458160(us) 2389495 * ~SrpcRpcBackend (srpc_rpc_backend.cc:52): SrpcRpcBackend::~SrpcRpcBackend: START destructor
20260909-07:50.42-458181(us) 2389495 * Stop            (srpc_rpc_backend.cc:589): SrpcRpcBackend::Stop: Already stopped, returning
20260909-07:50.42-458200(us) 2389495 * Shutdown        (srpc_rpc_backend.cc:112): SrpcRpcBackend::Shutdown: About to delete server
20260909-07:50.42-458217(us) 2389495 * Shutdown        (srpc_rpc_backend.cc:129): SrpcRpcBackend::Shutdown: Server pointer is null, skipping deletion
20260909-07:50.42-458250(us) 2389495 * Shutdown        (srpc_rpc_backend.cc:132): SrpcRpcBackend::Shutdown: About to shutdown poll_thread_worker_
20260909-07:50.42-458267(us) 2389495 * Shutdown        (srpc_rpc_backend.cc:142): SrpcRpcBackend::Shutdown: poll_thread_worker_ is null, skipping shutdown
20260909-07:50.42-458285(us) 2389495 * Shutdown        (srpc_rpc_backend.cc:145): SrpcRpcBackend::Shutdown: Shutdown sequence completed, destructor will now exit
20260909-07:50.42-458304(us) 2389495 * ~SrpcRpcBackend (srpc_rpc_backend.cc:54): SrpcRpcBackend::~SrpcRpcBackend: Shutdown() completed
20260909-07:50.42-458336(us) 2389495 * Shutdown        (srpc_rpc_backend.cc:120): SrpcRpcBackend::Shutdown: Server deleted successfully
20260909-07:50.42-458375(us) 2389495 * Shutdown        (srpc_rpc_backend.cc:132): SrpcRpcBackend::Shutdown: About to shutdown poll_thread_worker_
20260909-07:50.42-458426(us) 2389495 * Shutdown        (srpc_rpc_backend.cc:136): SrpcRpcBackend::Shutdown: poll_thread_worker_ is valid, calling shutdown()
20260909-07:50.42-458567(us) 2389495 * Shutdown        (srpc_rpc_backend.cc:138): SrpcRpcBackend::Shutdown: poll_thread_worker_->shutdown() completed
20260909-07:50.42-458637(us) 2389495 * Shutdown        (srpc_rpc_backend.cc:140): SrpcRpcBackend::Shutdown: poll_thread_worker_ reset to None
20260909-07:50.42-458668(us) 2389495 * Shutdown        (srpc_rpc_backend.cc:145): SrpcRpcBackend::Shutdown: Shutdown sequence completed, destructor will now exit
20260909-07:50.42-458696(us) 2389495 * ~SrpcRpcBackend (srpc_rpc_backend.cc:52): SrpcRpcBackend::~SrpcRpcBackend: START destructor
20260909-07:50.42-458720(us) 2389495 * Stop            (srpc_rpc_backend.cc:589): SrpcRpcBackend::Stop: Already stopped, returning
20260909-07:50.42-458743(us) 2389495 * Shutdown        (srpc_rpc_backend.cc:112): SrpcRpcBackend::Shutdown: About to delete server
20260909-07:50.42-458764(us) 2389495 * Shutdown        (srpc_rpc_backend.cc:129): SrpcRpcBackend::Shutdown: Server pointer is null, skipping deletion
20260909-07:50.42-458794(us) 2389495 * Shutdown        (srpc_rpc_backend.cc:132): SrpcRpcBackend::Shutdown: About to shutdown poll_thread_worker_
20260909-07:50.42-458825(us) 2389495 * Shutdown        (srpc_rpc_backend.cc:142): SrpcRpcBackend::Shutdown: poll_thread_worker_ is null, skipping shutdown
20260909-07:50.42-458869(us) 2389495 * Shutdown        (srpc_rpc_backend.cc:145): SrpcRpcBackend::Shutdown: Shutdown sequence completed, destructor will now exit
20260909-07:50.42-458895(us) 2389495 * ~SrpcRpcBackend (srpc_rpc_backend.cc:54): SrpcRpcBackend::~SrpcRpcBackend: Shutdown() completed
20260909-07:50.42-458923(us) 2389495 * Shutdown        (srpc_rpc_backend.cc:138): SrpcRpcBackend::Shutdown: poll_thread_worker_->shutdown() completed
20260909-07:50.42-458980(us) 2389495 * Shutdown        (srpc_rpc_backend.cc:140): SrpcRpcBackend::Shutdown: poll_thread_worker_ reset to None
20260909-07:50.42-459007(us) 2389495 * Shutdown        (srpc_rpc_backend.cc:145): SrpcRpcBackend::Shutdown: Shutdown sequence completed, destructor will now exit
20260909-07:50.42-459029(us) 2389495 * ~SrpcRpcBackend (srpc_rpc_backend.cc:52): SrpcRpcBackend::~SrpcRpcBackend: START destructor
20260909-07:50.42-459053(us) 2389495 * Stop            (srpc_rpc_backend.cc:589): SrpcRpcBackend::Stop: Already stopped, returning
20260909-07:50.42-459077(us) 2389495 * Shutdown        (srpc_rpc_backend.cc:112): SrpcRpcBackend::Shutdown: About to delete server
20260909-07:50.42-459097(us) 2389495 * Shutdown        (srpc_rpc_backend.cc:129): SrpcRpcBackend::Shutdown: Server pointer is null, skipping deletion
20260909-07:50.42-459118(us) 2389495 * Shutdown        (srpc_rpc_backend.cc:132): SrpcRpcBackend::Shutdown: About to shutdown poll_thread_worker_
20260909-07:50.42-459144(us) 2389495 * Shutdown        (srpc_rpc_backend.cc:142): SrpcRpcBackend::Shutdown: poll_thread_worker_ is null, skipping shutdown
20260909-07:50.42-459169(us) 2389495 * Shutdown        (srpc_rpc_backend.cc:145): SrpcRpcBackend::Shutdown: Shutdown sequence completed, destructor will now exit
20260909-07:50.42-459193(us) 2389495 * ~SrpcRpcBackend (srpc_rpc_backend.cc:54): SrpcRpcBackend::~SrpcRpcBackend: Shutdown() completed
[SHUTDOWN] Worker 0 joined
[SHUTDOWN] Joining worker 1
20260909-07:50.42-459705(us) 2389495 * Shutdown        (srpc_rpc_backend.cc:138): SrpcRpcBackend::Shutdown: poll_thread_worker_->shutdown() completed
20260909-07:50.42-459794(us) 2389495 * Shutdown        (srpc_rpc_backend.cc:140): SrpcRpcBackend::Shutdown: poll_thread_worker_ reset to None
20260909-07:50.42-459845(us) 2389495 * Shutdown        (srpc_rpc_backend.cc:145): SrpcRpcBackend::Shutdown: Shutdown sequence completed, destructor will now exit
20260909-07:50.42-459879(us) 2389495 * ~SrpcRpcBackend (srpc_rpc_backend.cc:52): SrpcRpcBackend::~SrpcRpcBackend: START destructor
20260909-07:50.42-459903(us) 2389495 * Stop            (srpc_rpc_backend.cc:589): SrpcRpcBackend::Stop: Already stopped, returning
20260909-07:50.42-459926(us) 2389495 * Shutdown        (srpc_rpc_backend.cc:112): SrpcRpcBackend::Shutdown: About to delete server
20260909-07:50.42-459946(us) 2389495 * Shutdown        (srpc_rpc_backend.cc:129): SrpcRpcBackend::Shutdown: Server pointer is null, skipping deletion
20260909-07:50.42-459968(us) 2389495 * Shutdown        (srpc_rpc_backend.cc:132): SrpcRpcBackend::Shutdown: About to shutdown poll_thread_worker_
20260909-07:50.42-459990(us) 2389495 * Shutdown        (srpc_rpc_backend.cc:142): SrpcRpcBackend::Shutdown: poll_thread_worker_ is null, skipping shutdown
20260909-07:50.42-460026(us) 2389495 * Shutdown        (srpc_rpc_backend.cc:145): SrpcRpcBackend::Shutdown: Shutdown sequence completed, destructor will now exit
20260909-07:50.42-460046(us) 2389495 * ~SrpcRpcBackend (srpc_rpc_backend.cc:54): SrpcRpcBackend::~SrpcRpcBackend: Shutdown() completed
20260909-07:50.42-460176(us) 2389495 * Shutdown        (srpc_rpc_backend.cc:138): SrpcRpcBackend::Shutdown: poll_thread_worker_->shutdown() completed
20260909-07:50.42-460301(us) 2389495 * Shutdown        (srpc_rpc_backend.cc:140): SrpcRpcBackend::Shutdown: poll_thread_worker_ reset to None
20260909-07:50.42-460347(us) 2389495 * Shutdown        (srpc_rpc_backend.cc:145): SrpcRpcBackend::Shutdown: Shutdown sequence completed, destructor will now exit
20260909-07:50.42-460399(us) 2389495 * ~SrpcRpcBackend (srpc_rpc_backend.cc:52): SrpcRpcBackend::~SrpcRpcBackend: START destructor
20260909-07:50.42-460444(us) 2389495 * Stop            (srpc_rpc_backend.cc:589): SrpcRpcBackend::Stop: Already stopped, returning
20260909-07:50.42-460488(us) 2389495 * Shutdown        (srpc_rpc_backend.cc:112): SrpcRpcBackend::Shutdown: About to delete server
20260909-07:50.42-460530(us) 2389495 * Shutdown        (srpc_rpc_backend.cc:129): SrpcRpcBackend::Shutdown: Server pointer is null, skipping deletion
20260909-07:50.42-460576(us) 2389495 * Shutdown        (srpc_rpc_backend.cc:132): SrpcRpcBackend::Shutdown: About to shutdown poll_thread_worker_
20260909-07:50.42-460602(us) 2389495 * Shutdown        (srpc_rpc_backend.cc:142): SrpcRpcBackend::Shutdown: poll_thread_worker_ is null, skipping shutdown
20260909-07:50.42-460638(us) 2389495 * Shutdown        (srpc_rpc_backend.cc:145): SrpcRpcBackend::Shutdown: Shutdown sequence completed, destructor will now exit
[SHUTDOWN] Worker 120260909-07:50.42-460707(us) 2389495 * ~SrpcRpcBackend (srpc_rpc_backend.cc:54): SrpcRpcBackend::~SrpcRpcBackend: Shutdown() completed
 joined
[SHUTDOWN] Joining worker 2
20260909-07:50.42-460765(us) 2389495 * Stop            (srpc_rpc_backend.cc:589): SrpcRpcBackend::Stop: Already stopped, returning
20260909-07:50.42-460822(us) 2389495 * Shutdown        (srpc_rpc_backend.cc:112): SrpcRpcBackend::Shutdown: About to delete server
20260909-07:50.42-460861(us) 2389495 * Shutdown        (srpc_rpc_backend.cc:116): SrpcRpcBackend::Shutdown: Server pointer is valid, deleting...
20260909-07:50.42-460896(us) 2389495 * Shutdown        (srpc_rpc_backend.cc:120): SrpcRpcBackend::Shutdown: Server deleted successfully
20260909-07:50.42-460923(us) 2389495 * Shutdown        (srpc_rpc_backend.cc:132): SrpcRpcBackend::Shutdown: About to shutdown poll_thread_worker_
20260909-07:50.42-460948(us) 2389495 * Shutdown        (srpc_rpc_backend.cc:136): SrpcRpcBackend::Shutdown: poll_thread_worker_ is valid, calling shutdown()
20260909-07:50.42-461708(us) 2389495 * Shutdown        (srpc_rpc_backend.cc:138): SrpcRpcBackend::Shutdown: poll_thread_worker_->shutdown() completed
20260909-07:50.42-461768(us) 2389495 * Shutdown        (srpc_rpc_backend.cc:140): SrpcRpcBackend::Shutdown: poll_thread_worker_ reset to None
20260909-07:50.42-461798(us) 2389495 * Shutdown        (srpc_rpc_backend.cc:145): SrpcRpcBackend::Shutdown: Shutdown sequence completed, destructor will now exit
20260909-07:50.42-461842(us) 2389495 * ~SrpcRpcBackend (srpc_rpc_backend.cc:52): SrpcRpcBackend::~SrpcRpcBackend: START destructor
20260909-07:50.42-461871(us) 2389495 * Stop            (srpc_rpc_backend.cc:589): SrpcRpcBackend::Stop: Already stopped, returning
20260909-07:50.42-461893(us) 2389495 * Shutdown        (srpc_rpc_backend.cc:112): SrpcRpcBackend::Shutdown: About to delete server
20260909-07:50.42-461913(us) 2389495 * Shutdown        (srpc_rpc_backend.cc:129): SrpcRpcBackend::Shutdown: Server pointer is null, skipping deletion
20260909-07:50.42-461933(us) 2389495 * Shutdown        (srpc_rpc_backend.cc:132): SrpcRpcBackend::Shutdown: About to shutdown poll_thread_worker_
20260909-07:50.42-461954(us) 2389495 * Shutdown        (srpc_rpc_backend.cc:142): SrpcRpcBackend::Shutdown: poll_thread_worker_ is null, skipping shutdown
20260909-07:50.42-461975(us) 2389495 * Shutdown        (srpc_rpc_backend.cc:145): SrpcRpcBackend::Shutdown: Shutdown sequence completed, destructor will now exit
20260909-07:50.42-461996(us) 2389495 * ~SrpcRpcBackend (srpc_rpc_backend.cc:54): SrpcRpcBackend::~SrpcRpcBackend: Shutdown() completed
[SHUTDOWN] Worker 2 joined
[SHUTDOWN] Joining worker 3
[SHUTDOWN] Worker 3 joined
[SHUTDOWN] Joining worker 4
[SHUTDOWN] Worker 4 joined
[SHUTDOWN] Joining worker 5
[SHUTDOWN] Worker 5 joined
[SHUTDOWN] Joining worker 6
[SHUTDOWN] Worker 6 joined
[SHUTDOWN] Joining worker 7
[SHUTDOWN] Worker 7 joined
[SHUTDOWN] Joining worker 8
[SHUTDOWN] Worker 8 joined
[SHUTDOWN] Joining worker 9
20260909-07:50.42-465733(us) 2389495 * Stop            (srpc_rpc_backend.cc:589): SrpcRpcBackend::Stop: Already stopped, returning
20260909-07:50.42-465775(us) 2389495 * Shutdown        (srpc_rpc_backend.cc:112): SrpcRpcBackend::Shutdown: About to delete server
20260909-07:50.42-465796(us) 2389495 * Shutdown        (srpc_rpc_backend.cc:116): SrpcRpcBackend::Shutdown: Server pointer is valid, deleting...
20260909-07:50.42-465820(us) 2389495 * Shutdown        (srpc_rpc_backend.cc:120): SrpcRpcBackend::Shutdown: Server deleted successfully
20260909-07:50.42-465852(us) 2389495 * Shutdown        (srpc_rpc_backend.cc:132): SrpcRpcBackend::Shutdown: About to shutdown poll_thread_worker_
20260909-07:50.42-465869(us) 2389495 * Shutdown        (srpc_rpc_backend.cc:136): SrpcRpcBackend::Shutdown: poll_thread_worker_ is valid, calling shutdown()
20260909-07:50.42-466802(us) 2389495 * Shutdown        (srpc_rpc_backend.cc:138): SrpcRpcBackend::Shutdown: poll_thread_worker_->shutdown() completed
20260909-07:50.42-466850(us) 2389495 * Shutdown        (srpc_rpc_backend.cc:140): SrpcRpcBackend::Shutdown: poll_thread_worker_ reset to None
20260909-07:50.42-466870(us) 2389495 * Shutdown        (srpc_rpc_backend.cc:145): SrpcRpcBackend::Shutdown: Shutdown sequence completed, destructor will now exit
20260909-07:50.42-466893(us) 2389495 * ~SrpcRpcBackend (srpc_rpc_backend.cc:52): SrpcRpcBackend::~SrpcRpcBackend: START destructor
20260909-07:50.42-466915(us) 2389495 * Stop            (srpc_rpc_backend.cc:589): SrpcRpcBackend::Stop: Already stopped, returning
20260909-07:50.42-466934(us) 2389495 * Shutdown        (srpc_rpc_backend.cc:112): SrpcRpcBackend::Shutdown: About to delete server
20260909-07:50.42-466956(us) 2389495 * Shutdown        (srpc_rpc_backend.cc:129): SrpcRpcBackend::Shutdown: Server pointer is null, skipping deletion
20260909-07:50.42-466975(us) 2389495 * Shutdown        (srpc_rpc_backend.cc:132): SrpcRpcBackend::Shutdown: About to shutdown poll_thread_worker_
20260909-07:50.42-466996(us) 2389495 * Shutdown        (srpc_rpc_backend.cc:142): SrpcRpcBackend::Shutdown: poll_thread_worker_ is null, skipping shutdown
20260909-07:50.42-467017(us) 2389495 * Shutdown        (srpc_rpc_backend.cc:145): SrpcRpcBackend::Shutdown: Shutdown sequence completed, destructor will now exit
20260909-07:50.42-467035(us) 2389495 * ~SrpcRpcBackend (srpc_rpc_backend.cc:54): SrpcRpcBackend::~SrpcRpcBackend: Shutdown() completed
[SHUTDOWN] Worker 9 joined
[SHUTDOWN] Joining worker 10
[SHUTDOWN] Worker 10 joined
[SHUTDOWN] Joining worker 11
[SHUTDOWN] Worker 11 joined
[SHUTDOWN] Joining worker 12
[SHUTDOWN] Worker 12 joined
[SHUTDOWN] Joining worker 13
[SHUTDOWN] Worker 13 joined
[SHUTDOWN] Joining worker 14
[SHUTDOWN] Worker 14 joined
[SHUTDOWN] Joining worker 15
[SHUTDOWN] Worker 15 joined
[SHUTDOWN] All workers joined
[SHUTDOWN] Calling stop_rpc_server()
[STOP_SERVER] Stopping 2 server transports
[STOP_SERVER] Stopping server transport 0
20260909-07:50.42-468050(us) 2389495 * Stop            (srpc_rpc_backend.cc:593): SrpcRpcBackend::Stop: BEGIN - Setting stop flag
20260909-07:50.42-468079(us) 2389495 * Stop            (srpc_rpc_backend.cc:596): SrpcRpcBackend::Stop: Waiting for event loop to exit...
20260909-07:50.42-468156(us) 2389495 * RunEventLoop    (srpc_rpc_backend.cc:577): SrpcRpcBackend::RunEventLoop: Stop flag detected, exiting event loop
20260909-07:50.42-468184(us) 2389495 * RunEventLoop    (srpc_rpc_backend.cc:581): SrpcRpcBackend::RunEventLoop: Exited cleanly
20260909-07:50.42-468199(us) 2389495 * rpc_server      (rpc_setup.cc:126): the rpc_server is terminated on shardIdx:0, alpha:0!
20260909-07:50.42-478167(us) 2389495 * Stop            (srpc_rpc_backend.cc:612): SrpcRpcBackend::Stop: Event loop exited successfully
20260909-07:50.42-478192(us) 2389495 * Stop            (srpc_rpc_backend.cc:616): SrpcRpcBackend::Stop: Signaling 0 request queues to stop
20260909-07:50.42-478210(us) 2389495 * Stop            (srpc_rpc_backend.cc:624): SrpcRpcBackend::Stop: Signaling 0 response queues to stop
20260909-07:50.42-478227(us) 2389495 * Stop            (srpc_rpc_backend.cc:635): SrpcRpcBackend::Stop: Server cleanup deferred to destructor
20260909-07:50.42-478244(us) 2389495 * Stop            (srpc_rpc_backend.cc:638): SrpcRpcBackend::Stop: Closing client connections
20260909-07:50.42-478262(us) 2389495 * Stop            (srpc_rpc_backend.cc:642): SrpcRpcBackend::Stop: Found 0 client connections to close
20260909-07:50.42-478287(us) 2389495 * Stop            (srpc_rpc_backend.cc:662): SrpcRpcBackend::Stop: Closed 0 client connections
20260909-07:50.42-478309(us) 2389495 * Stop            (srpc_rpc_backend.cc:675): SrpcRpcBackend stats: msg_size_resp_sent: 0 bytes, counter: 0, avg: 0.000000
20260909-07:50.42-478336(us) 2389495 * Stop            (srpc_rpc_backend.cc:676): SrpcRpcBackend::Stop: END
[STOP_SERVER] Server transport 0 stopped
[STOP_SERVER] Stopping server transport 1
20260909-07:50.42-478371(us) 2389495 * Stop            (srpc_rpc_backend.cc:593): SrpcRpcBackend::Stop: BEGIN - Setting stop flag
20260909-07:50.42-478390(us) 2389495 * Stop            (srpc_rpc_backend.cc:596): SrpcRpcBackend::Stop: Waiting for event loop to exit...
20260909-07:50.42-478492(us) 2389495 * RunEventLoop    (srpc_rpc_backend.cc:577): SrpcRpcBackend::RunEventLoop: Stop flag detected, exiting event loop
20260909-07:50.42-478531(us) 2389495 * RunEventLoop    (srpc_rpc_backend.cc:581): SrpcRpcBackend::RunEventLoop: Exited cleanly
20260909-07:50.42-478553(us) 2389495 * rpc_server      (rpc_setup.cc:126): the rpc_server is terminated on shardIdx:0, alpha:1!
20260909-07:50.42-488475(us) 2389495 * Stop            (srpc_rpc_backend.cc:612): SrpcRpcBackend::Stop: Event loop exited successfully
20260909-07:50.42-488499(us) 2389495 * Stop            (srpc_rpc_backend.cc:616): SrpcRpcBackend::Stop: Signaling 0 request queues to stop
20260909-07:50.42-488517(us) 2389495 * Stop            (srpc_rpc_backend.cc:624): SrpcRpcBackend::Stop: Signaling 0 response queues to stop
20260909-07:50.42-488533(us) 2389495 * Stop            (srpc_rpc_backend.cc:635): SrpcRpcBackend::Stop: Server cleanup deferred to destructor
20260909-07:50.42-488550(us) 2389495 * Stop            (srpc_rpc_backend.cc:638): SrpcRpcBackend::Stop: Closing client connections
20260909-07:50.42-488572(us) 2389495 * Stop            (srpc_rpc_backend.cc:642): SrpcRpcBackend::Stop: Found 0 client connections to close
20260909-07:50.42-488589(us) 2389495 * Stop            (srpc_rpc_backend.cc:662): SrpcRpcBackend::Stop: Closed 0 client connections
20260909-07:50.42-488613(us) 2389495 * Stop            (srpc_rpc_backend.cc:675): SrpcRpcBackend stats: msg_size_resp_sent: 0 bytes, counter: 0, avg: 0.000000
20260909-07:50.42-488635(us) 2389495 * Stop            (srpc_rpc_backend.cc:676): SrpcRpcBackend::Stop: END
[STOP_SERVER] Server transport 1 stopped
20260909-07:50.42-488775(us) 2389495 * Stop            (srpc_rpc_backend.cc:589): SrpcRpcBackend::Stop: Already stopped, returning
20260909-07:50.42-488797(us) 2389495 * Shutdown        (srpc_rpc_backend.cc:112): SrpcRpcBackend::Shutdown: About to delete server
20260909-07:50.42-488814(us) 2389495 * Shutdown        (srpc_rpc_backend.cc:116): SrpcRpcBackend::Shutdown: Server pointer is valid, deleting...
20260909-07:50.42-488858(us) 2389495 * Shutdown        (srpc_rpc_backend.cc:120): SrpcRpcBackend::Shutdown: Server deleted successfully
20260909-07:50.42-488878(us) 2389495 * Shutdown        (srpc_rpc_backend.cc:132): SrpcRpcBackend::Shutdown: About to shutdown poll_thread_worker_
20260909-07:50.42-488896(us) 2389495 * Shutdown        (srpc_rpc_backend.cc:136): SrpcRpcBackend::Shutdown: poll_thread_worker_ is valid, calling shutdown()
20260909-07:50.42-489478(us) 2389495 * Shutdown        (srpc_rpc_backend.cc:138): SrpcRpcBackend::Shutdown: poll_thread_worker_->shutdown() completed
20260909-07:50.42-489514(us) 2389495 * Shutdown        (srpc_rpc_backend.cc:140): SrpcRpcBackend::Shutdown: poll_thread_worker_ reset to None
20260909-07:50.42-489532(us) 2389495 * Shutdown        (srpc_rpc_backend.cc:145): SrpcRpcBackend::Shutdown: Shutdown sequence completed, destructor will now exit
20260909-07:50.42-489550(us) 2389495 * ~SrpcRpcBackend (srpc_rpc_backend.cc:52): SrpcRpcBackend::~SrpcRpcBackend: START destructor
20260909-07:50.42-489573(us) 2389495 * Stop            (srpc_rpc_backend.cc:589): SrpcRpcBackend::Stop: Already stopped, returning
20260909-07:50.42-489599(us) 2389495 * Shutdown        (srpc_rpc_backend.cc:112): SrpcRpcBackend::Shutdown: About to delete server
20260909-07:50.42-489621(us) 2389495 * Shutdown        (srpc_rpc_backend.cc:129): SrpcRpcBackend::Shutdown: Server pointer is null, skipping deletion
20260909-07:50.42-489639(us) 2389495 * Shutdown        (srpc_rpc_backend.cc:132): SrpcRpcBackend::Shutdown: About to shutdown poll_thread_worker_
20260909-07:50.42-489656(us) 2389495 * Shutdown        (srpc_rpc_backend.cc:142): SrpcRpcBackend::Shutdown: poll_thread_worker_ is null, skipping shutdown
20260909-07:50.42-489679(us) 2389495 * Shutdown        (srpc_rpc_backend.cc:145): SrpcRpcBackend::Shutdown: Shutdown sequence completed, destructor will now exit
20260909-07:50.42-489701(us) 2389495 * ~SrpcRpcBackend (srpc_rpc_backend.cc:54): SrpcRpcBackend::~SrpcRpcBackend: Shutdown() completed
20260909-07:50.42-489753(us) 2389495 * Stop            (srpc_rpc_backend.cc:589): SrpcRpcBackend::Stop: Already stopped, returning
20260909-07:50.42-489772(us) 2389495 * Shutdown        (srpc_rpc_backend.cc:112): SrpcRpcBackend::Shutdown: About to delete server
20260909-07:50.42-489794(us) 2389495 * Shutdown        (srpc_rpc_backend.cc:116): SrpcRpcBackend::Shutdown: Server pointer is valid, deleting...
20260909-07:50.42-489819(us) 2389495 * Shutdown        (srpc_rpc_backend.cc:120): SrpcRpcBackend::Shutdown: Server deleted successfully
20260909-07:50.42-489850(us) 2389495 * Shutdown        (srpc_rpc_backend.cc:132): SrpcRpcBackend::Shutdown: About to shutdown poll_thread_worker_
20260909-07:50.42-489868(us) 2389495 * Shutdown        (srpc_rpc_backend.cc:136): SrpcRpcBackend::Shutdown: poll_thread_worker_ is valid, calling shutdown()
20260909-07:50.42-491059(us) 2389495 * Shutdown        (srpc_rpc_backend.cc:138): SrpcRpcBackend::Shutdown: poll_thread_worker_->shutdown() completed
20260909-07:50.42-491096(us) 2389495 * Shutdown        (srpc_rpc_backend.cc:140): SrpcRpcBackend::Shutdown: poll_thread_worker_ reset to None
20260909-07:50.42-491117(us) 2389495 * Shutdown        (srpc_rpc_backend.cc:145): SrpcRpcBackend::Shutdown: Shutdown sequence completed, destructor will now exit
20260909-07:50.42-491134(us) 2389495 * ~SrpcRpcBackend (srpc_rpc_backend.cc:52): SrpcRpcBackend::~SrpcRpcBackend: START destructor
20260909-07:50.42-491152(us) 2389495 * Stop            (srpc_rpc_backend.cc:589): SrpcRpcBackend::Stop: Already stopped, returning
20260909-07:50.42-491175(us) 2389495 * Shutdown        (srpc_rpc_backend.cc:112): SrpcRpcBackend::Shutdown: About to delete server
20260909-07:50.42-491197(us) 2389495 * Shutdown        (srpc_rpc_backend.cc:129): SrpcRpcBackend::Shutdown: Server pointer is null, skipping deletion
20260909-07:50.42-491215(us) 2389495 * Shutdown        (srpc_rpc_backend.cc:132): SrpcRpcBackend::Shutdown: About to shutdown poll_thread_worker_
20260909-07:50.42-491232(us) 2389495 * Shutdown        (srpc_rpc_backend.cc:142): SrpcRpcBackend::Shutdown: poll_thread_worker_ is null, skipping shutdown
20260909-07:50.42-491255(us) 2389495 * Shutdown        (srpc_rpc_backend.cc:145): SrpcRpcBackend::Shutdown: Shutdown sequence completed, destructor will now exit
20260909-07:50.42-491273(us) 2389495 * ~SrpcRpcBackend (srpc_rpc_backend.cc:54): SrpcRpcBackend::~SrpcRpcBackend: Shutdown() completed
[STOP_SERVER] All server transports stopped
[SHUTDOWN] stop_rpc_server() completed
[SHUTDOWN] Calling second stop()
20260909-07:50.42-491336(us) 2389495 ! stop            (bench.cc:496):     stop all rpc clients. set stop=false
[SHUTDOWN] Second stop() completed
20260909-07:50.42-491359(us) 2389495 ! run             (bench.cc:731):     TPCC_BENCH_MEASURE_END
[SHUTDOWN] Calling do_txn_finish()
[SHUTDOWN] do_txn_finish() completed
--- n_commits per partition ---
 par_id: 0, n_commits: 433301
 par_id: 1, n_commits: 418570
 par_id: 2, n_commits: 415206
 par_id: 3, n_commits: 411853
 par_id: 4, n_commits: 414023
 par_id: 5, n_commits: 398369
 par_id: 6, n_commits: 418057
 par_id: 7, n_commits: 421355
 par_id: 8, n_commits: 404252
 par_id: 9, n_commits: 417921
 par_id: 10, n_commits: 416813
 par_id: 11, n_commits: 421680
 par_id: 12, n_commits: 412437
 par_id: 13, n_commits: 412980
 par_id: 14, n_commits: 414570
 par_id: 15, n_commits: 414850
--- benchmark statistics ---
runtime: 10.1444 sec
memory delta: 4695.19 MB
n_commits: 6646237
latency_numer_us: 157410726
latency_numer_us_remote: 0
memory delta rate: 462.837 MB/sec
logical memory delta: 421.465 MB
logical memory delta rate: 41.5467 MB/sec
agg_nosync_throughput: 655178 ops/sec
avg_nosync_per_core_throughput: 40948.6 ops/sec/core
agg_throughput: 655165 ops/sec
avg_per_core_throughput: 40947.8 ops/sec/core
agg_persist_throughput: 655165 ops/sec
avg_per_core_persist_throughput: 40947.8 ops/sec/core
avg_latency: 0.0236842 ms
avg_persist_latency: 0 ms
agg_abort_rate: 108.04 aborts/sec
avg_per_core_abort_rate: 6.75252 aborts/sec/core
  NewOrder_local_commit_latency: 0.0263136 ms
  NewOrder_local_abort_latency: 0.0637638 ms
  NewOrder_local_abort_ratio: 0.000108995
  Payment_local_commit_latency: 0.00846337 ms
  Payment_local_abort_latency: 0.0511432 ms
  Payment_local_abort_ratio: 4.89621e-06
  Delivery_local_commit_latency: 0.0991065 ms
  Delivery_local_abort_latency: 0 ms
  Delivery_local_abort_ratio: 0
  OrderStatus_local_commit_latency: 0.00866858 ms
  OrderStatus_local_abort_latency: 0.045337 ms
  OrderStatus_local_abort_ratio: 7.55898e-06
  StockLevel_local_commit_latency: 0.10975 ms
  StockLevel_local_abort_latency: 0.143805 ms
  StockLevel_local_abort_ratio: 0.00283207
  NewOrder_remote_ratio: 0 %
  NewOrder_remote_abort_ratio: 0 %
  NewOrder_remote_commit_latency: 0 ms
  NewOrder_remote_abort_latency: 0 ms
  Payment_remote_ratio: 0 %
  Payment_remote_abort_ratio: 0 %
  Payment_remote_commit_latency: 0 ms
  Payment_remote_abort_latency: 0 ms
--- system counters (for benchmark) ---
--- perf counters (if enabled, for benchmark) ---
--- allocator stats ---
[SiloRuntime 0] ncpus=16
[SiloRuntime 0] cpu=0 fully_faulted?=0 remaining=134217728 bytes
[SiloRuntime 0] cpu=1 fully_faulted?=0 remaining=134217728 bytes
[SiloRuntime 0] cpu=2 fully_faulted?=0 remaining=134217728 bytes
[SiloRuntime 0] cpu=3 fully_faulted?=0 remaining=134217728 bytes
[SiloRuntime 0] cpu=4 fully_faulted?=0 remaining=134217728 bytes
[SiloRuntime 0] cpu=5 fully_faulted?=0 remaining=134217728 bytes
[SiloRuntime 0] cpu=6 fully_faulted?=0 remaining=134217728 bytes
[SiloRuntime 0] cpu=7 fully_faulted?=0 remaining=134217728 bytes
[SiloRuntime 0] cpu=8 fully_faulted?=0 remaining=134217728 bytes
[SiloRuntime 0] cpu=9 fully_faulted?=0 remaining=134217728 bytes
[SiloRuntime 0] cpu=10 fully_faulted?=0 remaining=134217728 bytes
[SiloRuntime 0] cpu=11 fully_faulted?=0 remaining=134217728 bytes
[SiloRuntime 0] cpu=12 fully_faulted?=0 remaining=134217728 bytes
[SiloRuntime 0] cpu=13 fully_faulted?=0 remaining=134217728 bytes
[SiloRuntime 0] cpu=14 fully_faulted?=0 remaining=134217728 bytes
[SiloRuntime 0] cpu=15 fully_faulted?=0 remaining=134217728 bytes
---------------------------------------
--- system counters for n_commits ---
[STOP_SERVER] Stopping 0 server transports
[STOP_SERVER] All server transports stopped
