20260909-08:01.54-942045(us) 2396532 * ParseNewFormat  (configuration.cc:102): Using new configuration format
20260909-08:01.54-942190(us) 2396532 * ParseNewFormat  (configuration.cc:162): Loaded 1 sites in 1 shards
20260909-08:01.54-942224(us) 2396532 * handle_new_config_format (dbtest.cc:368):    Site local_s0: shard=0, replica_idx=0, is_leader=1, cluster=localhost
SiloRuntime[0]::InitializeAllocator()
  hugepgsize: 2097152
  mmap() region [0x715affe00000, 0x715b80000000)
  runtime0 cpu0 owns [0x715affe00000, 0x715b07e00000)
  runtime0 cpu1 owns [0x715b07e00000, 0x715b0fe00000)
  runtime0 cpu2 owns [0x715b0fe00000, 0x715b17e00000)
  runtime0 cpu3 owns [0x715b17e00000, 0x715b1fe00000)
  runtime0 cpu4 owns [0x715b1fe00000, 0x715b27e00000)
  runtime0 cpu5 owns [0x715b27e00000, 0x715b2fe00000)
  runtime0 cpu6 owns [0x715b2fe00000, 0x715b37e00000)
  runtime0 cpu7 owns [0x715b37e00000, 0x715b3fe00000)
  runtime0 cpu8 owns [0x715b3fe00000, 0x715b47e00000)
  runtime0 cpu9 owns [0x715b47e00000, 0x715b4fe00000)
  runtime0 cpu10 owns [0x715b4fe00000, 0x715b57e00000)
  runtime0 cpu11 owns [0x715b57e00000, 0x715b5fe00000)
  runtime0 cpu12 owns [0x715b5fe00000, 0x715b67e00000)
  runtime0 cpu13 owns [0x715b67e00000, 0x715b6fe00000)
  runtime0 cpu14 owns [0x715b6fe00000, 0x715b77e00000)
  runtime0 cpu15 owns [0x715b77e00000, 0x715b7fe00000)
Database Benchmark:
  pid: 2396532
settings:
  num-cpus    : 128
  num-threads : 16
  shardIndex  : 0
  paxos_proc_name  : localhost
  nshards     : 1
  is_micro    : 0
  is_replicated : 0
  storage_engine : cpp
  var-encode  : yes
  allocator   : jemalloc
system properties:
  tuple_prefetch          : no
  btree_node_prefetch     : yes
tpcc settings:
  cross_partition_transactions : 1
  read_only_snapshots          : 1
  partition_locks              : 0
  separate_tree_per_partition  : 1
  new_order_remote_item_pct    : 1
  new_order_fast_id_gen        : 1
  uniform_item_dist            : 0
  order_status_scan_hack       : 0
  workload_mix                 : [45, 43, 4, 4, 4]
20260909-08:01.54-945967(us) 2396532 * ParseNewFormat  (configuration.cc:102): Using new configuration format
20260909-08:01.54-946036(us) 2396532 * ParseNewFormat  (configuration.cc:162): Loaded 1 sites in 1 shards
20260909-08:01.54-946353(us) 2396532 * Initialize      (srpc_rpc_backend.cc:66): SrpcRpcBackend::Initialize: poll_thread_worker_ created, is_some=1
20260909-08:01.54-946518(us) 2396532 * Initialize      (srpc_rpc_backend.cc:97): SrpcRpcBackend initialized on 127.0.0.1:31021 (listening on 0.0.0.0:31021)
20260909-08:01.54-946536(us) 2396532 * FastTransport   (fasttransport.cc:147): FastTransport initialized with srpc/rpc backend on 127.0.0.1:31021
20260909-08:01.54-946551(us) 2396532 * RunEventLoop    (srpc_rpc_backend.cc:516): SrpcRpcBackend::RunEventLoop: Starting event loop
20260909-08:01.54-946676(us) 2396532 * ParseNewFormat  (configuration.cc:102): Using new configuration format
20260909-08:01.54-946770(us) 2396532 * ParseNewFormat  (configuration.cc:162): Loaded 1 sites in 1 shards
20260909-08:01.54-947143(us) 2396532 * Initialize      (srpc_rpc_backend.cc:66): SrpcRpcBackend::Initialize: poll_thread_worker_ created, is_some=1
20260909-08:01.54-947275(us) 2396532 * Initialize      (srpc_rpc_backend.cc:97): SrpcRpcBackend initialized on 127.0.0.1:31022 (listening on 0.0.0.0:31022)
20260909-08:01.54-947296(us) 2396532 * FastTransport   (fasttransport.cc:147): FastTransport initialized with srpc/rpc backend on 127.0.0.1:31022
20260909-08:01.54-947315(us) 2396532 * RunEventLoop    (srpc_rpc_backend.cc:516): SrpcRpcBackend::RunEventLoop: Starting event loop
20260909-08:01.54-950769(us) 2396532 ! run             (bench.cc:519):     # of loaders size:6
20260909-08:01.54-952389(us) 2396532 * benchmark_thread_init (mbta_wrapper.hh:1811): thread_init: thread_id=0, shard_index=0, getShardIndex=0, loader=1
PinToWarehouseId(): coreid=2 pinned to whse=1 (partid=0)
20260909-08:01.54-952489(us) 2396532 * benchmark_thread_init (mbta_wrapper.hh:1811): thread_init: thread_id=1, shard_index=0, getShardIndex=0, loader=1
20260909-08:01.54-952544(us) 2396532 * benchmark_thread_init (mbta_wrapper.hh:1811): thread_init: thread_id=2, shard_index=0, getShardIndex=0, loader=1
[INFO] finished loading warehouse
[INFO]   * average warehouse record length: 97 bytes
20260909-08:01.54-953678(us) 2396532 * benchmark_thread_init (mbta_wrapper.hh:1811): thread_init: thread_id=3, shard_index=0, getShardIndex=0, loader=1
PinToWarehouseId(): coreid=3 pinned to whse=1 (partid=0)
PinToWarehouseId(): coreid=3 pinned to whse=2 (partid=1)
20260909-08:01.54-954055(us) 2396532 * benchmark_thread_init (mbta_wrapper.hh:1811): PinToWarehouseId(): coreid=3 pinned to whse=3 (partid=2)
thread_init: thread_id=4, shard_index=0, getShardIndex=0, loader=1
20260909-08:01.54-954139(us) 2396532 * benchmark_thread_init (mbta_wrapper.hh:1811): thread_init: thread_id=5, shard_index=0, getShardIndex=0, loader=1
PinToWarehouseId(): coreid=3 pinned to whse=4 (partid=3)
num batches: 30
PinToWarehouseId(): coreid=4 pinned to whse=1 (partid=0)
PinToWarehouseId(): coreid=5 pinned to whse=1 (partid=0)
PinToWarehouseId(): coreid=3 pinned to whse=5 (partid=4)
PinToWarehouseId(): coreid=3 pinned to whse=6 (partid=5)
PinToWarehouseId(): coreid=3 pinned to whse=7 (partid=6)
PinToWarehouseId(): coreid=3 pinned to whse=8 (partid=7)
PinToWarehouseId(): coreid=3 pinned to whse=9 (partid=8)
PinToWarehouseId(): coreid=3 pinned to whse=10 (partid=9)
PinToWarehouseId(): coreid=3 pinned to whse=11 (partid=10)
PinToWarehouseId(): coreid=3 pinned to whse=12 (partid=11)
PinToWarehouseId(): coreid=3 pinned to whse=13 (partid=12)
PinToWarehouseId(): coreid=3 pinned to whse=14 (partid=13)
PinToWarehouseId(): coreid=3 pinned to whse=15 (partid=14)
PinToWarehouseId(): coreid=3 pinned to whse=16 (partid=15)
[INFO] finished loading district
[INFO]   * average district record length: 99 bytes
PinToWarehouseId(): coreid=5 pinned to whse=2 (partid=1)
[INFO] finished loading item
[INFO]   * average item record length: 84.1739 bytes
PinToWarehouseId(): coreid=4 pinned to whse=2 (partid=1)
PinToWarehouseId(): coreid=5 pinned to whse=3 (partid=2)
PinToWarehouseId(): coreid=5 pinned to whse=4 (partid=3)
PinToWarehouseId(): coreid=4 pinned to whse=3 (partid=2)
PinToWarehouseId(): coreid=5 pinned to whse=5 (partid=4)
PinToWarehouseId(): coreid=5 pinned to whse=6 (partid=5)
PinToWarehouseId(): coreid=4 pinned to whse=4 (partid=3)
PinToWarehouseId(): coreid=5 pinned to whse=7 (partid=6)
PinToWarehouseId(): coreid=2 pinned to whse=2 (partid=1)
PinToWarehouseId(): coreid=5 pinned to whse=8 (partid=7)
PinToWarehouseId(): coreid=4 pinned to whse=5 (partid=4)
PinToWarehouseId(): coreid=5 pinned to whse=9 (partid=8)
PinToWarehouseId(): coreid=5 pinned to whse=10 (partid=9)
PinToWarehouseId(): coreid=4 pinned to whse=6 (partid=5)
PinToWarehouseId(): coreid=5 pinned to whse=11 (partid=10)
PinToWarehouseId(): coreid=5 pinned to whse=12 (partid=11)
PinToWarehouseId(): coreid=4 pinned to whse=7 (partid=6)
PinToWarehouseId(): coreid=5 pinned to whse=13 (partid=12)
PinToWarehouseId(): coreid=5 pinned to whse=14 (partid=13)
PinToWarehouseId(): coreid=4 pinned to whse=8 (partid=7)
PinToWarehouseId(): coreid=2 pinned to whse=3 (partid=2)
PinToWarehouseId(): coreid=5 pinned to whse=15 (partid=14)
PinToWarehouseId(): coreid=5 pinned to whse=16 (partid=15)
PinToWarehouseId(): coreid=4 pinned to whse=9 (partid=8)
[INFO] finished loading order
[INFO]   * average order_line record length: 11.2927 bytes
[INFO]   * average oorder record length: 7.9446 bytes
[INFO]   * average new_order record length: 12 bytes
PinToWarehouseId(): coreid=4 pinned to whse=10 (partid=9)
PinToWarehouseId(): coreid=4 pinned to whse=11 (partid=10)
PinToWarehouseId(): coreid=2 pinned to whse=4 (partid=3)
PinToWarehouseId(): coreid=4 pinned to whse=12 (partid=11)
PinToWarehouseId(): coreid=4 pinned to whse=13 (partid=12)
PinToWarehouseId(): coreid=4 pinned to whse=14 (partid=13)
PinToWarehouseId(): coreid=4 pinned to whse=15 (partid=14)
PinToWarehouseId(): coreid=2 pinned to whse=5 (partid=4)
PinToWarehouseId(): coreid=4 pinned to whse=16 (partid=15)
[INFO] finished loading customer
[INFO]   * average customer record length: 153.983 bytes 
PinToWarehouseId(): coreid=2 pinned to whse=6 (partid=5)
PinToWarehouseId(): coreid=2 pinned to whse=7 (partid=6)
PinToWarehouseId(): coreid=2 pinned to whse=8 (partid=7)
PinToWarehouseId(): coreid=2 pinned to whse=9 (partid=8)
PinToWarehouseId(): coreid=2 pinned to whse=10 (partid=9)
PinToWarehouseId(): coreid=2 pinned to whse=11 (partid=10)
PinToWarehouseId(): coreid=2 pinned to whse=12 (partid=11)
PinToWarehouseId(): coreid=2 pinned to whse=13 (partid=12)
PinToWarehouseId(): coreid=2 pinned to whse=14 (partid=13)
PinToWarehouseId(): coreid=2 pinned to whse=15 (partid=14)
PinToWarehouseId(): coreid=2 pinned to whse=16 (partid=15)
[INFO] finished loading stock
[INFO]   * average stock record length: 8 bytes
timed region dataloading took 20583.7 ms
DB size: 1825.15 MB
[0, 0, 0] txns persisted in loading phase
20260909-08:02.15-534604(us) 2396532 ! run             (bench.cc:578):     # of nthreads:16
starting benchmark...
tpcc: worker id 128 => warehouses [1, 2)
tpcc: worker id 129 => warehouses [2, 3)
tpcc: worker id 130 => warehouses [3, 4)
tpcc: worker id 131 => warehouses [4, 5)
tpcc: worker id 132 => warehouses [5, 6)
tpcc: worker id 133 => warehouses [6, 7)
tpcc: worker id 134 => warehouses [7, 8)
tpcc: worker id 135 => warehouses [8, 9)
tpcc: worker id 136 => warehouses [9, 10)
tpcc: worker id 137 => warehouses [10, 11)
tpcc: worker id 138 => warehouses [11, 12)
tpcc: worker id 139 => warehouses [12, 13)
tpcc: worker id 140 => warehouses [13, 14)
tpcc: worker id 141 => warehouses [14, 15)
tpcc: worker id 142 => warehouses [15, 16)
tpcc: worker id 143 => warehouses [16, 17)
20260909-08:02.15-545852(us) 2396532 * benchmark_thread_init (mbta_wrapper.hh:1811): thread_init: thread_id=6, shard_index=0, getShardIndex=0, loader=0
20260909-08:02.15-546089(us) 2396532 * benchmark_thread_init (mbta_wrapper.hh:1811): thread_init: thread_id=7, shard_index=0, getShardIndex=0, loader=0
20260909-08:02.15-546146(us) 2396532 * benchmark_thread_init (mbta_wrapper.hh:1811): thread_init: thread_id=8, shard_index=0, getShardIndex=0, loader=0
20260909-08:02.15-546206(us) 2396532 * benchmark_thread_init (mbta_wrapper.hh:1811): thread_init: thread_id=9, shard_index=0, getShardIndex=0, loader=0
20260909-08:02.15-546596(us) 2396532 * benchmark_thread_init (mbta_wrapper.hh:1811): thread_init: thread_id=10, shard_index=0, getShardIndex=0, loader=0
20260909-08:02.15-546664(us) 2396532 * benchmark_thread_init (mbta_wrapper.hh:1811): thread_init: thread_id=11, shard_index=0, getShardIndex=0, loader=0
20260909-08:02.15-546805(us) 2396532 * ParseNewFormat  (configuration.cc:102): Using new configuration format
20260909-08:02.15-546913(us) 2396532 * ParseNewFormat  (configuration.cc:162): Loaded 1 sites in 1 shards
20260909-08:02.15-547030(us) 2396532 * benchmark_thread_init (mbta_wrapper.hh:1811): thread_init: thread_id=12, shard_index=0, getShardIndex=0, loader=0
20260909-08:02.15-547085(us) 2396532 * ParseNewFormat  (configuration.cc:102): Using new configuration format
20260909-08:02.15-547132(us) 2396532 * ParseNewFormat  (configuration.cc:102): Using new configuration format
20260909-08:02.15-547183(us) 2396532 * ParseNewFormat  (configuration.cc:162): Loaded 1 sites in 1 shards
20260909-08:02.15-547237(us) 2396532 * ParseNewFormat  (configuration.cc:162): Loaded 1 sites in 1 shards
20260909-08:02.15-547435(us) 2396532 * ParseNewFormat  (configuration.cc:102): Using new configuration format
20260909-08:02.15-547491(us) 2396532 * ParseNewFormat  (configuration.cc:102): Using new configuration format
20260909-08:02.15-547532(us) 2396532 * benchmark_thread_init (mbta_wrapper.hh:1811): thread_init: thread_id=13, shard_index=0, getShardIndex=0, loader=0
20260909-08:02.15-547589(us) 2396532 * ParseNewFormat  (configuration.cc:102): Using new configuration format
20260909-08:02.15-547650(us) 2396532 * ParseNewFormat  (configuration.cc:102): Using new configuration format
20260909-08:02.15-547718(us) 2396532 * ParseNewFormat  (configuration.cc:162): Loaded 1 sites in 1 shards
20260909-08:02.15-547750(us) 2396532 * ParseNewFormat  (configuration.cc:102): Using new configuration format
20260909-08:02.15-547794(us) 2396532 * ParseNewFormat  (configuration.cc:162): Loaded 1 sites in 1 shards
20260909-08:02.15-547817(us) 2396532 * ParseNewFormat  (configuration.cc:162): Loaded 1 sites in 1 shards
20260909-08:02.15-547887(us) 2396532 * ParseNewFormat  (configuration.cc:102): Using new configuration format
20260909-08:02.15-547939(us) 2396532 * ParseNewFormat  (configuration.cc:162): Loaded 1 sites in 1 shards
20260909-08:02.15-547965(us) 2396532 * ParseNewFormat  (configuration.cc:162): Loaded 1 sites in 1 shards
20260909-08:02.15-548019(us) 2396532 * ParseNewFormat  (configuration.cc:162): Loaded 1 sites in 1 shards
20260909-08:02.15-548083(us) 2396532 * benchmark_thread_init (mbta_wrapper.hh:1811): thread_init: thread_id=14, shard_index=0, getShardIndex=0, loader=0
20260909-08:02.15-548136(us) 2396532 * benchmark_thread_init (mbta_wrapper.hh:1811): thread_init: thread_id=15, shard_index=0, getShardIndex=0, loader=0
20260909-08:02.15-548197(us) 2396532 * Initialize      (srpc_rpc_backend.cc:66): SrpcRpcBackend::Initialize: poll_thread_worker_ created, is_some=1
20260909-08:02.15-548309(us) 2396532 * Initialize      (srpc_rpc_backend.cc:97): SrpcRpcBackend initialized on 127.0.0.1:31000 (listening on 0.0.0.0:31000)
20260909-08:02.15-548337(us) 2396532 * FastTransport   (fasttransport.cc:147): FastTransport initialized with srpc/rpc backend on 127.0.0.1:31000
20260909-08:02.15-548395(us) 2396532 * benchmark_thread_init (mbta_wrapper.hh:1811): thread_init: thread_id=16, shard_index=0, getShardIndex=0, loader=0
20260909-08:02.15-548451(us) 2396532 * Initialize      (srpc_rpc_backend.cc:66): SrpcRpcBackend::Initialize: poll_thread_worker_ created, is_some=1
20260909-08:02.15-548571(us) 2396532 * ParseNewFormat  (configuration.cc:102): Using new configuration format
20260909-08:02.15-548643(us) 2396532 * ParseNewFormat  (configuration.cc:162): Loaded 1 sites in 1 shards
20260909-08:02.15-548707(us) 2396532 * ParseNewFormat  (configuration.cc:102): Using new configuration format
20260909-08:02.15-548781(us) 2396532 * ParseNewFormat  (configuration.cc:162): Loaded 1 sites in 1 shards
20260909-08:02.15-548816(us) 2396532 * ParseNewFormat  (configuration.cc:102): Using new configuration format
20260909-08:02.15-548873(us) 2396532 * ParseNewFormat  (configuration.cc:102): Using new configuration format
20260909-08:02.15-548905(us) 2396532 * Initialize      (srpc_rpc_backend.cc:66): SrpcRpcBackend::Initialize: poll_thread_worker_ created, is_some=1
20260909-08:02.15-548950(us) 2396532 * ParseNewFormat  (configuration.cc:102): Using new configuration format
20260909-08:02.15-548999(us) 2396532 * Initialize      (srpc_rpc_backend.cc:97): SrpcRpcBackend initialized on 127.0.0.1:31002 (listening on 0.0.0.0:31002)
20260909-08:02.15-549029(us) 2396532 * ParseNewFormat  (configuration.cc:102): Using new configuration format
20260909-08:02.15-549085(us) 2396532 * Initialize      (srpc_rpc_backend.cc:66): SrpcRpcBackend::Initialize: poll_thread_worker_ created, is_some=1
20260909-08:02.15-549128(us) 2396532 * ParseNewFormat  (configuration.cc:102): Using new configuration format
20260909-08:02.15-549180(us) 2396532 * ParseNewFormat  (configuration.cc:102): Using new configuration format
20260909-08:02.15-549226(us) 2396532 * benchmark_thread_init (mbta_wrapper.hh:1811): thread_init: thread_id=17, shard_index=0, getShardIndex=0, loader=0
20260909-08:02.15-549258(us) 2396532 * ParseNewFormat  (configuration.cc:162): Loaded 1 sites in 1 shards
20260909-08:02.15-549295(us) 2396532 * ParseNewFormat  (configuration.cc:162): Loaded 1 sites in 1 shards
20260909-08:02.15-549440(us) 2396532 * benchmark_thread_init (mbta_wrapper.hh:1811): thread_init: thread_id=18, shard_index=0, getShardIndex=0, loader=0
20260909-08:02.15-549734(us) 2396532 * ParseNewFormat  (configuration.cc:102): Using new configuration format
20260909-08:02.15-549771(us) 2396532 * benchmark_thread_init (mbta_wrapper.hh:1811): thread_init: thread_id=19, shard_index=0, getShardIndex=0, loader=0
20260909-08:02.15-549805(us) 2396532 * ParseNewFormat  (configuration.cc:162): Loaded 1 sites in 1 shards
20260909-08:02.15-549843(us) 2396532 * ParseNewFormat  (configuration.cc:102): Using new configuration format
20260909-08:02.15-549888(us) 2396532 * ParseNewFormat  (configuration.cc:162): Loaded 1 sites in 1 shards
20260909-08:02.15-550095(us) 2396532 * ParseNewFormat  (configuration.cc:162): Loaded 1 sites in 1 shards
20260909-08:02.15-550146(us) 2396532 * Initialize      (srpc_rpc_backend.cc:97): SrpcRpcBackend initialized on 127.0.0.1:31004 (listening on 0.0.0.0:31004)
20260909-08:02.15-550183(us) 2396532 * FastTransport   (fasttransport.cc:147): FastTransport initialized with srpc/rpc backend on 127.0.0.1:31004
20260909-08:02.15-550215(us) 2396532 * ParseNewFormat  (configuration.cc:102): Using new configuration format
20260909-08:02.15-550265(us) 2396532 * ParseNewFormat  (configuration.cc:102): Using new configuration format
20260909-08:02.15-550301(us) 2396532 * FastTransport   (fasttransport.cc:147): FastTransport initialized with srpc/rpc backend on 127.0.0.1:31002
20260909-08:02.15-550345(us) 2396532 * ParseNewFormat  (configuration.cc:162): Loaded 1 sites in 1 shards
20260909-08:02.15-550409(us) 2396532 * ParseNewFormat  (configuration.cc:162): Loaded 1 sites in 1 shards
20260909-08:02.15-550454(us) 2396532 * ParseNewFormat  (configuration.cc:162): Loaded 1 sites in 1 shards
20260909-08:02.15-550499(us) 2396532 * Initialize      (srpc_rpc_backend.cc:97): SrpcRpcBackend initialized on 127.0.0.1:31003 (listening on 0.0.0.0:31003)
20260909-08:02.15-550538(us) 2396532 * FastTransport   (fasttransport.cc:147): FastTransport initialized with srpc/rpc backend on 127.0.0.1:31003
20260909-08:02.15-550572(us) 2396532 * Initialize      (srpc_rpc_backend.cc:66): SrpcRpcBackend::Initialize: poll_thread_worker_ created, is_some=1
20260909-08:02.15-550649(us) 2396532 * Initialize      (srpc_rpc_backend.cc:97): SrpcRpcBackend initialized on 127.0.0.1:31005 (listening on 0.0.0.0:31005)
20260909-08:02.15-550669(us) 2396532 * FastTransport   (fasttransport.cc:147): FastTransport initialized with srpc/rpc backend on 127.0.0.1:31005
20260909-08:02.15-550703(us) 2396532 * ParseNewFormat  (configuration.cc:102): Using new configuration format
20260909-08:02.15-550744(us) 2396532 * ParseNewFormat  (configuration.cc:102): Using new configuration format
20260909-08:02.15-550784(us) 2396532 * Initialize      (srpc_rpc_backend.cc:66): SrpcRpcBackend::Initialize: poll_thread_worker_ created, is_some=1
20260909-08:02.15-550883(us) 2396532 * Initialize      (srpc_rpc_backend.cc:97): SrpcRpcBackend initialized on 127.0.0.1:31009 (listening on 0.0.0.0:31009)
20260909-08:02.15-550909(us) 2396532 * FastTransport   (fasttransport.cc:147): FastTransport initialized with srpc/rpc backend on 127.0.0.1:31009
20260909-08:02.15-550961(us) 2396532 * ParseNewFormat  (configuration.cc:102): Using new configuration format
20260909-08:02.15-550994(us) 2396532 * ParseNewFormat  (configuration.cc:162): Loaded 1 sites in 1 shards
20260909-08:02.15-551033(us) 2396532 * ParseNewFormat  (configuration.cc:102): Using new configuration format
20260909-08:02.15-551062(us) 2396532 * Initialize      (srpc_rpc_backend.cc:66): SrpcRpcBackend::Initialize: poll_thread_worker_ created, is_some=1
20260909-08:02.15-551102(us) 2396532 * ParseNewFormat  (configuration.cc:102): Using new configuration format
20260909-08:02.15-551148(us) 2396532 * Initialize      (srpc_rpc_backend.cc:97): SrpcRpcBackend initialized on 127.0.0.1:31001 (listening on 0.0.0.0:31001)
20260909-08:02.15-551172(us) 2396532 * FastTransport   (fasttransport.cc:147): FastTransport initialized with srpc/rpc backend on 127.0.0.1:31001
20260909-08:02.15-551190(us) 2396532 * ParseNewFormat  (configuration.cc:162): Loaded 1 sites in 1 shards
20260909-08:02.15-551222(us) 2396532 * ParseNewFormat  (configuration.cc:162): Loaded 1 sites in 1 shards
20260909-08:02.15-551250(us) 2396532 * ParseNewFormat  (configuration.cc:162): Loaded 1 sites in 1 shards
20260909-08:02.15-551285(us) 2396532 * ParseNewFormat  (configuration.cc:102): Using new configuration format
20260909-08:02.15-551327(us) 2396532 * ParseNewFormat  (configuration.cc:162): Loaded 1 sites in 1 shards
20260909-08:02.15-551380(us) 2396532 * ParseNewFormat  (configuration.cc:102): Using new configuration format
20260909-08:02.15-551415(us) 2396532 * ParseNewFormat  (configuration.cc:162): Loaded 1 sites in 1 shards
20260909-08:02.15-551448(us) 2396532 * benchmark_thread_init (mbta_wrapper.hh:1811): thread_init: thread_id=20, shard_index=0, getShardIndex=0, loader=0
20260909-08:02.15-551485(us) 2396532 * ParseNewFormat  (configuration.cc:102): Using new configuration format
20260909-08:02.15-551531(us) 2396532 * Initialize      (srpc_rpc_backend.cc:66): SrpcRpcBackend::Initialize: poll_thread_worker_ created, is_some=1
20260909-08:02.15-551569(us) 2396532 * benchmark_thread_init (mbta_wrapper.hh:1811): thread_init: thread_id=21, shard_index=0, getShardIndex=0, loader=0
20260909-08:02.15-551596(us) 2396532 * ParseNewFormat  (configuration.cc:102): Using new configuration format
20260909-08:02.15-551629(us) 2396532 * ParseNewFormat  (configuration.cc:162): Loaded 1 sites in 1 shards
20260909-08:02.15-551664(us) 2396532 * ParseNewFormat  (configuration.cc:162): Loaded 1 sites in 1 shards
20260909-08:02.15-551705(us) 2396532 * ParseNewFormat  (configuration.cc:162): Loaded 1 sites in 1 shards
20260909-08:02.15-551734(us) 2396532 * ParseNewFormat  (configuration.cc:162): Loaded 1 sites in 1 shards
20260909-08:02.15-551872(us) 2396532 * ParseNewFormat  (configuration.cc:102): Using new configuration format
20260909-08:02.15-551952(us) 2396532 * ParseNewFormat  (configuration.cc:162): Loaded 1 sites in 1 shards
20260909-08:02.15-552172(us) 2396532 * ParseNewFormat  (configuration.cc:102): Using new configuration format
20260909-08:02.15-552209(us) 2396532 * ParseNewFormat  (configuration.cc:162): Loaded 1 sites in 1 shards
20260909-08:02.15-552299(us) 2396532 * ParseNewFormat  (configuration.cc:102): Using new configuration format
20260909-08:02.15-552344(us) 2396532 * ParseNewFormat  (configuration.cc:162): Loaded 1 sites in 1 shards
20260909-08:02.15-553841(us) 2396532 * ParseNewFormat  (configuration.cc:162): Loaded 1 sites in 1 shards
20260909-08:02.15-568893(us) 2396532 * Initialize      (srpc_rpc_backend.cc:97): SrpcRpcBackend initialized on 127.0.0.1:31007 (listening on 0.0.0.0:31007)
20260909-08:02.15-568927(us) 2396532 * FastTransport   (fasttransport.cc:147): FastTransport initialized with srpc/rpc backend on 127.0.0.1:31007
20260909-08:02.15-569085(us) 2396532 * Initialize      (srpc_rpc_backend.cc:66): SrpcRpcBackend::Initialize: poll_thread_worker_ created, is_some=1
20260909-08:02.15-569158(us) 2396532 * Initialize      (srpc_rpc_backend.cc:97): SrpcRpcBackend initialized on 127.0.0.1:31008 (listening on 0.0.0.0:31008)
20260909-08:02.15-569179(us) 2396532 * FastTransport   (fasttransport.cc:147): FastTransport initialized with srpc/rpc backend on 127.0.0.1:31008
20260909-08:02.15-569311(us) 2396532 * Initialize      (srpc_rpc_backend.cc:66): SrpcRpcBackend::Initialize: poll_thread_worker_ created, is_some=1
20260909-08:02.15-569448(us) 2396532 * Initialize      (srpc_rpc_backend.cc:97): SrpcRpcBackend initialized on 127.0.0.1:31006 (listening on 0.0.0.0:31006)
20260909-08:02.15-569486(us) 2396532 * FastTransport   (fasttransport.cc:147): FastTransport initialized with srpc/rpc backend on 127.0.0.1:31006
20260909-08:02.15-569512(us) 2396532 * Initialize      (srpc_rpc_backend.cc:66): SrpcRpcBackend::Initialize: poll_thread_worker_ created, is_some=1
20260909-08:02.15-569572(us) 2396532 * ParseNewFormat  (configuration.cc:102): Using new configuration format
20260909-08:02.15-569614(us) 2396532 * ParseNewFormat  (configuration.cc:102): Using new configuration format
20260909-08:02.15-569649(us) 2396532 * ParseNewFormat  (configuration.cc:102): Using new configuration format
20260909-08:02.15-569689(us) 2396532 * Initialize      (srpc_rpc_backend.cc:97): SrpcRpcBackend initialized on 127.0.0.1:31012 (listening on 0.0.0.0:31012)
20260909-08:02.15-569721(us) 2396532 * FastTransport   (fasttransport.cc:147): FastTransport initialized with srpc/rpc backend on 127.0.0.1:31012
20260909-08:02.15-569753(us) 2396532 * ParseNewFormat  (configuration.cc:162): Loaded 1 sites in 1 shards
20260909-08:02.15-569791(us) 2396532 * ParseNewFormat  (configuration.cc:162): Loaded 1 sites in 1 shards
20260909-08:02.15-569817(us) 2396532 * ParseNewFormat  (configuration.cc:102): Using new configuration format
20260909-08:02.15-569889(us) 2396532 * ParseNewFormat  (configuration.cc:162): Loaded 1 sites in 1 shards
20260909-08:02.15-569929(us) 2396532 * ParseNewFormat  (configuration.cc:162): Loaded 1 sites in 1 shards
20260909-08:02.15-570021(us) 2396532 * Initialize      (srpc_rpc_backend.cc:66): SrpcRpcBackend::Initialize: poll_thread_worker_ created, is_some=1
20260909-08:02.15-570089(us) 2396532 * Initialize      (srpc_rpc_backend.cc:97): SrpcRpcBackend initialized on 127.0.0.1:31010 (listening on 0.0.0.0:31010)
20260909-08:02.15-570108(us) 2396532 * FastTransport   (fasttransport.cc:147): FastTransport initialized with srpc/rpc backend on 127.0.0.1:31010
20260909-08:02.15-570153(us) 2396532 * ParseNewFormat  (configuration.cc:102): Using new configuration format
20260909-08:02.15-570210(us) 2396532 * ParseNewFormat  (configuration.cc:162): Loaded 1 sites in 1 shards
20260909-08:02.15-570322(us) 2396532 * ParseNewFormat  (configuration.cc:102): Using new configuration format
20260909-08:02.15-570370(us) 2396532 * ParseNewFormat  (configuration.cc:162): Loaded 1 sites in 1 shards
20260909-08:02.15-570444(us) 2396532 * ParseNewFormat  (configuration.cc:102): Using new configuration format
20260909-08:02.15-570493(us) 2396532 * Initialize      (srpc_rpc_backend.cc:66): SrpcRpcBackend::Initialize: poll_thread_worker_ created, is_some=1
20260909-08:02.15-570528(us) 2396532 * ParseNewFormat  (configuration.cc:162): Loaded 1 sites in 1 shards
20260909-08:02.15-570563(us) 2396532 * Initialize      (srpc_rpc_backend.cc:66): SrpcRpcBackend::Initialize: poll_thread_worker_ created, is_some=1
20260909-08:02.15-570610(us) 2396532 * Initialize      (srpc_rpc_backend.cc:97): SrpcRpcBackend initialized on 127.0.0.1:31013 (listening on 0.0.0.0:31013)
20260909-08:02.15-570626(us) 2396532 * FastTransport   (fasttransport.cc:147): FastTransport initialized with srpc/rpc backend on 127.0.0.1:31013
20260909-08:02.15-570680(us) 2396532 * ParseNewFormat  (configuration.cc:102): Using new configuration format
20260909-08:02.15-570728(us) 2396532 * ParseNewFormat  (configuration.cc:162): Loaded 1 sites in 1 shards
20260909-08:02.15-570813(us) 2396532 * ParseNewFormat  (configuration.cc:102): Using new configuration format
20260909-08:02.15-570867(us) 2396532 * ParseNewFormat  (configuration.cc:162): Loaded 1 sites in 1 shards
20260909-08:02.15-570919(us) 2396532 * Initialize      (srpc_rpc_backend.cc:97): SrpcRpcBackend initialized on 127.0.0.1:31011 (listening on 0.0.0.0:31011)
20260909-08:02.15-570940(us) 2396532 * FastTransport   (fasttransport.cc:147): FastTransport initialized with srpc/rpc backend on 127.0.0.1:31011
20260909-08:02.15-571116(us) 2396532 * ParseNewFormat  (configuration.cc:102): Using new configuration format
20260909-08:02.15-571149(us) 2396532 * ParseNewFormat  (configuration.cc:162): Loaded 1 sites in 1 shards
20260909-08:02.15-571170(us) 2396532 * Initialize      (srpc_rpc_backend.cc:66): SrpcRpcBackend::Initialize: poll_thread_worker_ created, is_some=1
20260909-08:02.15-571244(us) 2396532 * Initialize      (srpc_rpc_backend.cc:97): SrpcRpcBackend initialized on 127.0.0.1:31014 (listening on 0.0.0.0:31014)
20260909-08:02.15-571263(us) 2396532 * FastTransport   (fasttransport.cc:147): FastTransport initialized with srpc/rpc backend on 127.0.0.1:31014
20260909-08:02.15-571406(us) 2396532 * Initialize      (srpc_rpc_backend.cc:66): SrpcRpcBackend::Initialize: poll_thread_worker_ created, is_some=1
20260909-08:02.15-571464(us) 2396532 * Initialize      (srpc_rpc_backend.cc:97): SrpcRpcBackend initialized on 127.0.0.1:31015 (listening on 0.0.0.0:31015)
20260909-08:02.15-571480(us) 2396532 * FastTransport   (fasttransport.cc:147): FastTransport initialized with srpc/rpc backend on 127.0.0.1:31015
20260909-08:02.15-571743(us) 2396532 * ParseNewFormat  (configuration.cc:102): Using new configuration format
20260909-08:02.15-571780(us) 2396532 * ParseNewFormat  (configuration.cc:162): Loaded 1 sites in 1 shards
20260909-08:02.15-571866(us) 2396532 * ParseNewFormat  (configuration.cc:102): Using new configuration format
20260909-08:02.15-571895(us) 2396532 * ParseNewFormat  (configuration.cc:162): Loaded 1 sites in 1 shards
20260909-08:02.15-571980(us) 2396532 * ParseNewFormat  (configuration.cc:102): Using new configuration format
20260909-08:02.15-572029(us) 2396532 * ParseNewFormat  (configuration.cc:162): Loaded 1 sites in 1 shards
20260909-08:02.15-572326(us) 2396532 * ParseNewFormat  (configuration.cc:102): Using new configuration format
20260909-08:02.15-572358(us) 2396532 * ParseNewFormat  (configuration.cc:162): Loaded 1 sites in 1 shards
20260909-08:02.15-572425(us) 2396532 * ParseNewFormat  (configuration.cc:102): Using new configuration format
20260909-08:02.15-572455(us) 2396532 * ParseNewFormat  (configuration.cc:162): Loaded 1 sites in 1 shards
20260909-08:02.15-578865(us) 2396532 ! run             (bench.cc:645):     TPCC_BENCH_MEASURE_START
20260909-08:02.15-578903(us) 2396532 ! run             (bench.cc:653):     start the running time, runTime:10
20260909-08:02.15-578922(us) 2396532 ! run             (bench.cc:665):     runtime time left:10000 ms, bool:1
20260909-08:02.16-588801(us) 2396532 ! run             (bench.cc:665):     runtime time left:9000 ms, bool:1
20260909-08:02.17-599716(us) 2396532 ! run             (bench.cc:665):     runtime time left:8000 ms, bool:1
20260909-08:02.18-609795(us) 2396532 ! run             (bench.cc:665):     runtime time left:7000 ms, bool:1
20260909-08:02.19-620327(us) 2396532 ! run             (bench.cc:665):     runtime time left:6000 ms, bool:1
20260909-08:02.20-631489(us) 2396532 ! run             (bench.cc:665):     runtime time left:5000 ms, bool:1
20260909-08:02.21-641716(us) 2396532 ! run             (bench.cc:665):     runtime time left:4000 ms, bool:1
20260909-08:02.22-651714(us) 2396532 ! run             (bench.cc:665):     runtime time left:3000 ms, bool:1
20260909-08:02.23-661241(us) 2396532 ! run             (bench.cc:665):     runtime time left:2000 ms, bool:1
20260909-08:02.24-670862(us) 2396532 ! run             (bench.cc:665):     runtime time left:1000 ms, bool:1
20260909-08:02.25-680275(us) 2396532 ! run             (bench.cc:678):     runtime_plus:0
[SHUTDOWN] Setting running=false to stop database worker threads
[SHUTDOWN] Calling first stop() to stop client transports
20260909-08:02.25-680350(us) 2396532 * PrintStats      (srpc_rpc_backend.cc:686): SrpcRpcBackend request stats: msg_size_req_sent: 0 bytes, counter: 0, avg: 0.000000
20260909-08:02.25-680428(us) 2396532 ! stop            (bench.cc:496):     stop all rpc clients. set stop=false
20260909-08:02.25-680451(us) 2396532 * Stop            (srpc_rpc_backend.cc:593): SrpcRpcBackend::Stop: BEGIN - Setting stop flag
20260909-08:02.25-680469(us) 2396532 * Stop            (srpc_rpc_backend.cc:596): SrpcRpcBackend::Stop: Waiting for event loop to exit...
20260909-08:02.25-680487(us) 2396532 * Stop            (srpc_rpc_backend.cc:612): SrpcRpcBackend::Stop: Event loop exited successfully
20260909-08:02.25-680503(us) 2396532 * Stop            (srpc_rpc_backend.cc:616): SrpcRpcBackend::Stop: Signaling 0 request queues to stop
20260909-08:02.25-680521(us) 2396532 * Stop            (srpc_rpc_backend.cc:624): SrpcRpcBackend::Stop: Signaling 0 response queues to stop
20260909-08:02.25-680539(us) 2396532 * Stop            (srpc_rpc_backend.cc:635): SrpcRpcBackend::Stop: Server cleanup deferred to destructor
20260909-08:02.25-680558(us) 2396532 * Stop            (srpc_rpc_backend.cc:638): SrpcRpcBackend::Stop: Closing client connections
20260909-08:02.25-680575(us) 2396532 * Stop            (srpc_rpc_backend.cc:642): SrpcRpcBackend::Stop: Found 0 client connections to close
20260909-08:02.25-680592(us) 2396532 * Stop            (srpc_rpc_backend.cc:662): SrpcRpcBackend::Stop: Closed 0 client connections
20260909-08:02.25-680610(us) 2396532 * Stop            (srpc_rpc_backend.cc:675): SrpcRpcBackend stats: msg_size_resp_sent: 0 bytes, counter: 0, avg: 0.000000
20260909-08:02.25-680630(us) 2396532 * Stop            (srpc_rpc_backend.cc:676): SrpcRpcBackend::Stop: END
20260909-08:02.25-680650(us) 2396532 * Stop            (srpc_rpc_backend.cc:593): SrpcRpcBackend::Stop: BEGIN - Setting stop flag
20260909-08:02.25-680666(us) 2396532 * Stop            (srpc_rpc_backend.cc:596): SrpcRpcBackend::Stop: Waiting for event loop to exit...
20260909-08:02.25-680683(us) 2396532 * Stop            (srpc_rpc_backend.cc:612): SrpcRpcBackend::Stop: Event loop exited successfully
20260909-08:02.25-680697(us) 2396532 * Stop            (srpc_rpc_backend.cc:616): SrpcRpcBackend::Stop: Signaling 0 request queues to stop
20260909-08:02.25-680712(us) 2396532 * Stop            (srpc_rpc_backend.cc:624): SrpcRpcBackend::Stop: Signaling 0 response queues to stop
20260909-08:02.25-680727(us) 2396532 * Stop            (srpc_rpc_backend.cc:635): SrpcRpcBackend::Stop: Server cleanup deferred to destructor
20260909-08:02.25-680742(us) 2396532 * Stop            (srpc_rpc_backend.cc:638): SrpcRpcBackend::Stop: Closing client connections
20260909-08:02.25-680770(us) 2396532 * Stop            (srpc_rpc_backend.cc:642): SrpcRpcBackend::Stop: Found 0 client connections to close
20260909-08:02.25-680786(us) 2396532 * Stop            (srpc_rpc_backend.cc:662): SrpcRpcBackend::Stop: Closed 0 client connections
20260909-08:02.25-680807(us) 2396532 * Stop            (srpc_rpc_backend.cc:675): SrpcRpcBackend stats: msg_size_resp_sent: 0 bytes, counter: 0, avg: 0.000000
20260909-08:02.25-680824(us) 2396532 * Stop            (srpc_rpc_backend.cc:676): SrpcRpcBackend::Stop: END
20260909-08:02.25-680855(us) 2396532 * Stop            (srpc_rpc_backend.cc:593): SrpcRpcBackend::Stop: BEGIN - Setting stop flag
20260909-08:02.25-680871(us) 2396532 * Stop            (srpc_rpc_backend.cc:596): SrpcRpcBackend::Stop: Waiting for event loop to exit...
20260909-08:02.25-680884(us) 2396532 * Stop            (srpc_rpc_backend.cc:612): SrpcRpcBackend::Stop: Event loop exited successfully
20260909-08:02.25-680899(us) 2396532 * Stop            (srpc_rpc_backend.cc:616): SrpcRpcBackend::Stop: Signaling 0 request queues to stop
20260909-08:02.25-680915(us) 2396532 * Stop            (srpc_rpc_backend.cc:624): SrpcRpcBackend::Stop: Signaling 0 response queues to stop
20260909-08:02.25-680931(us) 2396532 * Stop            (srpc_rpc_backend.cc:635): SrpcRpcBackend::Stop: Server cleanup deferred to destructor
20260909-08:02.25-680951(us) 2396532 * Stop            (srpc_rpc_backend.cc:638): SrpcRpcBackend::Stop: Closing client connections
20260909-08:02.25-680967(us) 2396532 * Stop            (srpc_rpc_backend.cc:642): SrpcRpcBackend::Stop: Found 0 client connections to close
20260909-08:02.25-680990(us) 2396532 * Stop            (srpc_rpc_backend.cc:662): SrpcRpcBackend::Stop: Closed 0 client connections
20260909-08:02.25-681005(us) 2396532 * Stop            (srpc_rpc_backend.cc:675): SrpcRpcBackend stats: msg_size_resp_sent: 0 bytes, counter: 0, avg: 0.000000
20260909-08:02.25-681023(us) 2396532 * Stop            (srpc_rpc_backend.cc:676): SrpcRpcBackend::Stop: END
20260909-08:02.25-681039(us) 2396532 * Stop            (srpc_rpc_backend.cc:593): SrpcRpcBackend::Stop: BEGIN - Setting stop flag
20260909-08:02.25-681055(us) 2396532 * Stop            (srpc_rpc_backend.cc:596): SrpcRpcBackend::Stop: Waiting for event loop to exit...
20260909-08:02.25-681075(us) 2396532 * Stop            (srpc_rpc_backend.cc:612): SrpcRpcBackend::Stop: Event loop exited successfully
20260909-08:02.25-681092(us) 2396532 * Stop            (srpc_rpc_backend.cc:616): SrpcRpcBackend::Stop: Signaling 0 request queues to stop
20260909-08:02.25-681108(us) 2396532 * Stop            (srpc_rpc_backend.cc:624): SrpcRpcBackend::Stop: Signaling 0 response queues to stop
20260909-08:02.25-681125(us) 2396532 * Stop            (srpc_rpc_backend.cc:635): SrpcRpcBackend::Stop: Server cleanup deferred to destructor
20260909-08:02.25-681141(us) 2396532 * Stop            (srpc_rpc_backend.cc:638): SrpcRpcBackend::Stop: Closing client connections
20260909-08:02.25-681157(us) 2396532 * Stop            (srpc_rpc_backend.cc:642): SrpcRpcBackend::Stop: Found 0 client connections to close
20260909-08:02.25-681173(us) 2396532 * Stop            (srpc_rpc_backend.cc:662): SrpcRpcBackend::Stop: Closed 0 client connections
20260909-08:02.25-681189(us) 2396532 * Stop            (srpc_rpc_backend.cc:675): SrpcRpcBackend stats: msg_size_resp_sent: 0 bytes, counter: 0, avg: 0.000000
20260909-08:02.25-681206(us) 2396532 * Stop            (srpc_rpc_backend.cc:676): SrpcRpcBackend::Stop: END
20260909-08:02.25-681223(us) 2396532 * Stop            (srpc_rpc_backend.cc:593): SrpcRpcBackend::Stop: BEGIN - Setting stop flag
20260909-08:02.25-681240(us) 2396532 * Stop            (srpc_rpc_backend.cc:596): SrpcRpcBackend::Stop: Waiting for event loop to exit...
20260909-08:02.25-681256(us) 2396532 * Stop            (srpc_rpc_backend.cc:612): SrpcRpcBackend::Stop: Event loop exited successfully
20260909-08:02.25-681277(us) 2396532 * Stop            (srpc_rpc_backend.cc:616): SrpcRpcBackend::Stop: Signaling 0 request queues to stop
20260909-08:02.25-681294(us) 2396532 * Stop            (srpc_rpc_backend.cc:624): SrpcRpcBackend::Stop: Signaling 0 response queues to stop
20260909-08:02.25-681315(us) 2396532 * Stop            (srpc_rpc_backend.cc:635): SrpcRpcBackend::Stop: Server cleanup deferred to destructor
20260909-08:02.25-681331(us) 2396532 * Stop            (srpc_rpc_backend.cc:638): SrpcRpcBackend::Stop: Closing client connections
20260909-08:02.25-681348(us) 2396532 * Stop            (srpc_rpc_backend.cc:642): SrpcRpcBackend::Stop: Found 0 client connections to close
20260909-08:02.25-681366(us) 2396532 * Stop            (srpc_rpc_backend.cc:662): SrpcRpcBackend::Stop: Closed 0 client connections
20260909-08:02.25-681382(us) 2396532 * Stop            (srpc_rpc_backend.cc:675): SrpcRpcBackend stats: msg_size_resp_sent: 0 bytes, counter: 0, avg: 0.000000
20260909-08:02.25-681399(us) 2396532 * Stop            (srpc_rpc_backend.cc:676): SrpcRpcBackend::Stop: END
20260909-08:02.25-681417(us) 2396532 * Stop            (srpc_rpc_backend.cc:593): SrpcRpcBackend::Stop: BEGIN - Setting stop flag
20260909-08:02.25-681434(us) 2396532 * Stop            (srpc_rpc_backend.cc:596): SrpcRpcBackend::Stop: Waiting for event loop to exit...
20260909-08:02.25-681450(us) 2396532 * Stop            (srpc_rpc_backend.cc:612): SrpcRpcBackend::Stop: Event loop exited successfully
20260909-08:02.25-681464(us) 2396532 * Stop            (srpc_rpc_backend.cc:616): SrpcRpcBackend::Stop: Signaling 0 request queues to stop
20260909-08:02.25-681482(us) 2396532 * Stop            (srpc_rpc_backend.cc:624): SrpcRpcBackend::Stop: Signaling 0 response queues to stop
20260909-08:02.25-681499(us) 2396532 * Stop            (srpc_rpc_backend.cc:635): SrpcRpcBackend::Stop: Server cleanup deferred to destructor
20260909-08:02.25-681515(us) 2396532 * Stop            (srpc_rpc_backend.cc:638): SrpcRpcBackend::Stop: Closing client connections
20260909-08:02.25-681536(us) 2396532 * Stop            (srpc_rpc_backend.cc:642): SrpcRpcBackend::Stop: Found 0 client connections to close
20260909-08:02.25-681555(us) 2396532 * Stop            (srpc_rpc_backend.cc:662): SrpcRpcBackend::Stop: Closed 0 client connections
20260909-08:02.25-681571(us) 2396532 * Stop            (srpc_rpc_backend.cc:675): SrpcRpcBackend stats: msg_size_resp_sent: 0 bytes, counter: 0, avg: 0.000000
20260909-08:02.25-681591(us) 2396532 * Stop            (srpc_rpc_backend.cc:676): SrpcRpcBackend::Stop: END
20260909-08:02.25-681608(us) 2396532 * Stop            (srpc_rpc_backend.cc:593): SrpcRpcBackend::Stop: BEGIN - Setting stop flag
20260909-08:02.25-681624(us) 2396532 * Stop            (srpc_rpc_backend.cc:596): SrpcRpcBackend::Stop: Waiting for event loop to exit...
20260909-08:02.25-681641(us) 2396532 * Stop            (srpc_rpc_backend.cc:612): SrpcRpcBackend::Stop: Event loop exited successfully
20260909-08:02.25-681658(us) 2396532 * Stop            (srpc_rpc_backend.cc:616): SrpcRpcBackend::Stop: Signaling 0 request queues to stop
20260909-08:02.25-681674(us) 2396532 * Stop            (srpc_rpc_backend.cc:624): SrpcRpcBackend::Stop: Signaling 0 response queues to stop
20260909-08:02.25-681690(us) 2396532 * Stop            (srpc_rpc_backend.cc:635): SrpcRpcBackend::Stop: Server cleanup deferred to destructor
20260909-08:02.25-681706(us) 2396532 * Stop            (srpc_rpc_backend.cc:638): SrpcRpcBackend::Stop: Closing client connections
20260909-08:02.25-681723(us) 2396532 * Stop            (srpc_rpc_backend.cc:642): SrpcRpcBackend::Stop: Found 0 client connections to close
20260909-08:02.25-681739(us) 2396532 * Stop            (srpc_rpc_backend.cc:662): SrpcRpcBackend::Stop: Closed 0 client connections
20260909-08:02.25-681756(us) 2396532 * Stop            (srpc_rpc_backend.cc:675): SrpcRpcBackend stats: msg_size_resp_sent: 0 bytes, counter: 0, avg: 0.000000
20260909-08:02.25-681775(us) 2396532 * Stop            (srpc_rpc_backend.cc:676): SrpcRpcBackend::Stop: END
20260909-08:02.25-681793(us) 2396532 * Stop            (srpc_rpc_backend.cc:593): SrpcRpcBackend::Stop: BEGIN - Setting stop flag
20260909-08:02.25-681809(us) 2396532 * Stop            (srpc_rpc_backend.cc:596): SrpcRpcBackend::Stop: Waiting for event loop to exit...
20260909-08:02.25-681826(us) 2396532 * Stop            (srpc_rpc_backend.cc:612): SrpcRpcBackend::Stop: Event loop exited successfully
20260909-08:02.25-681851(us) 2396532 * Stop            (srpc_rpc_backend.cc:616): SrpcRpcBackend::Stop: Signaling 0 request queues to stop
20260909-08:02.25-681867(us) 2396532 * Stop            (srpc_rpc_backend.cc:624): SrpcRpcBackend::Stop: Signaling 0 response queues to stop
20260909-08:02.25-681884(us) 2396532 * Stop            (srpc_rpc_backend.cc:635): SrpcRpcBackend::Stop: Server cleanup deferred to destructor
20260909-08:02.25-681901(us) 2396532 * Stop            (srpc_rpc_backend.cc:638): SrpcRpcBackend::Stop: Closing client connections
20260909-08:02.25-681917(us) 2396532 * Stop            (srpc_rpc_backend.cc:642): SrpcRpcBackend::Stop: Found 0 client connections to close
20260909-08:02.25-681934(us) 2396532 * Stop            (srpc_rpc_backend.cc:662): SrpcRpcBackend::Stop: Closed 0 client connections
20260909-08:02.25-681951(us) 2396532 * Stop            (srpc_rpc_backend.cc:675): SrpcRpcBackend stats: msg_size_resp_sent: 0 bytes, counter: 0, avg: 0.000000
20260909-08:02.25-681968(us) 2396532 * Stop            (srpc_rpc_backend.cc:676): SrpcRpcBackend::Stop: END
20260909-08:02.25-681985(us) 2396532 * Stop            (srpc_rpc_backend.cc:593): SrpcRpcBackend::Stop: BEGIN - Setting stop flag
20260909-08:02.25-682001(us) 2396532 * Stop            (srpc_rpc_backend.cc:596): SrpcRpcBackend::Stop: Waiting for event loop to exit...
20260909-08:02.25-682017(us) 2396532 * Stop            (srpc_rpc_backend.cc:612): SrpcRpcBackend::Stop: Event loop exited successfully
20260909-08:02.25-682033(us) 2396532 * Stop            (srpc_rpc_backend.cc:616): SrpcRpcBackend::Stop: Signaling 0 request queues to stop
20260909-08:02.25-682050(us) 2396532 * Stop            (srpc_rpc_backend.cc:624): SrpcRpcBackend::Stop: Signaling 0 response queues to stop
20260909-08:02.25-682071(us) 2396532 * Stop            (srpc_rpc_backend.cc:635): SrpcRpcBackend::Stop: Server cleanup deferred to destructor
20260909-08:02.25-682087(us) 2396532 * Stop            (srpc_rpc_backend.cc:638): SrpcRpcBackend::Stop: Closing client connections
20260909-08:02.25-682104(us) 2396532 * Stop            (srpc_rpc_backend.cc:642): SrpcRpcBackend::Stop: Found 0 client connections to close
20260909-08:02.25-682120(us) 2396532 * Stop            (srpc_rpc_backend.cc:662): SrpcRpcBackend::Stop: Closed 0 client connections
20260909-08:02.25-682137(us) 2396532 * Stop            (srpc_rpc_backend.cc:675): SrpcRpcBackend stats: msg_size_resp_sent: 0 bytes, counter: 0, avg: 0.000000
20260909-08:02.25-682154(us) 2396532 * Stop            (srpc_rpc_backend.cc:676): SrpcRpcBackend::Stop: END
20260909-08:02.25-682171(us) 2396532 * Stop            (srpc_rpc_backend.cc:593): SrpcRpcBackend::Stop: BEGIN - Setting stop flag
20260909-08:02.25-682187(us) 2396532 * Stop            (srpc_rpc_backend.cc:596): SrpcRpcBackend::Stop: Waiting for event loop to exit...
20260909-08:02.25-682204(us) 2396532 * Stop            (srpc_rpc_backend.cc:612): SrpcRpcBackend::Stop: Event loop exited successfully
20260909-08:02.25-682219(us) 2396532 * Stop            (srpc_rpc_backend.cc:616): SrpcRpcBackend::Stop: Signaling 0 request queues to stop
20260909-08:02.25-682236(us) 2396532 * Stop            (srpc_rpc_backend.cc:624): SrpcRpcBackend::Stop: Signaling 0 response queues to stop
20260909-08:02.25-682250(us) 2396532 * PrintStats      (srpc_rpc_backend.cc:686): SrpcRpcBackend request stats: msg_size_req_sent: 0 bytes, counter: 0, avg: 0.000000
20260909-08:02.25-682319(us) 2396532 * PrintStats      (srpc_rpc_backend.cc:686): SrpcRpcBackend request stats: msg_size_req_sent: 0 bytes, counter: 0, avg: 0.000000
20260909-08:02.25-682390(us) 2396532 * PrintStats      (srpc_rpc_backend.cc:686): SrpcRpcBackend request stats: msg_size_req_sent: 0 bytes, counter: 0, avg: 0.000000
20260909-08:02.25-682436(us) 2396532 * PrintStats      (srpc_rpc_backend.cc:686): SrpcRpcBackend request stats: msg_size_req_sent: 0 bytes, counter: 0, avg: 0.000000
20260909-08:02.25-682506(us) 2396532 * PrintStats      (srpc_rpc_backend.cc:686): SrpcRpcBackend request stats: msg_size_req_sent: 0 bytes, counter: 0, avg: 0.000000
20260909-08:02.25-682547(us) 2396532 * PrintStats      (srpc_rpc_backend.cc:686): SrpcRpcBackend request stats: msg_size_req_sent: 0 bytes, counter: 0, avg: 0.000000
20260909-08:02.25-682592(us) 2396532 * PrintStats      (srpc_rpc_backend.cc:686): SrpcRpcBackend request stats: msg_size_req_sent: 0 bytes, counter: 0, avg: 0.000000
20260909-08:02.25-682638(us) 2396532 * PrintStats      (srpc_rpc_backend.cc:686): SrpcRpcBackend request stats: msg_size_req_sent: 0 bytes, counter: 0, avg: 0.000000
20260909-08:02.25-682679(us) 2396532 * PrintStats      (srpc_rpc_backend.cc:686): SrpcRpcBackend request stats: msg_size_req_sent: 0 bytes, counter: 0, avg: 0.000000
20260909-08:02.25-682726(us) 2396532 * PrintStats      (srpc_rpc_backend.cc:686): SrpcRpcBackend request stats: msg_size_req_sent: 0 bytes, counter: 0, avg: 0.000000
20260909-08:02.25-682779(us) 2396532 * PrintStats      (srpc_rpc_backend.cc:686): SrpcRpcBackend request stats: msg_size_req_sent: 0 bytes, counter: 0, avg: 0.000000
20260909-08:02.25-682824(us) 2396532 * PrintStats      (srpc_rpc_backend.cc:686): SrpcRpcBackend request stats: msg_size_req_sent: 0 bytes, counter: 0, avg: 0.000000
20260909-08:02.25-682858(us) 2396532 * PrintStats      (srpc_rpc_backend.cc:686): SrpcRpcBackend request stats: msg_size_req_sent: 0 bytes, counter: 0, avg: 0.000000
20260909-08:02.25-682905(us) 2396532 * Stop            (srpc_rpc_backend.cc:635): SrpcRpcBackend::Stop: Server cleanup deferred to destructor
20260909-08:02.25-682922(us) 2396532 * Stop            (srpc_rpc_backend.cc:638): SrpcRpcBackend::Stop: Closing client connections
20260909-08:02.25-682937(us) 2396532 * Stop            (srpc_rpc_backend.cc:642): SrpcRpcBackend::Stop: Found 0 client connections to close
20260909-08:02.25-682956(us) 2396532 * Stop            (srpc_rpc_backend.cc:662): SrpcRpcBackend::Stop: Closed 0 client connections
20260909-08:02.25-682973(us) 2396532 * Stop            (srpc_rpc_backend.cc:675): SrpcRpcBackend stats: msg_size_resp_sent: 0 bytes, counter: 0, avg: 0.000000
20260909-08:02.25-682990(us) 2396532 * Stop            (srpc_rpc_backend.cc:676): SrpcRpcBackend::Stop: END
20260909-08:02.25-683006(us) 2396532 * Stop            (srpc_rpc_backend.cc:593): SrpcRpcBackend::Stop: BEGIN - Setting stop flag
20260909-08:02.25-683023(us) 2396532 * Stop            (srpc_rpc_backend.cc:596): SrpcRpcBackend::Stop: Waiting for event loop to exit...
20260909-08:02.25-683040(us) 2396532 * Stop            (srpc_rpc_backend.cc:612): SrpcRpcBackend::Stop: Event loop exited successfully
20260909-08:02.25-683056(us) 2396532 * Stop            (srpc_rpc_backend.cc:616): SrpcRpcBackend::Stop: Signaling 0 request queues to stop
20260909-08:02.25-683072(us) 2396532 * Stop            (srpc_rpc_backend.cc:624): SrpcRpcBackend::Stop: Signaling 0 response queues to stop
20260909-08:02.25-683089(us) 2396532 * Stop            (srpc_rpc_backend.cc:635): SrpcRpcBackend::Stop: Server cleanup deferred to destructor
20260909-08:02.25-683105(us) 2396532 * Stop            (srpc_rpc_backend.cc:638): SrpcRpcBackend::Stop: Closing client connections
20260909-08:02.25-683121(us) 2396532 * Stop            (srpc_rpc_backend.cc:642): SrpcRpcBackend::Stop: Found 0 client connections to close
20260909-08:02.25-683137(us) 2396532 * Stop            (srpc_rpc_backend.cc:662): SrpcRpcBackend::Stop: Closed 0 client connections
20260909-08:02.25-683153(us) 2396532 * Stop            (srpc_rpc_backend.cc:675): SrpcRpcBackend stats: msg_size_resp_sent: 0 bytes, counter: 0, avg: 0.000000
20260909-08:02.25-683170(us) 2396532 * Stop            (srpc_rpc_backend.cc:676): SrpcRpcBackend::Stop: END
20260909-08:02.25-683187(us) 2396532 * Stop            (srpc_rpc_backend.cc:593): SrpcRpcBackend::Stop: BEGIN - Setting stop flag
20260909-08:02.25-683203(us) 2396532 * Stop            (srpc_rpc_backend.cc:596): SrpcRpcBackend::Stop: Waiting for event loop to exit...
20260909-08:02.25-683219(us) 2396532 * Stop            (srpc_rpc_backend.cc:612): SrpcRpcBackend::Stop: Event loop exited successfully
20260909-08:02.25-683235(us) 2396532 * Stop            (srpc_rpc_backend.cc:616): SrpcRpcBackend::Stop: Signaling 0 request queues to stop
20260909-08:02.25-683251(us) 2396532 * Stop            (srpc_rpc_backend.cc:624): SrpcRpcBackend::Stop: Signaling 0 response queues to stop
20260909-08:02.25-683267(us) 2396532 * Stop            (srpc_rpc_backend.cc:635): SrpcRpcBackend::Stop: Server cleanup deferred to destructor
20260909-08:02.25-683284(us) 2396532 * Stop            (srpc_rpc_backend.cc:638): SrpcRpcBackend::Stop: Closing client connections
20260909-08:02.25-683300(us) 2396532 * Stop            (srpc_rpc_backend.cc:642): SrpcRpcBackend::Stop: Found 0 client connections to close
20260909-08:02.25-683316(us) 2396532 * Stop            (srpc_rpc_backend.cc:662): SrpcRpcBackend::Stop: Closed 0 client connections
20260909-08:02.25-683332(us) 2396532 * Stop            (srpc_rpc_backend.cc:675): SrpcRpcBackend stats: msg_size_resp_sent: 0 bytes, counter: 0, avg: 0.000000
20260909-08:02.25-683349(us) 2396532 * Stop            (srpc_rpc_backend.cc:676): SrpcRpcBackend::Stop: END
20260909-08:02.25-683366(us) 2396532 * Stop            (srpc_rpc_backend.cc:593): SrpcRpcBackend::Stop: BEGIN - Setting stop flag
20260909-08:02.25-683382(us) 2396532 * Stop            (srpc_rpc_backend.cc:596): SrpcRpcBackend::Stop: Waiting for event loop to exit...
20260909-08:02.25-683399(us) 2396532 * Stop            (srpc_rpc_backend.cc:612): SrpcRpcBackend::Stop: Event loop exited successfully
20260909-08:02.25-683415(us) 2396532 * Stop            (srpc_rpc_backend.cc:616): SrpcRpcBackend::Stop: Signaling 0 request queues to stop
20260909-08:02.25-683431(us) 2396532 * Stop            (srpc_rpc_backend.cc:624): SrpcRpcBackend::Stop: Signaling 0 response queues to stop
20260909-08:02.25-683447(us) 2396532 * Stop            (srpc_rpc_backend.cc:635): SrpcRpcBackend::Stop: Server cleanup deferred to destructor
20260909-08:02.25-683464(us) 2396532 * Stop            (srpc_rpc_backend.cc:638): SrpcRpcBackend::Stop: Closing client connections
20260909-08:02.25-683480(us) 2396532 * Stop            (srpc_rpc_backend.cc:642): SrpcRpcBackend::Stop: Found 0 client connections to close
20260909-08:02.25-683496(us) 2396532 * Stop            (srpc_rpc_backend.cc:662): SrpcRpcBackend::Stop: Closed 0 client connections
20260909-08:02.25-683513(us) 2396532 * Stop            (srpc_rpc_backend.cc:675): SrpcRpcBackend stats: msg_size_resp_sent: 0 bytes, counter: 0, avg: 0.000000
20260909-08:02.25-683529(us) 2396532 * Stop            (srpc_rpc_backend.cc:676): SrpcRpcBackend::Stop: END
20260909-08:02.25-683546(us) 2396532 * Stop            (srpc_rpc_backend.cc:593): SrpcRpcBackend::Stop: BEGIN - Setting stop flag
20260909-08:02.25-683563(us) 2396532 * Stop            (srpc_rpc_backend.cc:596): SrpcRpcBackend::Stop: Waiting for event loop to exit...
20260909-08:02.25-683579(us) 2396532 * Stop            (srpc_rpc_backend.cc:612): SrpcRpcBackend::Stop: Event loop exited successfully
20260909-08:02.25-683595(us) 2396532 * Stop            (srpc_rpc_backend.cc:616): SrpcRpcBackend::Stop: Signaling 0 request queues to stop
20260909-08:02.25-683610(us) 2396532 * Stop            (srpc_rpc_backend.cc:624): SrpcRpcBackend::Stop: Signaling 0 response queues to stop
20260909-08:02.25-683625(us) 2396532 * Stop            (srpc_rpc_backend.cc:635): SrpcRpcBackend::Stop: Server cleanup deferred to destructor
20260909-08:02.25-683641(us) 2396532 * Stop            (srpc_rpc_backend.cc:638): SrpcRpcBackend::Stop: Closing client connections
20260909-08:02.25-683657(us) 2396532 * Stop            (srpc_rpc_backend.cc:642): SrpcRpcBackend::Stop: Found 0 client connections to close
20260909-08:02.25-683675(us) 2396532 * Stop            (srpc_rpc_backend.cc:662): SrpcRpcBackend::Stop: Closed 0 client connections
20260909-08:02.25-683692(us) 2396532 * Stop            (srpc_rpc_backend.cc:675): SrpcRpcBackend stats: msg_size_resp_sent: 0 bytes, counter: 0, avg: 0.000000
20260909-08:02.25-683708(us) 2396532 * Stop            (srpc_rpc_backend.cc:676): SrpcRpcBackend::Stop: END
20260909-08:02.25-683726(us) 2396532 * Stop            (srpc_rpc_backend.cc:593): SrpcRpcBackend::Stop: BEGIN - Setting stop flag
20260909-08:02.25-683742(us) 2396532 * Stop            (srpc_rpc_backend.cc:596): SrpcRpcBackend::Stop: Waiting for event loop to exit...
20260909-08:02.25-683758(us) 2396532 * Stop            (srpc_rpc_backend.cc:612): SrpcRpcBackend::Stop: Event loop exited successfully
20260909-08:02.25-683774(us) 2396532 * Stop            (srpc_rpc_backend.cc:616): SrpcRpcBackend::Stop: Signaling 0 request queues to stop
20260909-08:02.25-683790(us) 2396532 * Stop            (srpc_rpc_backend.cc:624): SrpcRpcBackend::Stop: Signaling 0 response queues to stop
20260909-08:02.25-683806(us) 2396532 * Stop            (srpc_rpc_backend.cc:635): SrpcRpcBackend::Stop: Server cleanup deferred to destructor
20260909-08:02.25-683822(us) 2396532 * Stop            (srpc_rpc_backend.cc:638): SrpcRpcBackend::Stop: Closing client connections
20260909-08:02.25-683847(us) 2396532 * Stop            (srpc_rpc_backend.cc:642): SrpcRpcBackend::Stop: Found 0 client connections to close
20260909-08:02.25-683865(us) 2396532 * Stop            (srpc_rpc_backend.cc:662): SrpcRpcBackend::Stop: Closed 0 client connections
20260909-08:02.25-683880(us) 2396532 * Stop            (srpc_rpc_backend.cc:675): SrpcRpcBackend stats: msg_size_resp_sent: 0 bytes, counter: 0, avg: 0.000000
20260909-08:02.25-683895(us) 2396532 * Stop            (srpc_rpc_backend.cc:676): SrpcRpcBackend::Stop: END
20260909-08:02.25-683914(us) 2396532 * Stop            (srpc_rpc_backend.cc:593): SrpcRpcBackend::Stop: BEGIN - Setting stop flag
20260909-08:02.25-683929(us) 2396532 * Stop            (srpc_rpc_backend.cc:596): SrpcRpcBackend::Stop: Waiting for event loop to exit...
20260909-08:02.25-683945(us) 2396532 * Stop            (srpc_rpc_backend.cc:612): SrpcRpcBackend::Stop: Event loop exited successfully
20260909-08:02.25-683960(us) 2396532 * Stop            (srpc_rpc_backend.cc:616): SrpcRpcBackend::Stop: Signaling 0 request queues to stop
20260909-08:02.25-683974(us) 2396532 * Stop            (srpc_rpc_backend.cc:624): SrpcRpcBackend::Stop: Signaling 0 response queues to stop
20260909-08:02.25-683990(us) 2396532 * Stop            (srpc_rpc_backend.cc:635): SrpcRpcBackend::Stop: Server cleanup deferred to destructor
20260909-08:02.25-684005(us) 2396532 * Stop            (srpc_rpc_backend.cc:638): SrpcRpcBackend::Stop: Closing client connections
20260909-08:02.25-684021(us) 2396532 * Stop            (srpc_rpc_backend.cc:642): SrpcRpcBackend::Stop: Found 0 client connections to close
20260909-08:02.25-684036(us) 2396532 * Stop            (srpc_rpc_backend.cc:662): SrpcRpcBackend::Stop: Closed 0 client connections
20260909-08:02.25-684052(us) 2396532 * Stop            (srpc_rpc_backend.cc:675): SrpcRpcBackend stats: msg_size_resp_sent: 0 bytes, counter: 0, avg: 0.000000
20260909-08:02.25-684068(us) 2396532 * Stop            (srpc_rpc_backend.cc:676): SrpcRpcBackend::Stop: END
[SHUTDOWN] First stop() completed
[SHUTDOWN] Joining 16 worker threads20260909-08:02.25-684090(us) 2396532 * PrintStats      (srpc_rpc_backend.cc:686): SrpcRpcBackend request stats: msg_size_req_sent: 0 bytes, counter: 0, avg: 0.000000

[SHUTDOWN] Joining worker 0
20260909-08:02.25-684122(us) 2396532 * PrintStats      (srpc_rpc_backend.cc:686): SrpcRpcBackend request stats: msg_size_req_sent: 0 bytes, counter: 0, avg: 0.000000
20260909-08:02.26-684993(us) 2396532 * Stop            (srpc_rpc_backend.cc:589): SrpcRpcBackend::Stop: Already stopped, returning
20260909-08:02.26-685032(us) 2396532 * Shutdown        (srpc_rpc_backend.cc:112): SrpcRpcBackend::Shutdown: About to delete server
20260909-08:02.26-685050(us) 2396532 * Shutdown        (srpc_rpc_backend.cc:116): SrpcRpcBackend::Shutdown: Server pointer is valid, deleting...
20260909-08:02.26-685078(us) 2396532 * Stop            (srpc_rpc_backend.cc:589): SrpcRpcBackend::Stop: Already stopped, returning
20260909-08:02.26-685110(us) 2396532 * Shutdown        (srpc_rpc_backend.cc:112): SrpcRpcBackend::Shutdown: About to delete server
20260909-08:02.26-685131(us) 2396532 * Shutdown        (srpc_rpc_backend.cc:116): SrpcRpcBackend::Shutdown: Server pointer is valid, deleting...
20260909-08:02.26-685162(us) 2396532 * Stop            (srpc_rpc_backend.cc:589): SrpcRpcBackend::Stop: Already stopped, returning
20260909-08:02.26-685197(us) 2396532 * Shutdown        (srpc_rpc_backend.cc:112): SrpcRpcBackend::Shutdown: About to delete server
20260909-08:02.26-685219(us) 2396532 * Shutdown        (srpc_rpc_backend.cc:116): SrpcRpcBackend::Shutdown: Server pointer is valid, deleting...
20260909-08:02.26-685246(us) 2396532 * Shutdown        (srpc_rpc_backend.cc:120): SrpcRpcBackend::Shutdown: Server deleted successfully
20260909-08:02.26-685263(us) 2396532 * Shutdown        (srpc_rpc_backend.cc:132): SrpcRpcBackend::Shutdown: About to shutdown poll_thread_worker_
20260909-08:02.26-685279(us) 2396532 * Shutdown        (srpc_rpc_backend.cc:136): SrpcRpcBackend::Shutdown: poll_thread_worker_ is valid, calling shutdown()
20260909-08:02.26-685304(us) 2396532 * Shutdown        (srpc_rpc_backend.cc:120): SrpcRpcBackend::Shutdown: Server deleted successfully
20260909-08:02.26-685324(us) 2396532 * Shutdown        (srpc_rpc_backend.cc:132): SrpcRpcBackend::Shutdown: About to shutdown poll_thread_worker_
20260909-08:02.26-685354(us) 2396532 * Shutdown        (srpc_rpc_backend.cc:136): SrpcRpcBackend::Shutdown: poll_thread_worker_ is valid, calling shutdown()
20260909-08:02.26-685378(us) 2396532 * Shutdown        (srpc_rpc_backend.cc:120): SrpcRpcBackend::Shutdown: Server deleted successfully
20260909-08:02.26-685400(us) 2396532 * Shutdown        (srpc_rpc_backend.cc:132): SrpcRpcBackend::Shutdown: About to shutdown poll_thread_worker_
20260909-08:02.26-685416(us) 2396532 * Shutdown        (srpc_rpc_backend.cc:136): SrpcRpcBackend::Shutdown: poll_thread_worker_ is valid, calling shutdown()
20260909-08:02.26-686276(us) 2396532 * Shutdown        (srpc_rpc_backend.cc:138): SrpcRpcBackend::Shutdown: poll_thread_worker_->shutdown() completed
20260909-08:02.26-686326(us) 2396532 * Shutdown        (srpc_rpc_backend.cc:140): SrpcRpcBackend::Shutdown: poll_thread_worker_ reset to None
20260909-08:02.26-686349(us) 2396532 * Shutdown        (srpc_rpc_backend.cc:145): SrpcRpcBackend::Shutdown: Shutdown sequence completed, destructor will now exit
20260909-08:02.26-686371(us) 2396532 * ~SrpcRpcBackend (srpc_rpc_backend.cc:52): SrpcRpcBackend::~SrpcRpcBackend: START destructor
20260909-08:02.26-686393(us) 2396532 * Stop            (srpc_rpc_backend.cc:589): SrpcRpcBackend::Stop: Already stopped, returning
20260909-08:02.26-686416(us) 2396532 * Shutdown        (srpc_rpc_backend.cc:112): SrpcRpcBackend::Shutdown: About to delete server
20260909-08:02.26-686438(us) 2396532 * Shutdown        (srpc_rpc_backend.cc:129): SrpcRpcBackend::Shutdown: Server pointer is null, skipping deletion
20260909-08:02.26-686460(us) 2396532 * Shutdown        (srpc_rpc_backend.cc:132): SrpcRpcBackend::Shutdown: About to shutdown poll_thread_worker_
20260909-08:02.26-686482(us) 2396532 * Shutdown        (srpc_rpc_backend.cc:142): SrpcRpcBackend::Shutdown: poll_thread_worker_ is null, skipping shutdown
20260909-08:02.26-686503(us) 2396532 * Shutdown        (srpc_rpc_backend.cc:145): SrpcRpcBackend::Shutdown: Shutdown sequence completed, destructor will now exit
20260909-08:02.26-686525(us) 2396532 * ~SrpcRpcBackend (srpc_rpc_backend.cc:54): SrpcRpcBackend::~SrpcRpcBackend: Shutdown() completed
20260909-08:02.26-686858(us) 2396532 * Shutdown        (srpc_rpc_backend.cc:138): SrpcRpcBackend::Shutdown: poll_thread_worker_->shutdown() completed
20260909-08:02.26-686880(us) 2396532 * Shutdown        (srpc_rpc_backend.cc:138): SrpcRpcBackend::Shutdown: poll_thread_worker_->shutdown() completed
20260909-08:02.26-686920(us) 2396532 * Shutdown        (srpc_rpc_backend.cc:140): SrpcRpcBackend::Shutdown: poll_thread_worker_ reset to None
20260909-08:02.26-686941(us) 2396532 * Shutdown        (srpc_rpc_backend.cc:145): SrpcRpcBackend::Shutdown: Shutdown sequence completed, destructor will now exit
20260909-08:02.26-686959(us) 2396532 * ~SrpcRpcBackend (srpc_rpc_backend.cc:52): SrpcRpcBackend::~SrpcRpcBackend: START destructor
20260909-08:02.26-686980(us) 2396532 * Stop            (srpc_rpc_backend.cc:589): SrpcRpcBackend::Stop: Already stopped, returning
20260909-08:02.26-686998(us) 2396532 * Shutdown        (srpc_rpc_backend.cc:112): SrpcRpcBackend::Shutdown: About to delete server
20260909-08:02.26-687019(us) 2396532 * Shutdown        (srpc_rpc_backend.cc:129): SrpcRpcBackend::Shutdown: Server pointer is null, skipping deletion
20260909-08:02.26-687035(us) 2396532 * Shutdown        (srpc_rpc_backend.cc:132): SrpcRpcBackend::Shutdown: About to shutdown poll_thread_worker_
20260909-08:02.26-687053(us) 2396532 * Shutdown        (srpc_rpc_backend.cc:142): SrpcRpcBackend::Shutdown: poll_thread_worker_ is null, skipping shutdown
20260909-08:02.26-687075(us) 2396532 * Shutdown        (srpc_rpc_backend.cc:145): SrpcRpcBackend::Shutdown: Shutdown sequence completed, destructor will now exit
20260909-08:02.26-687093(us) 2396532 * ~SrpcRpcBackend (srpc_rpc_backend.cc:54): SrpcRpcBackend::~SrpcRpcBackend: Shutdown() completed
20260909-08:02.26-687123(us) 2396532 * Shutdown        (srpc_rpc_backend.cc:140): SrpcRpcBackend::Shutdown: poll_thread_worker_ reset to None
20260909-08:02.26-687145(us) 2396532 * Shutdown        (srpc_rpc_backend.cc:145): SrpcRpcBackend::Shutdown: Shutdown sequence completed, destructor will now exit
20260909-08:02.26-687162(us) 2396532 * ~SrpcRpcBackend (srpc_rpc_backend.cc:52): SrpcRpcBackend::~SrpcRpcBackend: START destructor
20260909-08:02.26-687181(us) 2396532 * Stop            (srpc_rpc_backend.cc:589): SrpcRpcBackend::Stop: Already stopped, returning
20260909-08:02.26-687200(us) 2396532 * Shutdown        (srpc_rpc_backend.cc:112): SrpcRpcBackend::Shutdown: About to delete server
20260909-08:02.26-687218(us) 2396532 * Shutdown        (srpc_rpc_backend.cc:129): SrpcRpcBackend::Shutdown: Server pointer is null, skipping deletion
20260909-08:02.26-687236(us) 2396532 * Shutdown        (srpc_rpc_backend.cc:132): SrpcRpcBackend::Shutdown: About to shutdown poll_thread_worker_
20260909-08:02.26-687254(us) 2396532 * Shutdown        (srpc_rpc_backend.cc:142): SrpcRpcBackend::Shutdown: poll_thread_worker_ is null, skipping shutdown
20260909-08:02.26-687273(us) 2396532 * Shutdown        (srpc_rpc_backend.cc:145): SrpcRpcBackend::Shutdown: Shutdown sequence completed, destructor will now exit
20260909-08:02.26-687295(us) 2396532 * ~SrpcRpcBackend (srpc_rpc_backend.cc:54): SrpcRpcBackend::~SrpcRpcBackend: Shutdown() completed
20260909-08:02.26-689550(us) 2396532 * Stop            (srpc_rpc_backend.cc:589): SrpcRpcBackend::Stop: Already stopped, returning
20260909-08:02.26-689584(us) 2396532 * Shutdown        (srpc_rpc_backend.cc:112): SrpcRpcBackend::Shutdown: About to delete server
20260909-08:02.26-689599(us) 2396532 * Shutdown        (srpc_rpc_backend.cc:116): SrpcRpcBackend::Shutdown: Server pointer is valid, deleting...
20260909-08:02.26-689620(us) 2396532 * Shutdown        (srpc_rpc_backend.cc:120): SrpcRpcBackend::Shutdown: Server deleted successfully
20260909-08:02.26-689634(us) 2396532 * Shutdown        (srpc_rpc_backend.cc:132): SrpcRpcBackend::Shutdown: About to shutdown poll_thread_worker_
20260909-08:02.26-689649(us) 2396532 * Shutdown        (srpc_rpc_backend.cc:136): SrpcRpcBackend::Shutdown: poll_thread_worker_ is valid, calling shutdown()
20260909-08:02.26-689945(us) 2396532 * Stop            (srpc_rpc_backend.cc:589): SrpcRpcBackend::Stop: Already stopped, returning
20260909-08:02.26-690017(us) 2396532 * Shutdown        (srpc_rpc_backend.cc:112): SrpcRpcBackend::Shutdown: About to delete server
20260909-08:02.26-690034(us) 2396532 * Shutdown        (srpc_rpc_backend.cc:116): SrpcRpcBackend::Shutdown: Server pointer is valid, deleting...
20260909-08:02.26-690057(us) 2396532 * Shutdown        (srpc_rpc_backend.cc:120): SrpcRpcBackend::Shutdown: Server deleted successfully
20260909-08:02.26-690071(us) 2396532 * Shutdown        (srpc_rpc_backend.cc:132): SrpcRpcBackend::Shutdown: About to shutdown poll_thread_worker_
20260909-08:02.26-690090(us) 2396532 * Shutdown        (srpc_rpc_backend.cc:136): SrpcRpcBackend::Shutdown: poll_thread_worker_ is valid, calling shutdown()
20260909-08:02.26-690120(us) 2396532 * Stop            (srpc_rpc_backend.cc:589): SrpcRpcBackend::Stop: Already stopped, returning
20260909-08:02.26-690160(us) 2396532 * Shutdown        (srpc_rpc_backend.cc:112): SrpcRpcBackend::Shutdown: About to delete server
20260909-08:02.26-690181(us) 2396532 * Shutdown        (srpc_rpc_backend.cc:116): SrpcRpcBackend::Shutdown: Server pointer is valid, deleting...
20260909-08:02.26-690204(us) 2396532 * Shutdown        (srpc_rpc_backend.cc:120): SrpcRpcBackend::Shutdown: Server deleted successfully
20260909-08:02.26-690225(us) 2396532 * Shutdown        (srpc_rpc_backend.cc:132): SrpcRpcBackend::Shutdown: About to shutdown poll_thread_worker_
20260909-08:02.26-690243(us) 2396532 * Shutdown        (srpc_rpc_backend.cc:136): SrpcRpcBackend::Shutdown: poll_thread_worker_ is valid, calling shutdown()
20260909-08:02.26-690278(us) 2396532 * Stop            (srpc_rpc_backend.cc:589): SrpcRpcBackend::Stop: Already stopped, returning
20260909-08:02.26-690339(us) 2396532 * Shutdown        (srpc_rpc_backend.cc:112): SrpcRpcBackend::Shutdown: About to delete server
20260909-08:02.26-690362(us) 2396532 * Shutdown        (srpc_rpc_backend.cc:116): SrpcRpcBackend::Shutdown: Server pointer is valid, deleting...
20260909-08:02.26-690387(us) 2396532 * Shutdown        (srpc_rpc_backend.cc:120): SrpcRpcBackend::Shutdown: Server deleted successfully
20260909-08:02.26-690404(us) 2396532 * Shutdown        (srpc_rpc_backend.cc:132): SrpcRpcBackend::Shutdown: About to shutdown poll_thread_worker_
20260909-08:02.26-690424(us) 2396532 * Shutdown        (srpc_rpc_backend.cc:136): SrpcRpcBackend::Shutdown: poll_thread_worker_ is valid, calling shutdown()
20260909-08:02.26-690529(us) 2396532 * Shutdown        (srpc_rpc_backend.cc:138): SrpcRpcBackend::Shutdown: poll_thread_worker_->shutdown() completed
20260909-08:02.26-690563(us) 2396532 * Shutdown        (srpc_rpc_backend.cc:140): SrpcRpcBackend::Shutdown: poll_thread_worker_ reset to None
20260909-08:02.26-690577(us) 2396532 * Shutdown        (srpc_rpc_backend.cc:145): SrpcRpcBackend::Shutdown: Shutdown sequence completed, destructor will now exit
20260909-08:02.26-690591(us) 2396532 * ~SrpcRpcBackend (srpc_rpc_backend.cc:52): SrpcRpcBackend::~SrpcRpcBackend: START destructor
20260909-08:02.26-690605(us) 2396532 * Stop            (srpc_rpc_backend.cc:589): SrpcRpcBackend::Stop: Already stopped, returning
20260909-08:02.26-690620(us) 2396532 * Shutdown        (srpc_rpc_backend.cc:112): SrpcRpcBackend::Shutdown: About to delete server
20260909-08:02.26-690641(us) 2396532 * Shutdown        (srpc_rpc_backend.cc:129): SrpcRpcBackend::Shutdown: Server pointer is null, skipping deletion
20260909-08:02.26-690655(us) 2396532 * Shutdown        (srpc_rpc_backend.cc:132): SrpcRpcBackend::Shutdown: About to shutdown poll_thread_worker_
20260909-08:02.26-690679(us) 2396532 * Shutdown        (srpc_rpc_backend.cc:142): SrpcRpcBackend::Shutdown: poll_thread_worker_ is null, skipping shutdown
20260909-08:02.26-690699(us) 2396532 * Shutdown        (srpc_rpc_backend.cc:145): SrpcRpcBackend::Shutdown: Shutdown sequence completed, destructor will now exit
20260909-08:02.26-690715(us) 2396532 * ~SrpcRpcBackend (srpc_rpc_backend.cc:54): SrpcRpcBackend::~SrpcRpcBackend: Shutdown() completed
20260909-08:02.26-690739(us) 2396532 * Stop            (srpc_rpc_backend.cc:589): SrpcRpcBackend::Stop: Already stopped, returning
20260909-08:02.26-690774(us) 2396532 * Shutdown        (srpc_rpc_backend.cc:112): SrpcRpcBackend::Shutdown: About to delete server
20260909-08:02.26-690790(us) 2396532 * Shutdown        (srpc_rpc_backend.cc:116): SrpcRpcBackend::Shutdown: Server pointer is valid, deleting...
20260909-08:02.26-690809(us) 2396532 * Shutdown        (srpc_rpc_backend.cc:120): SrpcRpcBackend::Shutdown: Server deleted successfully
20260909-08:02.26-690824(us) 2396532 * Shutdown        (srpc_rpc_backend.cc:132): SrpcRpcBackend::Shutdown: About to shutdown poll_thread_worker_
20260909-08:02.26-690851(us) 2396532 * Shutdown        (srpc_rpc_backend.cc:136): SrpcRpcBackend::Shutdown: poll_thread_worker_ is valid, calling shutdown()
20260909-08:02.26-690888(us) 2396532 * Stop            (srpc_rpc_backend.cc:589): SrpcRpcBackend::Stop: Already stopped, returning
20260909-08:02.26-690949(us) 2396532 * Shutdown        (srpc_rpc_backend.cc:112): SrpcRpcBackend::Shutdown: About to delete server
20260909-08:02.26-690975(us) 2396532 * Shutdown        (srpc_rpc_backend.cc:116): SrpcRpcBackend::Shutdown: Server pointer is valid, deleting...
20260909-08:02.26-691004(us) 2396532 * Shutdown        (srpc_rpc_backend.cc:120): SrpcRpcBackend::Shutdown: Server deleted successfully
20260909-08:02.26-691026(us) 2396532 * Shutdown        (srpc_rpc_backend.cc:132): SrpcRpcBackend::Shutdown: About to shutdown poll_thread_worker_
20260909-08:02.26-691050(us) 2396532 * Shutdown        (srpc_rpc_backend.cc:136): SrpcRpcBackend::Shutdown: poll_thread_worker_ is valid, calling shutdown()
20260909-08:02.26-691084(us) 2396532 * Stop            (srpc_rpc_backend.cc:589): SrpcRpcBackend::Stop: Already stopped, returning
20260909-08:02.26-691144(us) 2396532 * Shutdown        (srpc_rpc_backend.cc:112): SrpcRpcBackend::Shutdown: About to delete server
20260909-08:02.26-691180(us) 2396532 * Shutdown        (srpc_rpc_backend.cc:116): SrpcRpcBackend::Shutdown: Server pointer is valid, deleting...
20260909-08:02.26-691221(us) 2396532 * Shutdown        (srpc_rpc_backend.cc:120): SrpcRpcBackend::Shutdown: Server deleted successfully
20260909-08:02.26-691253(us) 2396532 * Shutdown        (srpc_rpc_backend.cc:132): SrpcRpcBackend::Shutdown: About to shutdown poll_thread_worker_
20260909-08:02.26-691284(us) 2396532 * Shutdown        (srpc_rpc_backend.cc:136): SrpcRpcBackend::Shutdown: poll_thread_worker_ is valid, calling shutdown()
20260909-08:02.26-691323(us) 2396532 * Stop            (srpc_rpc_backend.cc:589): SrpcRpcBackend::Stop: Already stopped, returning
20260909-08:02.26-691370(us) 2396532 * Shutdown        (srpc_rpc_backend.cc:112): SrpcRpcBackend::Shutdown: About to delete server
20260909-08:02.26-691394(us) 2396532 * Shutdown        (srpc_rpc_backend.cc:116): SrpcRpcBackend::Shutdown: Server pointer is valid, deleting...
20260909-08:02.26-691425(us) 2396532 * Shutdown        (srpc_rpc_backend.cc:120): SrpcRpcBackend::Shutdown: Server deleted successfully
20260909-08:02.26-691445(us) 2396532 * Shutdown        (srpc_rpc_backend.cc:132): SrpcRpcBackend::Shutdown: About to shutdown poll_thread_worker_
20260909-08:02.26-691466(us) 2396532 * Shutdown        (srpc_rpc_backend.cc:136): SrpcRpcBackend::Shutdown: poll_thread_worker_ is valid, calling shutdown()
20260909-08:02.26-691773(us) 2396532 * Shutdown        (srpc_rpc_backend.cc:138): SrpcRpcBackend::Shutdown: poll_thread_worker_->shutdown() completed
20260909-08:02.26-691842(us) 2396532 * Shutdown        (srpc_rpc_backend.cc:140): SrpcRpcBackend::Shutdown: poll_thread_worker_ reset to None
20260909-08:02.26-691875(us) 2396532 * Shutdown        (srpc_rpc_backend.cc:145): SrpcRpcBackend::Shutdown: Shutdown sequence completed, destructor will now exit
20260909-08:02.26-691907(us) 2396532 * ~SrpcRpcBackend (srpc_rpc_backend.cc:52): SrpcRpcBackend::~SrpcRpcBackend: START destructor
20260909-08:02.26-691938(us) 2396532 * Stop            (srpc_rpc_backend.cc:589): SrpcRpcBackend::Stop: Already stopped, returning
20260909-08:02.26-691973(us) 2396532 * Shutdown        (srpc_rpc_backend.cc:112): SrpcRpcBackend::Shutdown: About to delete server
20260909-08:02.26-692003(us) 2396532 * Shutdown        (srpc_rpc_backend.cc:129): SrpcRpcBackend::Shutdown: Server pointer is null, skipping deletion
20260909-08:02.26-692030(us) 2396532 * Shutdown        (srpc_rpc_backend.cc:132): SrpcRpcBackend::Shutdown: About to shutdown poll_thread_worker_
20260909-08:02.26-692056(us) 2396532 * Shutdown        (srpc_rpc_backend.cc:142): SrpcRpcBackend::Shutdown: poll_thread_worker_ is null, skipping shutdown
20260909-08:02.26-692082(us) 2396532 * Shutdown        (srpc_rpc_backend.cc:145): SrpcRpcBackend::Shutdown: Shutdown sequence completed, destructor will now exit
20260909-08:02.26-692109(us) 2396532 * ~SrpcRpcBackend (srpc_rpc_backend.cc:54): SrpcRpcBackend::~SrpcRpcBackend: Shutdown() completed
20260909-08:02.26-692143(us) 2396532 * Shutdown        (srpc_rpc_backend.cc:138): SrpcRpcBackend::Shutdown: poll_thread_worker_->shutdown() completed
20260909-08:02.26-692186(us) 2396532 * Shutdown        (srpc_rpc_backend.cc:140): SrpcRpcBackend::Shutdown: poll_thread_worker_ reset to None
20260909-08:02.26-692204(us) 2396532 * Shutdown        (srpc_rpc_backend.cc:145): SrpcRpcBackend::Shutdown: Shutdown sequence completed, destructor will now exit
20260909-08:02.26-692221(us) 2396532 * ~SrpcRpcBackend (srpc_rpc_backend.cc:52): SrpcRpcBackend::~SrpcRpcBackend: START destructor
20260909-08:02.26-692237(us) 2396532 * Stop            (srpc_rpc_backend.cc:589): SrpcRpcBackend::Stop: Already stopped, returning
20260909-08:02.26-692252(us) 2396532 * Shutdown        (srpc_rpc_backend.cc:112): SrpcRpcBackend::Shutdown: About to delete server
20260909-08:02.26-692270(us) 2396532 * Shutdown        (srpc_rpc_backend.cc:129): SrpcRpcBackend::Shutdown: Server pointer is null, skipping deletion
20260909-08:02.26-692297(us) 2396532 * Shutdown        (srpc_rpc_backend.cc:132): SrpcRpcBackend::Shutdown: About to shutdown poll_thread_worker_
20260909-08:02.26-692318(us) 2396532 * Shutdown        (srpc_rpc_backend.cc:142): SrpcRpcBackend::Shutdown: poll_thread_worker_ is null, skipping shutdown
20260909-08:02.26-692345(us) 2396532 * Shutdown        (srpc_rpc_backend.cc:138): SrpcRpcBackend::Shutdown: poll_thread_worker_->shutdown() completed
20260909-08:02.26-692389(us) 2396532 * Shutdown        (srpc_rpc_backend.cc:145): SrpcRpcBackend::Shutdown: Shutdown sequence completed, destructor will now exit
20260909-08:02.26-692417(us) 2396532 * ~SrpcRpcBackend (srpc_rpc_backend.cc:54): SrpcRpcBackend::~SrpcRpcBackend: Shutdown() completed
20260909-08:02.26-692450(us) 2396532 * Shutdown        (srpc_rpc_backend.cc:140): SrpcRpcBackend::Shutdown: poll_thread_worker_ reset to None
20260909-08:02.26-692481(us) 2396532 * Shutdown        (srpc_rpc_backend.cc:145): SrpcRpcBackend::Shutdown: Shutdown sequence completed, destructor will now exit
20260909-08:02.26-692513(us) 2396532 * ~SrpcRpcBackend (srpc_rpc_backend.cc:52): SrpcRpcBackend::~SrpcRpcBackend: START destructor
20260909-08:02.26-692542(us) 2396532 * Stop            (srpc_rpc_backend.cc:589): SrpcRpcBackend::Stop: Already stopped, returning
20260909-08:02.26-692577(us) 2396532 * Shutdown        (srpc_rpc_backend.cc:112): SrpcRpcBackend::Shutdown: About to delete server
20260909-08:02.26-692602(us) 2396532 * Shutdown        (srpc_rpc_backend.cc:129): SrpcRpcBackend::Shutdown: Server pointer is null, skipping deletion
20260909-08:02.26-692642(us) 2396532 * Shutdown        (srpc_rpc_backend.cc:132): SrpcRpcBackend::Shutdown: About to shutdown poll_thread_worker_
20260909-08:02.26-692668(us) 2396532 * Shutdown        (srpc_rpc_backend.cc:142): SrpcRpcBackend::Shutdown: poll_thread_worker_ is null, skipping shutdown
20260909-08:02.26-692699(us) 2396532 * Shutdown        (srpc_rpc_backend.cc:145): SrpcRpcBackend::Shutdown: Shutdown sequence completed, destructor will now exit
20260909-08:02.26-692732(us) 2396532 * ~SrpcRpcBackend (srpc_rpc_backend.cc:54): SrpcRpcBackend::~SrpcRpcBackend: Shutdown() completed
20260909-08:02.26-692768(us) 2396532 * Shutdown        (srpc_rpc_backend.cc:138): SrpcRpcBackend::Shutdown: poll_thread_worker_->shutdown() completed
20260909-08:02.26-692825(us) 2396532 * Shutdown        (srpc_rpc_backend.cc:140): SrpcRpcBackend::Shutdown: poll_thread_worker_ reset to None
20260909-08:02.26-692861(us) 2396532 * Shutdown        (srpc_rpc_backend.cc:145): SrpcRpcBackend::Shutdown: Shutdown sequence completed, destructor will now exit
20260909-08:02.26-692887(us) 2396532 * ~SrpcRpcBackend (srpc_rpc_backend.cc:52): SrpcRpcBackend::~SrpcRpcBackend: START destructor
20260909-08:02.26-692913(us) 2396532 * Stop            (srpc_rpc_backend.cc:589): SrpcRpcBackend::Stop: Already stopped, returning
20260909-08:02.26-692938(us) 2396532 * Shutdown        (srpc_rpc_backend.cc:112): SrpcRpcBackend::Shutdown: About to delete server
20260909-08:02.26-692963(us) 2396532 * Shutdown        (srpc_rpc_backend.cc:129): SrpcRpcBackend::Shutdown: Server pointer is null, skipping deletion
20260909-08:02.26-692983(us) 2396532 * Shutdown        (srpc_rpc_backend.cc:132): SrpcRpcBackend::Shutdown: About to shutdown poll_thread_worker_
20260909-08:02.26-693004(us) 2396532 * Shutdown        (srpc_rpc_backend.cc:142): SrpcRpcBackend::Shutdown: poll_thread_worker_ is null, skipping shutdown
20260909-08:02.26-693028(us) 2396532 * Shutdown        (srpc_rpc_backend.cc:145): SrpcRpcBackend::Shutdown: Shutdown sequence completed, destructor will now exit
20260909-08:02.26-693055(us) 2396532 * ~SrpcRpcBackend (srpc_rpc_backend.cc:54): SrpcRpcBackend::~SrpcRpcBackend: Shutdown() completed
20260909-08:02.26-693095(us) 2396532 * Shutdown        (srpc_rpc_backend.cc:138): SrpcRpcBackend::Shutdown: poll_thread_worker_->shutdown() completed
20260909-08:02.26-693164(us) 2396532 * Shutdown        (srpc_rpc_backend.cc:138): SrpcRpcBackend::Shutdown: poll_thread_worker_->shutdown() completed
20260909-08:02.26-693207(us) 2396532 * Shutdown        (srpc_rpc_backend.cc:140): SrpcRpcBackend::Shutdown: poll_thread_worker_ reset to None
20260909-08:02.26-693242(us) 2396532 * Shutdown        (srpc_rpc_backend.cc:145): SrpcRpcBackend::Shutdown: Shutdown sequence completed, destructor will now exit
20260909-08:02.26-693271(us) 2396532 * ~SrpcRpcBackend (srpc_rpc_backend.cc:52): SrpcRpcBackend::~SrpcRpcBackend: START destructor
20260909-08:02.26-693306(us) 2396532 * Stop            (srpc_rpc_backend.cc:589): SrpcRpcBackend::Stop: Already stopped, returning
20260909-08:02.26-693334(us) 2396532 * Shutdown        (srpc_rpc_backend.cc:112): SrpcRpcBackend::Shutdown: About to delete server
20260909-08:02.26-693376(us) 2396532 * Shutdown        (srpc_rpc_backend.cc:129): SrpcRpcBackend::Shutdown: Server pointer is null, skipping deletion
20260909-08:02.26-693415(us) 2396532 * Shutdown        (srpc_rpc_backend.cc:132): SrpcRpcBackend::Shutdown: About to shutdown poll_thread_worker_
20260909-08:02.26-693456(us) 2396532 * Shutdown        (srpc_rpc_backend.cc:142): SrpcRpcBackend::Shutdown: poll_thread_worker_ is null, skipping shutdown
20260909-08:02.26-693490(us) 2396532 * Shutdown        (srpc_rpc_backend.cc:145): SrpcRpcBackend::Shutdown: Shutdown sequence completed, destructor will now exit
20260909-08:02.26-693530(us) 2396532 * ~SrpcRpcBackend (srpc_rpc_backend.cc:54): SrpcRpcBackend::~SrpcRpcBackend: Shutdown() completed
20260909-08:02.26-693574(us) 2396532 * Shutdown        (srpc_rpc_backend.cc:140): SrpcRpcBackend::Shutdown: poll_thread_worker_ reset to None
20260909-08:02.26-693620(us) 2396532 * Shutdown        (srpc_rpc_backend.cc:145): SrpcRpcBackend::Shutdown: Shutdown sequence completed, destructor will now exit
20260909-08:02.26-693664(us) 2396532 * ~SrpcRpcBackend (srpc_rpc_backend.cc:52): SrpcRpcBackend::~SrpcRpcBackend: START destructor
20260909-08:02.26-693703(us) 2396532 * Stop            (srpc_rpc_backend.cc:589): SrpcRpcBackend::Stop: Already stopped, returning
20260909-08:02.26-693745(us) 2396532 * Shutdown        (srpc_rpc_backend.cc:112): SrpcRpcBackend::Shutdown: About to delete server
20260909-08:02.26-693789(us) 2396532 * Shutdown        (srpc_rpc_backend.cc:129): SrpcRpcBackend::Shutdown: Server pointer is null, skipping deletion
20260909-08:02.26-693824(us) 2396532 * Shutdown        (srpc_rpc_backend.cc:132): SrpcRpcBackend::Shutdown: About to shutdown poll_thread_worker_
20260909-08:02.26-693878(us) 2396532 * Shutdown        (srpc_rpc_backend.cc:142): SrpcRpcBackend::Shutdown: poll_thread_worker_ is null, skipping shutdown
20260909-08:02.26-693919(us) 2396532 * Shutdown        (srpc_rpc_backend.cc:145): SrpcRpcBackend::Shutdown: Shutdown sequence completed, destructor will now exit
20260909-08:02.26-693957(us) 2396532 * ~SrpcRpcBackend (srpc_rpc_backend.cc:54): SrpcRpcBackend::~SrpcRpcBackend: Shutdown() completed
20260909-08:02.26-694006(us) 2396532 * Shutdown        (srpc_rpc_backend.cc:138): SrpcRpcBackend::Shutdown: poll_thread_worker_->shutdown() completed
20260909-08:02.26-694103(us) 2396532 * Shutdown        (srpc_rpc_backend.cc:140): SrpcRpcBackend::Shutdown: poll_thread_worker_ reset to None
20260909-08:02.26-694140(us) 2396532 * Shutdown        (srpc_rpc_backend.cc:145): SrpcRpcBackend::Shutdown: Shutdown sequence completed, destructor will now exit
20260909-08:02.26-694176(us) 2396532 * ~SrpcRpcBackend (srpc_rpc_backend.cc:52): SrpcRpcBackend::~SrpcRpcBackend: START destructor
20260909-08:02.26-694215(us) 2396532 * Stop            (srpc_rpc_backend.cc:589): SrpcRpcBackend::Stop: Already stopped, returning
20260909-08:02.26-694252(us) 2396532 * Shutdown        (srpc_rpc_backend.cc:112): SrpcRpcBackend::Shutdown: About to delete server
20260909-08:02.26-694286(us) 2396532 * Shutdown        (srpc_rpc_backend.cc:129): SrpcRpcBackend::Shutdown: Server pointer is null, skipping deletion
20260909-08:02.26-694325(us) 2396532 * Shutdown        (srpc_rpc_backend.cc:132): SrpcRpcBackend::Shutdown: About to shutdown poll_thread_worker_
20260909-08:02.26-694361(us) 2396532 * Shutdown        (srpc_rpc_backend.cc:142): SrpcRpcBackend::Shutdown: poll_thread_worker_ is null, skipping shutdown
20260909-08:02.26-694395(us) 2396532 * Shutdown        (srpc_rpc_backend.cc:145): SrpcRpcBackend::Shutdown: Shutdown sequence completed, destructor will now exit
20260909-08:02.26-694435(us) 2396532 * ~SrpcRpcBackend (srpc_rpc_backend.cc:54): SrpcRpcBackend::~SrpcRpcBackend: Shutdown() completed
20260909-08:02.26-694477(us) 2396532 * Stop            (srpc_rpc_backend.cc:589): SrpcRpcBackend::Stop: Already stopped, returning
20260909-08:02.26-694522(us) 2396532 * Shutdown        (srpc_rpc_backend.cc:112): SrpcRpcBackend::Shutdown: About to delete server
20260909-08:02.26-694547(us) 2396532 * Shutdown        (srpc_rpc_backend.cc:116): SrpcRpcBackend::Shutdown: Server pointer is valid, deleting...
20260909-08:02.26-694577(us) 2396532 * Shutdown        (srpc_rpc_backend.cc:120): SrpcRpcBackend::Shutdown: Server deleted successfully
20260909-08:02.26-694601(us) 2396532 * Shutdown        (srpc_rpc_backend.cc:132): SrpcRpcBackend::Shutdown: About to shutdown poll_thread_worker_
20260909-08:02.26-694626(us) 2396532 * Shutdown        (srpc_rpc_backend.cc:136): SrpcRpcBackend::Shutdown: poll_thread_worker_ is valid, calling shutdown()
20260909-08:02.26-694753(us) 2396532 * Stop            (srpc_rpc_backend.cc:589): SrpcRpcBackend::Stop: Already stopped, returning
20260909-08:02.26-694806(us) 2396532 * Shutdown        (srpc_rpc_backend.cc:112): SrpcRpcBackend::Shutdown: About to delete server
20260909-08:02.26-694854(us) 2396532 * Shutdown        (srpc_rpc_backend.cc:116): SrpcRpcBackend::Shutdown: Server pointer is valid, deleting...
20260909-08:02.26-694887(us) 2396532 * Shutdown        (srpc_rpc_backend.cc:120): SrpcRpcBackend::Shutdown: Server deleted successfully
20260909-08:02.26-694911(us) 2396532 * Shutdown        (srpc_rpc_backend.cc:132): SrpcRpcBackend::Shutdown: About to shutdown poll_thread_worker_
20260909-08:02.26-694932(us) 2396532 * Shutdown        (srpc_rpc_backend.cc:136): SrpcRpcBackend::Shutdown: poll_thread_worker_ is valid, calling shutdown()
20260909-08:02.26-696197(us) 2396532 * Shutdown        (srpc_rpc_backend.cc:138): SrpcRpcBackend::Shutdown: poll_thread_worker_->shutdown() completed
20260909-08:02.26-696241(us) 2396532 * Shutdown        (srpc_rpc_backend.cc:140): SrpcRpcBackend::Shutdown: poll_thread_worker_ reset to None
20260909-08:02.26-696264(us) 2396532 * Shutdown        (srpc_rpc_backend.cc:145): SrpcRpcBackend::Shutdown: Shutdown sequence completed, destructor will now exit
20260909-08:02.26-696282(us) 2396532 * ~SrpcRpcBackend (srpc_rpc_backend.cc:52): SrpcRpcBackend::~SrpcRpcBackend: START destructor
20260909-08:02.26-696311(us) 2396532 * Stop            (srpc_rpc_backend.cc:589): SrpcRpcBackend::Stop: Already stopped, returning
20260909-08:02.26-696337(us) 2396532 * Shutdown        (srpc_rpc_backend.cc:112): SrpcRpcBackend::Shutdown: About to delete server
20260909-08:02.26-696354(us) 2396532 * Shutdown        (srpc_rpc_backend.cc:129): SrpcRpcBackend::Shutdown: Server pointer is null, skipping deletion
20260909-08:02.26-696372(us) 2396532 * Shutdown        (srpc_rpc_backend.cc:132): SrpcRpcBackend::Shutdown: About to shutdown poll_thread_worker_
20260909-08:02.26-696395(us) 2396532 * Shutdown        (srpc_rpc_backend.cc:142): SrpcRpcBackend::Shutdown: poll_thread_worker_ is null, skipping shutdown
20260909-08:02.26-696418(us) 2396532 * Shutdown        (srpc_rpc_backend.cc:145): SrpcRpcBackend::Shutdown: Shutdown sequence completed, destructor will now exit
20260909-08:02.26-696433(us) 2396532 * ~SrpcRpcBackend (srpc_rpc_backend.cc:54): SrpcRpcBackend::~SrpcRpcBackend: Shutdown() completed
20260909-08:02.26-696959(us) 2396532 * Shutdown        (srpc_rpc_backend.cc:138): SrpcRpcBackend::Shutdown: poll_thread_worker_->shutdown() completed
20260909-08:02.26-696998(us) 2396532 * Shutdown        (srpc_rpc_backend.cc:140): SrpcRpcBackend::Shutdown: poll_thread_worker_ reset to None
20260909-08:02.26-697015(us) 2396532 * Shutdown        (srpc_rpc_backend.cc:145): SrpcRpcBackend::Shutdown: Shutdown sequence completed, destructor will now exit
20260909-08:02.26-697035(us) 2396532 * ~SrpcRpcBackend (srpc_rpc_backend.cc:52): SrpcRpcBackend::~SrpcRpcBackend: START destructor
20260909-08:02.26-697050(us) 2396532 * Stop            (srpc_rpc_backend.cc:589): SrpcRpcBackend::Stop: Already stopped, returning
20260909-08:02.26-697064(us) 2396532 * Shutdown        (srpc_rpc_backend.cc:112): SrpcRpcBackend::Shutdown: About to delete server
20260909-08:02.26-697083(us) 2396532 * Shutdown        (srpc_rpc_backend.cc:129): SrpcRpcBackend::Shutdown: Server pointer is null, skipping deletion
20260909-08:02.26-697107(us) 2396532 * Shutdown        (srpc_rpc_backend.cc:132): SrpcRpcBackend::Shutdown: About to shutdown poll_thread_worker_
20260909-08:02.26-697127(us) 2396532 [SHUTDOWN] Worker * Shutdown        (srpc_rpc_backend.cc:142): SrpcRpcBackend::Shutdown: poll_thread_worker_ is null, skipping shutdown
0 joined
[SHUTDOWN] Joining worker 1
20260909-08:02.26-697176(us) 2396532 * Shutdown        (srpc_rpc_backend.cc:145): SrpcRpcBackend::Shutdown: Shutdown sequence completed, destructor will now exit
20260909-08:02.26-697241(us) 2396532 * ~SrpcRpcBackend (srpc_rpc_backend.cc:54): SrpcRpcBackend::~SrpcRpcBackend: Shutdown() completed
[SHUTDOWN] Worker 1 joined
[SHUTDOWN] Joining worker 2
[SHUTDOWN] Worker 2 joined
[SHUTDOWN] Joining worker 3
20260909-08:02.26-700397(us) 2396532 * Stop            (srpc_rpc_backend.cc:589): SrpcRpcBackend::Stop: Already stopped, returning
20260909-08:02.26-700442(us) 2396532 * Shutdown        (srpc_rpc_backend.cc:112): SrpcRpcBackend::Shutdown: About to delete server
20260909-08:02.26-700464(us) 2396532 * Shutdown        (srpc_rpc_backend.cc:116): SrpcRpcBackend::Shutdown: Server pointer is valid, deleting...
20260909-08:02.26-700484(us) 2396532 * Stop            (srpc_rpc_backend.cc:589): SrpcRpcBackend::Stop: Already stopped, returning
20260909-08:02.26-700530(us) 2396532 * Shutdown        (srpc_rpc_backend.cc:112): SrpcRpcBackend::Shutdown: About to delete server
20260909-08:02.26-700561(us) 2396532 * Shutdown        (srpc_rpc_backend.cc:116): SrpcRpcBackend::Shutdown: Server pointer is valid, deleting...
20260909-08:02.26-700590(us) 2396532 * Shutdown        (srpc_rpc_backend.cc:120): SrpcRpcBackend::Shutdown: Server deleted successfully
20260909-08:02.26-700614(us) 2396532 * Shutdown        (srpc_rpc_backend.cc:132): SrpcRpcBackend::Shutdown: About to shutdown poll_thread_worker_
20260909-08:02.26-700639(us) 2396532 * Shutdown        (srpc_rpc_backend.cc:136): SrpcRpcBackend::Shutdown: poll_thread_worker_ is valid, calling shutdown()
20260909-08:02.26-700671(us) 2396532 * Shutdown        (srpc_rpc_backend.cc:120): SrpcRpcBackend::Shutdown: Server deleted successfully
20260909-08:02.26-700695(us) 2396532 * Shutdown        (srpc_rpc_backend.cc:132): SrpcRpcBackend::Shutdown: About to shutdown poll_thread_worker_
20260909-08:02.26-700717(us) 2396532 * Shutdown        (srpc_rpc_backend.cc:136): SrpcRpcBackend::Shutdown: poll_thread_worker_ is valid, calling shutdown()
20260909-08:02.26-701641(us) 2396532 * Shutdown        (srpc_rpc_backend.cc:138): SrpcRpcBackend::Shutdown: poll_thread_worker_->shutdown() completed
20260909-08:02.26-701687(us) 2396532 * Shutdown        (srpc_rpc_backend.cc:140): SrpcRpcBackend::Shutdown: poll_thread_worker_ reset to None
20260909-08:02.26-701709(us) 2396532 * Shutdown        (srpc_rpc_backend.cc:145): SrpcRpcBackend::Shutdown: Shutdown sequence completed, destructor will now exit
20260909-08:02.26-701730(us) 2396532 * ~SrpcRpcBackend (srpc_rpc_backend.cc:52): SrpcRpcBackend::~SrpcRpcBackend: START destructor
20260909-08:02.26-701758(us) 2396532 * Stop            (srpc_rpc_backend.cc:589): SrpcRpcBackend::Stop: Already stopped, returning
20260909-08:02.26-701778(us) 2396532 * Shutdown        (srpc_rpc_backend.cc:112): SrpcRpcBackend::Shutdown: About to delete server
20260909-08:02.26-701801(us) 2396532 * Shutdown        (srpc_rpc_backend.cc:129): SrpcRpcBackend::Shutdown: Server pointer is null, skipping deletion
20260909-08:02.26-701824(us) 2396532 * Shutdown        (srpc_rpc_backend.cc:132): SrpcRpcBackend::Shutdown: About to shutdown poll_thread_worker_
20260909-08:02.26-701859(us) 2396532 * Shutdown        (srpc_rpc_backend.cc:142): SrpcRpcBackend::Shutdown: poll_thread_worker_ is null, skipping shutdown
20260909-08:02.26-701881(us) 2396532 * Shutdown        (srpc_rpc_backend.cc:145): SrpcRpcBackend::Shutdown: Shutdown sequence completed, destructor will now exit
20260909-08:02.26-701909(us) 2396532 * ~SrpcRpcBackend (srpc_rpc_backend.cc:54): SrpcRpcBackend::~SrpcRpcBackend: Shutdown() completed
20260909-08:02.26-701989(us) 2396532 * Shutdown        (srpc_rpc_backend.cc:138): SrpcRpcBackend::Shutdown: poll_thread_worker_->shutdown() completed
20260909-08:02.26-702032(us) 2396532 * Shutdown        (srpc_rpc_backend.cc:140): SrpcRpcBackend::Shutdown: poll_thread_worker_ reset to None
20260909-08:02.26-702051(us) 2396532 * Shutdown        (srpc_rpc_backend.cc:145): SrpcRpcBackend::Shutdown: Shutdown sequence completed, destructor will now exit
20260909-08:02.26-702069(us) 2396532 * ~SrpcRpcBackend (srpc_rpc_backend.cc:52): SrpcRpcBackend::~SrpcRpcBackend: START destructor
20260909-08:02.26-702102(us) 2396532 * Stop            (srpc_rpc_backend.cc:589): SrpcRpcBackend::Stop: Already stopped, returning
20260909-08:02.26-702128(us) 2396532 * Shutdown        (srpc_rpc_backend.cc:112): SrpcRpcBackend::Shutdown: About to delete server
20260909-08:02.26-702152(us) 2396532 * Shutdown        (srpc_rpc_backend.cc:129): SrpcRpcBackend::Shutdown: Server pointer is null, skipping deletion
20260909-08:02.26-702180(us) 2396532 * Shutdown        (srpc_rpc_backend.cc:132): SrpcRpcBackend::Shutdown: About to shutdown poll_thread_worker_
20260909-08:02.26-702206(us) 2396532 * Shutdown        (srpc_rpc_backend.cc:142): SrpcRpcBackend::Shutdown: poll_thread_worker_ is null, skipping shutdown
20260909-08:02.26-702236(us) 2396532 * Shutdown        (srpc_rpc_backend.cc:145): SrpcRpcBackend::Shutdown: Shutdown sequence completed, destructor will now exit
20260909-08:02.26-702266(us) 2396532 * ~SrpcRpcBackend (srpc_rpc_backend.cc:54): SrpcRpcBackend::~SrpcRpcBackend: Shutdown() completed
[SHUTDOWN] Worker 3 joined
[SHUTDOWN] Joining worker 4
[SHUTDOWN] Worker 4 joined
[SHUTDOWN] Joining worker 5
[SHUTDOWN] Worker 5 joined
[SHUTDOWN] Joining worker 6
[SHUTDOWN] Worker 6 joined
[SHUTDOWN] Joining worker 7
20260909-08:02.26-704192(us) 2396532 * Stop            (srpc_rpc_backend.cc:589): SrpcRpcBackend::Stop: Already stopped, returning
20260909-08:02.26-704223(us) 2396532 * Shutdown        (srpc_rpc_backend.cc:112): SrpcRpcBackend::Shutdown: About to delete server
20260909-08:02.26-704238(us) 2396532 * Shutdown        (srpc_rpc_backend.cc:116): SrpcRpcBackend::Shutdown: Server pointer is valid, deleting...
20260909-08:02.26-704256(us) 2396532 * Shutdown        (srpc_rpc_backend.cc:120): SrpcRpcBackend::Shutdown: Server deleted successfully
20260909-08:02.26-704268(us) 2396532 * Shutdown        (srpc_rpc_backend.cc:132): SrpcRpcBackend::Shutdown: About to shutdown poll_thread_worker_
20260909-08:02.26-704281(us) 2396532 * Shutdown        (srpc_rpc_backend.cc:136): SrpcRpcBackend::Shutdown: poll_thread_worker_ is valid, calling shutdown()
20260909-08:02.26-705312(us) 2396532 * Shutdown        (srpc_rpc_backend.cc:138): SrpcRpcBackend::Shutdown: poll_thread_worker_->shutdown() completed
20260909-08:02.26-705341(us) 2396532 * Shutdown        (srpc_rpc_backend.cc:140): SrpcRpcBackend::Shutdown: poll_thread_worker_ reset to None
20260909-08:02.26-705354(us) 2396532 * Shutdown        (srpc_rpc_backend.cc:145): SrpcRpcBackend::Shutdown: Shutdown sequence completed, destructor will now exit
20260909-08:02.26-705367(us) 2396532 * ~SrpcRpcBackend (srpc_rpc_backend.cc:52): SrpcRpcBackend::~SrpcRpcBackend: START destructor
20260909-08:02.26-705379(us) 2396532 * Stop            (srpc_rpc_backend.cc:589): SrpcRpcBackend::Stop: Already stopped, returning
20260909-08:02.26-705392(us) 2396532 * Shutdown        (srpc_rpc_backend.cc:112): SrpcRpcBackend::Shutdown: About to delete server
20260909-08:02.26-705405(us) 2396532 * Shutdown        (srpc_rpc_backend.cc:129): SrpcRpcBackend::Shutdown: Server pointer is null, skipping deletion
20260909-08:02.26-705417(us) 2396532 * Shutdown        (srpc_rpc_backend.cc:132): SrpcRpcBackend::Shutdown: About to shutdown poll_thread_worker_
20260909-08:02.26-705439(us) 2396532 * Shutdown        (srpc_rpc_backend.cc:142): SrpcRpcBackend::Shutdown: poll_thread_worker_ is null, skipping shutdown
20260909-08:02.26-705452(us) 2396532 * Shutdown        (srpc_rpc_backend.cc:145): SrpcRpcBackend::Shutdown: Shutdown sequence completed, destructor will now exit
20260909-08:02.26-705465(us) 2396532 * ~SrpcRpcBackend (srpc_rpc_backend.cc:54): SrpcRpcBackend::~SrpcRpcBackend: Shutdown() completed
[SHUTDOWN] Worker 7 joined
[SHUTDOWN] Joining worker 8
[SHUTDOWN] Worker 8 joined
[SHUTDOWN] Joining worker 9
[SHUTDOWN] Worker 9 joined
[SHUTDOWN] Joining worker 10
[SHUTDOWN] Worker 10 joined
[SHUTDOWN] Joining worker 11
[SHUTDOWN] Worker 11 joined
[SHUTDOWN] Joining worker 12
[SHUTDOWN] Worker 12 joined
[SHUTDOWN] Joining worker 13
[SHUTDOWN] Worker 13 joined
[SHUTDOWN] Joining worker 14
[SHUTDOWN] Worker 14 joined
[SHUTDOWN] Joining worker 15
[SHUTDOWN] Worker 15 joined
[SHUTDOWN] All workers joined
[SHUTDOWN] Calling stop_rpc_server()
[STOP_SERVER] Stopping 2 server transports
[STOP_SERVER] Stopping server transport 0
20260909-08:02.26-706726(us) 2396532 * Stop            (srpc_rpc_backend.cc:593): SrpcRpcBackend::Stop: BEGIN - Setting stop flag
20260909-08:02.26-706760(us) 2396532 * Stop            (srpc_rpc_backend.cc:596): SrpcRpcBackend::Stop: Waiting for event loop to exit...
20260909-08:02.26-706794(us) 2396532 * RunEventLoop    (srpc_rpc_backend.cc:577): SrpcRpcBackend::RunEventLoop: Stop flag detected, exiting event loop
20260909-08:02.26-706823(us) 2396532 * RunEventLoop    (srpc_rpc_backend.cc:581): SrpcRpcBackend::RunEventLoop: Exited cleanly
20260909-08:02.26-706847(us) 2396532 * rpc_server      (rpc_setup.cc:126): the rpc_server is terminated on shardIdx:0, alpha:0!
20260909-08:02.26-716908(us) 2396532 * Stop            (srpc_rpc_backend.cc:612): SrpcRpcBackend::Stop: Event loop exited successfully
20260909-08:02.26-716935(us) 2396532 * Stop            (srpc_rpc_backend.cc:616): SrpcRpcBackend::Stop: Signaling 0 request queues to stop
20260909-08:02.26-716955(us) 2396532 * Stop            (srpc_rpc_backend.cc:624): SrpcRpcBackend::Stop: Signaling 0 response queues to stop
20260909-08:02.26-716974(us) 2396532 * Stop            (srpc_rpc_backend.cc:635): SrpcRpcBackend::Stop: Server cleanup deferred to destructor
20260909-08:02.26-716994(us) 2396532 * Stop            (srpc_rpc_backend.cc:638): SrpcRpcBackend::Stop: Closing client connections
20260909-08:02.26-717013(us) 2396532 * Stop            (srpc_rpc_backend.cc:642): SrpcRpcBackend::Stop: Found 0 client connections to close
20260909-08:02.26-717042(us) 2396532 * Stop            (srpc_rpc_backend.cc:662): SrpcRpcBackend::Stop: Closed 0 client connections
20260909-08:02.26-717068(us) 2396532 * Stop            (srpc_rpc_backend.cc:675): SrpcRpcBackend stats: msg_size_resp_sent: 0 bytes, counter: 0, avg: 0.000000
20260909-08:02.26-717096(us) 2396532 * Stop            (srpc_rpc_backend.cc:676): SrpcRpcBackend::Stop: END
[STOP_SERVER] Server transport 0 stopped
[STOP_SERVER] Stopping server transport 1
20260909-08:02.26-717137(us) 2396532 * Stop            (srpc_rpc_backend.cc:593): SrpcRpcBackend::Stop: BEGIN - Setting stop flag
20260909-08:02.26-717158(us) 2396532 * Stop            (srpc_rpc_backend.cc:596): SrpcRpcBackend::Stop: Waiting for event loop to exit...
20260909-08:02.26-717264(us) 2396532 * RunEventLoop    (srpc_rpc_backend.cc:577): SrpcRpcBackend::RunEventLoop: Stop flag detected, exiting event loop
20260909-08:02.26-717291(us) 2396532 * RunEventLoop    (srpc_rpc_backend.cc:581): SrpcRpcBackend::RunEventLoop: Exited cleanly
20260909-08:02.26-717305(us) 2396532 * rpc_server      (rpc_setup.cc:126): the rpc_server is terminated on shardIdx:0, alpha:1!
20260909-08:02.26-727252(us) 2396532 * Stop            (srpc_rpc_backend.cc:612): SrpcRpcBackend::Stop: Event loop exited successfully
20260909-08:02.26-727278(us) 2396532 * Stop            (srpc_rpc_backend.cc:616): SrpcRpcBackend::Stop: Signaling 0 request queues to stop
20260909-08:02.26-727297(us) 2396532 * Stop            (srpc_rpc_backend.cc:624): SrpcRpcBackend::Stop: Signaling 0 response queues to stop
20260909-08:02.26-727316(us) 2396532 * Stop            (srpc_rpc_backend.cc:635): SrpcRpcBackend::Stop: Server cleanup deferred to destructor
20260909-08:02.26-727335(us) 2396532 * Stop            (srpc_rpc_backend.cc:638): SrpcRpcBackend::Stop: Closing client connections
20260909-08:02.26-727354(us) 2396532 * Stop            (srpc_rpc_backend.cc:642): SrpcRpcBackend::Stop: Found 0 client connections to close
20260909-08:02.26-727378(us) 2396532 * Stop            (srpc_rpc_backend.cc:662): SrpcRpcBackend::Stop: Closed 0 client connections
20260909-08:02.26-727401(us) 2396532 * Stop            (srpc_rpc_backend.cc:675): SrpcRpcBackend stats: msg_size_resp_sent: 0 bytes, counter: 0, avg: 0.000000
20260909-08:02.26-727426(us) 2396532 * Stop            (srpc_rpc_backend.cc:676): SrpcRpcBackend::Stop: END
[STOP_SERVER] Server transport 1 stopped
20260909-08:02.26-727577(us) 2396532 * Stop            (srpc_rpc_backend.cc:589): SrpcRpcBackend::Stop: Already stopped, returning
20260909-08:02.26-727602(us) 2396532 * Shutdown        (srpc_rpc_backend.cc:112): SrpcRpcBackend::Shutdown: About to delete server
20260909-08:02.26-727621(us) 2396532 * Shutdown        (srpc_rpc_backend.cc:116): SrpcRpcBackend::Shutdown: Server pointer is valid, deleting...
20260909-08:02.26-727653(us) 2396532 * Shutdown        (srpc_rpc_backend.cc:120): SrpcRpcBackend::Shutdown: Server deleted successfully
20260909-08:02.26-727675(us) 2396532 * Shutdown        (srpc_rpc_backend.cc:132): SrpcRpcBackend::Shutdown: About to shutdown poll_thread_worker_
20260909-08:02.26-727694(us) 2396532 * Shutdown        (srpc_rpc_backend.cc:136): SrpcRpcBackend::Shutdown: poll_thread_worker_ is valid, calling shutdown()
20260909-08:02.26-728298(us) 2396532 * Shutdown        (srpc_rpc_backend.cc:138): SrpcRpcBackend::Shutdown: poll_thread_worker_->shutdown() completed
20260909-08:02.26-728343(us) 2396532 * Shutdown        (srpc_rpc_backend.cc:140): SrpcRpcBackend::Shutdown: poll_thread_worker_ reset to None
20260909-08:02.26-728363(us) 2396532 * Shutdown        (srpc_rpc_backend.cc:145): SrpcRpcBackend::Shutdown: Shutdown sequence completed, destructor will now exit
20260909-08:02.26-728387(us) 2396532 * ~SrpcRpcBackend (srpc_rpc_backend.cc:52): SrpcRpcBackend::~SrpcRpcBackend: START destructor
20260909-08:02.26-728411(us) 2396532 * Stop            (srpc_rpc_backend.cc:589): SrpcRpcBackend::Stop: Already stopped, returning
20260909-08:02.26-728434(us) 2396532 * Shutdown        (srpc_rpc_backend.cc:112): SrpcRpcBackend::Shutdown: About to delete server
20260909-08:02.26-728454(us) 2396532 * Shutdown        (srpc_rpc_backend.cc:129): SrpcRpcBackend::Shutdown: Server pointer is null, skipping deletion
20260909-08:02.26-728480(us) 2396532 * Shutdown        (srpc_rpc_backend.cc:132): SrpcRpcBackend::Shutdown: About to shutdown poll_thread_worker_
20260909-08:02.26-728503(us) 2396532 * Shutdown        (srpc_rpc_backend.cc:142): SrpcRpcBackend::Shutdown: poll_thread_worker_ is null, skipping shutdown
20260909-08:02.26-728526(us) 2396532 * Shutdown        (srpc_rpc_backend.cc:145): SrpcRpcBackend::Shutdown: Shutdown sequence completed, destructor will now exit
20260909-08:02.26-728550(us) 2396532 * ~SrpcRpcBackend (srpc_rpc_backend.cc:54): SrpcRpcBackend::~SrpcRpcBackend: Shutdown() completed
20260909-08:02.26-728610(us) 2396532 * Stop            (srpc_rpc_backend.cc:589): SrpcRpcBackend::Stop: Already stopped, returning
20260909-08:02.26-728631(us) 2396532 * Shutdown        (srpc_rpc_backend.cc:112): SrpcRpcBackend::Shutdown: About to delete server
20260909-08:02.26-728650(us) 2396532 * Shutdown        (srpc_rpc_backend.cc:116): SrpcRpcBackend::Shutdown: Server pointer is valid, deleting...
20260909-08:02.26-728679(us) 2396532 * Shutdown        (srpc_rpc_backend.cc:120): SrpcRpcBackend::Shutdown: Server deleted successfully
20260909-08:02.26-728700(us) 2396532 * Shutdown        (srpc_rpc_backend.cc:132): SrpcRpcBackend::Shutdown: About to shutdown poll_thread_worker_
20260909-08:02.26-728723(us) 2396532 * Shutdown        (srpc_rpc_backend.cc:136): SrpcRpcBackend::Shutdown: poll_thread_worker_ is valid, calling shutdown()
20260909-08:02.26-729480(us) 2396532 * Shutdown        (srpc_rpc_backend.cc:138): SrpcRpcBackend::Shutdown: poll_thread_worker_->shutdown() completed
20260909-08:02.26-729520(us) 2396532 * Shutdown        (srpc_rpc_backend.cc:140): SrpcRpcBackend::Shutdown: poll_thread_worker_ reset to None
20260909-08:02.26-729545(us) 2396532 * Shutdown        (srpc_rpc_backend.cc:145): SrpcRpcBackend::Shutdown: Shutdown sequence completed, destructor will now exit
20260909-08:02.26-729569(us) 2396532 * ~SrpcRpcBackend (srpc_rpc_backend.cc:52): SrpcRpcBackend::~SrpcRpcBackend: START destructor
20260909-08:02.26-729592(us) 2396532 * Stop            (srpc_rpc_backend.cc:589): SrpcRpcBackend::Stop: Already stopped, returning
20260909-08:02.26-729616(us) 2396532 * Shutdown        (srpc_rpc_backend.cc:112): SrpcRpcBackend::Shutdown: About to delete server
20260909-08:02.26-729639(us) 2396532 * Shutdown        (srpc_rpc_backend.cc:129): SrpcRpcBackend::Shutdown: Server pointer is null, skipping deletion
20260909-08:02.26-729662(us) 2396532 * Shutdown        (srpc_rpc_backend.cc:132): SrpcRpcBackend::Shutdown: About to shutdown poll_thread_worker_
20260909-08:02.26-729686(us) 2396532 * Shutdown        (srpc_rpc_backend.cc:142): SrpcRpcBackend::Shutdown: poll_thread_worker_ is null, skipping shutdown
20260909-08:02.26-729709(us) 2396532 * Shutdown        (srpc_rpc_backend.cc:145): SrpcRpcBackend::Shutdown: Shutdown sequence completed, destructor will now exit
20260909-08:02.26-729732(us) 2396532 * ~SrpcRpcBackend (srpc_rpc_backend.cc:54): SrpcRpcBackend::~SrpcRpcBackend: Shutdown() completed
[STOP_SERVER] All server transports stopped
[SHUTDOWN] stop_rpc_server() completed
[SHUTDOWN] Calling second stop()
20260909-08:02.26-729804(us) 2396532 ! stop            (bench.cc:496):     stop all rpc clients. set stop=false
[SHUTDOWN] Second stop() completed
20260909-08:02.26-729843(us) 2396532 ! run             (bench.cc:731):     TPCC_BENCH_MEASURE_END
[SHUTDOWN] Calling do_txn_finish()
[SHUTDOWN] do_txn_finish() completed
--- n_commits per partition ---
 par_id: 0, n_commits: 412050
 par_id: 1, n_commits: 411062
 par_id: 2, n_commits: 405890
 par_id: 3, n_commits: 422546
 par_id: 4, n_commits: 426193
 par_id: 5, n_commits: 395289
 par_id: 6, n_commits: 420087
 par_id: 7, n_commits: 421436
 par_id: 8, n_commits: 426215
 par_id: 9, n_commits: 422822
 par_id: 10, n_commits: 420487
 par_id: 11, n_commits: 417038
 par_id: 12, n_commits: 418292
 par_id: 13, n_commits: 420833
 par_id: 14, n_commits: 419243
 par_id: 15, n_commits: 415056
--- benchmark statistics ---
runtime: 10.1512 sec
memory delta: 4703.76 MB
n_commits: 6674539
latency_numer_us: 157614737
latency_numer_us_remote: 0
memory delta rate: 463.372 MB/sec
logical memory delta: 423.28 MB
logical memory delta rate: 41.6977 MB/sec
agg_nosync_throughput: 657529 ops/sec
avg_nosync_per_core_throughput: 41095.6 ops/sec/core
agg_throughput: 657515 ops/sec
avg_per_core_throughput: 41094.7 ops/sec/core
agg_persist_throughput: 657515 ops/sec
avg_per_core_persist_throughput: 41094.7 ops/sec/core
avg_latency: 0.0236143 ms
avg_persist_latency: 0 ms
agg_abort_rate: 103.042 aborts/sec
avg_per_core_abort_rate: 6.44015 aborts/sec/core
  NewOrder_local_commit_latency: 0.0262105 ms
  NewOrder_local_abort_latency: 0.0615992 ms
  NewOrder_local_abort_ratio: 9.45478e-05
  Payment_local_commit_latency: 0.00831907 ms
  Payment_local_abort_latency: 0.0481475 ms
  Payment_local_abort_ratio: 5.22366e-06
  Delivery_local_commit_latency: 0.0998515 ms
  Delivery_local_abort_latency: 0 ms
  Delivery_local_abort_ratio: 0
  OrderStatus_local_commit_latency: 0.00862782 ms
  OrderStatus_local_abort_latency: 0.033961 ms
  OrderStatus_local_abort_ratio: 3.76308e-06
  StockLevel_local_commit_latency: 0.110068 ms
  StockLevel_local_abort_latency: 0.139336 ms
  StockLevel_local_abort_ratio: 0.00279092
  NewOrder_remote_ratio: 0 %
  NewOrder_remote_abort_ratio: 0 %
  NewOrder_remote_commit_latency: 0 ms
  NewOrder_remote_abort_latency: 0 ms
  Payment_remote_ratio: 0 %
  Payment_remote_abort_ratio: 0 %
  Payment_remote_commit_latency: 0 ms
  Payment_remote_abort_latency: 0 ms
--- system counters (for benchmark) ---
--- perf counters (if enabled, for benchmark) ---
--- allocator stats ---
[SiloRuntime 0] ncpus=16
[SiloRuntime 0] cpu=0 fully_faulted?=0 remaining=134217728 bytes
[SiloRuntime 0] cpu=1 fully_faulted?=0 remaining=134217728 bytes
[SiloRuntime 0] cpu=2 fully_faulted?=0 remaining=134217728 bytes
[SiloRuntime 0] cpu=3 fully_faulted?=0 remaining=134217728 bytes
[SiloRuntime 0] cpu=4 fully_faulted?=0 remaining=134217728 bytes
[SiloRuntime 0] cpu=5 fully_faulted?=0 remaining=134217728 bytes
[SiloRuntime 0] cpu=6 fully_faulted?=0 remaining=134217728 bytes
[SiloRuntime 0] cpu=7 fully_faulted?=0 remaining=134217728 bytes
[SiloRuntime 0] cpu=8 fully_faulted?=0 remaining=134217728 bytes
[SiloRuntime 0] cpu=9 fully_faulted?=0 remaining=134217728 bytes
[SiloRuntime 0] cpu=10 fully_faulted?=0 remaining=134217728 bytes
[SiloRuntime 0] cpu=11 fully_faulted?=0 remaining=134217728 bytes
[SiloRuntime 0] cpu=12 fully_faulted?=0 remaining=134217728 bytes
[SiloRuntime 0] cpu=13 fully_faulted?=0 remaining=134217728 bytes
[SiloRuntime 0] cpu=14 fully_faulted?=0 remaining=134217728 bytes
[SiloRuntime 0] cpu=15 fully_faulted?=0 remaining=134217728 bytes
---------------------------------------
--- system counters for n_commits ---
[STOP_SERVER] Stopping 0 server transports
[STOP_SERVER] All server transports stopped
