20260909-08:44.38-850144(us) 2420937 * ParseNewFormat  (configuration.cc:102): Using new configuration format
20260909-08:44.38-850290(us) 2420937 * ParseNewFormat  (configuration.cc:162): Loaded 1 sites in 1 shards
20260909-08:44.38-850335(us) 2420937 * handle_new_config_format (dbtest.cc:368):    Site local_s0: shard=0, replica_idx=0, is_leader=1, cluster=localhost
SiloRuntime[0]::InitializeAllocator()
  hugepgsize: 2097152
  mmap() region [0x700b6f000000, 0x700c6f200000)
  runtime0 cpu0 owns [0x700b6f000000, 0x700b7f000000)
  runtime0 cpu1 owns [0x700b7f000000, 0x700b8f000000)
  runtime0 cpu2 owns [0x700b8f000000, 0x700b9f000000)
  runtime0 cpu3 owns [0x700b9f000000, 0x700baf000000)
  runtime0 cpu4 owns [0x700baf000000, 0x700bbf000000)
  runtime0 cpu5 owns [0x700bbf000000, 0x700bcf000000)
  runtime0 cpu6 owns [0x700bcf000000, 0x700bdf000000)
  runtime0 cpu7 owns [0x700bdf000000, 0x700bef000000)
  runtime0 cpu8 owns [0x700bef000000, 0x700bff000000)
  runtime0 cpu9 owns [0x700bff000000, 0x700c0f000000)
  runtime0 cpu10 owns [0x700c0f000000, 0x700c1f000000)
  runtime0 cpu11 owns [0x700c1f000000, 0x700c2f000000)
  runtime0 cpu12 owns [0x700c2f000000, 0x700c3f000000)
  runtime0 cpu13 owns [0x700c3f000000, 0x700c4f000000)
  runtime0 cpu14 owns [0x700c4f000000, 0x700c5f000000)
  runtime0 cpu15 owns [0x700c5f000000, 0x700c6f000000)
Database Benchmark:
  pid: 2420937
settings:
  num-cpus    : 128
  num-threads : 16
  shardIndex  : 0
  paxos_proc_name  : localhost
  nshards     : 1
  is_micro    : 0
  is_replicated : 0
  storage_engine : cpp
  var-encode  : yes
  allocator   : jemalloc
system properties:
  tuple_prefetch          : no
  btree_node_prefetch     : yes
tpcc settings:
  cross_partition_transactions : 1
  read_only_snapshots          : 1
  partition_locks              : 0
  separate_tree_per_partition  : 1
  new_order_remote_item_pct    : 1
  new_order_fast_id_gen        : 1
  uniform_item_dist            : 0
  order_status_scan_hack       : 0
  workload_mix                 : [45, 43, 4, 4, 4]
20260909-08:44.38-854263(us) 2420937 * ParseNewFormat  (configuration.cc:102): Using new configuration format
20260909-08:44.38-854359(us) 2420937 * ParseNewFormat  (configuration.cc:162): Loaded 1 sites in 1 shards
20260909-08:44.38-854769(us) 2420937 * Initialize      (srpc_rpc_backend.cc:66): SrpcRpcBackend::Initialize: poll_thread_worker_ created, is_some=1
20260909-08:44.38-854964(us) 2420937 * ParseNewFormat  (configuration.cc:102): Using new configuration format
20260909-08:44.38-855032(us) 2420937 * Initialize      (srpc_rpc_backend.cc:97): SrpcRpcBackend initialized on 127.0.0.1:31021 (listening on 0.0.0.0:31021)
20260909-08:44.38-855059(us) 2420937 * FastTransport   (fasttransport.cc:147): FastTransport initialized with srpc/rpc backend on 127.0.0.1:31021
20260909-08:44.38-855085(us) 2420937 * RunEventLoop    (srpc_rpc_backend.cc:516): SrpcRpcBackend::RunEventLoop: Starting event loop
20260909-08:44.38-855123(us) 2420937 * ParseNewFormat  (configuration.cc:162): Loaded 1 sites in 1 shards
20260909-08:44.38-855491(us) 2420937 * Initialize      (srpc_rpc_backend.cc:66): SrpcRpcBackend::Initialize: poll_thread_worker_ created, is_some=1
20260909-08:44.38-855620(us) 2420937 * Initialize      (srpc_rpc_backend.cc:97): SrpcRpcBackend initialized on 127.0.0.1:31022 (listening on 0.0.0.0:31022)
20260909-08:44.38-855645(us) 2420937 * FastTransport   (fasttransport.cc:147): FastTransport initialized with srpc/rpc backend on 127.0.0.1:31022
20260909-08:44.38-855666(us) 2420937 * RunEventLoop    (srpc_rpc_backend.cc:516): SrpcRpcBackend::RunEventLoop: Starting event loop
20260909-08:44.38-858998(us) 2420937 ! run             (bench.cc:537):     # of loaders size:6
20260909-08:44.38-860517(us) 2420937 * benchmark_thread_init (mbta_wrapper.hh:1811): thread_init: thread_id=0, shard_index=0, getShardIndex=0, loader=1
20260909-08:44.38-860566(us) 2420937 * benchmark_thread_init (mbta_wrapper.hh:1811): thread_init: thread_id=1, shard_index=0, getShardIndex=0, loader=1
20260909-08:44.38-860803(us) 2420937 * benchmark_thread_init (mbta_wrapper.hh:1811): thread_init: thread_id=2, shard_index=0, getShardIndex=0, loader=1
20260909-08:44.38-860869(us) 2420937 * benchmark_thread_init (mbta_wrapper.hh:1811): thread_init: thread_id=3, shard_index=0, getShardIndex=0, loader=1
[INFO] finished loading warehouse
[INFO]   * average warehouse record length: 97 bytes
PinToWarehouseId(): coreid=2 pinned to whse=1 (partid=0)
PinToWarehouseId(): coreid=3 pinned to whse=1 (partid=0)
20260909-08:44.38-861397(us) 2420937 * benchmark_thread_init (mbta_wrapper.hh:1811): thread_init: thread_id=4, shard_index=0, getShardIndex=0, loader=1
PinToWarehouseId(): coreid=3 pinned to whse=2 (partid=1)
num batches: 3020260909-08:44.38-861485(us) 2420937 * benchmark_thread_init (mbta_wrapper.hh:1811): thread_init: thread_id=5, shard_index=0, getShardIndex=0, loader=1

PinToWarehouseId(): coreid=4 pinned to whse=1 (partid=0)
PinToWarehouseId(): coreid=3 pinned to whse=3 (partid=2)
PinToWarehouseId(): coreid=5 pinned to whse=1 (partid=0)
PinToWarehouseId(): coreid=3 pinned to whse=4 (partid=3)
PinToWarehouseId(): coreid=3 pinned to whse=5 (partid=4)
PinToWarehouseId(): coreid=3 pinned to whse=6 (partid=5)
PinToWarehouseId(): coreid=3 pinned to whse=7 (partid=6)
PinToWarehouseId(): coreid=3 pinned to whse=8 (partid=7)
PinToWarehouseId(): coreid=3 pinned to whse=9 (partid=8)
PinToWarehouseId(): coreid=3 pinned to whse=10 (partid=9)
PinToWarehouseId(): coreid=3 pinned to whse=11 (partid=10)
PinToWarehouseId(): coreid=3 pinned to whse=12 (partid=11)
PinToWarehouseId(): coreid=3 pinned to whse=13 (partid=12)
PinToWarehouseId(): coreid=3 pinned to whse=14 (partid=13)
PinToWarehouseId(): coreid=3 pinned to whse=15 (partid=14)
PinToWarehouseId(): coreid=3 pinned to whse=16 (partid=15)
[INFO] finished loading district
[INFO]   * average district record length: 99 bytes
PinToWarehouseId(): coreid=5 pinned to whse=2 (partid=1)
[INFO] finished loading item
[INFO]   * average item record length: 84.1739 bytes
PinToWarehouseId(): coreid=4 pinned to whse=2 (partid=1)
PinToWarehouseId(): coreid=5 pinned to whse=3 (partid=2)
PinToWarehouseId(): coreid=5 pinned to whse=4 (partid=3)
PinToWarehouseId(): coreid=4 pinned to whse=3 (partid=2)
PinToWarehouseId(): coreid=5 pinned to whse=5 (partid=4)
PinToWarehouseId(): coreid=5 pinned to whse=6 (partid=5)
PinToWarehouseId(): coreid=4 pinned to whse=4 (partid=3)
PinToWarehouseId(): coreid=5 pinned to whse=7 (partid=6)
PinToWarehouseId(): coreid=2 pinned to whse=2 (partid=1)
PinToWarehouseId(): coreid=5 pinned to whse=8 (partid=7)
PinToWarehouseId(): coreid=4 pinned to whse=5 (partid=4)
PinToWarehouseId(): coreid=5 pinned to whse=9 (partid=8)
PinToWarehouseId(): coreid=5 pinned to whse=10 (partid=9)
PinToWarehouseId(): coreid=4 pinned to whse=6 (partid=5)
PinToWarehouseId(): coreid=5 pinned to whse=11 (partid=10)
PinToWarehouseId(): coreid=5 pinned to whse=12 (partid=11)
PinToWarehouseId(): coreid=4 pinned to whse=7 (partid=6)
PinToWarehouseId(): coreid=5 pinned to whse=13 (partid=12)
PinToWarehouseId(): coreid=5 pinned to whse=14 (partid=13)
PinToWarehouseId(): coreid=4 pinned to whse=8 (partid=7)
PinToWarehouseId(): coreid=2 pinned to whse=3 (partid=2)
PinToWarehouseId(): coreid=5 pinned to whse=15 (partid=14)
PinToWarehouseId(): coreid=5 pinned to whse=16 (partid=15)
PinToWarehouseId(): coreid=4 pinned to whse=9 (partid=8)
[INFO] finished loading order
[INFO]   * average order_line record length: 11.2927 bytes
[INFO]   * average oorder record length: 7.9446 bytes
[INFO]   * average new_order record length: 12 bytes
PinToWarehouseId(): coreid=4 pinned to whse=10 (partid=9)
PinToWarehouseId(): coreid=4 pinned to whse=11 (partid=10)
PinToWarehouseId(): coreid=2 pinned to whse=4 (partid=3)
PinToWarehouseId(): coreid=4 pinned to whse=12 (partid=11)
PinToWarehouseId(): coreid=4 pinned to whse=13 (partid=12)
PinToWarehouseId(): coreid=4 pinned to whse=14 (partid=13)
PinToWarehouseId(): coreid=4 pinned to whse=15 (partid=14)
PinToWarehouseId(): coreid=2 pinned to whse=5 (partid=4)
PinToWarehouseId(): coreid=4 pinned to whse=16 (partid=15)
[INFO] finished loading customer
[INFO]   * average customer record length: 153.983 bytes 
PinToWarehouseId(): coreid=2 pinned to whse=6 (partid=5)
PinToWarehouseId(): coreid=2 pinned to whse=7 (partid=6)
PinToWarehouseId(): coreid=2 pinned to whse=8 (partid=7)
PinToWarehouseId(): coreid=2 pinned to whse=9 (partid=8)
PinToWarehouseId(): coreid=2 pinned to whse=10 (partid=9)
PinToWarehouseId(): coreid=2 pinned to whse=11 (partid=10)
PinToWarehouseId(): coreid=2 pinned to whse=12 (partid=11)
PinToWarehouseId(): coreid=2 pinned to whse=13 (partid=12)
PinToWarehouseId(): coreid=2 pinned to whse=14 (partid=13)
PinToWarehouseId(): coreid=2 pinned to whse=15 (partid=14)
PinToWarehouseId(): coreid=2 pinned to whse=16 (partid=15)
[INFO] finished loading stock
[INFO]   * average stock record length: 8 bytes
timed region dataloading took 20597.8 ms
DB size: 1810.28 MB
[0, 0, 0] txns persisted in loading phase
20260909-08:44.59-456901(us) 2420937 ! run             (bench.cc:607):     # of nthreads:16
starting benchmark...
tpcc: worker id 128 => warehouses [1, 2)
tpcc: worker id 129 => warehouses [2, 3)
tpcc: worker id 130 => warehouses [3, 4)
tpcc: worker id 131 => warehouses [4, 5)
tpcc: worker id 132 => warehouses [5, 6)
tpcc: worker id 133 => warehouses [6, 7)
tpcc: worker id 134 => warehouses [7, 8)
tpcc: worker id 135 => warehouses [8, 9)
tpcc: worker id 136 => warehouses [9, 10)
tpcc: worker id 137 => warehouses [10, 11)
tpcc: worker id 138 => warehouses [11, 12)
tpcc: worker id 139 => warehouses [12, 13)
tpcc: worker id 140 => warehouses [13, 14)
tpcc: worker id 141 => warehouses [14, 15)
tpcc: worker id 142 => warehouses [15, 16)
tpcc: worker id 143 => warehouses [16, 17)
20260909-08:44.59-468265(us) 2420937 * benchmark_thread_init (mbta_wrapper.hh:1811): thread_init: thread_id=6, shard_index=0, getShardIndex=0, loader=0
20260909-08:44.59-468414(us) 2420937 * benchmark_thread_init (mbta_wrapper.hh:1811): thread_init: thread_id=7, shard_index=0, getShardIndex=0, loader=0
20260909-08:44.59-468501(us) 2420937 * benchmark_thread_init (mbta_wrapper.hh:1811): thread_init: thread_id=8, shard_index=0, getShardIndex=0, loader=0
20260909-08:44.59-468574(us) 2420937 * benchmark_thread_init (mbta_wrapper.hh:1811): thread_init: thread_id=9, shard_index=0, getShardIndex=0, loader=0
20260909-08:44.59-468973(us) 2420937 * benchmark_thread_init (mbta_wrapper.hh:1811): thread_init: thread_id=10, shard_index=0, getShardIndex=0, loader=0
20260909-08:44.59-469101(us) 2420937 * benchmark_thread_init (mbta_wrapper.hh:1811): thread_init: thread_id=11, shard_index=0, getShardIndex=0, loader=0
20260909-08:44.59-469642(us) 2420937 * ParseNewFormat  (configuration.cc:102): Using new configuration format
20260909-08:44.59-469717(us) 2420937 * ParseNewFormat  (configuration.cc:162): Loaded 1 sites in 1 shards
20260909-08:44.59-469751(us) 2420937 * benchmark_thread_init (mbta_wrapper.hh:1811): thread_init: thread_id=12, shard_index=0, getShardIndex=0, loader=0
20260909-08:44.59-469804(us) 2420937 * ParseNewFormat  (configuration.cc:102): Using new configuration format
20260909-08:44.59-469881(us) 2420937 * ParseNewFormat  (configuration.cc:102): Using new configuration format
20260909-08:44.59-469936(us) 2420937 * ParseNewFormat  (configuration.cc:162): Loaded 1 sites in 1 shards
20260909-08:44.59-469962(us) 2420937 * ParseNewFormat  (configuration.cc:162): Loaded 1 sites in 1 shards
20260909-08:44.59-470008(us) 2420937 * ParseNewFormat  (configuration.cc:102): Using new configuration format
20260909-08:44.59-470062(us) 2420937 * ParseNewFormat  (configuration.cc:102): Using new configuration format
20260909-08:44.59-470102(us) 2420937 * ParseNewFormat  (configuration.cc:102): Using new configuration format
20260909-08:44.59-470137(us) 2420937 * ParseNewFormat  (configuration.cc:162): Loaded 1 sites in 1 shards
20260909-08:44.59-470171(us) 2420937 * ParseNewFormat  (configuration.cc:162): Loaded 1 sites in 1 shards
20260909-08:44.59-470217(us) 2420937 * ParseNewFormat  (configuration.cc:162): Loaded 1 sites in 1 shards
20260909-08:44.59-470260(us) 2420937 * benchmark_thread_init (mbta_wrapper.hh:1811): thread_init: thread_id=14, shard_index=0, getShardIndex=0, loader=0
20260909-08:44.59-470395(us) 2420937 * ParseNewFormat  (configuration.cc:102): Using new configuration format
20260909-08:44.59-470437(us) 2420937 * ParseNewFormat  (configuration.cc:162): Loaded 1 sites in 1 shards
20260909-08:44.59-470580(us) 2420937 * ParseNewFormat  (configuration.cc:102): Using new configuration format
20260909-08:44.59-470602(us) 2420937 * ParseNewFormat  (configuration.cc:102): Using new configuration format
20260909-08:44.59-470649(us) 2420937 * ParseNewFormat  (configuration.cc:162): Loaded 1 sites in 1 shards
20260909-08:44.59-470693(us) 2420937 * ParseNewFormat  (configuration.cc:102): Using new configuration format
20260909-08:44.59-470759(us) 2420937 * ParseNewFormat  (configuration.cc:102): Using new configuration format
20260909-08:44.59-470817(us) 2420937 * ParseNewFormat  (configuration.cc:102): Using new configuration format
20260909-08:44.59-470898(us) 2420937 * ParseNewFormat  (configuration.cc:162): Loaded 1 sites in 1 shards
20260909-08:44.59-470928(us) 2420937 * Initialize      (srpc_rpc_backend.cc:66): SrpcRpcBackend::Initialize: poll_thread_worker_ created, is_some=1
20260909-08:44.59-471021(us) 2420937 * Initialize      (srpc_rpc_backend.cc:66): SrpcRpcBackend::Initialize: poll_thread_worker_ created, is_some=1
20260909-08:44.59-471065(us) 2420937 * ParseNewFormat  (configuration.cc:162): Loaded 1 sites in 1 shards
20260909-08:44.59-471125(us) 2420937 * ParseNewFormat  (configuration.cc:102): Using new configuration format
20260909-08:44.59-471165(us) 2420937 * ParseNewFormat  (configuration.cc:162): Loaded 1 sites in 1 shards
20260909-08:44.59-471236(us) 2420937 * benchmark_thread_init (mbta_wrapper.hh:1811): thread_init: thread_id=13, shard_index=0, getShardIndex=0, loader=0
20260909-08:44.59-471290(us) 2420937 * Initialize      (srpc_rpc_backend.cc:97): SrpcRpcBackend initialized on 127.0.0.1:31000 (listening on 0.0.0.0:31000)
20260909-08:44.59-471321(us) 2420937 * FastTransport   (fasttransport.cc:147): FastTransport initialized with srpc/rpc backend on 127.0.0.1:31000
20260909-08:44.59-471368(us) 2420937 * ParseNewFormat  (configuration.cc:162): Loaded 1 sites in 1 shards
20260909-08:44.59-471431(us) 2420937 * Initialize      (srpc_rpc_backend.cc:97): SrpcRpcBackend initialized on 127.0.0.1:31001 (listening on 0.0.0.0:31001)
20260909-08:44.59-471453(us) 2420937 * FastTransport   (fasttransport.cc:147): FastTransport initialized with srpc/rpc backend on 127.0.0.1:31001
20260909-08:44.59-471476(us) 2420937 * ParseNewFormat  (configuration.cc:102): Using new configuration format
20260909-08:44.59-471514(us) 2420937 * Initialize      (srpc_rpc_backend.cc:66): SrpcRpcBackend::Initialize: poll_thread_worker_ created, is_some=1
20260909-08:44.59-471563(us) 2420937 * benchmark_thread_init (mbta_wrapper.hh:1811): thread_init: thread_id=15, shard_index=0, getShardIndex=0, loader=0
20260909-08:44.59-471623(us) 2420937 * benchmark_thread_init (mbta_wrapper.hh:1811): thread_init: thread_id=17, shard_index=0, getShardIndex=0, loader=0
20260909-08:44.59-471781(us) 2420937 * benchmark_thread_init (mbta_wrapper.hh:1811): thread_init: thread_id=18, shard_index=0, getShardIndex=0, loader=0
20260909-08:44.59-471846(us) 2420937 * Initialize      (srpc_rpc_backend.cc:66): SrpcRpcBackend::Initialize: poll_thread_worker_ created, is_some=1
20260909-08:44.59-471903(us) 2420937 * benchmark_thread_init (mbta_wrapper.hh:1811): thread_init: thread_id=16, shard_index=0, getShardIndex=0, loader=0
20260909-08:44.59-471956(us) 2420937 * Initialize      (srpc_rpc_backend.cc:97): SrpcRpcBackend initialized on 127.0.0.1:31004 (listening on 0.0.0.0:31004)
20260909-08:44.59-471984(us) 2420937 * FastTransport   (fasttransport.cc:147): FastTransport initialized with srpc/rpc backend on 127.0.0.1:31004
20260909-08:44.59-472027(us) 2420937 * ParseNewFormat  (configuration.cc:102): Using new configuration format
20260909-08:44.59-472063(us) 2420937 * benchmark_thread_init (mbta_wrapper.hh:1811): thread_init: thread_id=19, shard_index=0, getShardIndex=0, loader=0
20260909-08:44.59-472126(us) 2420937 * ParseNewFormat  (configuration.cc:162): Loaded 1 sites in 1 shards
20260909-08:44.59-472200(us) 2420937 * ParseNewFormat  (configuration.cc:162): Loaded 1 sites in 1 shards
20260909-08:44.59-472234(us) 2420937 * Initialize      (srpc_rpc_backend.cc:97): SrpcRpcBackend initialized on 127.0.0.1:31003 (listening on 0.0.0.0:31003)
20260909-08:44.59-472266(us) 2420937 * FastTransport   (fasttransport.cc:147): FastTransport initialized with srpc/rpc backend on 127.0.0.1:31003
20260909-08:44.59-472292(us) 2420937 * benchmark_thread_init (mbta_wrapper.hh:1811): thread_init: thread_id=20, shard_index=0, getShardIndex=0, loader=0
20260909-08:44.59-472332(us) 2420937 * Initialize      (srpc_rpc_backend.cc:66): SrpcRpcBackend::Initialize: poll_thread_worker_ created, is_some=1
20260909-08:44.59-472391(us) 2420937 * ParseNewFormat  (configuration.cc:162): Loaded 1 sites in 1 shards
20260909-08:44.59-472475(us) 2420937 * Initialize      (srpc_rpc_backend.cc:97): SrpcRpcBackend initialized on 127.0.0.1:31002 (listening on 0.0.0.0:31002)
20260909-08:44.59-472503(us) 2420937 * FastTransport   (fasttransport.cc:147): FastTransport initialized with srpc/rpc backend on 127.0.0.1:31002
20260909-08:44.59-472539(us) 2420937 * benchmark_thread_init (mbta_wrapper.hh:1811): thread_init: thread_id=21, shard_index=0, getShardIndex=0, loader=0
20260909-08:44.59-472579(us) 2420937 * Initialize      (srpc_rpc_backend.cc:66): SrpcRpcBackend::Initialize: poll_thread_worker_ created, is_some=1
20260909-08:44.59-472699(us) 2420937 * Initialize      (srpc_rpc_backend.cc:97): SrpcRpcBackend initialized on 127.0.0.1:31005 (listening on 0.0.0.0:31005)
20260909-08:44.59-472730(us) 2420937 * FastTransport   (fasttransport.cc:147): FastTransport initialized with srpc/rpc backend on 127.0.0.1:31005
20260909-08:44.59-474905(us) 2420937 * ParseNewFormat  (configuration.cc:102): Using new configuration format
20260909-08:44.59-474953(us) 2420937 * ParseNewFormat  (configuration.cc:162): Loaded 1 sites in 1 shards
20260909-08:44.59-475116(us) 2420937 * ParseNewFormat  (configuration.cc:102): Using new configuration format
20260909-08:44.59-475159(us) 2420937 * ParseNewFormat  (configuration.cc:102): Using new configuration format
20260909-08:44.59-475194(us) 2420937 * ParseNewFormat  (configuration.cc:102): Using new configuration format
20260909-08:44.59-475234(us) 2420937 * ParseNewFormat  (configuration.cc:102): Using new configuration format
20260909-08:44.59-475270(us) 2420937 * ParseNewFormat  (configuration.cc:102): Using new configuration format
20260909-08:44.59-475313(us) 2420937 * ParseNewFormat  (configuration.cc:162): Loaded 1 sites in 1 shards
20260909-08:44.59-475370(us) 2420937 * ParseNewFormat  (configuration.cc:102): Using new configuration format
20260909-08:44.59-475408(us) 2420937 * ParseNewFormat  (configuration.cc:162): Loaded 1 sites in 1 shards
20260909-08:44.59-475426(us) 2420937 * ParseNewFormat  (configuration.cc:162): Loaded 1 sites in 1 shards
20260909-08:44.59-475456(us) 2420937 * ParseNewFormat  (configuration.cc:102): Using new configuration format
20260909-08:44.59-475501(us) 2420937 * ParseNewFormat  (configuration.cc:102): Using new configuration format
20260909-08:44.59-475539(us) 2420937 * ParseNewFormat  (configuration.cc:162): Loaded 1 sites in 1 shards
20260909-08:44.59-475582(us) 2420937 * ParseNewFormat  (configuration.cc:102): Using new configuration format
20260909-08:44.59-475618(us) 2420937 * ParseNewFormat  (configuration.cc:162): Loaded 1 sites in 1 shards
20260909-08:44.59-475650(us) 2420937 * ParseNewFormat  (configuration.cc:102): Using new configuration format
20260909-08:44.59-475677(us) 2420937 * Initialize      (srpc_rpc_backend.cc:66): SrpcRpcBackend::Initialize: poll_thread_worker_ created, is_some=1
20260909-08:44.59-475719(us) 2420937 * ParseNewFormat  (configuration.cc:102): Using new configuration format
20260909-08:44.59-475762(us) 2420937 * ParseNewFormat  (configuration.cc:102): Using new configuration format
20260909-08:44.59-475805(us) 2420937 * ParseNewFormat  (configuration.cc:162): Loaded 1 sites in 1 shards
20260909-08:44.59-475864(us) 2420937 * ParseNewFormat  (configuration.cc:102): Using new configuration format
20260909-08:44.59-475897(us) 2420937 * ParseNewFormat  (configuration.cc:162): Loaded 1 sites in 1 shards
20260909-08:44.59-475973(us) 2420937 * ParseNewFormat  (configuration.cc:162): Loaded 1 sites in 1 shards
20260909-08:44.59-476006(us) 2420937 * ParseNewFormat  (configuration.cc:102): Using new configuration format
20260909-08:44.59-476040(us) 2420937 * ParseNewFormat  (configuration.cc:162): Loaded 1 sites in 1 shards
20260909-08:44.59-476102(us) 2420937 * Initialize      (srpc_rpc_backend.cc:97): SrpcRpcBackend initialized on 127.0.0.1:31006 (listening on 0.0.0.0:31006)
20260909-08:44.59-476156(us) 2420937 * FastTransport   (fasttransport.cc:147): FastTransport initialized with srpc/rpc backend on 127.0.0.1:31006
20260909-08:44.59-476188(us) 2420937 * ParseNewFormat  (configuration.cc:162): Loaded 1 sites in 1 shards
20260909-08:44.59-476221(us) 2420937 * Initialize      (srpc_rpc_backend.cc:66): SrpcRpcBackend::Initialize: poll_thread_worker_ created, is_some=1
20260909-08:44.59-476252(us) 2420937 * ParseNewFormat  (configuration.cc:162): Loaded 1 sites in 1 shards
20260909-08:44.59-476286(us) 2420937 * ParseNewFormat  (configuration.cc:162): Loaded 1 sites in 1 shards
20260909-08:44.59-476320(us) 2420937 * ParseNewFormat  (configuration.cc:162): Loaded 1 sites in 1 shards
20260909-08:44.59-476349(us) 2420937 * ParseNewFormat  (configuration.cc:162): Loaded 1 sites in 1 shards
20260909-08:44.59-476377(us) 2420937 * ParseNewFormat  (configuration.cc:102): Using new configuration format
20260909-08:44.59-476408(us) 2420937 * ParseNewFormat  (configuration.cc:162): Loaded 1 sites in 1 shards
20260909-08:44.59-476618(us) 2420937 * ParseNewFormat  (configuration.cc:102): Using new configuration format
20260909-08:44.59-476652(us) 2420937 * ParseNewFormat  (configuration.cc:162): Loaded 1 sites in 1 shards
20260909-08:44.59-476841(us) 2420937 * ParseNewFormat  (configuration.cc:102): Using new configuration format
20260909-08:44.59-476881(us) 2420937 * ParseNewFormat  (configuration.cc:162): Loaded 1 sites in 1 shards
20260909-08:44.59-492882(us) 2420937 * Initialize      (srpc_rpc_backend.cc:97): SrpcRpcBackend initialized on 127.0.0.1:31007 (listening on 0.0.0.0:31007)
20260909-08:44.59-492911(us) 2420937 * FastTransport   (fasttransport.cc:147): FastTransport initialized with srpc/rpc backend on 127.0.0.1:31007
20260909-08:44.59-493175(us) 2420937 * Initialize      (srpc_rpc_backend.cc:66): SrpcRpcBackend::Initialize: poll_thread_worker_ created, is_some=1
20260909-08:44.59-493278(us) 2420937 * Initialize      (srpc_rpc_backend.cc:97): SrpcRpcBackend initialized on 127.0.0.1:31011 (listening on 0.0.0.0:31011)
20260909-08:44.59-493304(us) 2420937 * FastTransport   (fasttransport.cc:147): FastTransport initialized with srpc/rpc backend on 127.0.0.1:31011
20260909-08:44.59-493394(us) 2420937 * ParseNewFormat  (configuration.cc:102): Using new configuration format
20260909-08:44.59-493437(us) 2420937 * ParseNewFormat  (configuration.cc:102): Using new configuration format
20260909-08:44.59-493481(us) 2420937 * Initialize      (srpc_rpc_backend.cc:66): SrpcRpcBackend::Initialize: poll_thread_worker_ created, is_some=1
20260909-08:44.59-493513(us) 2420937 * ParseNewFormat  (configuration.cc:102): Using new configuration format
20260909-08:44.59-493543(us) 2420937 * ParseNewFormat  (configuration.cc:102): Using new configuration format
20260909-08:44.59-493583(us) 2420937 * ParseNewFormat  (configuration.cc:162): Loaded 1 sites in 1 shards
20260909-08:44.59-493618(us) 2420937 * ParseNewFormat  (configuration.cc:162): Loaded 1 sites in 1 shards
20260909-08:44.59-493653(us) 2420937 * ParseNewFormat  (configuration.cc:102): Using new configuration format
20260909-08:44.59-493694(us) 2420937 * ParseNewFormat  (configuration.cc:102): Using new configuration format
20260909-08:44.59-493749(us) 2420937 * Initialize      (srpc_rpc_backend.cc:66): SrpcRpcBackend::Initialize: poll_thread_worker_ created, is_some=1
20260909-08:44.59-493795(us) 2420937 * Initialize      (srpc_rpc_backend.cc:97): SrpcRpcBackend initialized on 127.0.0.1:31013 (listening on 0.0.0.0:31013)
20260909-08:44.59-493816(us) 2420937 * FastTransport   (fasttransport.cc:147): FastTransport initialized with srpc/rpc backend on 127.0.0.1:31013
20260909-08:44.59-493844(us) 2420937 * Initialize      (srpc_rpc_backend.cc:97): SrpcRpcBackend initialized on 127.0.0.1:31009 (listening on 0.0.0.0:31009)
20260909-08:44.59-493862(us) 2420937 * FastTransport   (fasttransport.cc:147): FastTransport initialized with srpc/rpc backend on 127.0.0.1:31009
20260909-08:44.59-493886(us) 2420937 * Initialize      (srpc_rpc_backend.cc:66): SrpcRpcBackend::Initialize: poll_thread_worker_ created, is_some=1
20260909-08:44.59-493920(us) 2420937 * ParseNewFormat  (configuration.cc:102): Using new configuration format
20260909-08:44.59-493951(us) 2420937 * Initialize      (srpc_rpc_backend.cc:97): SrpcRpcBackend initialized on 127.0.0.1:31015 (listening on 0.0.0.0:31015)
20260909-08:44.59-493971(us) 2420937 * FastTransport   (fasttransport.cc:147): FastTransport initialized with srpc/rpc backend on 127.0.0.1:31015
20260909-08:44.59-493989(us) 2420937 * ParseNewFormat  (configuration.cc:162): Loaded 1 sites in 1 shards
20260909-08:44.59-494100(us) 2420937 * ParseNewFormat  (configuration.cc:102): Using new configuration format
20260909-08:44.59-494149(us) 2420937 * ParseNewFormat  (configuration.cc:162): Loaded 1 sites in 1 shards
20260909-08:44.59-494206(us) 2420937 * Initialize      (srpc_rpc_backend.cc:66): SrpcRpcBackend::Initialize: poll_thread_worker_ created, is_some=1
20260909-08:44.59-494263(us) 2420937 * ParseNewFormat  (configuration.cc:162): Loaded 1 sites in 1 shards
20260909-08:44.59-494321(us) 2420937 * ParseNewFormat  (configuration.cc:102): Using new configuration format
20260909-08:44.59-494354(us) 2420937 * Initialize      (srpc_rpc_backend.cc:97): SrpcRpcBackend initialized on 127.0.0.1:31014 (listening on 0.0.0.0:31014)
20260909-08:44.59-494395(us) 2420937 * FastTransport   (fasttransport.cc:147): FastTransport initialized with srpc/rpc backend on 127.0.0.1:31014
20260909-08:44.59-494438(us) 2420937 * ParseNewFormat  (configuration.cc:162): Loaded 1 sites in 1 shards
20260909-08:44.59-494478(us) 2420937 * Initialize      (srpc_rpc_backend.cc:66): SrpcRpcBackend::Initialize: poll_thread_worker_ created, is_some=1
20260909-08:44.59-494520(us) 2420937 * ParseNewFormat  (configuration.cc:162): Loaded 1 sites in 1 shards
20260909-08:44.59-494544(us) 2420937 * Initialize      (srpc_rpc_backend.cc:97): SrpcRpcBackend initialized on 127.0.0.1:31008 (listening on 0.0.0.0:31008)
20260909-08:44.59-494574(us) 2420937 * ParseNewFormat  (configuration.cc:162): Loaded 1 sites in 1 shards
20260909-08:44.59-494604(us) 2420937 * ParseNewFormat  (configuration.cc:162): Loaded 1 sites in 1 shards
20260909-08:44.59-494641(us) 2420937 * ParseNewFormat  (configuration.cc:102): Using new configuration format
20260909-08:44.59-494686(us) 2420937 * ParseNewFormat  (configuration.cc:162): Loaded 1 sites in 1 shards
20260909-08:44.59-494712(us) 2420937 * FastTransport   (fasttransport.cc:147): FastTransport initialized with srpc/rpc backend on 127.0.0.1:31008
20260909-08:44.59-494772(us) 2420937 * Initialize      (srpc_rpc_backend.cc:66): SrpcRpcBackend::Initialize: poll_thread_worker_ created, is_some=1
20260909-08:44.59-494828(us) 2420937 * Initialize      (srpc_rpc_backend.cc:97): SrpcRpcBackend initialized on 127.0.0.1:31010 (listening on 0.0.0.0:31010)
20260909-08:44.59-494859(us) 2420937 * FastTransport   (fasttransport.cc:147): FastTransport initialized with srpc/rpc backend on 127.0.0.1:31010
20260909-08:44.59-494919(us) 2420937 * ParseNewFormat  (configuration.cc:102): Using new configuration format
20260909-08:44.59-494953(us) 2420937 * ParseNewFormat  (configuration.cc:162): Loaded 1 sites in 1 shards
20260909-08:44.59-497844(us) 2420937 * Initialize      (srpc_rpc_backend.cc:66): SrpcRpcBackend::Initialize: poll_thread_worker_ created, is_some=1
20260909-08:44.59-497893(us) 2420937 * ParseNewFormat  (configuration.cc:102): Using new configuration format
20260909-08:44.59-497938(us) 2420937 * Initialize      (srpc_rpc_backend.cc:97): SrpcRpcBackend initialized on 127.0.0.1:31012 (listening on 0.0.0.0:31012)
20260909-08:44.59-497960(us) 2420937 * ParseNewFormat  (configuration.cc:162): Loaded 1 sites in 1 shards
20260909-08:44.59-498000(us) 2420937 * FastTransport   (fasttransport.cc:147): FastTransport initialized with srpc/rpc backend on 127.0.0.1:31012
20260909-08:44.59-498162(us) 2420937 * ParseNewFormat  (configuration.cc:102): Using new configuration format
20260909-08:44.59-498192(us) 2420937 * ParseNewFormat  (configuration.cc:102): Using new configuration format
20260909-08:44.59-498223(us) 2420937 * ParseNewFormat  (configuration.cc:162): Loaded 1 sites in 1 shards
20260909-08:44.59-498320(us) 2420937 * ParseNewFormat  (configuration.cc:162): Loaded 1 sites in 1 shards
20260909-08:44.59-498696(us) 2420937 * ParseNewFormat  (configuration.cc:102): Using new configuration format
20260909-08:44.59-498745(us) 2420937 * ParseNewFormat  (configuration.cc:162): Loaded 1 sites in 1 shards
20260909-08:44.59-499982(us) 2420937 ! run             (bench.cc:685):     TPCC_BENCH_MEASURE_START
20260909-08:44.59-500008(us) 2420937 ! run             (bench.cc:693):     start the running time, runTime:10
20260909-08:44.59-500023(us) 2420937 ! run             (bench.cc:705):     runtime time left:10000 ms, bool:1
20260909-08:45.00-506696(us) 2420937 ! run             (bench.cc:705):     runtime time left:9000 ms, bool:1
20260909-08:45.01-515080(us) 2420937 ! run             (bench.cc:705):     runtime time left:8000 ms, bool:1
20260909-08:45.02-522448(us) 2420937 ! run             (bench.cc:705):     runtime time left:7000 ms, bool:1
20260909-08:45.03-530249(us) 2420937 ! run             (bench.cc:705):     runtime time left:6000 ms, bool:1
20260909-08:45.04-536857(us) 2420937 ! run             (bench.cc:705):     runtime time left:5000 ms, bool:1
20260909-08:45.05-543582(us) 2420937 ! run             (bench.cc:705):     runtime time left:4000 ms, bool:1
20260909-08:45.06-551112(us) 2420937 ! run             (bench.cc:705):     runtime time left:3000 ms, bool:1
20260909-08:45.07-559395(us) 2420937 ! run             (bench.cc:705):     runtime time left:2000 ms, bool:1
20260909-08:45.08-568976(us) 2420937 ! run             (bench.cc:705):     runtime time left:1000 ms, bool:1
20260909-08:45.09-578635(us) 2420937 ! run             (bench.cc:718):     runtime_plus:0
[SHUTDOWN] Setting running=false to stop database worker threads
[SHUTDOWN] Calling first stop() to stop client transports
20260909-08:45.09-578705(us) 2420937 * PrintStats      (srpc_rpc_backend.cc:686): SrpcRpcBackend request stats: msg_size_req_sent: 0 bytes, counter: 0, avg: 0.000000
20260909-08:45.09-578773(us) 2420937 * PrintStats      (srpc_rpc_backend.cc:686): SrpcRpcBackend request stats: msg_size_req_sent: 0 bytes, counter: 0, avg: 0.000000
20260909-08:45.09-578847(us) 2420937 * PrintStats      (srpc_rpc_backend.cc:686): SrpcRpcBackend request stats: msg_size_req_sent: 0 bytes, counter: 0, avg: 0.000000
20260909-08:45.09-578892(us) 2420937 ! stop            (bench.cc:514):     stop all rpc clients. set stop=false
20260909-08:45.09-578915(us) 2420937 * Stop            (srpc_rpc_backend.cc:593): SrpcRpcBackend::Stop: BEGIN - Setting stop flag
20260909-08:45.09-578931(us) 2420937 * Stop            (srpc_rpc_backend.cc:596): SrpcRpcBackend::Stop: Waiting for event loop to exit...
20260909-08:45.09-578951(us) 2420937 * Stop            (srpc_rpc_backend.cc:612): SrpcRpcBackend::Stop: Event loop exited successfully
20260909-08:45.09-578967(us) 2420937 * Stop            (srpc_rpc_backend.cc:616): SrpcRpcBackend::Stop: Signaling 0 request queues to stop
20260909-08:45.09-579013(us) 2420937 * Stop            (srpc_rpc_backend.cc:624): SrpcRpcBackend::Stop: Signaling 0 response queues to stop
20260909-08:45.09-579028(us) 2420937 * Stop            (srpc_rpc_backend.cc:635): SrpcRpcBackend::Stop: Server cleanup deferred to destructor
20260909-08:45.09-579046(us) 2420937 * Stop            (srpc_rpc_backend.cc:638): SrpcRpcBackend::Stop: Closing client connections
20260909-08:45.09-579063(us) 2420937 * Stop            (srpc_rpc_backend.cc:642): SrpcRpcBackend::Stop: Found 0 client connections to close
20260909-08:45.09-579083(us) 2420937 * Stop            (srpc_rpc_backend.cc:662): SrpcRpcBackend::Stop: Closed 0 client connections
20260909-08:45.09-579098(us) 2420937 * Stop            (srpc_rpc_backend.cc:675): SrpcRpcBackend stats: msg_size_resp_sent: 0 bytes, counter: 0, avg: 0.000000
20260909-08:45.09-579116(us) 2420937 * Stop            (srpc_rpc_backend.cc:676): SrpcRpcBackend::Stop: END
20260909-08:45.09-579132(us) 2420937 * Stop            (srpc_rpc_backend.cc:593): SrpcRpcBackend::Stop: BEGIN - Setting stop flag
20260909-08:45.09-579147(us) 2420937 * Stop            (srpc_rpc_backend.cc:596): SrpcRpcBackend::Stop: Waiting for event loop to exit...
20260909-08:45.09-579163(us) 2420937 * Stop            (srpc_rpc_backend.cc:612): SrpcRpcBackend::Stop: Event loop exited successfully
20260909-08:45.09-579177(us) 2420937 * Stop            (srpc_rpc_backend.cc:616): SrpcRpcBackend::Stop: Signaling 0 request queues to stop
20260909-08:45.09-579198(us) 2420937 * Stop            (srpc_rpc_backend.cc:624): SrpcRpcBackend::Stop: Signaling 0 response queues to stop
20260909-08:45.09-579214(us) 2420937 * Stop            (srpc_rpc_backend.cc:635): SrpcRpcBackend::Stop: Server cleanup deferred to destructor
20260909-08:45.09-579229(us) 2420937 * Stop            (srpc_rpc_backend.cc:638): SrpcRpcBackend::Stop: Closing client connections
20260909-08:45.09-579250(us) 2420937 * Stop            (srpc_rpc_backend.cc:642): SrpcRpcBackend::Stop: Found 0 client connections to close
20260909-08:45.09-579265(us) 2420937 * Stop            (srpc_rpc_backend.cc:662): SrpcRpcBackend::Stop: Closed 0 client connections
20260909-08:45.09-579279(us) 2420937 * Stop            (srpc_rpc_backend.cc:675): SrpcRpcBackend stats: msg_size_resp_sent: 0 bytes, counter: 0, avg: 0.000000
20260909-08:45.09-579299(us) 2420937 * Stop            (srpc_rpc_backend.cc:676): SrpcRpcBackend::Stop: END
20260909-08:45.09-579315(us) 2420937 * Stop            (srpc_rpc_backend.cc:593): SrpcRpcBackend::Stop: BEGIN - Setting stop flag
20260909-08:45.09-579328(us) 2420937 * Stop            (srpc_rpc_backend.cc:596): SrpcRpcBackend::Stop: Waiting for event loop to exit...
20260909-08:45.09-579349(us) 2420937 * Stop            (srpc_rpc_backend.cc:612): SrpcRpcBackend::Stop: Event loop exited successfully
20260909-08:45.09-579363(us) 2420937 * Stop            (srpc_rpc_backend.cc:616): SrpcRpcBackend::Stop: Signaling 0 request queues to stop
20260909-08:45.09-579378(us) 2420937 * Stop            (srpc_rpc_backend.cc:624): SrpcRpcBackend::Stop: Signaling 0 response queues to stop
20260909-08:45.09-579398(us) 2420937 * Stop            (srpc_rpc_backend.cc:635): SrpcRpcBackend::Stop: Server cleanup deferred to destructor
20260909-08:45.09-579413(us) 2420937 * Stop            (srpc_rpc_backend.cc:638): SrpcRpcBackend::Stop: Closing client connections
20260909-08:45.09-579428(us) 2420937 * Stop            (srpc_rpc_backend.cc:642): SrpcRpcBackend::Stop: Found 0 client connections to close
20260909-08:45.09-579447(us) 2420937 * Stop            (srpc_rpc_backend.cc:662): SrpcRpcBackend::Stop: Closed 0 client connections
20260909-08:45.09-579463(us) 2420937 * Stop            (srpc_rpc_backend.cc:675): SrpcRpcBackend stats: msg_size_resp_sent: 0 bytes, counter: 0, avg: 0.000000
20260909-08:45.09-579478(us) 2420937 * Stop            (srpc_rpc_backend.cc:676): SrpcRpcBackend::Stop: END
20260909-08:45.09-579495(us) 2420937 * Stop            (srpc_rpc_backend.cc:593): SrpcRpcBackend::Stop: BEGIN - Setting stop flag
20260909-08:45.09-579509(us) 2420937 * Stop            (srpc_rpc_backend.cc:596): SrpcRpcBackend::Stop: Waiting for event loop to exit...
20260909-08:45.09-579529(us) 2420937 * Stop            (srpc_rpc_backend.cc:612): SrpcRpcBackend::Stop: Event loop exited successfully
20260909-08:45.09-579544(us) 2420937 * Stop            (srpc_rpc_backend.cc:616): SrpcRpcBackend::Stop: Signaling 0 request queues to stop
20260909-08:45.09-579559(us) 2420937 * Stop            (srpc_rpc_backend.cc:624): SrpcRpcBackend::Stop: Signaling 0 response queues to stop
20260909-08:45.09-579579(us) 2420937 * Stop            (srpc_rpc_backend.cc:635): SrpcRpcBackend::Stop: Server cleanup deferred to destructor
20260909-08:45.09-579594(us) 2420937 * Stop            (srpc_rpc_backend.cc:638): SrpcRpcBackend::Stop: Closing client connections
20260909-08:45.09-579608(us) 2420937 * Stop            (srpc_rpc_backend.cc:642): SrpcRpcBackend::Stop: Found 0 client connections to close
20260909-08:45.09-579624(us) 2420937 * Stop            (srpc_rpc_backend.cc:662): SrpcRpcBackend::Stop: Closed 0 client connections
20260909-08:45.09-579642(us) 2420937 * Stop            (srpc_rpc_backend.cc:675): SrpcRpcBackend stats: msg_size_resp_sent: 0 bytes, counter: 0, avg: 0.000000
20260909-08:45.09-579658(us) 2420937 * Stop            (srpc_rpc_backend.cc:676): SrpcRpcBackend::Stop: END
20260909-08:45.09-579674(us) 2420937 * Stop            (srpc_rpc_backend.cc:593): SrpcRpcBackend::Stop: BEGIN - Setting stop flag
20260909-08:45.09-579689(us) 2420937 * Stop            (srpc_rpc_backend.cc:596): SrpcRpcBackend::Stop: Waiting for event loop to exit...
20260909-08:45.09-579704(us) 2420937 * Stop            (srpc_rpc_backend.cc:612): SrpcRpcBackend::Stop: Event loop exited successfully
20260909-08:45.09-579724(us) 2420937 * Stop            (srpc_rpc_backend.cc:616): SrpcRpcBackend::Stop: Signaling 0 request queues to stop
20260909-08:45.09-579738(us) 2420937 * Stop            (srpc_rpc_backend.cc:624): SrpcRpcBackend::Stop: Signaling 0 response queues to stop
20260909-08:45.09-579754(us) 2420937 * Stop            (srpc_rpc_backend.cc:635): SrpcRpcBackend::Stop: Server cleanup deferred to destructor
20260909-08:45.09-579768(us) 2420937 * Stop            (srpc_rpc_backend.cc:638): SrpcRpcBackend::Stop: Closing client connections
20260909-08:45.09-579783(us) 2420937 * Stop            (srpc_rpc_backend.cc:642): SrpcRpcBackend::Stop: Found 0 client connections to close
20260909-08:45.09-579798(us) 2420937 * Stop            (srpc_rpc_backend.cc:662): SrpcRpcBackend::Stop: Closed 0 client connections
20260909-08:45.09-579814(us) 2420937 * Stop            (srpc_rpc_backend.cc:675): SrpcRpcBackend stats: msg_size_resp_sent: 0 bytes, counter: 0, avg: 0.000000
20260909-08:45.09-579838(us) 2420937 * Stop            (srpc_rpc_backend.cc:676): SrpcRpcBackend::Stop: END
20260909-08:45.09-579859(us) 2420937 * Stop            (srpc_rpc_backend.cc:593): SrpcRpcBackend::Stop: BEGIN - Setting stop flag
20260909-08:45.09-579874(us) 2420937 * Stop            (srpc_rpc_backend.cc:596): SrpcRpcBackend::Stop: Waiting for event loop to exit...
20260909-08:45.09-579890(us) 2420937 * Stop            (srpc_rpc_backend.cc:612): SrpcRpcBackend::Stop: Event loop exited successfully
20260909-08:45.09-579908(us) 2420937 * Stop            (srpc_rpc_backend.cc:616): SrpcRpcBackend::Stop: Signaling 0 request queues to stop
20260909-08:45.09-579923(us) 2420937 * Stop            (srpc_rpc_backend.cc:624): SrpcRpcBackend::Stop: Signaling 0 response queues to stop
20260909-08:45.09-579938(us) 2420937 * Stop            (srpc_rpc_backend.cc:635): SrpcRpcBackend::Stop: Server cleanup deferred to destructor
20260909-08:45.09-579956(us) 2420937 * Stop            (srpc_rpc_backend.cc:638): SrpcRpcBackend::Stop: Closing client connections
20260909-08:45.09-579972(us) 2420937 * Stop            (srpc_rpc_backend.cc:642): SrpcRpcBackend::Stop: Found 0 client connections to close
20260909-08:45.09-579987(us) 2420937 * Stop            (srpc_rpc_backend.cc:662): SrpcRpcBackend::Stop: Closed 0 client connections
20260909-08:45.09-580003(us) 2420937 * Stop            (srpc_rpc_backend.cc:675): SrpcRpcBackend stats: msg_size_resp_sent: 0 bytes, counter: 0, avg: 0.000000
20260909-08:45.09-580018(us) 2420937 * Stop            (srpc_rpc_backend.cc:676): SrpcRpcBackend::Stop: END
20260909-08:45.09-580034(us) 2420937 * Stop            (srpc_rpc_backend.cc:593): SrpcRpcBackend::Stop: BEGIN - Setting stop flag
20260909-08:45.09-580070(us) 2420937 * Stop            (srpc_rpc_backend.cc:596): SrpcRpcBackend::Stop: Waiting for event loop to exit...
20260909-08:45.09-580086(us) 2420937 * Stop            (srpc_rpc_backend.cc:612): SrpcRpcBackend::Stop: Event loop exited successfully
20260909-08:45.09-580108(us) 2420937 * Stop            (srpc_rpc_backend.cc:616): SrpcRpcBackend::Stop: Signaling 0 request queues to stop
20260909-08:45.09-580123(us) 2420937 * Stop            (srpc_rpc_backend.cc:624): SrpcRpcBackend::Stop: Signaling 0 response queues to stop
20260909-08:45.09-580137(us) 2420937 * Stop            (srpc_rpc_backend.cc:635): SrpcRpcBackend::Stop: Server cleanup deferred to destructor
20260909-08:45.09-580157(us) 2420937 * Stop            (srpc_rpc_backend.cc:638): SrpcRpcBackend::Stop: Closing client connections
20260909-08:45.09-580171(us) 2420937 * Stop            (srpc_rpc_backend.cc:642): SrpcRpcBackend::Stop: Found 0 client connections to close
20260909-08:45.09-580187(us) 2420937 * Stop            (srpc_rpc_backend.cc:662): SrpcRpcBackend::Stop: Closed 0 client connections
20260909-08:45.09-580201(us) 2420937 * Stop            (srpc_rpc_backend.cc:675): SrpcRpcBackend stats: msg_size_resp_sent: 0 bytes, counter: 0, avg: 0.000000
20260909-08:45.09-580224(us) 2420937 * Stop            (srpc_rpc_backend.cc:676): SrpcRpcBackend::Stop: END
20260909-08:45.09-580240(us) 2420937 * Stop            (srpc_rpc_backend.cc:593): SrpcRpcBackend::Stop: BEGIN - Setting stop flag
20260909-08:45.09-580254(us) 2420937 * Stop            (srpc_rpc_backend.cc:596): SrpcRpcBackend::Stop: Waiting for event loop to exit...
20260909-08:45.09-580270(us) 2420937 * Stop            (srpc_rpc_backend.cc:612): SrpcRpcBackend::Stop: Event loop exited successfully
20260909-08:45.09-580285(us) 2420937 * Stop            (srpc_rpc_backend.cc:616): SrpcRpcBackend::Stop: Signaling 0 request queues to stop
20260909-08:45.09-580306(us) 2420937 * Stop            (srpc_rpc_backend.cc:624): SrpcRpcBackend::Stop: Signaling 0 response queues to stop
20260909-08:45.09-580321(us) 2420937 * Stop            (srpc_rpc_backend.cc:635): SrpcRpcBackend::Stop: Server cleanup deferred to destructor
20260909-08:45.09-580335(us) 2420937 * Stop            (srpc_rpc_backend.cc:638): SrpcRpcBackend::Stop: Closing client connections
20260909-08:45.09-580351(us) 2420937 * Stop            (srpc_rpc_backend.cc:642): SrpcRpcBackend::Stop: Found 0 client connections to close
20260909-08:45.09-580366(us) 2420937 * Stop            (srpc_rpc_backend.cc:662): SrpcRpcBackend::Stop: Closed 0 client connections
20260909-08:45.09-580382(us) 2420937 * Stop            (srpc_rpc_backend.cc:675): SrpcRpcBackend stats: msg_size_resp_sent: 0 bytes, counter: 0, avg: 0.000000
20260909-08:45.09-580396(us) 2420937 * Stop            (srpc_rpc_backend.cc:676): SrpcRpcBackend::Stop: END
20260909-08:45.09-580410(us) 2420937 * Stop            (srpc_rpc_backend.cc:593): SrpcRpcBackend::Stop: BEGIN - Setting stop flag
20260909-08:45.09-580423(us) 2420937 * Stop            (srpc_rpc_backend.cc:596): SrpcRpcBackend::Stop: Waiting for event loop to exit...
20260909-08:45.09-580438(us) 2420937 * Stop            (srpc_rpc_backend.cc:612): SrpcRpcBackend::Stop: Event loop exited successfully
20260909-08:45.09-580453(us) 2420937 * Stop            (srpc_rpc_backend.cc:616): SrpcRpcBackend::Stop: Signaling 0 request queues to stop
20260909-08:45.09-580470(us) 2420937 * Stop            (srpc_rpc_backend.cc:624): SrpcRpcBackend::Stop: Signaling 0 response queues to stop
20260909-08:45.09-580486(us) 2420937 * Stop            (srpc_rpc_backend.cc:635): SrpcRpcBackend::Stop: Server cleanup deferred to destructor
20260909-08:45.09-580500(us) 2420937 * Stop            (srpc_rpc_backend.cc:638): SrpcRpcBackend::Stop: Closing client connections
20260909-08:45.09-580521(us) 2420937 * Stop            (srpc_rpc_backend.cc:642): SrpcRpcBackend::Stop: Found 0 client connections to close
20260909-08:45.09-580536(us) 2420937 * Stop            (srpc_rpc_backend.cc:662): SrpcRpcBackend::Stop: Closed 0 client connections
20260909-08:45.09-580551(us) 2420937 * Stop            (srpc_rpc_backend.cc:675): SrpcRpcBackend stats: msg_size_resp_sent: 0 bytes, counter: 0, avg: 0.000000
20260909-08:45.09-580567(us) 2420937 * Stop            (srpc_rpc_backend.cc:676): SrpcRpcBackend::Stop: END
20260909-08:45.09-580583(us) 2420937 * Stop            (srpc_rpc_backend.cc:593): SrpcRpcBackend::Stop: BEGIN - Setting stop flag
20260909-08:45.09-580603(us) 2420937 * Stop            (srpc_rpc_backend.cc:596): SrpcRpcBackend::Stop: Waiting for event loop to exit...
20260909-08:45.09-580618(us) 2420937 * Stop            (srpc_rpc_backend.cc:612): SrpcRpcBackend::Stop: Event loop exited successfully
20260909-08:45.09-580632(us) 2420937 * Stop            (srpc_rpc_backend.cc:616): SrpcRpcBackend::Stop: Signaling 0 request queues to stop
20260909-08:45.09-580652(us) 2420937 * Stop            (srpc_rpc_backend.cc:624): SrpcRpcBackend::Stop: Signaling 0 response queues to stop
20260909-08:45.09-580666(us) 2420937 * Stop            (srpc_rpc_backend.cc:635): SrpcRpcBackend::Stop: Server cleanup deferred to destructor
20260909-08:45.09-580682(us) 2420937 * Stop            (srpc_rpc_backend.cc:638): SrpcRpcBackend::Stop: Closing client connections
20260909-08:45.09-580696(us) 2420937 * Stop            (srpc_rpc_backend.cc:642): SrpcRpcBackend::Stop: Found 0 client connections to close
20260909-08:45.09-580718(us) 2420937 * Stop            (srpc_rpc_backend.cc:662): SrpcRpcBackend::Stop: Closed 0 client connections
20260909-08:45.09-580733(us) 2420937 * Stop            (srpc_rpc_backend.cc:675): SrpcRpcBackend stats: msg_size_resp_sent: 0 bytes, counter: 0, avg: 0.000000
20260909-08:45.09-580748(us) 2420937 * Stop            (srpc_rpc_backend.cc:676): SrpcRpcBackend::Stop: END
20260909-08:45.09-580765(us) 2420937 * Stop            (srpc_rpc_backend.cc:593): SrpcRpcBackend::Stop: BEGIN - Setting stop flag
20260909-08:45.09-580780(us) 2420937 * Stop            (srpc_rpc_backend.cc:596): SrpcRpcBackend::Stop: Waiting for event loop to exit...
20260909-08:45.09-580796(us) 2420937 * Stop            (srpc_rpc_backend.cc:612): SrpcRpcBackend::Stop: Event loop exited successfully
20260909-08:45.09-580810(us) 2420937 * Stop            (srpc_rpc_backend.cc:616): SrpcRpcBackend::Stop: Signaling 0 request queues to stop
20260909-08:45.09-580825(us) 2420937 * Stop            (srpc_rpc_backend.cc:624): SrpcRpcBackend::Stop: Signaling 0 response queues to stop
20260909-08:45.09-580847(us) 2420937 * Stop            (srpc_rpc_backend.cc:635): SrpcRpcBackend::Stop: Server cleanup deferred to destructor
20260909-08:45.09-580869(us) 2420937 * Stop            (srpc_rpc_backend.cc:638): SrpcRpcBackend::Stop: Closing client connections
20260909-08:45.09-580883(us) 2420937 * Stop            (srpc_rpc_backend.cc:642): SrpcRpcBackend::Stop: Found 0 client connections to close
20260909-08:45.09-580899(us) 2420937 * Stop            (srpc_rpc_backend.cc:662): SrpcRpcBackend::Stop: Closed 0 client connections
20260909-08:45.09-580914(us) 2420937 * Stop            (srpc_rpc_backend.cc:675): SrpcRpcBackend stats: msg_size_resp_sent: 0 bytes, counter: 0, avg: 0.000000
20260909-08:45.09-580935(us) 2420937 * Stop            (srpc_rpc_backend.cc:676): SrpcRpcBackend::Stop: END
20260909-08:45.09-580950(us) 2420937 * Stop            (srpc_rpc_backend.cc:593): SrpcRpcBackend::Stop: BEGIN - Setting stop flag
20260909-08:45.09-580965(us) 2420937 * Stop            (srpc_rpc_backend.cc:596): SrpcRpcBackend::Stop: Waiting for event loop to exit...
20260909-08:45.09-580981(us) 2420937 * Stop            (srpc_rpc_backend.cc:612): SrpcRpcBackend::Stop: Event loop exited successfully
20260909-08:45.09-580995(us) 2420937 * Stop            (srpc_rpc_backend.cc:616): SrpcRpcBackend::Stop: Signaling 0 request queues to stop
20260909-08:45.09-581017(us) 2420937 * Stop            (srpc_rpc_backend.cc:624): SrpcRpcBackend::Stop: Signaling 0 response queues to stop
20260909-08:45.09-581031(us) 2420937 * Stop            (srpc_rpc_backend.cc:635): SrpcRpcBackend::Stop: Server cleanup deferred to destructor
20260909-08:45.09-581046(us) 2420937 * Stop            (srpc_rpc_backend.cc:638): SrpcRpcBackend::Stop: Closing client connections
20260909-08:45.09-581066(us) 2420937 * Stop            (srpc_rpc_backend.cc:642): SrpcRpcBackend::Stop: Found 0 client connections to close
20260909-08:45.09-581080(us) 2420937 * Stop            (srpc_rpc_backend.cc:662): SrpcRpcBackend::Stop: Closed 0 client connections
20260909-08:45.09-581095(us) 2420937 * Stop            (srpc_rpc_backend.cc:675): SrpcRpcBackend stats: msg_size_resp_sent: 0 bytes, counter: 0, avg: 0.000000
20260909-08:45.09-581140(us) 2420937 * Stop            (srpc_rpc_backend.cc:676): SrpcRpcBackend::Stop: END
20260909-08:45.09-581156(us) 2420937 * Stop            (srpc_rpc_backend.cc:593): SrpcRpcBackend::Stop: BEGIN - Setting stop flag
20260909-08:45.09-581172(us) 2420937 * Stop            (srpc_rpc_backend.cc:596): SrpcRpcBackend::Stop: Waiting for event loop to exit...
20260909-08:45.09-581186(us) 2420937 * Stop            (srpc_rpc_backend.cc:612): SrpcRpcBackend::Stop: Event loop exited successfully
20260909-08:45.09-581202(us) 2420937 * Stop            (srpc_rpc_backend.cc:616): SrpcRpcBackend::Stop: Signaling 0 request queues to stop
20260909-08:45.09-581217(us) 2420937 * Stop            (srpc_rpc_backend.cc:624): SrpcRpcBackend::Stop: Signaling 0 response queues to stop
20260909-08:45.09-581238(us) 2420937 * Stop            (srpc_rpc_backend.cc:635): SrpcRpcBackend::Stop: Server cleanup deferred to destructor
20260909-08:45.09-581253(us) 2420937 * Stop            (srpc_rpc_backend.cc:638): SrpcRpcBackend::Stop: Closing client connections
20260909-08:45.09-581268(us) 2420937 * Stop            (srpc_rpc_backend.cc:642): SrpcRpcBackend::Stop: Found 0 client connections to close
20260909-08:45.09-581284(us) 2420937 * Stop            (srpc_rpc_backend.cc:662): SrpcRpcBackend::Stop: Closed 0 client connections
20260909-08:45.09-581298(us) 2420937 * Stop            (srpc_rpc_backend.cc:675): SrpcRpcBackend stats: msg_size_resp_sent: 0 bytes, counter: 0, avg: 0.000000
20260909-08:45.09-581316(us) 2420937 * Stop            (srpc_rpc_backend.cc:676): SrpcRpcBackend::Stop: END
20260909-08:45.09-581332(us) 2420937 * Stop            (srpc_rpc_backend.cc:593): SrpcRpcBackend::Stop: BEGIN - Setting stop flag
20260909-08:45.09-581352(us) 2420937 * Stop            (srpc_rpc_backend.cc:596): SrpcRpcBackend::Stop: Waiting for event loop to exit...
20260909-08:45.09-581367(us) 2420937 * Stop            (srpc_rpc_backend.cc:612): SrpcRpcBackend::Stop: Event loop exited successfully
20260909-08:45.09-581383(us) 2420937 * Stop            (srpc_rpc_backend.cc:616): SrpcRpcBackend::Stop: Signaling 0 request queues to stop
20260909-08:45.09-581398(us) 2420937 * Stop            (srpc_rpc_backend.cc:624): SrpcRpcBackend::Stop: Signaling 0 response queues to stop
20260909-08:45.09-581418(us) 2420937 * Stop            (srpc_rpc_backend.cc:635): SrpcRpcBackend::Stop: Server cleanup deferred to destructor
20260909-08:45.09-581433(us) 2420937 * Stop            (srpc_rpc_backend.cc:638): SrpcRpcBackend::Stop: Closing client connections
20260909-08:45.09-581448(us) 2420937 * Stop            (srpc_rpc_backend.cc:642): SrpcRpcBackend::Stop: Found 0 client connections to close
20260909-08:45.09-581464(us) 2420937 * Stop            (srpc_rpc_backend.cc:662): SrpcRpcBackend::Stop: Closed 0 client connections
20260909-08:45.09-581478(us) 2420937 * Stop            (srpc_rpc_backend.cc:675): SrpcRpcBackend stats: msg_size_resp_sent: 0 bytes, counter: 0, avg: 0.000000
20260909-08:45.09-581501(us) 2420937 * Stop            (srpc_rpc_backend.cc:676): SrpcRpcBackend::Stop: END
20260909-08:45.09-581516(us) 2420937 * Stop            (srpc_rpc_backend.cc:593): SrpcRpcBackend::Stop: BEGIN - Setting stop flag
20260909-08:45.09-581530(us) 2420937 * Stop            (srpc_rpc_backend.cc:596): SrpcRpcBackend::Stop: Waiting for event loop to exit...
20260909-08:45.09-581546(us) 2420937 * Stop            (srpc_rpc_backend.cc:612): SrpcRpcBackend::Stop: Event loop exited successfully
20260909-08:45.09-581560(us) 2420937 * Stop            (srpc_rpc_backend.cc:616): SrpcRpcBackend::Stop: Signaling 0 request queues to stop
20260909-08:45.09-581582(us) 2420937 * Stop            (srpc_rpc_backend.cc:624): SrpcRpcBackend::Stop: Signaling 0 response queues to stop
20260909-08:45.09-581597(us) 2420937 * Stop            (srpc_rpc_backend.cc:635): SrpcRpcBackend::Stop: Server cleanup deferred to destructor
20260909-08:45.09-581612(us) 2420937 * Stop            (srpc_rpc_backend.cc:638): SrpcRpcBackend::Stop: Closing client connections
20260909-08:45.09-581628(us) 2420937 * Stop            (srpc_rpc_backend.cc:642): SrpcRpcBackend::Stop: Found 0 client connections to close
20260909-08:45.09-581642(us) 2420937 * Stop            (srpc_rpc_backend.cc:662): SrpcRpcBackend::Stop: Closed 0 client connections
20260909-08:45.09-581664(us) 2420937 * Stop            (srpc_rpc_backend.cc:675): SrpcRpcBackend stats: msg_size_resp_sent: 0 bytes, counter: 0, avg: 0.000000
20260909-08:45.09-581679(us) 2420937 * Stop            (srpc_rpc_backend.cc:676): SrpcRpcBackend::Stop: END
20260909-08:45.09-581695(us) 2420937 * Stop            (srpc_rpc_backend.cc:593): SrpcRpcBackend::Stop: BEGIN - Setting stop flag
20260909-08:45.09-581710(us) 2420937 * Stop            (srpc_rpc_backend.cc:596): SrpcRpcBackend::Stop: Waiting for event loop to exit...
20260909-08:45.09-581725(us) 2420937 * Stop            (srpc_rpc_backend.cc:612): SrpcRpcBackend::Stop: Event loop exited successfully
20260909-08:45.09-581748(us) 2420937 * Stop            (srpc_rpc_backend.cc:616): SrpcRpcBackend::Stop: Signaling 0 request queues to stop
20260909-08:45.09-581764(us) 2420937 * Stop            (srpc_rpc_backend.cc:624): SrpcRpcBackend::Stop: Signaling 0 response queues to stop
20260909-08:45.09-581780(us) 2420937 * Stop            (srpc_rpc_backend.cc:635): SrpcRpcBackend::Stop: Server cleanup deferred to destructor
20260909-08:45.09-581796(us) 2420937 * Stop            (srpc_rpc_backend.cc:638): SrpcRpcBackend::Stop: Closing client connections
20260909-08:45.09-581810(us) 2420937 * Stop            (srpc_rpc_backend.cc:642): SrpcRpcBackend::Stop: Found 0 client connections to close
20260909-08:45.09-581842(us) 2420937 * Stop            (srpc_rpc_backend.cc:662): SrpcRpcBackend::Stop: Closed 0 client connections
20260909-08:45.09-581857(us) 2420937 * Stop            (srpc_rpc_backend.cc:675): SrpcRpcBackend stats: msg_size_resp_sent: 0 bytes, counter: 0, avg: 0.000000
20260909-08:45.09-581878(us) 2420937 * Stop            (srpc_rpc_backend.cc:676): SrpcRpcBackend::Stop: END
[SHUTDOWN] First stop() completed
[SHUTDOWN] Joining 16 worker threads
[SHUTDOWN] Joining worker 0
20260909-08:45.09-581903(us) 2420937 * PrintStats      (srpc_rpc_backend.cc:686): SrpcRpcBackend request stats: msg_size_req_sent: 0 bytes, counter: 0, avg: 0.000000
20260909-08:45.09-581947(us) 2420937 * PrintStats      (srpc_rpc_backend.cc:686): SrpcRpcBackend request stats: msg_size_req_sent: 0 bytes, counter: 0, avg: 0.000000
20260909-08:45.09-582013(us) 2420937 * PrintStats      (srpc_rpc_backend.cc:686): SrpcRpcBackend request stats: msg_size_req_sent: 0 bytes, counter: 0, avg: 0.000000
20260909-08:45.09-582055(us) 2420937 * PrintStats      (srpc_rpc_backend.cc:686): SrpcRpcBackend request stats: msg_size_req_sent: 0 bytes, counter: 0, avg: 0.000000
20260909-08:45.09-582119(us) 2420937 * PrintStats      (srpc_rpc_backend.cc:686): SrpcRpcBackend request stats: msg_size_req_sent: 0 bytes, counter: 0, avg: 0.000000
20260909-08:45.09-582160(us) 2420937 * PrintStats      (srpc_rpc_backend.cc:686): SrpcRpcBackend request stats: msg_size_req_sent: 0 bytes, counter: 0, avg: 0.000000
20260909-08:45.09-582205(us) 2420937 * PrintStats      (srpc_rpc_backend.cc:686): SrpcRpcBackend request stats: msg_size_req_sent: 0 bytes, counter: 0, avg: 0.000000
20260909-08:45.09-582248(us) 2420937 * PrintStats      (srpc_rpc_backend.cc:686): SrpcRpcBackend request stats: msg_size_req_sent: 0 bytes, counter: 0, avg: 0.000000
20260909-08:45.09-582294(us) 2420937 * PrintStats      (srpc_rpc_backend.cc:686): SrpcRpcBackend request stats: msg_size_req_sent: 0 bytes, counter: 0, avg: 0.000000
20260909-08:45.09-582339(us) 2420937 * PrintStats      (srpc_rpc_backend.cc:686): SrpcRpcBackend request stats: msg_size_req_sent: 0 bytes, counter: 0, avg: 0.000000
20260909-08:45.09-582380(us) 2420937 * PrintStats      (srpc_rpc_backend.cc:686): SrpcRpcBackend request stats: msg_size_req_sent: 0 bytes, counter: 0, avg: 0.000000
20260909-08:45.09-582425(us) 2420937 * PrintStats      (srpc_rpc_backend.cc:686): SrpcRpcBackend request stats: msg_size_req_sent: 0 bytes, counter: 0, avg: 0.000000
20260909-08:45.09-582474(us) 2420937 * PrintStats      (srpc_rpc_backend.cc:686): SrpcRpcBackend request stats: msg_size_req_sent: 0 bytes, counter: 0, avg: 0.000000
20260909-08:45.10-583341(us) 2420937 * Stop            (srpc_rpc_backend.cc:589): SrpcRpcBackend::Stop: Already stopped, returning
20260909-08:45.10-583378(us) 2420937 * Shutdown        (srpc_rpc_backend.cc:112): SrpcRpcBackend::Shutdown: About to delete server
20260909-08:45.10-583395(us) 2420937 * Shutdown        (srpc_rpc_backend.cc:116): SrpcRpcBackend::Shutdown: Server pointer is valid, deleting...
20260909-08:45.10-583423(us) 2420937 * Shutdown        (srpc_rpc_backend.cc:120): SrpcRpcBackend::Shutdown: Server deleted successfully
20260909-08:45.10-583437(us) 2420937 * Shutdown        (srpc_rpc_backend.cc:132): SrpcRpcBackend::Shutdown: About to shutdown poll_thread_worker_
20260909-08:45.10-583451(us) 2420937 * Shutdown        (srpc_rpc_backend.cc:136): SrpcRpcBackend::Shutdown: poll_thread_worker_ is valid, calling shutdown()
20260909-08:45.10-584435(us) 2420937 * Shutdown        (srpc_rpc_backend.cc:138): SrpcRpcBackend::Shutdown: poll_thread_worker_->shutdown() completed
20260909-08:45.10-584477(us) 2420937 * Shutdown        (srpc_rpc_backend.cc:140): SrpcRpcBackend::Shutdown: poll_thread_worker_ reset to None
20260909-08:45.10-584493(us) 2420937 * Shutdown        (srpc_rpc_backend.cc:145): SrpcRpcBackend::Shutdown: Shutdown sequence completed, destructor will now exit
20260909-08:45.10-584515(us) 2420937 * ~SrpcRpcBackend (srpc_rpc_backend.cc:52): SrpcRpcBackend::~SrpcRpcBackend: START destructor
20260909-08:45.10-584530(us) 2420937 * Stop            (srpc_rpc_backend.cc:589): SrpcRpcBackend::Stop: Already stopped, returning
20260909-08:45.10-584550(us) 2420937 * Shutdown        (srpc_rpc_backend.cc:112): SrpcRpcBackend::Shutdown: About to delete server
20260909-08:45.10-584565(us) 2420937 * Shutdown        (srpc_rpc_backend.cc:129): SrpcRpcBackend::Shutdown: Server pointer is null, skipping deletion
20260909-08:45.10-584584(us) 2420937 * Shutdown        (srpc_rpc_backend.cc:132): SrpcRpcBackend::Shutdown: About to shutdown poll_thread_worker_
20260909-08:45.10-584599(us) 2420937 * Shutdown        (srpc_rpc_backend.cc:142): SrpcRpcBackend::Shutdown: poll_thread_worker_ is null, skipping shutdown
20260909-08:45.10-584613(us) 2420937 * Shutdown        (srpc_rpc_backend.cc:145): SrpcRpcBackend::Shutdown: Shutdown sequence completed, destructor will now exit
20260909-08:45.10-584628(us) 2420937 * ~SrpcRpcBackend (srpc_rpc_backend.cc:54): SrpcRpcBackend::~SrpcRpcBackend: Shutdown() completed
20260909-08:45.10-588338(us) 2420937 * Stop            (srpc_rpc_backend.cc:589): SrpcRpcBackend::Stop: Already stopped, returning
20260909-08:45.10-588408(us) 2420937 * Shutdown        (srpc_rpc_backend.cc:112): SrpcRpcBackend::Shutdown: About to delete server
20260909-08:45.10-588424(us) 2420937 * Shutdown        (srpc_rpc_backend.cc:116): SrpcRpcBackend::Shutdown: Server pointer is valid, deleting...
20260909-08:45.10-588448(us) 2420937 * Shutdown        (srpc_rpc_backend.cc:120): SrpcRpcBackend::Shutdown: Server deleted successfully
20260909-08:45.10-588462(us) 2420937 * Shutdown        (srpc_rpc_backend.cc:132): SrpcRpcBackend::Shutdown: About to shutdown poll_thread_worker_
20260909-08:45.10-588477(us) 2420937 * Shutdown        (srpc_rpc_backend.cc:136): SrpcRpcBackend::Shutdown: poll_thread_worker_ is valid, calling shutdown()
20260909-08:45.10-588953(us) 2420937 * Shutdown        (srpc_rpc_backend.cc:138): SrpcRpcBackend::Shutdown: poll_thread_worker_->shutdown() completed
20260909-08:45.10-588990(us) 2420937 * Shutdown        (srpc_rpc_backend.cc:140): SrpcRpcBackend::Shutdown: poll_thread_worker_ reset to None
20260909-08:45.10-589005(us) 2420937 * Shutdown        (srpc_rpc_backend.cc:145): SrpcRpcBackend::Shutdown: Shutdown sequence completed, destructor will now exit
20260909-08:45.10-589020(us) 2420937 * ~SrpcRpcBackend (srpc_rpc_backend.cc:52): SrpcRpcBackend::~SrpcRpcBackend: START destructor
20260909-08:45.10-589035(us) 2420937 * Stop            (srpc_rpc_backend.cc:589): SrpcRpcBackend::Stop: Already stopped, returning
20260909-08:45.10-589049(us) 2420937 * Shutdown        (srpc_rpc_backend.cc:112): SrpcRpcBackend::Shutdown: About to delete server
20260909-08:45.10-589064(us) 2420937 * Shutdown        (srpc_rpc_backend.cc:129): SrpcRpcBackend::Shutdown: Server pointer is null, skipping deletion
20260909-08:45.10-589078(us) 2420937 * Shutdown        (srpc_rpc_backend.cc:132): SrpcRpcBackend::Shutdown: About to shutdown poll_thread_worker_
20260909-08:45.10-589092(us) 2420937 * Shutdown        (srpc_rpc_backend.cc:142): SrpcRpcBackend::Shutdown: poll_thread_worker_ is null, skipping shutdown
20260909-08:45.10-589106(us) 2420937 * Shutdown        (srpc_rpc_backend.cc:145): SrpcRpcBackend::Shutdown: Shutdown sequence completed, destructor will now exit
20260909-08:45.10-589120(us) 2420937 * ~SrpcRpcBackend (srpc_rpc_backend.cc:54): SrpcRpcBackend::~SrpcRpcBackend: Shutdown() completed
[SHUTDOWN] Worker 0 joined
[SHUTDOWN] Joining worker 1
20260909-08:45.10-591877(us) 2420937 * Stop            (srpc_rpc_backend.cc:589): SrpcRpcBackend::Stop: Already stopped, returning
20260909-08:45.10-591934(us) 2420937 * Shutdown        (srpc_rpc_backend.cc:112): SrpcRpcBackend::Shutdown: About to delete server
20260909-08:45.10-591950(us) 2420937 * Shutdown        (srpc_rpc_backend.cc:116): SrpcRpcBackend::Shutdown: Server pointer is valid, deleting...
20260909-08:45.10-591973(us) 2420937 * Shutdown        (srpc_rpc_backend.cc:120): SrpcRpcBackend::Shutdown: Server deleted successfully
20260909-08:45.10-591991(us) 2420937 * Shutdown        (srpc_rpc_backend.cc:132): SrpcRpcBackend::Shutdown: About to shutdown poll_thread_worker_
20260909-08:45.10-592007(us) 2420937 * Shutdown        (srpc_rpc_backend.cc:136): SrpcRpcBackend::Shutdown: poll_thread_worker_ is valid, calling shutdown()
20260909-08:45.10-592037(us) 2420937 * Stop            (srpc_rpc_backend.cc:589): SrpcRpcBackend::Stop: Already stopped, returning
20260909-08:45.10-592106(us) 2420937 * Shutdown        (srpc_rpc_backend.cc:112): SrpcRpcBackend::Shutdown: About to delete server
20260909-08:45.10-592127(us) 2420937 * Shutdown        (srpc_rpc_backend.cc:116): SrpcRpcBackend::Shutdown: Server pointer is valid, deleting...
20260909-08:45.10-592151(us) 2420937 * Stop            (srpc_rpc_backend.cc:589): SrpcRpcBackend::Stop: Already stopped, returning
20260909-08:45.10-592219(us) 2420937 * Shutdown        (srpc_rpc_backend.cc:112): SrpcRpcBackend::Shutdown: About to delete server
20260909-08:45.10-592240(us) 2420937 * Shutdown        (srpc_rpc_backend.cc:116): SrpcRpcBackend::Shutdown: Server pointer is valid, deleting...
20260909-08:45.10-592265(us) 2420937 * Shutdown        (srpc_rpc_backend.cc:120): SrpcRpcBackend::Shutdown: Server deleted successfully
20260909-08:45.10-592282(us) 2420937 * Shutdown        (srpc_rpc_backend.cc:132): SrpcRpcBackend::Shutdown: About to shutdown poll_thread_worker_
20260909-08:45.10-592298(us) 2420937 * Shutdown        (srpc_rpc_backend.cc:136): SrpcRpcBackend::Shutdown: poll_thread_worker_ is valid, calling shutdown()
20260909-08:45.10-592322(us) 2420937 * Stop            (srpc_rpc_backend.cc:589): SrpcRpcBackend::Stop: Already stopped, returning
20260909-08:45.10-592368(us) 2420937 * Shutdown        (srpc_rpc_backend.cc:112): SrpcRpcBackend::Shutdown: About to delete server
20260909-08:45.10-592396(us) 2420937 * Shutdown        (srpc_rpc_backend.cc:116): SrpcRpcBackend::Shutdown: Server pointer is valid, deleting...
20260909-08:45.10-592419(us) 2420937 * Shutdown        (srpc_rpc_backend.cc:120): SrpcRpcBackend::Shutdown: Server deleted successfully
20260909-08:45.10-592440(us) 2420937 * Shutdown        (srpc_rpc_backend.cc:132): SrpcRpcBackend::Shutdown: About to shutdown poll_thread_worker_
20260909-08:45.10-592456(us) 2420937 * Shutdown        (srpc_rpc_backend.cc:136): SrpcRpcBackend::Shutdown: poll_thread_worker_ is valid, calling shutdown()
20260909-08:45.10-592481(us) 2420937 * Stop            (srpc_rpc_backend.cc:589): SrpcRpcBackend::Stop: Already stopped, returning
20260909-08:45.10-592523(us) 2420937 * Shutdown        (srpc_rpc_backend.cc:112): SrpcRpcBackend::Shutdown: About to delete server
20260909-08:45.10-592549(us) 2420937 * Shutdown        (srpc_rpc_backend.cc:116): SrpcRpcBackend::Shutdown: Server pointer is valid, deleting...
20260909-08:45.10-592576(us) 2420937 * Shutdown        (srpc_rpc_backend.cc:120): SrpcRpcBackend::Shutdown: Server deleted successfully
20260909-08:45.10-592596(us) 2420937 * Shutdown        (srpc_rpc_backend.cc:132): SrpcRpcBackend::Shutdown: About to shutdown poll_thread_worker_
20260909-08:45.10-592616(us) 2420937 * Shutdown        (srpc_rpc_backend.cc:136): SrpcRpcBackend::Shutdown: poll_thread_worker_ is valid, calling shutdown()
20260909-08:45.10-592649(us) 2420937 * Shutdown        (srpc_rpc_backend.cc:120): SrpcRpcBackend::Shutdown: Server deleted successfully
20260909-08:45.10-592671(us) 2420937 * Shutdown        (srpc_rpc_backend.cc:132): SrpcRpcBackend::Shutdown: About to shutdown poll_thread_worker_
20260909-08:45.10-592688(us) 2420937 * Shutdown        (srpc_rpc_backend.cc:136): SrpcRpcBackend::Shutdown: poll_thread_worker_ is valid, calling shutdown()
20260909-08:45.10-592720(us) 2420937 * Stop            (srpc_rpc_backend.cc:589): SrpcRpcBackend::Stop: Already stopped, returning
20260909-08:45.10-592771(us) 2420937 * Shutdown        (srpc_rpc_backend.cc:112): SrpcRpcBackend::Shutdown: About to delete server
20260909-08:45.10-592793(us) 2420937 * Shutdown        (srpc_rpc_backend.cc:116): SrpcRpcBackend::Shutdown: Server pointer is valid, deleting...
20260909-08:45.10-592815(us) 2420937 * Stop            (srpc_rpc_backend.cc:589): SrpcRpcBackend::Stop: Already stopped, returning
20260909-08:45.10-592855(us) 2420937 * Shutdown        (srpc_rpc_backend.cc:112): SrpcRpcBackend::Shutdown: About to delete server
20260909-08:45.10-592872(us) 2420937 * Shutdown        (srpc_rpc_backend.cc:116): SrpcRpcBackend::Shutdown: Server pointer is valid, deleting...
20260909-08:45.10-592893(us) 2420937 * Shutdown        (srpc_rpc_backend.cc:120): SrpcRpcBackend::Shutdown: Server deleted successfully
20260909-08:45.10-592909(us) 2420937 * Shutdown        (srpc_rpc_backend.cc:132): SrpcRpcBackend::Shutdown: About to shutdown poll_thread_worker_
20260909-08:45.10-592926(us) 2420937 * Shutdown        (srpc_rpc_backend.cc:136): SrpcRpcBackend::Shutdown: poll_thread_worker_ is valid, calling shutdown()
20260909-08:45.10-592957(us) 2420937 * Shutdown        (srpc_rpc_backend.cc:120): SrpcRpcBackend::Shutdown: Server deleted successfully
20260909-08:45.10-592987(us) 2420937 * Shutdown        (srpc_rpc_backend.cc:132): SrpcRpcBackend::Shutdown: About to shutdown poll_thread_worker_
20260909-08:45.10-593006(us) 2420937 * Shutdown        (srpc_rpc_backend.cc:136): SrpcRpcBackend::Shutdown: poll_thread_worker_ is valid, calling shutdown()
20260909-08:45.10-593203(us) 2420937 * Stop            (srpc_rpc_backend.cc:589): SrpcRpcBackend::Stop: Already stopped, returning
20260909-08:45.10-593247(us) 2420937 * Shutdown        (srpc_rpc_backend.cc:112): SrpcRpcBackend::Shutdown: About to delete server
20260909-08:45.10-593276(us) 2420937 * Shutdown        (srpc_rpc_backend.cc:116): SrpcRpcBackend::Shutdown: Server pointer is valid, deleting...
20260909-08:45.10-593307(us) 2420937 * Shutdown        (srpc_rpc_backend.cc:120): SrpcRpcBackend::Shutdown: Server deleted successfully
20260909-08:45.10-593327(us) 2420937 * Shutdown        (srpc_rpc_backend.cc:132): SrpcRpcBackend::Shutdown: About to shutdown poll_thread_worker_
20260909-08:45.10-593349(us) 2420937 * Shutdown        (srpc_rpc_backend.cc:136): SrpcRpcBackend::Shutdown: poll_thread_worker_ is valid, calling shutdown()
20260909-08:45.10-593391(us) 2420937 * Stop            (srpc_rpc_backend.cc:589): SrpcRpcBackend::Stop: Already stopped, returning
20260909-08:45.10-593468(us) 2420937 * Shutdown        (srpc_rpc_backend.cc:112): SrpcRpcBackend::Shutdown: About to delete server
20260909-08:45.10-593503(us) 2420937 * Shutdown        (srpc_rpc_backend.cc:116): SrpcRpcBackend::Shutdown: Server pointer is valid, deleting...
20260909-08:45.10-593541(us) 2420937 * Shutdown        (srpc_rpc_backend.cc:138): SrpcRpcBackend::Shutdown: poll_thread_worker_->shutdown() completed
20260909-08:45.10-593598(us) 2420937 * Shutdown        (srpc_rpc_backend.cc:120): SrpcRpcBackend::Shutdown: Server deleted successfully
20260909-08:45.10-593630(us) 2420937 * Shutdown        (srpc_rpc_backend.cc:132): SrpcRpcBackend::Shutdown: About to shutdown poll_thread_worker_
20260909-08:45.10-593663(us) 2420937 * Shutdown        (srpc_rpc_backend.cc:136): SrpcRpcBackend::Shutdown: poll_thread_worker_ is valid, calling shutdown()
20260909-08:45.10-593700(us) 2420937 * Shutdown        (srpc_rpc_backend.cc:138): SrpcRpcBackend::Shutdown: poll_thread_worker_->shutdown() completed
20260909-08:45.10-593747(us) 2420937 * Shutdown        (srpc_rpc_backend.cc:140): SrpcRpcBackend::Shutdown: poll_thread_worker_ reset to None
20260909-08:45.10-593773(us) 2420937 * Shutdown        (srpc_rpc_backend.cc:145): SrpcRpcBackend::Shutdown: Shutdown sequence completed, destructor will now exit
20260909-08:45.10-593800(us) 2420937 * ~SrpcRpcBackend (srpc_rpc_backend.cc:52): SrpcRpcBackend::~SrpcRpcBackend: START destructor
20260909-08:45.10-593823(us) 2420937 * Stop            (srpc_rpc_backend.cc:589): SrpcRpcBackend::Stop: Already stopped, returning
20260909-08:45.10-593857(us) 2420937 * Shutdown        (srpc_rpc_backend.cc:112): SrpcRpcBackend::Shutdown: About to delete server
20260909-08:45.10-593878(us) 2420937 * Shutdown        (srpc_rpc_backend.cc:129): SrpcRpcBackend::Shutdown: Server pointer is null, skipping deletion
20260909-08:45.10-593898(us) 2420937 * Shutdown        (srpc_rpc_backend.cc:132): SrpcRpcBackend::Shutdown: About to shutdown poll_thread_worker_
20260909-08:45.10-593919(us) 2420937 * Shutdown        (srpc_rpc_backend.cc:142): SrpcRpcBackend::Shutdown: poll_thread_worker_ is null, skipping shutdown
20260909-08:45.10-593941(us) 2420937 * Shutdown        (srpc_rpc_backend.cc:145): SrpcRpcBackend::Shutdown: Shutdown sequence completed, destructor will now exit
20260909-08:45.10-593963(us) 2420937 * ~SrpcRpcBackend (srpc_rpc_backend.cc:54): SrpcRpcBackend::~SrpcRpcBackend: Shutdown() completed
20260909-08:45.10-594000(us) 2420937 * Stop            (srpc_rpc_backend.cc:589): SrpcRpcBackend::Stop: Already stopped, returning
20260909-08:45.10-594053(us) 2420937 * Shutdown        (srpc_rpc_backend.cc:112): SrpcRpcBackend::Shutdown: About to delete server
20260909-08:45.10-594085(us) 2420937 * Shutdown        (srpc_rpc_backend.cc:116): SrpcRpcBackend::Shutdown: Server pointer is valid, deleting...
20260909-08:45.10-594118(us) 2420937 * Shutdown        (srpc_rpc_backend.cc:120): SrpcRpcBackend::Shutdown: Server deleted successfully
20260909-08:45.10-594150(us) 2420937 * Shutdown        (srpc_rpc_backend.cc:138): SrpcRpcBackend::Shutdown: poll_thread_worker_->shutdown() completed
20260909-08:45.10-594186(us) 2420937 * Shutdown        (srpc_rpc_backend.cc:138): SrpcRpcBackend::Shutdown: poll_thread_worker_->shutdown() completed
20260909-08:45.10-594249(us) 2420937 * Shutdown        (srpc_rpc_backend.cc:140): SrpcRpcBackend::Shutdown: poll_thread_worker_ reset to None
20260909-08:45.10-594275(us) 2420937 * Shutdown        (srpc_rpc_backend.cc:145): SrpcRpcBackend::Shutdown: Shutdown sequence completed, destructor will now exit
20260909-08:45.10-594302(us) 2420937 * ~SrpcRpcBackend (srpc_rpc_backend.cc:52): SrpcRpcBackend::~SrpcRpcBackend: START destructor
20260909-08:45.10-594327(us) 2420937 * Stop            (srpc_rpc_backend.cc:589): SrpcRpcBackend::Stop: Already stopped, returning
20260909-08:45.10-594353(us) 2420937 * Shutdown        (srpc_rpc_backend.cc:112): SrpcRpcBackend::Shutdown: About to delete server
20260909-08:45.10-594382(us) 2420937 * Shutdown        (srpc_rpc_backend.cc:129): SrpcRpcBackend::Shutdown: Server pointer is null, skipping deletion
20260909-08:45.10-594403(us) 2420937 * Shutdown        (srpc_rpc_backend.cc:132): SrpcRpcBackend::Shutdown: About to shutdown poll_thread_worker_
20260909-08:45.10-594423(us) 2420937 * Shutdown        (srpc_rpc_backend.cc:142): SrpcRpcBackend::Shutdown: poll_thread_worker_ is null, skipping shutdown
20260909-08:45.10-594452(us) 2420937 * Shutdown        (srpc_rpc_backend.cc:145): SrpcRpcBackend::Shutdown: Shutdown sequence completed, destructor will now exit
20260909-08:45.10-594480(us) 2420937 * ~SrpcRpcBackend (srpc_rpc_backend.cc:54): SrpcRpcBackend::~SrpcRpcBackend: Shutdown() completed
20260909-08:45.10-594523(us) 2420937 * Shutdown        (srpc_rpc_backend.cc:138): SrpcRpcBackend::Shutdown: poll_thread_worker_->shutdown() completed
20260909-08:45.10-594588(us) 2420937 * Shutdown        (srpc_rpc_backend.cc:140): SrpcRpcBackend::Shutdown: poll_thread_worker_ reset to None
20260909-08:45.10-594739(us) 2420937 * Shutdown        (srpc_rpc_backend.cc:145): SrpcRpcBackend::Shutdown: Shutdown sequence completed, destructor will now exit
20260909-08:45.10-594760(us) 2420937 * ~SrpcRpcBackend (srpc_rpc_backend.cc:52): SrpcRpcBackend::~SrpcRpcBackend: START destructor
20260909-08:45.10-594790(us) 2420937 * Stop            (srpc_rpc_backend.cc:589): SrpcRpcBackend::Stop: Already stopped, returning
20260909-08:45.10-594846(us) 2420937 * Shutdown        (srpc_rpc_backend.cc:112): SrpcRpcBackend::Shutdown: About to delete server
20260909-08:45.10-594879(us) 2420937 * Shutdown        (srpc_rpc_backend.cc:129): SrpcRpcBackend::Shutdown: Server pointer is null, skipping deletion
20260909-08:45.10-594910(us) 2420937 * Shutdown        (srpc_rpc_backend.cc:132): SrpcRpcBackend::Shutdown: About to shutdown poll_thread_worker_
20260909-08:45.10-594943(us) 2420937 * Shutdown        (srpc_rpc_backend.cc:142): SrpcRpcBackend::Shutdown: poll_thread_worker_ is null, skipping shutdown
20260909-08:45.10-594976(us) 2420937 * Shutdown        (srpc_rpc_backend.cc:145): SrpcRpcBackend::Shutdown: Shutdown sequence completed, destructor will now exit
20260909-08:45.10-595005(us) 2420937 * ~SrpcRpcBackend (srpc_rpc_backend.cc:54): SrpcRpcBackend::~SrpcRpcBackend: Shutdown() completed
20260909-08:45.10-595045(us) 2420937 * Shutdown        (srpc_rpc_backend.cc:138): SrpcRpcBackend::Shutdown: poll_thread_worker_->shutdown() completed
20260909-08:45.10-595103(us) 2420937 * Shutdown        (srpc_rpc_backend.cc:138): SrpcRpcBackend::Shutdown: poll_thread_worker_->shutdown() completed
20260909-08:45.10-595150(us) 2420937 * Stop            (srpc_rpc_backend.cc:589): SrpcRpcBackend::Stop: Already stopped, returning
20260909-08:45.10-595198(us) 2420937 * Shutdown        (srpc_rpc_backend.cc:140): SrpcRpcBackend::Shutdown: poll_thread_worker_ reset to None
20260909-08:45.10-595232(us) 2420937 * Shutdown        (srpc_rpc_backend.cc:145): SrpcRpcBackend::Shutdown: Shutdown sequence completed, destructor will now exit
20260909-08:45.10-595258(us) 2420937 * ~SrpcRpcBackend (srpc_rpc_backend.cc:52): SrpcRpcBackend::~SrpcRpcBackend: START destructor
20260909-08:45.10-595284(us) 2420937 * Stop            (srpc_rpc_backend.cc:589): SrpcRpcBackend::Stop: Already stopped, returning
20260909-08:45.10-595310(us) 2420937 * Shutdown        (srpc_rpc_backend.cc:112): SrpcRpcBackend::Shutdown: About to delete server
20260909-08:45.10-595336(us) 2420937 * Shutdown        (srpc_rpc_backend.cc:129): SrpcRpcBackend::Shutdown: Server pointer is null, skipping deletion
20260909-08:45.10-595362(us) 2420937 * Shutdown        (srpc_rpc_backend.cc:132): SrpcRpcBackend::Shutdown: About to shutdown poll_thread_worker_
20260909-08:45.10-595391(us) 2420937 * Shutdown        (srpc_rpc_backend.cc:142): SrpcRpcBackend::Shutdown: poll_thread_worker_ is null, skipping shutdown
20260909-08:45.10-595418(us) 2420937 * Shutdown        (srpc_rpc_backend.cc:145): SrpcRpcBackend::Shutdown: Shutdown sequence completed, destructor will now exit
20260909-08:45.10-595443(us) 2420937 * ~SrpcRpcBackend (srpc_rpc_backend.cc:54): SrpcRpcBackend::~SrpcRpcBackend: Shutdown() completed
20260909-08:45.10-595475(us) 2420937 * Shutdown        (srpc_rpc_backend.cc:140): SrpcRpcBackend::Shutdown: poll_thread_worker_ reset to None
20260909-08:45.10-595507(us) 2420937 * Shutdown        (srpc_rpc_backend.cc:145): SrpcRpcBackend::Shutdown: Shutdown sequence completed, destructor will now exit
20260909-08:45.10-595528(us) 2420937 * ~SrpcRpcBackend (srpc_rpc_backend.cc:52): SrpcRpcBackend::~SrpcRpcBackend: START destructor
20260909-08:45.10-595550(us) 2420937 * Stop            (srpc_rpc_backend.cc:589): SrpcRpcBackend::Stop: Already stopped, returning
20260909-08:45.10-595570(us) 2420937 * Shutdown        (srpc_rpc_backend.cc:112): SrpcRpcBackend::Shutdown: About to delete server
20260909-08:45.10-595590(us) 2420937 * Shutdown        (srpc_rpc_backend.cc:129): SrpcRpcBackend::Shutdown: Server pointer is null, skipping deletion
20260909-08:45.10-595611(us) 2420937 * Shutdown        (srpc_rpc_backend.cc:132): SrpcRpcBackend::Shutdown: About to shutdown poll_thread_worker_
20260909-08:45.10-595632(us) 2420937 * Shutdown        (srpc_rpc_backend.cc:142): SrpcRpcBackend::Shutdown: poll_thread_worker_ is null, skipping shutdown
20260909-08:45.10-595650(us) 2420937 * Shutdown        (srpc_rpc_backend.cc:145): SrpcRpcBackend::Shutdown: Shutdown sequence completed, destructor will now exit
20260909-08:45.10-595668(us) 2420937 * ~SrpcRpcBackend (srpc_rpc_backend.cc:54): SrpcRpcBackend::~SrpcRpcBackend: Shutdown() completed
20260909-08:45.10-595702(us) 2420937 * Stop            (srpc_rpc_backend.cc:589): SrpcRpcBackend::Stop: Already stopped, returning
20260909-08:45.10-595766(us) 2420937 * Shutdown        (srpc_rpc_backend.cc:112): SrpcRpcBackend::Shutdown: About to delete server
20260909-08:45.10-595796(us) 2420937 * Shutdown        (srpc_rpc_backend.cc:116): SrpcRpcBackend::Shutdown: Server pointer is valid, deleting...
20260909-08:45.10-595856(us) 2420937 * Shutdown        (srpc_rpc_backend.cc:120): SrpcRpcBackend::Shutdown: Server deleted successfully
20260909-08:45.10-595891(us) 2420937 * Shutdown        (srpc_rpc_backend.cc:132): SrpcRpcBackend::Shutdown: About to shutdown poll_thread_worker_
20260909-08:45.10-595922(us) 2420937 * Shutdown        (srpc_rpc_backend.cc:136): SrpcRpcBackend::Shutdown: poll_thread_worker_ is valid, calling shutdown()
20260909-08:45.10-595969(us) 2420937 * Shutdown        (srpc_rpc_backend.cc:132): SrpcRpcBackend::Shutdown: About to shutdown poll_thread_worker_
20260909-08:45.10-596030(us) 2420937 * Shutdown        (srpc_rpc_backend.cc:136): SrpcRpcBackend::Shutdown: poll_thread_worker_ is valid, calling shutdown()
20260909-08:45.10-596077(us) 2420937 * Shutdown        (srpc_rpc_backend.cc:140): SrpcRpcBackend::Shutdown: poll_thread_worker_ reset to None
20260909-08:45.10-596118(us) 2420937 * Shutdown        (srpc_rpc_backend.cc:145): SrpcRpcBackend::Shutdown: Shutdown sequence completed, destructor will now exit
20260909-08:45.10-596158(us) 2420937 * ~SrpcRpcBackend (srpc_rpc_backend.cc:52): SrpcRpcBackend::~SrpcRpcBackend: START destructor
20260909-08:45.10-596182(us) 2420937 * Shutdown        (srpc_rpc_backend.cc:112): SrpcRpcBackend::Shutdown: About to delete server
20260909-08:45.10-596213(us) 2420937 * Shutdown        (srpc_rpc_backend.cc:116): SrpcRpcBackend::Shutdown: Server pointer is valid, deleting...
20260909-08:45.10-596249(us) 2420937 * Shutdown        (srpc_rpc_backend.cc:120): SrpcRpcBackend::Shutdown: Server deleted successfully
20260909-08:45.10-596286(us) 2420937 * Shutdown        (srpc_rpc_backend.cc:132): SrpcRpcBackend::Shutdown: About to shutdown poll_thread_worker_
20260909-08:45.10-596336(us) 2420937 * Shutdown        (srpc_rpc_backend.cc:136): SrpcRpcBackend::Shutdown: poll_thread_worker_ is valid, calling shutdown()
20260909-08:45.10-596376(us) 2420937 * Stop            (srpc_rpc_backend.cc:589): SrpcRpcBackend::Stop: Already stopped, returning
20260909-08:45.10-596419(us) 2420937 * Shutdown        (srpc_rpc_backend.cc:112): SrpcRpcBackend::Shutdown: About to delete server
20260909-08:45.10-596460(us) 2420937 * Shutdown        (srpc_rpc_backend.cc:129): SrpcRpcBackend::Shutdown: Server pointer is null, skipping deletion
20260909-08:45.10-596495(us) 2420937 * Shutdown        (srpc_rpc_backend.cc:132): SrpcRpcBackend::Shutdown: About to shutdown poll_thread_worker_
20260909-08:45.10-596538(us) 2420937 * Shutdown        (srpc_rpc_backend.cc:142): SrpcRpcBackend::Shutdown: poll_thread_worker_ is null, skipping shutdown
20260909-08:45.10-596569(us) 2420937 * Shutdown        (srpc_rpc_backend.cc:145): SrpcRpcBackend::Shutdown: Shutdown sequence completed, destructor will now exit
20260909-08:45.10-596595(us) 2420937 * ~SrpcRpcBackend (srpc_rpc_backend.cc:54): SrpcRpcBackend::~SrpcRpcBackend: Shutdown() completed
20260909-08:45.10-596639(us) 2420937 * Shutdown        (srpc_rpc_backend.cc:138): SrpcRpcBackend::Shutdown: poll_thread_worker_->shutdown() completed
20260909-08:45.10-596688(us) 2420937 * Shutdown        (srpc_rpc_backend.cc:140): SrpcRpcBackend::Shutdown: poll_thread_worker_ reset to None
20260909-08:45.10-596732(us) 2420937 * Shutdown        (srpc_rpc_backend.cc:145): SrpcRpcBackend::Shutdown: Shutdown sequence completed, destructor will now exit
20260909-08:45.10-596760(us) 2420937 * ~SrpcRpcBackend (srpc_rpc_backend.cc:52): SrpcRpcBackend::~SrpcRpcBackend: START destructor
20260909-08:45.10-596795(us) 2420937 * Stop            (srpc_rpc_backend.cc:589): SrpcRpcBackend::Stop: Already stopped, returning
20260909-08:45.10-596822(us) 2420937 * Shutdown        (srpc_rpc_backend.cc:112): SrpcRpcBackend::Shutdown: About to delete server
20260909-08:45.10-596859(us) 2420937 * Shutdown        (srpc_rpc_backend.cc:129): SrpcRpcBackend::Shutdown: Server pointer is null, skipping deletion
20260909-08:45.10-596883(us) 2420937 * Shutdown        (srpc_rpc_backend.cc:132): SrpcRpcBackend::Shutdown: About to shutdown poll_thread_worker_
20260909-08:45.10-596907(us) 2420937 * Shutdown        (srpc_rpc_backend.cc:142): SrpcRpcBackend::Shutdown: poll_thread_worker_ is null, skipping shutdown
20260909-08:45.10-596929(us) 2420937 * Shutdown        (srpc_rpc_backend.cc:145): SrpcRpcBackend::Shutdown: Shutdown sequence completed, destructor will now exit
20260909-08:45.10-596962(us) 2420937 * ~SrpcRpcBackend (srpc_rpc_backend.cc:54): SrpcRpcBackend::~SrpcRpcBackend: Shutdown() completed
20260909-08:45.10-597079(us) 2420937 * Shutdown        (srpc_rpc_backend.cc:140): SrpcRpcBackend::Shutdown: poll_thread_worker_ reset to None
20260909-08:45.10-597110(us) 2420937 * Shutdown        (srpc_rpc_backend.cc:145): SrpcRpcBackend::Shutdown: Shutdown sequence completed, destructor will now exit
20260909-08:45.10-597136(us) 2420937 * ~SrpcRpcBackend (srpc_rpc_backend.cc:52): SrpcRpcBackend::~SrpcRpcBackend: START destructor
20260909-08:45.10-597158(us) 2420937 * Stop            (srpc_rpc_backend.cc:589): SrpcRpcBackend::Stop: Already stopped, returning
20260909-08:45.10-597195(us) 2420937 * Shutdown        (srpc_rpc_backend.cc:112): SrpcRpcBackend::Shutdown: About to delete server
20260909-08:45.10-597234(us) 2420937 * Shutdown        (srpc_rpc_backend.cc:129): SrpcRpcBackend::Shutdown: Server pointer is null, skipping deletion
20260909-08:45.10-597270(us) 2420937 * Shutdown        (srpc_rpc_backend.cc:132): SrpcRpcBackend::Shutdown: About to shutdown poll_thread_worker_
20260909-08:45.10-597306(us) 2420937 * Shutdown        (srpc_rpc_backend.cc:142): SrpcRpcBackend::Shutdown: poll_thread_worker_ is null, skipping shutdown
20260909-08:45.10-597328(us) 2420937 * Shutdown        (srpc_rpc_backend.cc:145): SrpcRpcBackend::Shutdown: Shutdown sequence completed, destructor will now exit
20260909-08:45.10-597350(us) 2420937 * ~SrpcRpcBackend (srpc_rpc_backend.cc:54): SrpcRpcBackend::~SrpcRpcBackend: Shutdown() completed
20260909-08:45.10-597380(us) 2420937 * Shutdown        (srpc_rpc_backend.cc:138): SrpcRpcBackend::Shutdown: poll_thread_worker_->shutdown() completed
20260909-08:45.10-597426(us) 2420937 * Shutdown        (srpc_rpc_backend.cc:138): SrpcRpcBackend::Shutdown: poll_thread_worker_->shutdown() completed
20260909-08:45.10-597464(us) 2420937 * Shutdown        (srpc_rpc_backend.cc:140): SrpcRpcBackend::Shutdown: poll_thread_worker_ reset to None
20260909-08:45.10-597490(us) 2420937 * Shutdown        (srpc_rpc_backend.cc:145): SrpcRpcBackend::Shutdown: Shutdown sequence completed, destructor will now exit
20260909-08:45.10-597515(us) 2420937 * ~SrpcRpcBackend (srpc_rpc_backend.cc:52): SrpcRpcBackend::~SrpcRpcBackend: START destructor
20260909-08:45.10-597542(us) 2420937 * Stop            (srpc_rpc_backend.cc:589): SrpcRpcBackend::Stop: Already stopped, returning
20260909-08:45.10-597576(us) 2420937 * Shutdown        (srpc_rpc_backend.cc:112): SrpcRpcBackend::Shutdown: About to delete server
20260909-08:45.10-597603(us) 2420937 * Shutdown        (srpc_rpc_backend.cc:129): SrpcRpcBackend::Shutdown: Server pointer is null, skipping deletion
20260909-08:45.10-597628(us) 2420937 * Shutdown        (srpc_rpc_backend.cc:132): SrpcRpcBackend::Shutdown: About to shutdown poll_thread_worker_
20260909-08:45.10-597673(us) 2420937 * Shutdown        (srpc_rpc_backend.cc:142): SrpcRpcBackend::Shutdown: poll_thread_worker_ is null, skipping shutdown
20260909-08:45.10-597717(us) 2420937 * Shutdown        (srpc_rpc_backend.cc:145): SrpcRpcBackend::Shutdown: Shutdown sequence completed, destructor will now exit
20260909-08:45.10-597764(us) 2420937 * ~SrpcRpcBackend (srpc_rpc_backend.cc:54): SrpcRpcBackend::~SrpcRpcBackend: Shutdown() completed
20260909-08:45.10-597820(us) 2420937 * Shutdown        (srpc_rpc_backend.cc:138): SrpcRpcBackend::Shutdown: poll_thread_worker_->shutdown() completed
20260909-08:45.10-597900(us) 2420937 * Shutdown        (srpc_rpc_backend.cc:140): SrpcRpcBackend::Shutdown: poll_thread_worker_ reset to None
20260909-08:45.10-597944(us) 2420937 * Shutdown        (srpc_rpc_backend.cc:145): SrpcRpcBackend::Shutdown: Shutdown sequence completed, destructor will now exit
20260909-08:45.10-597976(us) 2420937 * ~SrpcRpcBackend (srpc_rpc_backend.cc:52): SrpcRpcBackend::~SrpcRpcBackend: START destructor
20260909-08:45.10-598011(us) 2420937 * Stop            (srpc_rpc_backend.cc:589): SrpcRpcBackend::Stop: Already stopped, returning
20260909-08:45.10-598069(us) 2420937 * Shutdown        (srpc_rpc_backend.cc:112): SrpcRpcBackend::Shutdown: About to delete server
20260909-08:45.10-598128(us) 2420937 * Shutdown        (srpc_rpc_backend.cc:129): SrpcRpcBackend::Shutdown: Server pointer is null, skipping deletion
20260909-08:45.10-598178(us) 2420937 * Shutdown        (srpc_rpc_backend.cc:132): SrpcRpcBackend::Shutdown: About to shutdown poll_thread_worker_
20260909-08:45.10-598228(us) 2420937 * Shutdown        (srpc_rpc_backend.cc:142): SrpcRpcBackend::Shutdown: poll_thread_worker_ is null, skipping shutdown
20260909-08:45.10-598272(us) 2420937 * Shutdown        (srpc_rpc_backend.cc:145): SrpcRpcBackend::Shutdown: Shutdown sequence completed, destructor will now exit
20260909-08:45.10-598319(us) 2420937 * ~SrpcRpcBackend (srpc_rpc_backend.cc:54): SrpcRpcBackend::~SrpcRpcBackend: Shutdown() completed
20260909-08:45.10-598375(us) 2420937 * Shutdown        (srpc_rpc_backend.cc:140): SrpcRpcBackend::Shutdown: poll_thread_worker_ reset to None
20260909-08:45.10-598424(us) 2420937 * Shutdown        (srpc_rpc_backend.cc:145): SrpcRpcBackend::Shutdown: Shutdown sequence completed, destructor will now exit
20260909-08:45.10-598464(us) 2420937 * ~SrpcRpcBackend (srpc_rpc_backend.cc:52): SrpcRpcBackend::~SrpcRpcBackend: START destructor
20260909-08:45.10-598503(us) 2420937 * Stop            (srpc_rpc_backend.cc:589): SrpcRpcBackend::Stop: Already stopped, returning
20260909-08:45.10-598549(us) 2420937 * Shutdown        (srpc_rpc_backend.cc:112): SrpcRpcBackend::Shutdown: About to delete server
20260909-08:45.10-598593(us) 2420937 * Shutdown        (srpc_rpc_backend.cc:129): SrpcRpcBackend::Shutdown: Server pointer is null, skipping deletion
20260909-08:45.10-598636(us) 2420937 * Shutdown        (srpc_rpc_backend.cc:132): SrpcRpcBackend::Shutdown: About to shutdown poll_thread_worker_
20260909-08:45.10-598680(us) 2420937 * Shutdown        (srpc_rpc_backend.cc:142): SrpcRpcBackend::Shutdown: poll_thread_worker_ is null, skipping shutdown
20260909-08:45.10-598724(us) 2420937 * Shutdown        (srpc_rpc_backend.cc:145): SrpcRpcBackend::Shutdown: Shutdown sequence completed, destructor will now exit
20260909-08:45.10-598768(us) 2420937 * ~SrpcRpcBackend (srpc_rpc_backend.cc:54): SrpcRpcBackend::~SrpcRpcBackend: Shutdown() completed
20260909-08:45.10-598825(us) 2420937 * Shutdown        (srpc_rpc_backend.cc:138): SrpcRpcBackend::Shutdown: poll_thread_worker_->shutdown() completed
20260909-08:45.10-598948(us) 2420937 * Shutdown        (srpc_rpc_backend.cc:140): SrpcRpcBackend::Shutdown: poll_thread_worker_ reset to None
20260909-08:45.10-598980(us) 2420937 * Shutdown        (srpc_rpc_backend.cc:145): SrpcRpcBackend::Shutdown: Shutdown sequence completed, destructor will now exit
20260909-08:45.10-599020(us) 2420937 * ~SrpcRpcBackend (srpc_rpc_backend.cc:52): SrpcRpcBackend::~SrpcRpcBackend: START destructor
20260909-08:45.10-599058(us) 2420937 * Stop            (srpc_rpc_backend.cc:589): SrpcRpcBackend::Stop: Already stopped, returning
20260909-08:45.10-599102(us) 2420937 * Shutdown        (srpc_rpc_backend.cc:112): SrpcRpcBackend::Shutdown: About to delete server
20260909-08:45.10-599143(us) 2420937 * Shutdown        (srpc_rpc_backend.cc:129): SrpcRpcBackend::Shutdown: Server pointer is null, skipping deletion
20260909-08:45.10-599174(us) 2420937 * Shutdown        (srpc_rpc_backend.cc:132): SrpcRpcBackend::Shutdown: About to shutdown poll_thread_worker_
20260909-08:45.10-599199(us) 2420937 * Shutdown        (srpc_rpc_backend.cc:142): SrpcRpcBackend::Shutdown: poll_thread_worker_ is null, skipping shutdown
20260909-08:45.10-599227(us) 2420937 * Shutdown        (srpc_rpc_backend.cc:145): SrpcRpcBackend::Shutdown: Shutdown sequence completed, destructor will now exit
20260909-08:45.10-599252(us) 2420937 * ~SrpcRpcBackend (srpc_rpc_backend.cc:54): SrpcRpcBackend::~SrpcRpcBackend: Shutdown() completed
[SHUTDOWN] Worker 1 joined
[SHUTDOWN] Joining worker 2
20260909-08:45.10-600873(us) 2420937 * Stop            (srpc_rpc_backend.cc:589): SrpcRpcBackend::Stop: Already stopped, returning
20260909-08:45.10-600920(us) 2420937 * Shutdown        (srpc_rpc_backend.cc:112): SrpcRpcBackend::Shutdown: About to delete server
20260909-08:45.10-600944(us) 2420937 * Shutdown        (srpc_rpc_backend.cc:116): SrpcRpcBackend::Shutdown: Server pointer is valid, deleting...
20260909-08:45.10-600974(us) 2420937 * Shutdown        (srpc_rpc_backend.cc:120): SrpcRpcBackend::Shutdown: Server deleted successfully
20260909-08:45.10-600997(us) 2420937 * Shutdown        (srpc_rpc_backend.cc:132): SrpcRpcBackend::Shutdown: About to shutdown poll_thread_worker_
20260909-08:45.10-601020(us) 2420937 * Shutdown        (srpc_rpc_backend.cc:136): SrpcRpcBackend::Shutdown: poll_thread_worker_ is valid, calling shutdown()
[SHUTDOWN] Worker 2 joined
[SHUTDOWN] Joining worker 3
20260909-08:45.10-601890(us) 2420937 * Shutdown        (srpc_rpc_backend.cc:138): SrpcRpcBackend::Shutdown: poll_thread_worker_->shutdown() completed
20260909-08:45.10-601934(us) 2420937 * Shutdown        (srpc_rpc_backend.cc:140): SrpcRpcBackend::Shutdown: poll_thread_worker_ reset to None
20260909-08:45.10-601955(us) 2420937 * Shutdown        (srpc_rpc_backend.cc:145): SrpcRpcBackend::Shutdown: Shutdown sequence completed, destructor will now exit
20260909-08:45.10-601977(us) 2420937 * ~SrpcRpcBackend (srpc_rpc_backend.cc:52): SrpcRpcBackend::~SrpcRpcBackend: START destructor
20260909-08:45.10-602004(us) 2420937 * Stop            (srpc_rpc_backend.cc:589): SrpcRpcBackend::Stop: Already stopped, returning
20260909-08:45.10-602031(us) 2420937 * [SHUTDOWN] Worker Shutdown        (srpc_rpc_backend.cc:112): SrpcRpcBackend::Shutdown: About to delete server
3 joined
[SHUTDOWN] Joining worker 4
20260909-08:45.10-602068(us) 2420937 * Shutdown        (srpc_rpc_backend.cc:129): SrpcRpcBackend::Shutdown: Server pointer is null, skipping deletion
20260909-08:45.10-602117(us) 2420937 * Shutdown        (srpc_rpc_backend.cc:132): SrpcRpcBackend::Shutdown: About to shutdown poll_thread_worker_[SHUTDOWN] Worker 4 joined
[SHUTDOWN] Joining worker 5

20260909-08:45.10-602166(us) 2420937 * Shutdown        (srpc_rpc_backend.cc:142): SrpcRpcBackend::Shutdown: poll_thread_worker_ is null, skipping shutdown
20260909-08:45.10-602212(us) 2420937 * Shutdown        (srpc_rpc_backend.cc:145): SrpcRpcBackend::Shutdown: Shutdown sequence completed, destructor will now exit
[SHUTDOWN] Worker 520260909-08:45.10-602243(us) 2420937 * ~SrpcRpcBackend (srpc_rpc_backend.cc:54): SrpcRpcBackend::~SrpcRpcBackend: Shutdown() completed
 joined
[SHUTDOWN] Joining worker 6
20260909-08:45.10-608346(us) 2420937 * Stop            (srpc_rpc_backend.cc:589): SrpcRpcBackend::Stop: Already stopped, returning
20260909-08:45.10-608382(us) 2420937 * Shutdown        (srpc_rpc_backend.cc:112): SrpcRpcBackend::Shutdown: About to delete server
20260909-08:45.10-608397(us) 2420937 * Shutdown        (srpc_rpc_backend.cc:116): SrpcRpcBackend::Shutdown: Server pointer is valid, deleting...
20260909-08:45.10-608416(us) 2420937 * Shutdown        (srpc_rpc_backend.cc:120): SrpcRpcBackend::Shutdown: Server deleted successfully
20260909-08:45.10-608429(us) 2420937 * Shutdown        (srpc_rpc_backend.cc:132): SrpcRpcBackend::Shutdown: About to shutdown poll_thread_worker_
20260909-08:45.10-608442(us) 2420937 * Shutdown        (srpc_rpc_backend.cc:136): SrpcRpcBackend::Shutdown: poll_thread_worker_ is valid, calling shutdown()
20260909-08:45.10-609054(us) 2420937 * Shutdown        (srpc_rpc_backend.cc:138): SrpcRpcBackend::Shutdown: poll_thread_worker_->shutdown() completed
20260909-08:45.10-609084(us) 2420937 * Shutdown        (srpc_rpc_backend.cc:140): SrpcRpcBackend::Shutdown: poll_thread_worker_ reset to None
20260909-08:45.10-609097(us) 2420937 * Shutdown        (srpc_rpc_backend.cc:145): SrpcRpcBackend::Shutdown: Shutdown sequence completed, destructor will now exit
20260909-08:45.10-609110(us) 2420937 * ~SrpcRpcBackend (srpc_rpc_backend.cc:52): SrpcRpcBackend::~SrpcRpcBackend: START destructor
20260909-08:45.10-609123(us) 2420937 * Stop            (srpc_rpc_backend.cc:589): SrpcRpcBackend::Stop: Already stopped, returning
20260909-08:45.10-609135(us) 2420937 * Shutdown        (srpc_rpc_backend.cc:112): SrpcRpcBackend::Shutdown: About to delete server
20260909-08:45.10-609148(us) 2420937 * Shutdown        (srpc_rpc_backend.cc:129): SrpcRpcBackend::Shutdown: Server pointer is null, skipping deletion
20260909-08:45.10-609160(us) 2420937 * Shutdown        (srpc_rpc_backend.cc:132): SrpcRpcBackend::Shutdown: About to shutdown poll_thread_worker_
20260909-08:45.10-609173(us) 2420937 * Shutdown        (srpc_rpc_backend.cc:142): SrpcRpcBackend::Shutdown: poll_thread_worker_ is null, skipping shutdown
20260909-08:45.10-609185(us) 2420937 * Shutdown        (srpc_rpc_backend.cc:145): SrpcRpcBackend::Shutdown: Shutdown sequence completed, destructor will now exit
20260909-08:45.10-609198(us) 2420937 * ~SrpcRpcBackend (srpc_rpc_backend.cc:54): SrpcRpcBackend::~SrpcRpcBackend: Shutdown() completed
[SHUTDOWN] Worker 6 joined
[SHUTDOWN] Joining worker 7
[SHUTDOWN] Worker 7 joined
[SHUTDOWN] Joining worker 8
[SHUTDOWN] Worker 8 joined
[SHUTDOWN] Joining worker 9
[SHUTDOWN] Worker 9 joined
[SHUTDOWN] Joining worker 10
[SHUTDOWN] Worker 10 joined
[SHUTDOWN] Joining worker 11
[SHUTDOWN] Worker 11 joined
[SHUTDOWN] Joining worker 12
[SHUTDOWN] Worker 12 joined
[SHUTDOWN] Joining worker 13
[SHUTDOWN] Worker 13 joined
[SHUTDOWN] Joining worker 14
[SHUTDOWN] Worker 14 joined
[SHUTDOWN] Joining worker 15
[SHUTDOWN] Worker 15 joined
[SHUTDOWN] All workers joined
[SHUTDOWN] Calling stop_rpc_server()
[STOP_SERVER] Stopping 2 server transports
[STOP_SERVER] Stopping server transport 0
20260909-08:45.10-610357(us) 2420937 * Stop            (srpc_rpc_backend.cc:593): SrpcRpcBackend::Stop: BEGIN - Setting stop flag
20260909-08:45.10-610381(us) 2420937 * Stop            (srpc_rpc_backend.cc:596): SrpcRpcBackend::Stop: Waiting for event loop to exit...
20260909-08:45.10-610461(us) 2420937 * RunEventLoop    (srpc_rpc_backend.cc:577): SrpcRpcBackend::RunEventLoop: Stop flag detected, exiting event loop
20260909-08:45.10-610489(us) 2420937 * RunEventLoop    (srpc_rpc_backend.cc:581): SrpcRpcBackend::RunEventLoop: Exited cleanly
20260909-08:45.10-610504(us) 2420937 * rpc_server      (rpc_setup.cc:126): the rpc_server is terminated on shardIdx:0, alpha:0!
20260909-08:45.10-620458(us) 2420937 * Stop            (srpc_rpc_backend.cc:612): SrpcRpcBackend::Stop: Event loop exited successfully
20260909-08:45.10-620477(us) 2420937 * Stop            (srpc_rpc_backend.cc:616): SrpcRpcBackend::Stop: Signaling 0 request queues to stop
20260909-08:45.10-620490(us) 2420937 * Stop            (srpc_rpc_backend.cc:624): SrpcRpcBackend::Stop: Signaling 0 response queues to stop
20260909-08:45.10-620504(us) 2420937 * Stop            (srpc_rpc_backend.cc:635): SrpcRpcBackend::Stop: Server cleanup deferred to destructor
20260909-08:45.10-620517(us) 2420937 * Stop            (srpc_rpc_backend.cc:638): SrpcRpcBackend::Stop: Closing client connections
20260909-08:45.10-620529(us) 2420937 * Stop            (srpc_rpc_backend.cc:642): SrpcRpcBackend::Stop: Found 0 client connections to close
20260909-08:45.10-620542(us) 2420937 * Stop            (srpc_rpc_backend.cc:662): SrpcRpcBackend::Stop: Closed 0 client connections
20260909-08:45.10-620555(us) 2420937 * Stop            (srpc_rpc_backend.cc:675): SrpcRpcBackend stats: msg_size_resp_sent: 0 bytes, counter: 0, avg: 0.000000
20260909-08:45.10-620570(us) 2420937 * Stop            (srpc_rpc_backend.cc:676): SrpcRpcBackend::Stop: END
[STOP_SERVER] Server transport 0 stopped
[STOP_SERVER] Stopping server transport 1
20260909-08:45.10-620596(us) 2420937 * Stop            (srpc_rpc_backend.cc:593): SrpcRpcBackend::Stop: BEGIN - Setting stop flag
20260909-08:45.10-620616(us) 2420937 * Stop            (srpc_rpc_backend.cc:596): SrpcRpcBackend::Stop: Waiting for event loop to exit...
20260909-08:45.10-620645(us) 2420937 * RunEventLoop    (srpc_rpc_backend.cc:577): SrpcRpcBackend::RunEventLoop: Stop flag detected, exiting event loop
20260909-08:45.10-620687(us) 2420937 * RunEventLoop    (srpc_rpc_backend.cc:581): SrpcRpcBackend::RunEventLoop: Exited cleanly
20260909-08:45.10-620707(us) 2420937 * rpc_server      (rpc_setup.cc:126): the rpc_server is terminated on shardIdx:0, alpha:1!
20260909-08:45.10-630697(us) 2420937 * Stop            (srpc_rpc_backend.cc:612): SrpcRpcBackend::Stop: Event loop exited successfully
20260909-08:45.10-630716(us) 2420937 * Stop            (srpc_rpc_backend.cc:616): SrpcRpcBackend::Stop: Signaling 0 request queues to stop
20260909-08:45.10-630730(us) 2420937 * Stop            (srpc_rpc_backend.cc:624): SrpcRpcBackend::Stop: Signaling 0 response queues to stop
20260909-08:45.10-630743(us) 2420937 * Stop            (srpc_rpc_backend.cc:635): SrpcRpcBackend::Stop: Server cleanup deferred to destructor
20260909-08:45.10-630756(us) 2420937 * Stop            (srpc_rpc_backend.cc:638): SrpcRpcBackend::Stop: Closing client connections
20260909-08:45.10-630768(us) 2420937 * Stop            (srpc_rpc_backend.cc:642): SrpcRpcBackend::Stop: Found 0 client connections to close
20260909-08:45.10-630781(us) 2420937 * Stop            (srpc_rpc_backend.cc:662): SrpcRpcBackend::Stop: Closed 0 client connections
20260909-08:45.10-630794(us) 2420937 * Stop            (srpc_rpc_backend.cc:675): SrpcRpcBackend stats: msg_size_resp_sent: 0 bytes, counter: 0, avg: 0.000000
20260909-08:45.10-630808(us) 2420937 * Stop            (srpc_rpc_backend.cc:676): SrpcRpcBackend::Stop: END
[STOP_SERVER] Server transport 1 stopped
20260909-08:45.10-630921(us) 2420937 * Stop            (srpc_rpc_backend.cc:589): SrpcRpcBackend::Stop: Already stopped, returning
20260909-08:45.10-630939(us) 2420937 * Shutdown        (srpc_rpc_backend.cc:112): SrpcRpcBackend::Shutdown: About to delete server
20260909-08:45.10-630952(us) 2420937 * Shutdown        (srpc_rpc_backend.cc:116): SrpcRpcBackend::Shutdown: Server pointer is valid, deleting...
20260909-08:45.10-630971(us) 2420937 * Shutdown        (srpc_rpc_backend.cc:120): SrpcRpcBackend::Shutdown: Server deleted successfully
20260909-08:45.10-630984(us) 2420937 * Shutdown        (srpc_rpc_backend.cc:132): SrpcRpcBackend::Shutdown: About to shutdown poll_thread_worker_
20260909-08:45.10-630996(us) 2420937 * Shutdown        (srpc_rpc_backend.cc:136): SrpcRpcBackend::Shutdown: poll_thread_worker_ is valid, calling shutdown()
20260909-08:45.10-632212(us) 2420937 * Shutdown        (srpc_rpc_backend.cc:138): SrpcRpcBackend::Shutdown: poll_thread_worker_->shutdown() completed
20260909-08:45.10-632249(us) 2420937 * Shutdown        (srpc_rpc_backend.cc:140): SrpcRpcBackend::Shutdown: poll_thread_worker_ reset to None
20260909-08:45.10-632266(us) 2420937 * Shutdown        (srpc_rpc_backend.cc:145): SrpcRpcBackend::Shutdown: Shutdown sequence completed, destructor will now exit
20260909-08:45.10-632283(us) 2420937 * ~SrpcRpcBackend (srpc_rpc_backend.cc:52): SrpcRpcBackend::~SrpcRpcBackend: START destructor
20260909-08:45.10-632300(us) 2420937 * Stop            (srpc_rpc_backend.cc:589): SrpcRpcBackend::Stop: Already stopped, returning
20260909-08:45.10-632317(us) 2420937 * Shutdown        (srpc_rpc_backend.cc:112): SrpcRpcBackend::Shutdown: About to delete server
20260909-08:45.10-632343(us) 2420937 * Shutdown        (srpc_rpc_backend.cc:129): SrpcRpcBackend::Shutdown: Server pointer is null, skipping deletion
20260909-08:45.10-632360(us) 2420937 * Shutdown        (srpc_rpc_backend.cc:132): SrpcRpcBackend::Shutdown: About to shutdown poll_thread_worker_
20260909-08:45.10-632376(us) 2420937 * Shutdown        (srpc_rpc_backend.cc:142): SrpcRpcBackend::Shutdown: poll_thread_worker_ is null, skipping shutdown
20260909-08:45.10-632394(us) 2420937 * Shutdown        (srpc_rpc_backend.cc:145): SrpcRpcBackend::Shutdown: Shutdown sequence completed, destructor will now exit
20260909-08:45.10-632411(us) 2420937 * ~SrpcRpcBackend (srpc_rpc_backend.cc:54): SrpcRpcBackend::~SrpcRpcBackend: Shutdown() completed
20260909-08:45.10-632461(us) 2420937 * Stop            (srpc_rpc_backend.cc:589): SrpcRpcBackend::Stop: Already stopped, returning
20260909-08:45.10-632480(us) 2420937 * Shutdown        (srpc_rpc_backend.cc:112): SrpcRpcBackend::Shutdown: About to delete server
20260909-08:45.10-632497(us) 2420937 * Shutdown        (srpc_rpc_backend.cc:116): SrpcRpcBackend::Shutdown: Server pointer is valid, deleting...
20260909-08:45.10-632518(us) 2420937 * Shutdown        (srpc_rpc_backend.cc:120): SrpcRpcBackend::Shutdown: Server deleted successfully
20260909-08:45.10-632537(us) 2420937 * Shutdown        (srpc_rpc_backend.cc:132): SrpcRpcBackend::Shutdown: About to shutdown poll_thread_worker_
20260909-08:45.10-632555(us) 2420937 * Shutdown        (srpc_rpc_backend.cc:136): SrpcRpcBackend::Shutdown: poll_thread_worker_ is valid, calling shutdown()
20260909-08:45.10-633024(us) 2420937 * Shutdown        (srpc_rpc_backend.cc:138): SrpcRpcBackend::Shutdown: poll_thread_worker_->shutdown() completed
20260909-08:45.10-633061(us) 2420937 * Shutdown        (srpc_rpc_backend.cc:140): SrpcRpcBackend::Shutdown: poll_thread_worker_ reset to None
20260909-08:45.10-633078(us) 2420937 * Shutdown        (srpc_rpc_backend.cc:145): SrpcRpcBackend::Shutdown: Shutdown sequence completed, destructor will now exit
20260909-08:45.10-633095(us) 2420937 * ~SrpcRpcBackend (srpc_rpc_backend.cc:52): SrpcRpcBackend::~SrpcRpcBackend: START destructor
20260909-08:45.10-633112(us) 2420937 * Stop            (srpc_rpc_backend.cc:589): SrpcRpcBackend::Stop: Already stopped, returning
20260909-08:45.10-633136(us) 2420937 * Shutdown        (srpc_rpc_backend.cc:112): SrpcRpcBackend::Shutdown: About to delete server
20260909-08:45.10-633159(us) 2420937 * Shutdown        (srpc_rpc_backend.cc:129): SrpcRpcBackend::Shutdown: Server pointer is null, skipping deletion
20260909-08:45.10-633181(us) 2420937 * Shutdown        (srpc_rpc_backend.cc:132): SrpcRpcBackend::Shutdown: About to shutdown poll_thread_worker_
20260909-08:45.10-633202(us) 2420937 * Shutdown        (srpc_rpc_backend.cc:142): SrpcRpcBackend::Shutdown: poll_thread_worker_ is null, skipping shutdown
20260909-08:45.10-633220(us) 2420937 * Shutdown        (srpc_rpc_backend.cc:145): SrpcRpcBackend::Shutdown: Shutdown sequence completed, destructor will now exit
20260909-08:45.10-633243(us) 2420937 * ~SrpcRpcBackend (srpc_rpc_backend.cc:54): SrpcRpcBackend::~SrpcRpcBackend: Shutdown() completed
[STOP_SERVER] All server transports stopped
[SHUTDOWN] stop_rpc_server() completed
[SHUTDOWN] Calling second stop()
20260909-08:45.10-633307(us) 2420937 ! stop            (bench.cc:514):     stop all rpc clients. set stop=false
[SHUTDOWN] Second stop() completed
20260909-08:45.10-633330(us) 2420937 ! run             (bench.cc:774):     TPCC_BENCH_MEASURE_END
[SHUTDOWN] Calling do_txn_finish()
[SHUTDOWN] do_txn_finish() completed
--- n_commits per partition ---
 par_id: 0, n_commits: 417667
 par_id: 1, n_commits: 410157
 par_id: 2, n_commits: 421424
 par_id: 3, n_commits: 403902
 par_id: 4, n_commits: 422283
 par_id: 5, n_commits: 408736
 par_id: 6, n_commits: 401366
 par_id: 7, n_commits: 415495
 par_id: 8, n_commits: 389967
 par_id: 9, n_commits: 414315
 par_id: 10, n_commits: 417696
 par_id: 11, n_commits: 418326
 par_id: 12, n_commits: 412307
 par_id: 13, n_commits: 407632
 par_id: 14, n_commits: 416656
 par_id: 15, n_commits: 410221
--- benchmark statistics ---
runtime: 10.1335 sec
memory delta: 4672.03 MB
n_commits: 6588150
latency_numer_us: 157298945
latency_numer_us_remote: 0
memory delta rate: 461.047 MB/sec
logical memory delta: 417.81 MB
logical memory delta rate: 41.2305 MB/sec
agg_nosync_throughput: 650147 ops/sec
avg_nosync_per_core_throughput: 40634.2 ops/sec/core
agg_throughput: 650134 ops/sec
avg_per_core_throughput: 40633.4 ops/sec/core
agg_persist_throughput: 650134 ops/sec
avg_per_core_persist_throughput: 40633.4 ops/sec/core
avg_latency: 0.023876 ms
avg_persist_latency: 0 ms
agg_abort_rate: 105.886 aborts/sec
avg_per_core_abort_rate: 6.61789 aborts/sec/core
  NewOrder_local_commit_latency: 0.0266399 ms
  NewOrder_local_abort_latency: 0.05837 ms
  NewOrder_local_abort_ratio: 9.37629e-05
  Payment_local_commit_latency: 0.00849488 ms
  Payment_local_abort_latency: 0.050813 ms
  Payment_local_abort_ratio: 4.93927e-06
  Delivery_local_commit_latency: 0.0979081 ms
  Delivery_local_abort_latency: 0 ms
  Delivery_local_abort_ratio: 0
  OrderStatus_local_commit_latency: 0.00828027 ms
  OrderStatus_local_abort_latency: 0 ms
  OrderStatus_local_abort_ratio: 0
  StockLevel_local_commit_latency: 0.112204 ms
  StockLevel_local_abort_latency: 0.157239 ms
  StockLevel_local_abort_ratio: 0.00296059
  NewOrder_remote_ratio: 0 %
  NewOrder_remote_abort_ratio: 0 %
  NewOrder_remote_commit_latency: 0 ms
  NewOrder_remote_abort_latency: 0 ms
  Payment_remote_ratio: 0 %
  Payment_remote_abort_ratio: 0 %
  Payment_remote_commit_latency: 0 ms
  Payment_remote_abort_latency: 0 ms
--- system counters (for benchmark) ---
--- perf counters (if enabled, for benchmark) ---
--- allocator stats ---
[SiloRuntime 0] ncpus=16
[SiloRuntime 0] cpu=0 fully_faulted?=0 remaining=268435456 bytes
[SiloRuntime 0] cpu=1 fully_faulted?=0 remaining=268435456 bytes
[SiloRuntime 0] cpu=2 fully_faulted?=0 remaining=268435456 bytes
[SiloRuntime 0] cpu=3 fully_faulted?=0 remaining=268435456 bytes
[SiloRuntime 0] cpu=4 fully_faulted?=0 remaining=268435456 bytes
[SiloRuntime 0] cpu=5 fully_faulted?=0 remaining=268435456 bytes
[SiloRuntime 0] cpu=6 fully_faulted?=0 remaining=268435456 bytes
[SiloRuntime 0] cpu=7 fully_faulted?=0 remaining=268435456 bytes
[SiloRuntime 0] cpu=8 fully_faulted?=0 remaining=268435456 bytes
[SiloRuntime 0] cpu=9 fully_faulted?=0 remaining=268435456 bytes
[SiloRuntime 0] cpu=10 fully_faulted?=0 remaining=268435456 bytes
[SiloRuntime 0] cpu=11 fully_faulted?=0 remaining=268435456 bytes
[SiloRuntime 0] cpu=12 fully_faulted?=0 remaining=268435456 bytes
[SiloRuntime 0] cpu=13 fully_faulted?=0 remaining=268435456 bytes
[SiloRuntime 0] cpu=14 fully_faulted?=0 remaining=268435456 bytes
[SiloRuntime 0] cpu=15 fully_faulted?=0 remaining=268435456 bytes
---------------------------------------
--- system counters for n_commits ---
[STOP_SERVER] Stopping 0 server transports
[STOP_SERVER] All server transports stopped
