20260909-08:45.45-263355(us) 2421505 * ParseNewFormat  (configuration.cc:102): Using new configuration format
20260909-08:45.45-263487(us) 2421505 * ParseNewFormat  (configuration.cc:162): Loaded 1 sites in 1 shards
20260909-08:45.45-263521(us) 2421505 * handle_new_config_format (dbtest.cc:368):    Site local_s0: shard=0, replica_idx=0, is_leader=1, cluster=localhost
STO_TPCC_NATIVE_ALLOCATOR configured_bytes=4294967296 scope=native_only rust_heap_excluded=1
SiloRuntime[0]::InitializeAllocator()
  hugepgsize: 2097152
  mmap() region [0x77c92b600000, 0x77ca2b800000)
  runtime0 cpu0 owns [0x77c92b600000, 0x77c93b600000)
  runtime0 cpu1 owns [0x77c93b600000, 0x77c94b600000)
  runtime0 cpu2 owns [0x77c94b600000, 0x77c95b600000)
  runtime0 cpu3 owns [0x77c95b600000, 0x77c96b600000)
  runtime0 cpu4 owns [0x77c96b600000, 0x77c97b600000)
  runtime0 cpu5 owns [0x77c97b600000, 0x77c98b600000)
  runtime0 cpu6 owns [0x77c98b600000, 0x77c99b600000)
  runtime0 cpu7 owns [0x77c99b600000, 0x77c9ab600000)
  runtime0 cpu8 owns [0x77c9ab600000, 0x77c9bb600000)
  runtime0 cpu9 owns [0x77c9bb600000, 0x77c9cb600000)
  runtime0 cpu10 owns [0x77c9cb600000, 0x77c9db600000)
  runtime0 cpu11 owns [0x77c9db600000, 0x77c9eb600000)
  runtime0 cpu12 owns [0x77c9eb600000, 0x77c9fb600000)
  runtime0 cpu13 owns [0x77c9fb600000, 0x77ca0b600000)
  runtime0 cpu14 owns [0x77ca0b600000, 0x77ca1b600000)
  runtime0 cpu15 owns [0x77ca1b600000, 0x77ca2b600000)
Database Benchmark:
  pid: 2421505
settings:
  num-cpus    : 128
  num-threads : 16
  shardIndex  : 0
  paxos_proc_name  : localhost
  nshards     : 1
  is_micro    : 0
  is_replicated : 0
  storage_engine : rust
  var-encode  : yes
  allocator   : jemalloc
system properties:
  tuple_prefetch          : no
  btree_node_prefetch     : yes
tpcc settings:
  cross_partition_transactions : 1
  read_only_snapshots          : 1
  partition_locks              : 0
  separate_tree_per_partition  : 1
  new_order_remote_item_pct    : 1
  new_order_fast_id_gen        : 1
  uniform_item_dist            : 0
  order_status_scan_hack       : 0
  workload_mix                 : [45, 43, 4, 4, 4]
20260909-08:45.45-284505(us) 2421505 * ParseNewFormat  (configuration.cc:102): Using new configuration format
20260909-08:45.45-284593(us) 2421505 * ParseNewFormat  (configuration.cc:162): Loaded 1 sites in 1 shards
20260909-08:45.45-284951(us) 2421505 * ParseNewFormat  (configuration.cc:102): Using new configuration format
20260909-08:45.45-285019(us) 2421505 * Initialize      (srpc_rpc_backend.cc:66): SrpcRpcBackend::Initialize: poll_thread_worker_ created, is_some=1
20260909-08:45.45-285061(us) 2421505 * ParseNewFormat  (configuration.cc:162): Loaded 1 sites in 1 shards
20260909-08:45.45-285207(us) 2421505 * Initialize      (srpc_rpc_backend.cc:97): SrpcRpcBackend initialized on 127.0.0.1:31021 (listening on 0.0.0.0:31021)
20260909-08:45.45-285230(us) 2421505 * FastTransport   (fasttransport.cc:147): FastTransport initialized with srpc/rpc backend on 127.0.0.1:31021
20260909-08:45.45-285250(us) 2421505 * RunEventLoop    (srpc_rpc_backend.cc:516): SrpcRpcBackend::RunEventLoop: Starting event loop
20260909-08:45.45-285473(us) 2421505 * Initialize      (srpc_rpc_backend.cc:66): SrpcRpcBackend::Initialize: poll_thread_worker_ created, is_some=1
20260909-08:45.45-285600(us) 2421505 * Initialize      (srpc_rpc_backend.cc:97): SrpcRpcBackend initialized on 127.0.0.1:31022 (listening on 0.0.0.0:31022)
20260909-08:45.45-285627(us) 2421505 * FastTransport   (fasttransport.cc:147): FastTransport initialized with srpc/rpc backend on 127.0.0.1:31022
20260909-08:45.45-285649(us) 2421505 * RunEventLoop    (srpc_rpc_backend.cc:516): SrpcRpcBackend::RunEventLoop: Starting event loop
20260909-08:45.45-288360(us) 2421505 ! run             (bench.cc:537):     # of loaders size:6
20260909-08:45.45-289619(us) 2421505 * benchmark_thread_init (mbta_wrapper.hh:1811): thread_init: thread_id=0, shard_index=0, getShardIndex=0, loader=1
20260909-08:45.45-289800(us) 2421505 * benchmark_thread_init (mbta_wrapper.hh:1811): thread_init: thread_id=1, shard_index=0, getShardIndex=0, loader=1
20260909-08:45.45-289941(us) 2421505 * benchmark_thread_init (mbta_wrapper.hh:1811): thread_init: thread_id=2, shard_index=0, getShardIndex=0, loader=1
20260909-08:45.45-290314(us) 2421505 * benchmark_thread_init (mbta_wrapper.hh:1811): thread_init: thread_id=3, shard_index=0, getShardIndex=0, loader=1
PinToWarehouseId(): coreid=3 pinned to whse=1 (partid=0)20260909-08:45.45-290464(us) 2421505 * benchmark_thread_init (mbta_wrapper.hh:1811): thread_init: thread_id=4, shard_index=0, getShardIndex=0, loader=1

20260909-08:45.45-290585(us) 2421505 * benchmark_thread_init (mbta_wrapper.hh:1811): thread_init: thread_id=5, shard_index=0, getShardIndex=0, loader=1
PinToWarehouseId(): coreid=4 pinned to whse=1 (partid=0)
num batches: 30
PinToWarehouseId(): coreid=5 pinned to whse=1 (partid=0)
PinToWarehouseId(): coreid=6 pinned to whse=1 (partid=0)
PinToWarehouseId(): coreid=4 pinned to whse=2 (partid=1)
PinToWarehouseId(): coreid=4 pinned to whse=3 (partid=2)
PinToWarehouseId(): coreid=4 pinned to whse=4 (partid=3)
PinToWarehouseId(): coreid=4 pinned to whse=5 (partid=4)
PinToWarehouseId(): coreid=4 pinned to whse=6 (partid=5)
PinToWarehouseId(): coreid=4 pinned to whse=7 (partid=6)
PinToWarehouseId(): coreid=4 pinned to whse=8 (partid=7)
PinToWarehouseId(): coreid=4 pinned to whse=9 (partid=8)
PinToWarehouseId(): coreid=4 pinned to whse=10 (partid=9)
PinToWarehouseId(): coreid=4 pinned to whse=11 (partid=10)
[INFO] finished loading warehouse
[INFO]   * average warehouse record length: 97 bytes
PinToWarehouseId(): coreid=4 pinned to whse=12 (partid=11)
PinToWarehouseId(): coreid=4 pinned to whse=13 (partid=12)
PinToWarehouseId(): coreid=4 pinned to whse=14 (partid=13)
PinToWarehouseId(): coreid=4 pinned to whse=15 (partid=14)
PinToWarehouseId(): coreid=4 pinned to whse=16 (partid=15)
[INFO] finished loading district
[INFO]   * average district record length: 99 bytes
PinToWarehouseId(): coreid=6 pinned to whse=2 (partid=1)
[INFO] finished loading item
[INFO]   * average item record length: 84.1739 bytes
PinToWarehouseId(): coreid=5 pinned to whse=2 (partid=1)
PinToWarehouseId(): coreid=6 pinned to whse=3 (partid=2)
PinToWarehouseId(): coreid=5 pinned to whse=3 (partid=2)
PinToWarehouseId(): coreid=6 pinned to whse=4 (partid=3)
PinToWarehouseId(): coreid=6 pinned to whse=5 (partid=4)
PinToWarehouseId(): coreid=5 pinned to whse=4 (partid=3)
PinToWarehouseId(): coreid=3 pinned to whse=2 (partid=1)
PinToWarehouseId(): coreid=6 pinned to whse=6 (partid=5)
PinToWarehouseId(): coreid=5 pinned to whse=5 (partid=4)
PinToWarehouseId(): coreid=6 pinned to whse=7 (partid=6)
PinToWarehouseId(): coreid=6 pinned to whse=8 (partid=7)
PinToWarehouseId(): coreid=5 pinned to whse=6 (partid=5)
PinToWarehouseId(): coreid=6 pinned to whse=9 (partid=8)
PinToWarehouseId(): coreid=5 pinned to whse=7 (partid=6)
PinToWarehouseId(): coreid=6 pinned to whse=10 (partid=9)
PinToWarehouseId(): coreid=3 pinned to whse=3 (partid=2)
PinToWarehouseId(): coreid=6 pinned to whse=11 (partid=10)
PinToWarehouseId(): coreid=5 pinned to whse=8 (partid=7)
PinToWarehouseId(): coreid=6 pinned to whse=12 (partid=11)
PinToWarehouseId(): coreid=5 pinned to whse=9 (partid=8)
PinToWarehouseId(): coreid=6 pinned to whse=13 (partid=12)
PinToWarehouseId(): coreid=6 pinned to whse=14 (partid=13)
PinToWarehouseId(): coreid=5 pinned to whse=10 (partid=9)
PinToWarehouseId(): coreid=6 pinned to whse=15 (partid=14)
PinToWarehouseId(): coreid=3 pinned to whse=4 (partid=3)
PinToWarehouseId(): coreid=5 pinned to whse=11 (partid=10)
PinToWarehouseId(): coreid=6 pinned to whse=16 (partid=15)
[INFO] finished loading order
[INFO]   * average order_line record length: 11.2927 bytes
[INFO]   * average oorder record length: 7.9446 bytes
[INFO]   * average new_order record length: 12 bytes
PinToWarehouseId(): coreid=5 pinned to whse=12 (partid=11)
PinToWarehouseId(): coreid=5 pinned to whse=13 (partid=12)
PinToWarehouseId(): coreid=5 pinned to whse=14 (partid=13)
PinToWarehouseId(): coreid=3 pinned to whse=5 (partid=4)
PinToWarehouseId(): coreid=5 pinned to whse=15 (partid=14)
PinToWarehouseId(): coreid=5 pinned to whse=16 (partid=15)
[INFO] finished loading customer
[INFO]   * average customer record length: 153.983 bytes 
PinToWarehouseId(): coreid=3 pinned to whse=6 (partid=5)
PinToWarehouseId(): coreid=3 pinned to whse=7 (partid=6)
PinToWarehouseId(): coreid=3 pinned to whse=8 (partid=7)
PinToWarehouseId(): coreid=3 pinned to whse=9 (partid=8)
PinToWarehouseId(): coreid=3 pinned to whse=10 (partid=9)
PinToWarehouseId(): coreid=3 pinned to whse=11 (partid=10)
PinToWarehouseId(): coreid=3 pinned to whse=12 (partid=11)
PinToWarehouseId(): coreid=3 pinned to whse=13 (partid=12)
PinToWarehouseId(): coreid=3 pinned to whse=14 (partid=13)
PinToWarehouseId(): coreid=3 pinned to whse=15 (partid=14)
PinToWarehouseId(): coreid=3 pinned to whse=16 (partid=15)
[INFO] finished loading stock
[INFO]   * average stock record length: 8 bytes
timed region dataloading took 22219.1 ms
DB size: 2458.8 MB
[0, 0, 0] txns persisted in loading phase
20260909-08:46.07-507520(us) 2421505 ! run             (bench.cc:607):     # of nthreads:16
starting benchmark...
STO_TPCC_CAPACITY phase=load_complete scope=database allocated_registry_bytes=1012510984 max_registry_bytes=8589934592 registry_headroom_bytes=7577423608
STO_TPCC_CAPACITY phase=load_complete table=customer_0 retained_records=90000 consumed_record_ids=90000 retained_key_bytes=1080000 allocated_registry_bytes=17856776 max_retained_records=18446744073709551615 max_consumed_record_ids=18446744073709551615 max_retained_key_bytes=18446744073709551615
STO_TPCC_CAPACITY phase=load_complete table=customer_1 retained_records=90000 consumed_record_ids=90000 retained_key_bytes=1080000 allocated_registry_bytes=17856776 max_retained_records=18446744073709551615 max_consumed_record_ids=18446744073709551615 max_retained_key_bytes=18446744073709551615
STO_TPCC_CAPACITY phase=load_complete table=customer_2 retained_records=90000 consumed_record_ids=90000 retained_key_bytes=1080000 allocated_registry_bytes=17856776 max_retained_records=18446744073709551615 max_consumed_record_ids=18446744073709551615 max_retained_key_bytes=18446744073709551615
STO_TPCC_CAPACITY phase=load_complete table=customer_3 retained_records=90000 consumed_record_ids=90000 retained_key_bytes=1080000 allocated_registry_bytes=17856776 max_retained_records=18446744073709551615 max_consumed_record_ids=18446744073709551615 max_retained_key_bytes=18446744073709551615
STO_TPCC_CAPACITY phase=load_complete table=customer_4 retained_records=90000 consumed_record_ids=90000 retained_key_bytes=1080000 allocated_registry_bytes=17856776 max_retained_records=18446744073709551615 max_consumed_record_ids=18446744073709551615 max_retained_key_bytes=18446744073709551615
STO_TPCC_CAPACITY phase=load_complete table=customer_5 retained_records=90000 consumed_record_ids=90000 retained_key_bytes=1080000 allocated_registry_bytes=17856776 max_retained_records=18446744073709551615 max_consumed_record_ids=18446744073709551615 max_retained_key_bytes=18446744073709551615
STO_TPCC_CAPACITY phase=load_complete table=customer_6 retained_records=90000 consumed_record_ids=90000 retained_key_bytes=1080000 allocated_registry_bytes=17856776 max_retained_records=18446744073709551615 max_consumed_record_ids=18446744073709551615 max_retained_key_bytes=18446744073709551615
STO_TPCC_CAPACITY phase=load_complete table=customer_7 retained_records=90000 consumed_record_ids=90000 retained_key_bytes=1080000 allocated_registry_bytes=17856776 max_retained_records=18446744073709551615 max_consumed_record_ids=18446744073709551615 max_retained_key_bytes=18446744073709551615
STO_TPCC_CAPACITY phase=load_complete table=customer_8 retained_records=90000 consumed_record_ids=90000 retained_key_bytes=1080000 allocated_registry_bytes=17856776 max_retained_records=18446744073709551615 max_consumed_record_ids=18446744073709551615 max_retained_key_bytes=18446744073709551615
STO_TPCC_CAPACITY phase=load_complete table=customer_9 retained_records=90000 consumed_record_ids=90000 retained_key_bytes=1080000 allocated_registry_bytes=17856776 max_retained_records=18446744073709551615 max_consumed_record_ids=18446744073709551615 max_retained_key_bytes=18446744073709551615
STO_TPCC_CAPACITY phase=load_complete table=customer_10 retained_records=90000 consumed_record_ids=90000 retained_key_bytes=1080000 allocated_registry_bytes=17856776 max_retained_records=18446744073709551615 max_consumed_record_ids=18446744073709551615 max_retained_key_bytes=18446744073709551615
STO_TPCC_CAPACITY phase=load_complete table=customer_11 retained_records=90000 consumed_record_ids=90000 retained_key_bytes=1080000 allocated_registry_bytes=17856776 max_retained_records=18446744073709551615 max_consumed_record_ids=18446744073709551615 max_retained_key_bytes=18446744073709551615
STO_TPCC_CAPACITY phase=load_complete table=customer_12 retained_records=90000 consumed_record_ids=90000 retained_key_bytes=1080000 allocated_registry_bytes=17856776 max_retained_records=18446744073709551615 max_consumed_record_ids=18446744073709551615 max_retained_key_bytes=18446744073709551615
STO_TPCC_CAPACITY phase=load_complete table=customer_13 retained_records=90000 consumed_record_ids=90000 retained_key_bytes=1080000 allocated_registry_bytes=17856776 max_retained_records=18446744073709551615 max_consumed_record_ids=18446744073709551615 max_retained_key_bytes=18446744073709551615
STO_TPCC_CAPACITY phase=load_complete table=customer_14 retained_records=90000 consumed_record_ids=90000 retained_key_bytes=1080000 allocated_registry_bytes=17856776 max_retained_records=18446744073709551615 max_consumed_record_ids=18446744073709551615 max_retained_key_bytes=18446744073709551615
STO_TPCC_CAPACITY phase=load_complete table=customer_15 retained_records=90000 consumed_record_ids=90000 retained_key_bytes=1080000 allocated_registry_bytes=17856776 max_retained_records=18446744073709551615 max_consumed_record_ids=18446744073709551615 max_retained_key_bytes=18446744073709551615
STO_TPCC_CAPACITY phase=load_complete table=customer_name_idx_0 retained_records=30000 consumed_record_ids=30000 retained_key_bytes=1200000 allocated_registry_bytes=2156376 max_retained_records=18446744073709551615 max_consumed_record_ids=18446744073709551615 max_retained_key_bytes=18446744073709551615
STO_TPCC_CAPACITY phase=load_complete table=customer_name_idx_1 retained_records=30000 consumed_record_ids=30000 retained_key_bytes=1200000 allocated_registry_bytes=2156376 max_retained_records=18446744073709551615 max_consumed_record_ids=18446744073709551615 max_retained_key_bytes=18446744073709551615
STO_TPCC_CAPACITY phase=load_complete table=customer_name_idx_2 retained_records=30000 consumed_record_ids=30000 retained_key_bytes=1200000 allocated_registry_bytes=2156376 max_retained_records=18446744073709551615 max_consumed_record_ids=18446744073709551615 max_retained_key_bytes=18446744073709551615
STO_TPCC_CAPACITY phase=load_complete table=customer_name_idx_3 retained_records=30000 consumed_record_ids=30000 retained_key_bytes=1200000 allocated_registry_bytes=2156376 max_retained_records=18446744073709551615 max_consumed_record_ids=18446744073709551615 max_retained_key_bytes=18446744073709551615
STO_TPCC_CAPACITY phase=load_complete table=customer_name_idx_4 retained_records=30000 consumed_record_ids=30000 retained_key_bytes=1200000 allocated_registry_bytes=2156376 max_retained_records=18446744073709551615 max_consumed_record_ids=18446744073709551615 max_retained_key_bytes=18446744073709551615
STO_TPCC_CAPACITY phase=load_complete table=customer_name_idx_5 retained_records=30000 consumed_record_ids=30000 retained_key_bytes=1200000 allocated_registry_bytes=2156376 max_retained_records=18446744073709551615 max_consumed_record_ids=18446744073709551615 max_retained_key_bytes=18446744073709551615
STO_TPCC_CAPACITY phase=load_complete table=customer_name_idx_6 retained_records=30000 consumed_record_ids=30000 retained_key_bytes=1200000 allocated_registry_bytes=2156376 max_retained_records=18446744073709551615 max_consumed_record_ids=18446744073709551615 max_retained_key_bytes=18446744073709551615
STO_TPCC_CAPACITY phase=load_complete table=customer_name_idx_7 retained_records=30000 consumed_record_ids=30000 retained_key_bytes=1200000 allocated_registry_bytes=2156376 max_retained_records=18446744073709551615 max_consumed_record_ids=18446744073709551615 max_retained_key_bytes=18446744073709551615
STO_TPCC_CAPACITY phase=load_complete table=customer_name_idx_8 retained_records=30000 consumed_record_ids=30000 retained_key_bytes=1200000 allocated_registry_bytes=2156376 max_retained_records=18446744073709551615 max_consumed_record_ids=18446744073709551615 max_retained_key_bytes=18446744073709551615
STO_TPCC_CAPACITY phase=load_complete table=customer_name_idx_9 retained_records=30000 consumed_record_ids=30000 retained_key_bytes=1200000 allocated_registry_bytes=2156376 max_retained_records=18446744073709551615 max_consumed_record_ids=18446744073709551615 max_retained_key_bytes=18446744073709551615
STO_TPCC_CAPACITY phase=load_complete table=customer_name_idx_10 retained_records=30000 consumed_record_ids=30000 retained_key_bytes=1200000 allocated_registry_bytes=2156376 max_retained_records=18446744073709551615 max_consumed_record_ids=18446744073709551615 max_retained_key_bytes=18446744073709551615
STO_TPCC_CAPACITY phase=load_complete table=customer_name_idx_11 retained_records=30000 consumed_record_ids=30000 retained_key_bytes=1200000 allocated_registry_bytes=2156376 max_retained_records=18446744073709551615 max_consumed_record_ids=18446744073709551615 max_retained_key_bytes=18446744073709551615
STO_TPCC_CAPACITY phase=load_complete table=customer_name_idx_12 retained_records=30000 consumed_record_ids=30000 retained_key_bytes=1200000 allocated_registry_bytes=2156376 max_retained_records=18446744073709551615 max_consumed_record_ids=18446744073709551615 max_retained_key_bytes=18446744073709551615
STO_TPCC_CAPACITY phase=load_complete table=customer_name_idx_13 retained_records=30000 consumed_record_ids=30000 retained_key_bytes=1200000 allocated_registry_bytes=2156376 max_retained_records=18446744073709551615 max_consumed_record_ids=18446744073709551615 max_retained_key_bytes=18446744073709551615
STO_TPCC_CAPACITY phase=load_complete table=customer_name_idx_14 retained_records=30000 consumed_record_ids=30000 retained_key_bytes=1200000 allocated_registry_bytes=2156376 max_retained_records=18446744073709551615 max_consumed_record_ids=18446744073709551615 max_retained_key_bytes=18446744073709551615
STO_TPCC_CAPACITY phase=load_complete table=customer_name_idx_15 retained_records=30000 consumed_record_ids=30000 retained_key_bytes=1200000 allocated_registry_bytes=2156376 max_retained_records=18446744073709551615 max_consumed_record_ids=18446744073709551615 max_retained_key_bytes=18446744073709551615
STO_TPCC_CAPACITY phase=load_complete table=district_0 retained_records=10 consumed_record_ids=10 retained_key_bytes=80 allocated_registry_bytes=205424 max_retained_records=18446744073709551615 max_consumed_record_ids=18446744073709551615 max_retained_key_bytes=18446744073709551615
STO_TPCC_CAPACITY phase=load_complete table=district_1 retained_records=10 consumed_record_ids=10 retained_key_bytes=80 allocated_registry_bytes=205424 max_retained_records=18446744073709551615 max_consumed_record_ids=18446744073709551615 max_retained_key_bytes=18446744073709551615
STO_TPCC_CAPACITY phase=load_complete table=district_2 retained_records=10 consumed_record_ids=10 retained_key_bytes=80 allocated_registry_bytes=205424 max_retained_records=18446744073709551615 max_consumed_record_ids=18446744073709551615 max_retained_key_bytes=18446744073709551615
STO_TPCC_CAPACITY phase=load_complete table=district_3 retained_records=10 consumed_record_ids=10 retained_key_bytes=80 allocated_registry_bytes=205424 max_retained_records=18446744073709551615 max_consumed_record_ids=18446744073709551615 max_retained_key_bytes=18446744073709551615
STO_TPCC_CAPACITY phase=load_complete table=district_4 retained_records=10 consumed_record_ids=10 retained_key_bytes=80 allocated_registry_bytes=205424 max_retained_records=18446744073709551615 max_consumed_record_ids=18446744073709551615 max_retained_key_bytes=18446744073709551615
STO_TPCC_CAPACITY phase=load_complete table=district_5 retained_records=10 consumed_record_ids=10 retained_key_bytes=80 allocated_registry_bytes=205424 max_retained_records=18446744073709551615 max_consumed_record_ids=18446744073709551615 max_retained_key_bytes=18446744073709551615
STO_TPCC_CAPACITY phase=load_complete table=district_6 retained_records=10 consumed_record_ids=10 retained_key_bytes=80 allocated_registry_bytes=205424 max_retained_records=18446744073709551615 max_consumed_record_ids=18446744073709551615 max_retained_key_bytes=18446744073709551615
STO_TPCC_CAPACITY phase=load_complete table=district_7 retained_records=10 consumed_record_ids=10 retained_key_bytes=80 allocated_registry_bytes=205424 max_retained_records=18446744073709551615 max_consumed_record_ids=18446744073709551615 max_retained_key_bytes=18446744073709551615
STO_TPCC_CAPACITY phase=load_complete table=district_8 retained_records=10 consumed_record_ids=10 retained_key_bytes=80 allocated_registry_bytes=205424 max_retained_records=18446744073709551615 max_consumed_record_ids=18446744073709551615 max_retained_key_bytes=18446744073709551615
STO_TPCC_CAPACITY phase=load_complete table=district_9 retained_records=10 consumed_record_ids=10 retained_key_bytes=80 allocated_registry_bytes=205424 max_retained_records=18446744073709551615 max_consumed_record_ids=18446744073709551615 max_retained_key_bytes=18446744073709551615
STO_TPCC_CAPACITY phase=load_complete table=district_10 retained_records=10 consumed_record_ids=10 retained_key_bytes=80 allocated_registry_bytes=205424 max_retained_records=18446744073709551615 max_consumed_record_ids=18446744073709551615 max_retained_key_bytes=18446744073709551615
STO_TPCC_CAPACITY phase=load_complete table=district_11 retained_records=10 consumed_record_ids=10 retained_key_bytes=80 allocated_registry_bytes=205424 max_retained_records=18446744073709551615 max_consumed_record_ids=18446744073709551615 max_retained_key_bytes=18446744073709551615
STO_TPCC_CAPACITY phase=load_complete table=district_12 retained_records=10 consumed_record_ids=10 retained_key_bytes=80 allocated_registry_bytes=205424 max_retained_records=18446744073709551615 max_consumed_record_ids=18446744073709551615 max_retained_key_bytes=18446744073709551615
STO_TPCC_CAPACITY phase=load_complete table=district_13 retained_records=10 consumed_record_ids=10 retained_key_bytes=80 allocated_registry_bytes=205424 max_retained_records=18446744073709551615 max_consumed_record_ids=18446744073709551615 max_retained_key_bytes=18446744073709551615
STO_TPCC_CAPACITY phase=load_complete table=district_14 retained_records=10 consumed_record_ids=10 retained_key_bytes=80 allocated_registry_bytes=205424 max_retained_records=18446744073709551615 max_consumed_record_ids=18446744073709551615 max_retained_key_bytes=18446744073709551615
STO_TPCC_CAPACITY phase=load_complete table=district_15 retained_records=10 consumed_record_ids=10 retained_key_bytes=80 allocated_registry_bytes=205424 max_retained_records=18446744073709551615 max_consumed_record_ids=18446744073709551615 max_retained_key_bytes=18446744073709551615
STO_TPCC_CAPACITY phase=load_complete table=history_0 retained_records=30000 consumed_record_ids=30000 retained_key_bytes=720000 allocated_registry_bytes=2156376 max_retained_records=18446744073709551615 max_consumed_record_ids=18446744073709551615 max_retained_key_bytes=18446744073709551615
STO_TPCC_CAPACITY phase=load_complete table=history_1 retained_records=30000 consumed_record_ids=30000 retained_key_bytes=720000 allocated_registry_bytes=2156376 max_retained_records=18446744073709551615 max_consumed_record_ids=18446744073709551615 max_retained_key_bytes=18446744073709551615
STO_TPCC_CAPACITY phase=load_complete table=history_2 retained_records=30000 consumed_record_ids=30000 retained_key_bytes=720000 allocated_registry_bytes=2156376 max_retained_records=18446744073709551615 max_consumed_record_ids=18446744073709551615 max_retained_key_bytes=18446744073709551615
STO_TPCC_CAPACITY phase=load_complete table=history_3 retained_records=30000 consumed_record_ids=30000 retained_key_bytes=720000 allocated_registry_bytes=2156376 max_retained_records=18446744073709551615 max_consumed_record_ids=18446744073709551615 max_retained_key_bytes=18446744073709551615
STO_TPCC_CAPACITY phase=load_complete table=history_4 retained_records=30000 consumed_record_ids=30000 retained_key_bytes=720000 allocated_registry_bytes=2156376 max_retained_records=18446744073709551615 max_consumed_record_ids=18446744073709551615 max_retained_key_bytes=18446744073709551615
STO_TPCC_CAPACITY phase=load_complete table=history_5 retained_records=30000 consumed_record_ids=30000 retained_key_bytes=720000 allocated_registry_bytes=2156376 max_retained_records=18446744073709551615 max_consumed_record_ids=18446744073709551615 max_retained_key_bytes=18446744073709551615
STO_TPCC_CAPACITY phase=load_complete table=history_6 retained_records=30000 consumed_record_ids=30000 retained_key_bytes=720000 allocated_registry_bytes=2156376 max_retained_records=18446744073709551615 max_consumed_record_ids=18446744073709551615 max_retained_key_bytes=18446744073709551615
STO_TPCC_CAPACITY phase=load_complete table=history_7 retained_records=30000 consumed_record_ids=30000 retained_key_bytes=720000 allocated_registry_bytes=2156376 max_retained_records=18446744073709551615 max_consumed_record_ids=18446744073709551615 max_retained_key_bytes=18446744073709551615
STO_TPCC_CAPACITY phase=load_complete table=history_8 retained_records=30000 consumed_record_ids=30000 retained_key_bytes=720000 allocated_registry_bytes=2156376 max_retained_records=18446744073709551615 max_consumed_record_ids=18446744073709551615 max_retained_key_bytes=18446744073709551615
STO_TPCC_CAPACITY phase=load_complete table=history_9 retained_records=30000 consumed_record_ids=30000 retained_key_bytes=720000 allocated_registry_bytes=2156376 max_retained_records=18446744073709551615 max_consumed_record_ids=18446744073709551615 max_retained_key_bytes=18446744073709551615
STO_TPCC_CAPACITY phase=load_complete table=history_10 retained_records=30000 consumed_record_ids=30000 retained_key_bytes=720000 allocated_registry_bytes=2156376 max_retained_records=18446744073709551615 max_consumed_record_ids=18446744073709551615 max_retained_key_bytes=18446744073709551615
STO_TPCC_CAPACITY phase=load_complete table=history_11 retained_records=30000 consumed_record_ids=30000 retained_key_bytes=720000 allocated_registry_bytes=2156376 max_retained_records=18446744073709551615 max_consumed_record_ids=18446744073709551615 max_retained_key_bytes=18446744073709551615
STO_TPCC_CAPACITY phase=load_complete table=history_12 retained_records=30000 consumed_record_ids=30000 retained_key_bytes=720000 allocated_registry_bytes=2156376 max_retained_records=18446744073709551615 max_consumed_record_ids=18446744073709551615 max_retained_key_bytes=18446744073709551615
STO_TPCC_CAPACITY phase=load_complete table=history_13 retained_records=30000 consumed_record_ids=30000 retained_key_bytes=720000 allocated_registry_bytes=2156376 max_retained_records=18446744073709551615 max_consumed_record_ids=18446744073709551615 max_retained_key_bytes=18446744073709551615
STO_TPCC_CAPACITY phase=load_complete table=history_14 retained_records=30000 consumed_record_ids=30000 retained_key_bytes=720000 allocated_registry_bytes=2156376 max_retained_records=18446744073709551615 max_consumed_record_ids=18446744073709551615 max_retained_key_bytes=18446744073709551615
STO_TPCC_CAPACITY phase=load_complete table=history_15 retained_records=30000 consumed_record_ids=30000 retained_key_bytes=720000 allocated_registry_bytes=2156376 max_retained_records=18446744073709551615 max_consumed_record_ids=18446744073709551615 max_retained_key_bytes=18446744073709551615
STO_TPCC_CAPACITY phase=load_complete table=new_order_0 retained_records=9000 consumed_record_ids=9000 retained_key_bytes=108000 allocated_registry_bytes=649024 max_retained_records=18446744073709551615 max_consumed_record_ids=18446744073709551615 max_retained_key_bytes=18446744073709551615
STO_TPCC_CAPACITY phase=load_complete table=new_order_1 retained_records=9000 consumed_record_ids=9000 retained_key_bytes=108000 allocated_registry_bytes=649024 max_retained_records=18446744073709551615 max_consumed_record_ids=18446744073709551615 max_retained_key_bytes=18446744073709551615
STO_TPCC_CAPACITY phase=load_complete table=new_order_2 retained_records=9000 consumed_record_ids=9000 retained_key_bytes=108000 allocated_registry_bytes=649024 max_retained_records=18446744073709551615 max_consumed_record_ids=18446744073709551615 max_retained_key_bytes=18446744073709551615
STO_TPCC_CAPACITY phase=load_complete table=new_order_3 retained_records=9000 consumed_record_ids=9000 retained_key_bytes=108000 allocated_registry_bytes=649024 max_retained_records=18446744073709551615 max_consumed_record_ids=18446744073709551615 max_retained_key_bytes=18446744073709551615
STO_TPCC_CAPACITY phase=load_complete table=new_order_4 retained_records=9000 consumed_record_ids=9000 retained_key_bytes=108000 allocated_registry_bytes=649024 max_retained_records=18446744073709551615 max_consumed_record_ids=18446744073709551615 max_retained_key_bytes=18446744073709551615
STO_TPCC_CAPACITY phase=load_complete table=new_order_5 retained_records=9000 consumed_record_ids=9000 retained_key_bytes=108000 allocated_registry_bytes=649024 max_retained_records=18446744073709551615 max_consumed_record_ids=18446744073709551615 max_retained_key_bytes=18446744073709551615
STO_TPCC_CAPACITY phase=load_complete table=new_order_6 retained_records=9000 consumed_record_ids=9000 retained_key_bytes=108000 allocated_registry_bytes=649024 max_retained_records=18446744073709551615 max_consumed_record_ids=18446744073709551615 max_retained_key_bytes=18446744073709551615
STO_TPCC_CAPACITY phase=load_complete table=new_order_7 retained_records=9000 consumed_record_ids=9000 retained_key_bytes=108000 allocated_registry_bytes=649024 max_retained_records=18446744073709551615 max_consumed_record_ids=18446744073709551615 max_retained_key_bytes=18446744073709551615
STO_TPCC_CAPACITY phase=load_complete table=new_order_8 retained_records=9000 consumed_record_ids=9000 retained_key_bytes=108000 allocated_registry_bytes=649024 max_retained_records=18446744073709551615 max_consumed_record_ids=18446744073709551615 max_retained_key_bytes=18446744073709551615
STO_TPCC_CAPACITY phase=load_complete table=new_order_9 retained_records=9000 consumed_record_ids=9000 retained_key_bytes=108000 allocated_registry_bytes=649024 max_retained_records=18446744073709551615 max_consumed_record_ids=18446744073709551615 max_retained_key_bytes=18446744073709551615
STO_TPCC_CAPACITY phase=load_complete table=new_order_10 retained_records=9000 consumed_record_ids=9000 retained_key_bytes=108000 allocated_registry_bytes=649024 max_retained_records=18446744073709551615 max_consumed_record_ids=18446744073709551615 max_retained_key_bytes=18446744073709551615
STO_TPCC_CAPACITY phase=load_complete table=new_order_11 retained_records=9000 consumed_record_ids=9000 retained_key_bytes=108000 allocated_registry_bytes=649024 max_retained_records=18446744073709551615 max_consumed_record_ids=18446744073709551615 max_retained_key_bytes=18446744073709551615
STO_TPCC_CAPACITY phase=load_complete table=new_order_12 retained_records=9000 consumed_record_ids=9000 retained_key_bytes=108000 allocated_registry_bytes=649024 max_retained_records=18446744073709551615 max_consumed_record_ids=18446744073709551615 max_retained_key_bytes=18446744073709551615
STO_TPCC_CAPACITY phase=load_complete table=new_order_13 retained_records=9000 consumed_record_ids=9000 retained_key_bytes=108000 allocated_registry_bytes=649024 max_retained_records=18446744073709551615 max_consumed_record_ids=18446744073709551615 max_retained_key_bytes=18446744073709551615
STO_TPCC_CAPACITY phase=load_complete table=new_order_14 retained_records=9000 consumed_record_ids=9000 retained_key_bytes=108000 allocated_registry_bytes=649024 max_retained_records=18446744073709551615 max_consumed_record_ids=18446744073709551615 max_retained_key_bytes=18446744073709551615
STO_TPCC_CAPACITY phase=load_complete table=new_order_15 retained_records=9000 consumed_record_ids=9000 retained_key_bytes=108000 allocated_registry_bytes=649024 max_retained_records=18446744073709551615 max_consumed_record_ids=18446744073709551615 max_retained_key_bytes=18446744073709551615
STO_TPCC_CAPACITY phase=load_complete table=oorder_0 retained_records=30000 consumed_record_ids=30000 retained_key_bytes=360000 allocated_registry_bytes=2156376 max_retained_records=18446744073709551615 max_consumed_record_ids=18446744073709551615 max_retained_key_bytes=18446744073709551615
STO_TPCC_CAPACITY phase=load_complete table=oorder_1 retained_records=30000 consumed_record_ids=30000 retained_key_bytes=360000 allocated_registry_bytes=2156376 max_retained_records=18446744073709551615 max_consumed_record_ids=18446744073709551615 max_retained_key_bytes=18446744073709551615
STO_TPCC_CAPACITY phase=load_complete table=oorder_2 retained_records=30000 consumed_record_ids=30000 retained_key_bytes=360000 allocated_registry_bytes=2156376 max_retained_records=18446744073709551615 max_consumed_record_ids=18446744073709551615 max_retained_key_bytes=18446744073709551615
STO_TPCC_CAPACITY phase=load_complete table=oorder_3 retained_records=30000 consumed_record_ids=30000 retained_key_bytes=360000 allocated_registry_bytes=2156376 max_retained_records=18446744073709551615 max_consumed_record_ids=18446744073709551615 max_retained_key_bytes=18446744073709551615
STO_TPCC_CAPACITY phase=load_complete table=oorder_4 retained_records=30000 consumed_record_ids=30000 retained_key_bytes=360000 allocated_registry_bytes=2156376 max_retained_records=18446744073709551615 max_consumed_record_ids=18446744073709551615 max_retained_key_bytes=18446744073709551615
STO_TPCC_CAPACITY phase=load_complete table=oorder_5 retained_records=30000 consumed_record_ids=30000 retained_key_bytes=360000 allocated_registry_bytes=2156376 max_retained_records=18446744073709551615 max_consumed_record_ids=18446744073709551615 max_retained_key_bytes=18446744073709551615
STO_TPCC_CAPACITY phase=load_complete table=oorder_6 retained_records=30000 consumed_record_ids=30000 retained_key_bytes=360000 allocated_registry_bytes=2156376 max_retained_records=18446744073709551615 max_consumed_record_ids=18446744073709551615 max_retained_key_bytes=18446744073709551615
STO_TPCC_CAPACITY phase=load_complete table=oorder_7 retained_records=30000 consumed_record_ids=30000 retained_key_bytes=360000 allocated_registry_bytes=2156376 max_retained_records=18446744073709551615 max_consumed_record_ids=18446744073709551615 max_retained_key_bytes=18446744073709551615
STO_TPCC_CAPACITY phase=load_complete table=oorder_8 retained_records=30000 consumed_record_ids=30000 retained_key_bytes=360000 allocated_registry_bytes=2156376 max_retained_records=18446744073709551615 max_consumed_record_ids=18446744073709551615 max_retained_key_bytes=18446744073709551615
STO_TPCC_CAPACITY phase=load_complete table=oorder_9 retained_records=30000 consumed_record_ids=30000 retained_key_bytes=360000 allocated_registry_bytes=2156376 max_retained_records=18446744073709551615 max_consumed_record_ids=18446744073709551615 max_retained_key_bytes=18446744073709551615
STO_TPCC_CAPACITY phase=load_complete table=oorder_10 retained_records=30000 consumed_record_ids=30000 retained_key_bytes=360000 allocated_registry_bytes=2156376 max_retained_records=18446744073709551615 max_consumed_record_ids=18446744073709551615 max_retained_key_bytes=18446744073709551615
STO_TPCC_CAPACITY phase=load_complete table=oorder_11 retained_records=30000 consumed_record_ids=30000 retained_key_bytes=360000 allocated_registry_bytes=2156376 max_retained_records=18446744073709551615 max_consumed_record_ids=18446744073709551615 max_retained_key_bytes=18446744073709551615
STO_TPCC_CAPACITY phase=load_complete table=oorder_12 retained_records=30000 consumed_record_ids=30000 retained_key_bytes=360000 allocated_registry_bytes=2156376 max_retained_records=18446744073709551615 max_consumed_record_ids=18446744073709551615 max_retained_key_bytes=18446744073709551615
STO_TPCC_CAPACITY phase=load_complete table=oorder_13 retained_records=30000 consumed_record_ids=30000 retained_key_bytes=360000 allocated_registry_bytes=2156376 max_retained_records=18446744073709551615 max_consumed_record_ids=18446744073709551615 max_retained_key_bytes=18446744073709551615
STO_TPCC_CAPACITY phase=load_complete table=oorder_14 retained_records=30000 consumed_record_ids=30000 retained_key_bytes=360000 allocated_registry_bytes=2156376 max_retained_records=18446744073709551615 max_consumed_record_ids=18446744073709551615 max_retained_key_bytes=18446744073709551615
STO_TPCC_CAPACITY phase=load_complete table=oorder_15 retained_records=30000 consumed_record_ids=30000 retained_key_bytes=360000 allocated_registry_bytes=2156376 max_retained_records=18446744073709551615 max_consumed_record_ids=18446744073709551615 max_retained_key_bytes=18446744073709551615
STO_TPCC_CAPACITY phase=load_complete table=oorder_c_id_idx_0 retained_records=30000 consumed_record_ids=30000 retained_key_bytes=480000 allocated_registry_bytes=2156376 max_retained_records=18446744073709551615 max_consumed_record_ids=18446744073709551615 max_retained_key_bytes=18446744073709551615
STO_TPCC_CAPACITY phase=load_complete table=oorder_c_id_idx_1 retained_records=30000 consumed_record_ids=30000 retained_key_bytes=480000 allocated_registry_bytes=2156376 max_retained_records=18446744073709551615 max_consumed_record_ids=18446744073709551615 max_retained_key_bytes=18446744073709551615
STO_TPCC_CAPACITY phase=load_complete table=oorder_c_id_idx_2 retained_records=30000 consumed_record_ids=30000 retained_key_bytes=480000 allocated_registry_bytes=2156376 max_retained_records=18446744073709551615 max_consumed_record_ids=18446744073709551615 max_retained_key_bytes=18446744073709551615
STO_TPCC_CAPACITY phase=load_complete table=oorder_c_id_idx_3 retained_records=30000 consumed_record_ids=30000 retained_key_bytes=480000 allocated_registry_bytes=2156376 max_retained_records=18446744073709551615 max_consumed_record_ids=18446744073709551615 max_retained_key_bytes=18446744073709551615
STO_TPCC_CAPACITY phase=load_complete table=oorder_c_id_idx_4 retained_records=30000 consumed_record_ids=30000 retained_key_bytes=480000 allocated_registry_bytes=2156376 max_retained_records=18446744073709551615 max_consumed_record_ids=18446744073709551615 max_retained_key_bytes=18446744073709551615
STO_TPCC_CAPACITY phase=load_complete table=oorder_c_id_idx_5 retained_records=30000 consumed_record_ids=30000 retained_key_bytes=480000 allocated_registry_bytes=2156376 max_retained_records=18446744073709551615 max_consumed_record_ids=18446744073709551615 max_retained_key_bytes=18446744073709551615
STO_TPCC_CAPACITY phase=load_complete table=oorder_c_id_idx_6 retained_records=30000 consumed_record_ids=30000 retained_key_bytes=480000 allocated_registry_bytes=2156376 max_retained_records=18446744073709551615 max_consumed_record_ids=18446744073709551615 max_retained_key_bytes=18446744073709551615
STO_TPCC_CAPACITY phase=load_complete table=oorder_c_id_idx_7 retained_records=30000 consumed_record_ids=30000 retained_key_bytes=480000 allocated_registry_bytes=2156376 max_retained_records=18446744073709551615 max_consumed_record_ids=18446744073709551615 max_retained_key_bytes=18446744073709551615
STO_TPCC_CAPACITY phase=load_complete table=oorder_c_id_idx_8 retained_records=30000 consumed_record_ids=30000 retained_key_bytes=480000 allocated_registry_bytes=2156376 max_retained_records=18446744073709551615 max_consumed_record_ids=18446744073709551615 max_retained_key_bytes=18446744073709551615
STO_TPCC_CAPACITY phase=load_complete table=oorder_c_id_idx_9 retained_records=30000 consumed_record_ids=30000 retained_key_bytes=480000 allocated_registry_bytes=2156376 max_retained_records=18446744073709551615 max_consumed_record_ids=18446744073709551615 max_retained_key_bytes=18446744073709551615
STO_TPCC_CAPACITY phase=load_complete table=oorder_c_id_idx_10 retained_records=30000 consumed_record_ids=30000 retained_key_bytes=480000 allocated_registry_bytes=2156376 max_retained_records=18446744073709551615 max_consumed_record_ids=18446744073709551615 max_retained_key_bytes=18446744073709551615
STO_TPCC_CAPACITY phase=load_complete table=oorder_c_id_idx_11 retained_records=30000 consumed_record_ids=30000 retained_key_bytes=480000 allocated_registry_bytes=2156376 max_retained_records=18446744073709551615 max_consumed_record_ids=18446744073709551615 max_retained_key_bytes=18446744073709551615
STO_TPCC_CAPACITY phase=load_complete table=oorder_c_id_idx_12 retained_records=30000 consumed_record_ids=30000 retained_key_bytes=480000 allocated_registry_bytes=2156376 max_retained_records=18446744073709551615 max_consumed_record_ids=18446744073709551615 max_retained_key_bytes=18446744073709551615
STO_TPCC_CAPACITY phase=load_complete table=oorder_c_id_idx_13 retained_records=30000 consumed_record_ids=30000 retained_key_bytes=480000 allocated_registry_bytes=2156376 max_retained_records=18446744073709551615 max_consumed_record_ids=18446744073709551615 max_retained_key_bytes=18446744073709551615
STO_TPCC_CAPACITY phase=load_complete table=oorder_c_id_idx_14 retained_records=30000 consumed_record_ids=30000 retained_key_bytes=480000 allocated_registry_bytes=2156376 max_retained_records=18446744073709551615 max_consumed_record_ids=18446744073709551615 max_retained_key_bytes=18446744073709551615
STO_TPCC_CAPACITY phase=load_complete table=oorder_c_id_idx_15 retained_records=30000 consumed_record_ids=30000 retained_key_bytes=480000 allocated_registry_bytes=2156376 max_retained_records=18446744073709551615 max_consumed_record_ids=18446744073709551615 max_retained_key_bytes=18446744073709551615
STO_TPCC_CAPACITY phase=load_complete table=order_line_0 retained_records=299560 consumed_record_ids=299560 retained_key_bytes=4792960 allocated_registry_bytes=21049824 max_retained_records=18446744073709551615 max_consumed_record_ids=18446744073709551615 max_retained_key_bytes=18446744073709551615
STO_TPCC_CAPACITY phase=load_complete table=order_line_1 retained_records=300029 consumed_record_ids=300029 retained_key_bytes=4800464 allocated_registry_bytes=21049824 max_retained_records=18446744073709551615 max_consumed_record_ids=18446744073709551615 max_retained_key_bytes=18446744073709551615
STO_TPCC_CAPACITY phase=load_complete table=order_line_2 retained_records=300826 consumed_record_ids=300826 retained_key_bytes=4813216 allocated_registry_bytes=21121560 max_retained_records=18446744073709551615 max_consumed_record_ids=18446744073709551615 max_retained_key_bytes=18446744073709551615
STO_TPCC_CAPACITY phase=load_complete table=order_line_3 retained_records=300078 consumed_record_ids=300078 retained_key_bytes=4801248 allocated_registry_bytes=21121560 max_retained_records=18446744073709551615 max_consumed_record_ids=18446744073709551615 max_retained_key_bytes=18446744073709551615
STO_TPCC_CAPACITY phase=load_complete table=order_line_4 retained_records=299993 consumed_record_ids=299993 retained_key_bytes=4799888 allocated_registry_bytes=21049824 max_retained_records=18446744073709551615 max_consumed_record_ids=18446744073709551615 max_retained_key_bytes=18446744073709551615
STO_TPCC_CAPACITY phase=load_complete table=order_line_5 retained_records=299158 consumed_record_ids=299158 retained_key_bytes=4786528 allocated_registry_bytes=21049824 max_retained_records=18446744073709551615 max_consumed_record_ids=18446744073709551615 max_retained_key_bytes=18446744073709551615
STO_TPCC_CAPACITY phase=load_complete table=order_line_6 retained_records=299682 consumed_record_ids=299682 retained_key_bytes=4794912 allocated_registry_bytes=21049824 max_retained_records=18446744073709551615 max_consumed_record_ids=18446744073709551615 max_retained_key_bytes=18446744073709551615
STO_TPCC_CAPACITY phase=load_complete table=order_line_7 retained_records=299597 consumed_record_ids=299597 retained_key_bytes=4793552 allocated_registry_bytes=21049824 max_retained_records=18446744073709551615 max_consumed_record_ids=18446744073709551615 max_retained_key_bytes=18446744073709551615
STO_TPCC_CAPACITY phase=load_complete table=order_line_8 retained_records=299625 consumed_record_ids=299625 retained_key_bytes=4794000 allocated_registry_bytes=21049824 max_retained_records=18446744073709551615 max_consumed_record_ids=18446744073709551615 max_retained_key_bytes=18446744073709551615
STO_TPCC_CAPACITY phase=load_complete table=order_line_9 retained_records=301071 consumed_record_ids=301071 retained_key_bytes=4817136 allocated_registry_bytes=21193296 max_retained_records=18446744073709551615 max_consumed_record_ids=18446744073709551615 max_retained_key_bytes=18446744073709551615
STO_TPCC_CAPACITY phase=load_complete table=order_line_10 retained_records=300468 consumed_record_ids=300468 retained_key_bytes=4807488 allocated_registry_bytes=21121560 max_retained_records=18446744073709551615 max_consumed_record_ids=18446744073709551615 max_retained_key_bytes=18446744073709551615
STO_TPCC_CAPACITY phase=load_complete table=order_line_11 retained_records=300005 consumed_record_ids=300005 retained_key_bytes=4800080 allocated_registry_bytes=21049824 max_retained_records=18446744073709551615 max_consumed_record_ids=18446744073709551615 max_retained_key_bytes=18446744073709551615
STO_TPCC_CAPACITY phase=load_complete table=order_line_12 retained_records=300112 consumed_record_ids=300112 retained_key_bytes=4801792 allocated_registry_bytes=21121560 max_retained_records=18446744073709551615 max_consumed_record_ids=18446744073709551615 max_retained_key_bytes=18446744073709551615
STO_TPCC_CAPACITY phase=load_complete table=order_line_13 retained_records=299780 consumed_record_ids=299780 retained_key_bytes=4796480 allocated_registry_bytes=21049824 max_retained_records=18446744073709551615 max_consumed_record_ids=18446744073709551615 max_retained_key_bytes=18446744073709551615
STO_TPCC_CAPACITY phase=load_complete table=order_line_14 retained_records=299489 consumed_record_ids=299489 retained_key_bytes=4791824 allocated_registry_bytes=21049824 max_retained_records=18446744073709551615 max_consumed_record_ids=18446744073709551615 max_retained_key_bytes=18446744073709551615
STO_TPCC_CAPACITY phase=load_complete table=order_line_15 retained_records=299839 consumed_record_ids=299839 retained_key_bytes=4797424 allocated_registry_bytes=21049824 max_retained_records=18446744073709551615 max_consumed_record_ids=18446744073709551615 max_retained_key_bytes=18446744073709551615
STO_TPCC_CAPACITY phase=load_complete table=stock_0 retained_records=100000 consumed_record_ids=100999 retained_key_bytes=800000 allocated_registry_bytes=7111536 max_retained_records=18446744073709551615 max_consumed_record_ids=18446744073709551615 max_retained_key_bytes=18446744073709551615
STO_TPCC_CAPACITY phase=load_complete table=stock_1 retained_records=100000 consumed_record_ids=100999 retained_key_bytes=800000 allocated_registry_bytes=7111536 max_retained_records=18446744073709551615 max_consumed_record_ids=18446744073709551615 max_retained_key_bytes=18446744073709551615
STO_TPCC_CAPACITY phase=load_complete table=stock_2 retained_records=100000 consumed_record_ids=100999 retained_key_bytes=800000 allocated_registry_bytes=7111536 max_retained_records=18446744073709551615 max_consumed_record_ids=18446744073709551615 max_retained_key_bytes=18446744073709551615
STO_TPCC_CAPACITY phase=load_complete table=stock_3 retained_records=100000 consumed_record_ids=100999 retained_key_bytes=800000 allocated_registry_bytes=7111536 max_retained_records=18446744073709551615 max_consumed_record_ids=18446744073709551615 max_retained_key_bytes=18446744073709551615
STO_TPCC_CAPACITY phase=load_complete table=stock_4 retained_records=100000 consumed_record_ids=100999 retained_key_bytes=800000 allocated_registry_bytes=7111536 max_retained_records=18446744073709551615 max_consumed_record_ids=18446744073709551615 max_retained_key_bytes=18446744073709551615
STO_TPCC_CAPACITY phase=load_complete table=stock_5 retained_records=100000 consumed_record_ids=100999 retained_key_bytes=800000 allocated_registry_bytes=7111536 max_retained_records=18446744073709551615 max_consumed_record_ids=18446744073709551615 max_retained_key_bytes=18446744073709551615
STO_TPCC_CAPACITY phase=load_complete table=stock_6 retained_records=100000 consumed_record_ids=100999 retained_key_bytes=800000 allocated_registry_bytes=7111536 max_retained_records=18446744073709551615 max_consumed_record_ids=18446744073709551615 max_retained_key_bytes=18446744073709551615
STO_TPCC_CAPACITY phase=load_complete table=stock_7 retained_records=100000 consumed_record_ids=100999 retained_key_bytes=800000 allocated_registry_bytes=7111536 max_retained_records=18446744073709551615 max_consumed_record_ids=18446744073709551615 max_retained_key_bytes=18446744073709551615
STO_TPCC_CAPACITY phase=load_complete table=stock_8 retained_records=100000 consumed_record_ids=100999 retained_key_bytes=800000 allocated_registry_bytes=7111536 max_retained_records=18446744073709551615 max_consumed_record_ids=18446744073709551615 max_retained_key_bytes=18446744073709551615
STO_TPCC_CAPACITY phase=load_complete table=stock_9 retained_records=100000 consumed_record_ids=100999 retained_key_bytes=800000 allocated_registry_bytes=7111536 max_retained_records=18446744073709551615 max_consumed_record_ids=18446744073709551615 max_retained_key_bytes=18446744073709551615
STO_TPCC_CAPACITY phase=load_complete table=stock_10 retained_records=100000 consumed_record_ids=100999 retained_key_bytes=800000 allocated_registry_bytes=7111536 max_retained_records=18446744073709551615 max_consumed_record_ids=18446744073709551615 max_retained_key_bytes=18446744073709551615
STO_TPCC_CAPACITY phase=load_complete table=stock_11 retained_records=100000 consumed_record_ids=100999 retained_key_bytes=800000 allocated_registry_bytes=7111536 max_retained_records=18446744073709551615 max_consumed_record_ids=18446744073709551615 max_retained_key_bytes=18446744073709551615
STO_TPCC_CAPACITY phase=load_complete table=stock_12 retained_records=100000 consumed_record_ids=100999 retained_key_bytes=800000 allocated_registry_bytes=7111536 max_retained_records=18446744073709551615 max_consumed_record_ids=18446744073709551615 max_retained_key_bytes=18446744073709551615
STO_TPCC_CAPACITY phase=load_complete table=stock_13 retained_records=100000 consumed_record_ids=100999 retained_key_bytes=800000 allocated_registry_bytes=7111536 max_retained_records=18446744073709551615 max_consumed_record_ids=18446744073709551615 max_retained_key_bytes=18446744073709551615
STO_TPCC_CAPACITY phase=load_complete table=stock_14 retained_records=100000 consumed_record_ids=100999 retained_key_bytes=800000 allocated_registry_bytes=7111536 max_retained_records=18446744073709551615 max_consumed_record_ids=18446744073709551615 max_retained_key_bytes=18446744073709551615
STO_TPCC_CAPACITY phase=load_complete table=stock_15 retained_records=100000 consumed_record_ids=100999 retained_key_bytes=800000 allocated_registry_bytes=7111536 max_retained_records=18446744073709551615 max_consumed_record_ids=18446744073709551615 max_retained_key_bytes=18446744073709551615
STO_TPCC_CAPACITY phase=load_complete table=stock_data_0 retained_records=100000 consumed_record_ids=100999 retained_key_bytes=800000 allocated_registry_bytes=7111536 max_retained_records=18446744073709551615 max_consumed_record_ids=18446744073709551615 max_retained_key_bytes=18446744073709551615
STO_TPCC_CAPACITY phase=load_complete table=stock_data_1 retained_records=100000 consumed_record_ids=100999 retained_key_bytes=800000 allocated_registry_bytes=7111536 max_retained_records=18446744073709551615 max_consumed_record_ids=18446744073709551615 max_retained_key_bytes=18446744073709551615
STO_TPCC_CAPACITY phase=load_complete table=stock_data_2 retained_records=100000 consumed_record_ids=100999 retained_key_bytes=800000 allocated_registry_bytes=7111536 max_retained_records=18446744073709551615 max_consumed_record_ids=18446744073709551615 max_retained_key_bytes=18446744073709551615
STO_TPCC_CAPACITY phase=load_complete table=stock_data_3 retained_records=100000 consumed_record_ids=100999 retained_key_bytes=800000 allocated_registry_bytes=7111536 max_retained_records=18446744073709551615 max_consumed_record_ids=18446744073709551615 max_retained_key_bytes=18446744073709551615
STO_TPCC_CAPACITY phase=load_complete table=stock_data_4 retained_records=100000 consumed_record_ids=100999 retained_key_bytes=800000 allocated_registry_bytes=7111536 max_retained_records=18446744073709551615 max_consumed_record_ids=18446744073709551615 max_retained_key_bytes=18446744073709551615
STO_TPCC_CAPACITY phase=load_complete table=stock_data_5 retained_records=100000 consumed_record_ids=100999 retained_key_bytes=800000 allocated_registry_bytes=7111536 max_retained_records=18446744073709551615 max_consumed_record_ids=18446744073709551615 max_retained_key_bytes=18446744073709551615
STO_TPCC_CAPACITY phase=load_complete table=stock_data_6 retained_records=100000 consumed_record_ids=100999 retained_key_bytes=800000 allocated_registry_bytes=7111536 max_retained_records=18446744073709551615 max_consumed_record_ids=18446744073709551615 max_retained_key_bytes=18446744073709551615
STO_TPCC_CAPACITY phase=load_complete table=stock_data_7 retained_records=100000 consumed_record_ids=100999 retained_key_bytes=800000 allocated_registry_bytes=7111536 max_retained_records=18446744073709551615 max_consumed_record_ids=18446744073709551615 max_retained_key_bytes=18446744073709551615
STO_TPCC_CAPACITY phase=load_complete table=stock_data_8 retained_records=100000 consumed_record_ids=100999 retained_key_bytes=800000 allocated_registry_bytes=7111536 max_retained_records=18446744073709551615 max_consumed_record_ids=18446744073709551615 max_retained_key_bytes=18446744073709551615
STO_TPCC_CAPACITY phase=load_complete table=stock_data_9 retained_records=100000 consumed_record_ids=100999 retained_key_bytes=800000 allocated_registry_bytes=7111536 max_retained_records=18446744073709551615 max_consumed_record_ids=18446744073709551615 max_retained_key_bytes=18446744073709551615
STO_TPCC_CAPACITY phase=load_complete table=stock_data_10 retained_records=100000 consumed_record_ids=100999 retained_key_bytes=800000 allocated_registry_bytes=7111536 max_retained_records=18446744073709551615 max_consumed_record_ids=18446744073709551615 max_retained_key_bytes=18446744073709551615
STO_TPCC_CAPACITY phase=load_complete table=stock_data_11 retained_records=100000 consumed_record_ids=100999 retained_key_bytes=800000 allocated_registry_bytes=7111536 max_retained_records=18446744073709551615 max_consumed_record_ids=18446744073709551615 max_retained_key_bytes=18446744073709551615
STO_TPCC_CAPACITY phase=load_complete table=stock_data_12 retained_records=100000 consumed_record_ids=100999 retained_key_bytes=800000 allocated_registry_bytes=7111536 max_retained_records=18446744073709551615 max_consumed_record_ids=18446744073709551615 max_retained_key_bytes=18446744073709551615
STO_TPCC_CAPACITY phase=load_complete table=stock_data_13 retained_records=100000 consumed_record_ids=100999 retained_key_bytes=800000 allocated_registry_bytes=7111536 max_retained_records=18446744073709551615 max_consumed_record_ids=18446744073709551615 max_retained_key_bytes=18446744073709551615
STO_TPCC_CAPACITY phase=load_complete table=stock_data_14 retained_records=100000 consumed_record_ids=100999 retained_key_bytes=800000 allocated_registry_bytes=7111536 max_retained_records=18446744073709551615 max_consumed_record_ids=18446744073709551615 max_retained_key_bytes=18446744073709551615
STO_TPCC_CAPACITY phase=load_complete table=stock_data_15 retained_records=100000 consumed_record_ids=100999 retained_key_bytes=800000 allocated_registry_bytes=7111536 max_retained_records=18446744073709551615 max_consumed_record_ids=18446744073709551615 max_retained_key_bytes=18446744073709551615
STO_TPCC_CAPACITY phase=load_complete table=warehouse_0 retained_records=1 consumed_record_ids=1 retained_key_bytes=4 allocated_registry_bytes=205424 max_retained_records=18446744073709551615 max_consumed_record_ids=18446744073709551615 max_retained_key_bytes=18446744073709551615
STO_TPCC_CAPACITY phase=load_complete table=warehouse_1 retained_records=1 consumed_record_ids=1 retained_key_bytes=4 allocated_registry_bytes=205424 max_retained_records=18446744073709551615 max_consumed_record_ids=18446744073709551615 max_retained_key_bytes=18446744073709551615
STO_TPCC_CAPACITY phase=load_complete table=warehouse_2 retained_records=1 consumed_record_ids=1 retained_key_bytes=4 allocated_registry_bytes=205424 max_retained_records=18446744073709551615 max_consumed_record_ids=18446744073709551615 max_retained_key_bytes=18446744073709551615
STO_TPCC_CAPACITY phase=load_complete table=warehouse_3 retained_records=1 consumed_record_ids=1 retained_key_bytes=4 allocated_registry_bytes=205424 max_retained_records=18446744073709551615 max_consumed_record_ids=18446744073709551615 max_retained_key_bytes=18446744073709551615
STO_TPCC_CAPACITY phase=load_complete table=warehouse_4 retained_records=1 consumed_record_ids=1 retained_key_bytes=4 allocated_registry_bytes=205424 max_retained_records=18446744073709551615 max_consumed_record_ids=18446744073709551615 max_retained_key_bytes=18446744073709551615
STO_TPCC_CAPACITY phase=load_complete table=warehouse_5 retained_records=1 consumed_record_ids=1 retained_key_bytes=4 allocated_registry_bytes=205424 max_retained_records=18446744073709551615 max_consumed_record_ids=18446744073709551615 max_retained_key_bytes=18446744073709551615
STO_TPCC_CAPACITY phase=load_complete table=warehouse_6 retained_records=1 consumed_record_ids=1 retained_key_bytes=4 allocated_registry_bytes=205424 max_retained_records=18446744073709551615 max_consumed_record_ids=18446744073709551615 max_retained_key_bytes=18446744073709551615
STO_TPCC_CAPACITY phase=load_complete table=warehouse_7 retained_records=1 consumed_record_ids=1 retained_key_bytes=4 allocated_registry_bytes=205424 max_retained_records=18446744073709551615 max_consumed_record_ids=18446744073709551615 max_retained_key_bytes=18446744073709551615
STO_TPCC_CAPACITY phase=load_complete table=warehouse_8 retained_records=1 consumed_record_ids=1 retained_key_bytes=4 allocated_registry_bytes=205424 max_retained_records=18446744073709551615 max_consumed_record_ids=18446744073709551615 max_retained_key_bytes=18446744073709551615
STO_TPCC_CAPACITY phase=load_complete table=warehouse_9 retained_records=1 consumed_record_ids=1 retained_key_bytes=4 allocated_registry_bytes=205424 max_retained_records=18446744073709551615 max_consumed_record_ids=18446744073709551615 max_retained_key_bytes=18446744073709551615
STO_TPCC_CAPACITY phase=load_complete table=warehouse_10 retained_records=1 consumed_record_ids=1 retained_key_bytes=4 allocated_registry_bytes=205424 max_retained_records=18446744073709551615 max_consumed_record_ids=18446744073709551615 max_retained_key_bytes=18446744073709551615
STO_TPCC_CAPACITY phase=load_complete table=warehouse_11 retained_records=1 consumed_record_ids=1 retained_key_bytes=4 allocated_registry_bytes=205424 max_retained_records=18446744073709551615 max_consumed_record_ids=18446744073709551615 max_retained_key_bytes=18446744073709551615
STO_TPCC_CAPACITY phase=load_complete table=warehouse_12 retained_records=1 consumed_record_ids=1 retained_key_bytes=4 allocated_registry_bytes=205424 max_retained_records=18446744073709551615 max_consumed_record_ids=18446744073709551615 max_retained_key_bytes=18446744073709551615
STO_TPCC_CAPACITY phase=load_complete table=warehouse_13 retained_records=1 consumed_record_ids=1 retained_key_bytes=4 allocated_registry_bytes=205424 max_retained_records=18446744073709551615 max_consumed_record_ids=18446744073709551615 max_retained_key_bytes=18446744073709551615
STO_TPCC_CAPACITY phase=load_complete table=warehouse_14 retained_records=1 consumed_record_ids=1 retained_key_bytes=4 allocated_registry_bytes=205424 max_retained_records=18446744073709551615 max_consumed_record_ids=18446744073709551615 max_retained_key_bytes=18446744073709551615
STO_TPCC_CAPACITY phase=load_complete table=warehouse_15 retained_records=1 consumed_record_ids=1 retained_key_bytes=4 allocated_registry_bytes=205424 max_retained_records=18446744073709551615 max_consumed_record_ids=18446744073709551615 max_retained_key_bytes=18446744073709551615
STO_TPCC_CAPACITY phase=load_complete table=item retained_records=100000 consumed_record_ids=100000 retained_key_bytes=400000 allocated_registry_bytes=7039800 max_retained_records=18446744073709551615 max_consumed_record_ids=18446744073709551615 max_retained_key_bytes=18446744073709551615
tpcc: worker id 128 => warehouses [1, 2)
tpcc: worker id 129 => warehouses [2, 3)
tpcc: worker id 130 => warehouses [3, 4)
tpcc: worker id 131 => warehouses [4, 5)
tpcc: worker id 132 => warehouses [5, 6)
tpcc: worker id 133 => warehouses [6, 7)
tpcc: worker id 134 => warehouses [7, 8)
tpcc: worker id 135 => warehouses [8, 9)
tpcc: worker id 136 => warehouses [9, 10)
tpcc: worker id 137 => warehouses [10, 11)
tpcc: worker id 138 => warehouses [11, 12)
tpcc: worker id 139 => warehouses [12, 13)
tpcc: worker id 140 => warehouses [13, 14)
tpcc: worker id 141 => warehouses [14, 15)
tpcc: worker id 142 => warehouses [15, 16)
tpcc: worker id 143 => warehouses [16, 17)
20260909-08:46.07-523983(us) 2421505 * benchmark_thread_init (mbta_wrapper.hh:1811): thread_init: thread_id=6, shard_index=0, getShardIndex=0, loader=0
20260909-08:46.07-524242(us) 2421505 * benchmark_thread_init (mbta_wrapper.hh:1811): thread_init: thread_id=7, shard_index=0, getShardIndex=0, loader=0
20260909-08:46.07-524413(us) 2421505 * benchmark_thread_init (mbta_wrapper.hh:1811): thread_init: thread_id=8, shard_index=0, getShardIndex=0, loader=0
20260909-08:46.07-524577(us) 2421505 * benchmark_thread_init (mbta_wrapper.hh:1811): thread_init: thread_id=9, shard_index=0, getShardIndex=0, loader=0
20260909-08:46.07-524657(us) 2421505 * benchmark_thread_init (mbta_wrapper.hh:1811): thread_init: thread_id=10, shard_index=0, getShardIndex=0, loader=0
20260909-08:46.07-524890(us) 2421505 * benchmark_thread_init (mbta_wrapper.hh:1811): thread_init: thread_id=11, shard_index=0, getShardIndex=0, loader=0
20260909-08:46.07-525191(us) 2421505 * benchmark_thread_init (mbta_wrapper.hh:1811): thread_init: thread_id=12, shard_index=0, getShardIndex=0, loader=0
20260909-08:46.07-525444(us) 2421505 * ParseNewFormat  (configuration.cc:102): Using new configuration format
20260909-08:46.07-525516(us) 2421505 * ParseNewFormat  (configuration.cc:162): Loaded 1 sites in 1 shards
20260909-08:46.07-525722(us) 2421505 * benchmark_thread_init (mbta_wrapper.hh:1811): thread_init: thread_id=13, shard_index=0, getShardIndex=0, loader=0
20260909-08:46.07-525766(us) 2421505 * ParseNewFormat  (configuration.cc:102): Using new configuration format
20260909-08:46.07-525815(us) 2421505 * benchmark_thread_init (mbta_wrapper.hh:1811): thread_init: thread_id=14, shard_index=0, getShardIndex=0, loader=0
20260909-08:46.07-525912(us) 2421505 * ParseNewFormat  (configuration.cc:102): Using new configuration format
20260909-08:46.07-525980(us) 2421505 * ParseNewFormat  (configuration.cc:102): Using new configuration format
20260909-08:46.07-526027(us) 2421505 * ParseNewFormat  (configuration.cc:162): Loaded 1 sites in 1 shards
20260909-08:46.07-526055(us) 2421505 * ParseNewFormat  (configuration.cc:162): Loaded 1 sites in 1 shards
20260909-08:46.07-526091(us) 2421505 * ParseNewFormat  (configuration.cc:102): Using new configuration format
20260909-08:46.07-526144(us) 2421505 * ParseNewFormat  (configuration.cc:162): Loaded 1 sites in 1 shards
20260909-08:46.07-526185(us) 2421505 * benchmark_thread_init (mbta_wrapper.hh:1811): thread_init: thread_id=15, shard_index=0, getShardIndex=0, loader=0
20260909-08:46.07-526240(us) 2421505 * ParseNewFormat  (configuration.cc:162): Loaded 1 sites in 1 shards
20260909-08:46.07-526285(us) 2421505 * ParseNewFormat  (configuration.cc:102): Using new configuration format
20260909-08:46.07-526352(us) 2421505 * ParseNewFormat  (configuration.cc:102): Using new configuration format
20260909-08:46.07-526389(us) 2421505 * ParseNewFormat  (configuration.cc:162): Loaded 1 sites in 1 shards
20260909-08:46.07-526423(us) 2421505 * ParseNewFormat  (configuration.cc:162): Loaded 1 sites in 1 shards
20260909-08:46.07-526459(us) 2421505 * benchmark_thread_init (mbta_wrapper.hh:1811): thread_init: thread_id=16, shard_index=0, getShardIndex=0, loader=0
20260909-08:46.07-526516(us) 2421505 * ParseNewFormat  (configuration.cc:102): Using new configuration format
20260909-08:46.07-526563(us) 2421505 * ParseNewFormat  (configuration.cc:102): Using new configuration format
20260909-08:46.07-526599(us) 2421505 * ParseNewFormat  (configuration.cc:102): Using new configuration format
20260909-08:46.07-526643(us) 2421505 * ParseNewFormat  (configuration.cc:162): Loaded 1 sites in 1 shards
20260909-08:46.07-526695(us) 2421505 * ParseNewFormat  (configuration.cc:102): Using new configuration format
20260909-08:46.07-526748(us) 2421505 * ParseNewFormat  (configuration.cc:162): Loaded 1 sites in 1 shards
20260909-08:46.07-526789(us) 2421505 * ParseNewFormat  (configuration.cc:102): Using new configuration format
20260909-08:46.07-526849(us) 2421505 * ParseNewFormat  (configuration.cc:162): Loaded 1 sites in 1 shards
20260909-08:46.07-526879(us) 2421505 * ParseNewFormat  (configuration.cc:102): Using new configuration format
20260909-08:46.07-526925(us) 2421505 * Initialize      (srpc_rpc_backend.cc:66): SrpcRpcBackend::Initialize: poll_thread_worker_ created, is_some=1
20260909-08:46.07-526974(us) 2421505 * benchmark_thread_init (mbta_wrapper.hh:1811): thread_init: thread_id=17, shard_index=0, getShardIndex=0, loader=0
20260909-08:46.07-527048(us) 2421505 * ParseNewFormat  (configuration.cc:102): Using new configuration format
20260909-08:46.07-527137(us) 2421505 * Initialize      (srpc_rpc_backend.cc:66): SrpcRpcBackend::Initialize: poll_thread_worker_ created, is_some=1
20260909-08:46.07-527187(us) 2421505 * ParseNewFormat  (configuration.cc:102): Using new configuration format
20260909-08:46.07-527225(us) 2421505 * ParseNewFormat  (configuration.cc:162): Loaded 1 sites in 1 shards
20260909-08:46.07-527268(us) 2421505 * ParseNewFormat  (configuration.cc:102): Using new configuration format
20260909-08:46.07-527328(us) 2421505 * Initialize      (srpc_rpc_backend.cc:97): SrpcRpcBackend initialized on 127.0.0.1:31000 (listening on 0.0.0.0:31000)
20260909-08:46.07-527379(us) 2421505 * FastTransport   (fasttransport.cc:147): FastTransport initialized with srpc/rpc backend on 127.0.0.1:31000
20260909-08:46.07-527416(us) 2421505 * ParseNewFormat  (configuration.cc:162): Loaded 1 sites in 1 shards
20260909-08:46.07-527466(us) 2421505 * ParseNewFormat  (configuration.cc:162): Loaded 1 sites in 1 shards
20260909-08:46.07-527566(us) 2421505 * ParseNewFormat  (configuration.cc:102): Using new configuration format
20260909-08:46.07-527605(us) 2421505 * ParseNewFormat  (configuration.cc:162): Loaded 1 sites in 1 shards
20260909-08:46.07-527637(us) 2421505 * benchmark_thread_init (mbta_wrapper.hh:1811): thread_init: thread_id=18, shard_index=0, getShardIndex=0, loader=0
20260909-08:46.07-527722(us) 2421505 * ParseNewFormat  (configuration.cc:162): Loaded 1 sites in 1 shards
20260909-08:46.07-527784(us) 2421505 * Initialize      (srpc_rpc_backend.cc:97): SrpcRpcBackend initialized on 127.0.0.1:31001 (listening on 0.0.0.0:31001)
20260909-08:46.07-527808(us) 2421505 * FastTransport   (fasttransport.cc:147): FastTransport initialized with srpc/rpc backend on 127.0.0.1:31001
20260909-08:46.07-527826(us) 2421505 * ParseNewFormat  (configuration.cc:162): Loaded 1 sites in 1 shards
20260909-08:46.07-527888(us) 2421505 * benchmark_thread_init (mbta_wrapper.hh:1811): thread_init: thread_id=20, shard_index=0, getShardIndex=0, loader=0
20260909-08:46.07-527960(us) 2421505 * Initialize      (srpc_rpc_backend.cc:66): SrpcRpcBackend::Initialize: poll_thread_worker_ created, is_some=1
20260909-08:46.07-528014(us) 2421505 * Initialize      (srpc_rpc_backend.cc:66): SrpcRpcBackend::Initialize: poll_thread_worker_ created, is_some=1
20260909-08:46.07-528047(us) 2421505 * Initialize      (srpc_rpc_backend.cc:66): SrpcRpcBackend::Initialize: poll_thread_worker_ created, is_some=1
20260909-08:46.07-528080(us) 2421505 * Initialize      (srpc_rpc_backend.cc:97): SrpcRpcBackend initialized on 127.0.0.1:31006 (listening on 0.0.0.0:31006)
20260909-08:46.07-528103(us) 2421505 * FastTransport   (fasttransport.cc:147): FastTransport initialized with srpc/rpc backend on 127.0.0.1:31006
20260909-08:46.07-528126(us) 2421505 * Initialize      (srpc_rpc_backend.cc:97): SrpcRpcBackend initialized on 127.0.0.1:31002 (listening on 0.0.0.0:31002)
20260909-08:46.07-528150(us) 2421505 * FastTransport   (fasttransport.cc:147): FastTransport initialized with srpc/rpc backend on 127.0.0.1:31002
20260909-08:46.07-528187(us) 2421505 * ParseNewFormat  (configuration.cc:102): Using new configuration format
20260909-08:46.07-528236(us) 2421505 * ParseNewFormat  (configuration.cc:102): Using new configuration format
20260909-08:46.07-528280(us) 2421505 * ParseNewFormat  (configuration.cc:162): Loaded 1 sites in 1 shards
20260909-08:46.07-528325(us) 2421505 * benchmark_thread_init (mbta_wrapper.hh:1811): thread_init: thread_id=21, shard_index=0, getShardIndex=0, loader=0
20260909-08:46.07-528382(us) 2421505 * benchmark_thread_init (mbta_wrapper.hh:1811): thread_init: thread_id=19, shard_index=0, getShardIndex=0, loader=0
20260909-08:46.07-528426(us) 2421505 * ParseNewFormat  (configuration.cc:102): Using new configuration format
20260909-08:46.07-528491(us) 2421505 * ParseNewFormat  (configuration.cc:162): Loaded 1 sites in 1 shards
20260909-08:46.07-528520(us) 2421505 * ParseNewFormat  (configuration.cc:102): Using new configuration format
20260909-08:46.07-528567(us) 2421505 * ParseNewFormat  (configuration.cc:162): Loaded 1 sites in 1 shards
20260909-08:46.07-528598(us) 2421505 * Initialize      (srpc_rpc_backend.cc:66): SrpcRpcBackend::Initialize: poll_thread_worker_ created, is_some=1
20260909-08:46.07-528643(us) 2421505 * ParseNewFormat  (configuration.cc:162): Loaded 1 sites in 1 shards
20260909-08:46.07-528680(us) 2421505 * ParseNewFormat  (configuration.cc:102): Using new configuration format
20260909-08:46.07-528710(us) 2421505 * Initialize      (srpc_rpc_backend.cc:97): SrpcRpcBackend initialized on 127.0.0.1:31007 (listening on 0.0.0.0:31007)
20260909-08:46.07-528735(us) 2421505 * FastTransport   (fasttransport.cc:147): FastTransport initialized with srpc/rpc backend on 127.0.0.1:31007
20260909-08:46.07-528782(us) 2421505 * ParseNewFormat  (configuration.cc:162): Loaded 1 sites in 1 shards
20260909-08:46.07-528825(us) 2421505 * ParseNewFormat  (configuration.cc:102): Using new configuration format
20260909-08:46.07-528865(us) 2421505 * Initialize      (srpc_rpc_backend.cc:66): SrpcRpcBackend::Initialize: poll_thread_worker_ created, is_some=1
20260909-08:46.07-528918(us) 2421505 * Initialize      (srpc_rpc_backend.cc:97): SrpcRpcBackend initialized on 127.0.0.1:31004 (listening on 0.0.0.0:31004)
20260909-08:46.07-528967(us) 2421505 * FastTransport   (fasttransport.cc:147): FastTransport initialized with srpc/rpc backend on 127.0.0.1:31004
20260909-08:46.07-529011(us) 2421505 * ParseNewFormat  (configuration.cc:102): Using new configuration format
20260909-08:46.07-529057(us) 2421505 * Initialize      (srpc_rpc_backend.cc:66): SrpcRpcBackend::Initialize: poll_thread_worker_ created, is_some=1
20260909-08:46.07-529082(us) 2421505 * ParseNewFormat  (configuration.cc:162): Loaded 1 sites in 1 shards
20260909-08:46.07-529124(us) 2421505 * ParseNewFormat  (configuration.cc:102): Using new configuration format
20260909-08:46.07-529154(us) 2421505 * ParseNewFormat  (configuration.cc:162): Loaded 1 sites in 1 shards
20260909-08:46.07-529186(us) 2421505 * ParseNewFormat  (configuration.cc:162): Loaded 1 sites in 1 shards
20260909-08:46.07-529216(us) 2421505 * ParseNewFormat  (configuration.cc:102): Using new configuration format
20260909-08:46.07-529250(us) 2421505 * ParseNewFormat  (configuration.cc:102): Using new configuration format
20260909-08:46.07-529282(us) 2421505 * ParseNewFormat  (configuration.cc:162): Loaded 1 sites in 1 shards
20260909-08:46.07-529312(us) 2421505 * ParseNewFormat  (configuration.cc:102): Using new configuration format
20260909-08:46.07-529339(us) 2421505 * ParseNewFormat  (configuration.cc:102): Using new configuration format
20260909-08:46.07-529393(us) 2421505 * ParseNewFormat  (configuration.cc:162): Loaded 1 sites in 1 shards
20260909-08:46.07-529420(us) 2421505 * ParseNewFormat  (configuration.cc:102): Using new configuration format
20260909-08:46.07-529455(us) 2421505 * ParseNewFormat  (configuration.cc:162): Loaded 1 sites in 1 shards
20260909-08:46.07-529477(us) 2421505 * ParseNewFormat  (configuration.cc:162): Loaded 1 sites in 1 shards
20260909-08:46.07-529545(us) 2421505 * ParseNewFormat  (configuration.cc:162): Loaded 1 sites in 1 shards
20260909-08:46.07-529607(us) 2421505 * ParseNewFormat  (configuration.cc:162): Loaded 1 sites in 1 shards
20260909-08:46.07-529647(us) 2421505 * ParseNewFormat  (configuration.cc:102): Using new configuration format
20260909-08:46.07-529699(us) 2421505 * ParseNewFormat  (configuration.cc:162): Loaded 1 sites in 1 shards
20260909-08:46.07-529714(us) 2421505 * ParseNewFormat  (configuration.cc:102): Using new configuration format
20260909-08:46.07-529747(us) 2421505 * ParseNewFormat  (configuration.cc:162): Loaded 1 sites in 1 shards
20260909-08:46.07-530000(us) 2421505 * ParseNewFormat  (configuration.cc:102): Using new configuration format
20260909-08:46.07-530036(us) 2421505 * ParseNewFormat  (configuration.cc:162): Loaded 1 sites in 1 shards
20260909-08:46.07-530254(us) 2421505 * ParseNewFormat  (configuration.cc:102): Using new configuration format
20260909-08:46.07-530303(us) 2421505 * ParseNewFormat  (configuration.cc:162): Loaded 1 sites in 1 shards
20260909-08:46.07-550908(us) 2421505 * Initialize      (srpc_rpc_backend.cc:97): SrpcRpcBackend initialized on 127.0.0.1:31008 (listening on 0.0.0.0:31008)
20260909-08:46.07-550943(us) 2421505 * FastTransport   (fasttransport.cc:147): FastTransport initialized with srpc/rpc backend on 127.0.0.1:31008
20260909-08:46.07-550978(us) 2421505 * Initialize      (srpc_rpc_backend.cc:97): SrpcRpcBackend initialized on 127.0.0.1:31005 (listening on 0.0.0.0:31005)
20260909-08:46.07-551028(us) 2421505 * FastTransport   (fasttransport.cc:147): FastTransport initialized with srpc/rpc backend on 127.0.0.1:31005
20260909-08:46.07-551084(us) 2421505 * Initialize      (srpc_rpc_backend.cc:66): SrpcRpcBackend::Initialize: poll_thread_worker_ created, is_some=1
20260909-08:46.07-551144(us) 2421505 * Initialize      (srpc_rpc_backend.cc:97): SrpcRpcBackend initialized on 127.0.0.1:31009 (listening on 0.0.0.0:31009)
20260909-08:46.07-551161(us) 2421505 * FastTransport   (fasttransport.cc:147): FastTransport initialized with srpc/rpc backend on 127.0.0.1:31009
20260909-08:46.07-551279(us) 2421505 * Initialize      (srpc_rpc_backend.cc:66): SrpcRpcBackend::Initialize: poll_thread_worker_ created, is_some=1
20260909-08:46.07-551383(us) 2421505 * Initialize      (srpc_rpc_backend.cc:66): SrpcRpcBackend::Initialize: poll_thread_worker_ created, is_some=1
20260909-08:46.07-551427(us) 2421505 * Initialize      (srpc_rpc_backend.cc:97): SrpcRpcBackend initialized on 127.0.0.1:31010 (listening on 0.0.0.0:31010)
20260909-08:46.07-551459(us) 2421505 * FastTransport   (fasttransport.cc:147): FastTransport initialized with srpc/rpc backend on 127.0.0.1:31010
20260909-08:46.07-551494(us) 2421505 * Initialize      (srpc_rpc_backend.cc:66): SrpcRpcBackend::Initialize: poll_thread_worker_ created, is_some=1
20260909-08:46.07-551545(us) 2421505 * Initialize      (srpc_rpc_backend.cc:97): SrpcRpcBackend initialized on 127.0.0.1:31003 (listening on 0.0.0.0:31003)
20260909-08:46.07-551602(us) 2421505 * FastTransport   (fasttransport.cc:147): FastTransport initialized with srpc/rpc backend on 127.0.0.1:31003
20260909-08:46.07-551639(us) 2421505 * Initialize      (srpc_rpc_backend.cc:66): SrpcRpcBackend::Initialize: poll_thread_worker_ created, is_some=1
20260909-08:46.07-551687(us) 2421505 * ParseNewFormat  (configuration.cc:102): Using new configuration format
20260909-08:46.07-551721(us) 2421505 * Initialize      (srpc_rpc_backend.cc:97): SrpcRpcBackend initialized on 127.0.0.1:31011 (listening on 0.0.0.0:31011)
20260909-08:46.07-551748(us) 2421505 * FastTransport   (fasttransport.cc:147): FastTransport initialized with srpc/rpc backend on 127.0.0.1:31011
20260909-08:46.07-551907(us) 2421505 * ParseNewFormat  (configuration.cc:102): Using new configuration format
20260909-08:46.07-551956(us) 2421505 * ParseNewFormat  (configuration.cc:102): Using new configuration format
20260909-08:46.07-551997(us) 2421505 * ParseNewFormat  (configuration.cc:162): Loaded 1 sites in 1 shards
20260909-08:46.07-552027(us) 2421505 * ParseNewFormat  (configuration.cc:162): Loaded 1 sites in 1 shards
20260909-08:46.07-552067(us) 2421505 * ParseNewFormat  (configuration.cc:102): Using new configuration format
20260909-08:46.07-552119(us) 2421505 * ParseNewFormat  (configuration.cc:102): Using new configuration format
20260909-08:46.07-552167(us) 2421505 * ParseNewFormat  (configuration.cc:102): Using new configuration format
20260909-08:46.07-552218(us) 2421505 * ParseNewFormat  (configuration.cc:162): Loaded 1 sites in 1 shards
20260909-08:46.07-552288(us) 2421505 * Initialize      (srpc_rpc_backend.cc:97): SrpcRpcBackend initialized on 127.0.0.1:31014 (listening on 0.0.0.0:31014)
20260909-08:46.07-552329(us) 2421505 * FastTransport   (fasttransport.cc:147): FastTransport initialized with srpc/rpc backend on 127.0.0.1:31014
20260909-08:46.07-552391(us) 2421505 * ParseNewFormat  (configuration.cc:102): Using new configuration format
20260909-08:46.07-552467(us) 2421505 * ParseNewFormat  (configuration.cc:162): Loaded 1 sites in 1 shards
20260909-08:46.07-552557(us) 2421505 * ParseNewFormat  (configuration.cc:162): Loaded 1 sites in 1 shards
20260909-08:46.07-552619(us) 2421505 * Initialize      (srpc_rpc_backend.cc:66): SrpcRpcBackend::Initialize: poll_thread_worker_ created, is_some=1
20260909-08:46.07-552695(us) 2421505 * ParseNewFormat  (configuration.cc:162): Loaded 1 sites in 1 shards
20260909-08:46.07-552747(us) 2421505 * Initialize      (srpc_rpc_backend.cc:66): SrpcRpcBackend::Initialize: poll_thread_worker_ created, is_some=1
20260909-08:46.07-552801(us) 2421505 * ParseNewFormat  (configuration.cc:102): Using new configuration format
20260909-08:46.07-552876(us) 2421505 * Initialize      (srpc_rpc_backend.cc:66): SrpcRpcBackend::Initialize: poll_thread_worker_ created, is_some=1
20260909-08:46.07-552985(us) 2421505 * Initialize      (srpc_rpc_backend.cc:97): SrpcRpcBackend initialized on 127.0.0.1:31012 (listening on 0.0.0.0:31012)
20260909-08:46.07-553011(us) 2421505 * FastTransport   (fasttransport.cc:147): FastTransport initialized with srpc/rpc backend on 127.0.0.1:31012
20260909-08:46.07-553095(us) 2421505 * ParseNewFormat  (configuration.cc:162): Loaded 1 sites in 1 shards
20260909-08:46.07-553128(us) 2421505 * Initialize      (srpc_rpc_backend.cc:97): SrpcRpcBackend initialized on 127.0.0.1:31015 (listening on 0.0.0.0:31015)
20260909-08:46.07-553165(us) 2421505 * FastTransport   (fasttransport.cc:147): FastTransport initialized with srpc/rpc backend on 127.0.0.1:31015
20260909-08:46.07-553207(us) 2421505 * ParseNewFormat  (configuration.cc:162): Loaded 1 sites in 1 shards
20260909-08:46.07-553251(us) 2421505 * ParseNewFormat  (configuration.cc:102): Using new configuration format
20260909-08:46.07-553284(us) 2421505 * Initialize      (srpc_rpc_backend.cc:97): SrpcRpcBackend initialized on 127.0.0.1:31013 (listening on 0.0.0.0:31013)
20260909-08:46.07-553307(us) 2421505 * FastTransport   (fasttransport.cc:147): FastTransport initialized with srpc/rpc backend on 127.0.0.1:31013
20260909-08:46.07-553330(us) 2421505 * ParseNewFormat  (configuration.cc:162): Loaded 1 sites in 1 shards
20260909-08:46.07-553361(us) 2421505 * ParseNewFormat  (configuration.cc:102): Using new configuration format
20260909-08:46.07-553427(us) 2421505 * ParseNewFormat  (configuration.cc:162): Loaded 1 sites in 1 shards
20260909-08:46.07-553526(us) 2421505 * ParseNewFormat  (configuration.cc:102): Using new configuration format
20260909-08:46.07-553575(us) 2421505 * ParseNewFormat  (configuration.cc:102): Using new configuration format
20260909-08:46.07-553613(us) 2421505 * ParseNewFormat  (configuration.cc:162): Loaded 1 sites in 1 shards
20260909-08:46.07-553656(us) 2421505 * ParseNewFormat  (configuration.cc:162): Loaded 1 sites in 1 shards
20260909-08:46.07-553688(us) 2421505 * ParseNewFormat  (configuration.cc:102): Using new configuration format
20260909-08:46.07-553747(us) 2421505 * ParseNewFormat  (configuration.cc:162): Loaded 1 sites in 1 shards
20260909-08:46.07-553983(us) 2421505 * ParseNewFormat  (configuration.cc:102): Using new configuration format
20260909-08:46.07-554033(us) 2421505 * ParseNewFormat  (configuration.cc:162): Loaded 1 sites in 1 shards
20260909-08:46.07-556849(us) 2421505 ! run             (bench.cc:685):     TPCC_BENCH_MEASURE_START
20260909-08:46.07-556894(us) 2421505 ! run             (bench.cc:693):     start the running time, runTime:10
20260909-08:46.07-556916(us) 2421505 ! run             (bench.cc:705):     runtime time left:10000 ms, bool:1
20260909-08:46.08-568651(us) 2421505 ! run             (bench.cc:705):     runtime time left:9000 ms, bool:1
20260909-08:46.09-579025(us) 2421505 ! run             (bench.cc:705):     runtime time left:8000 ms, bool:1
20260909-08:46.10-589783(us) 2421505 ! run             (bench.cc:705):     runtime time left:7000 ms, bool:1
20260909-08:46.11-600560(us) 2421505 ! run             (bench.cc:705):     runtime time left:6000 ms, bool:1
20260909-08:46.12-610277(us) 2421505 ! run             (bench.cc:705):     runtime time left:5000 ms, bool:1
20260909-08:46.13-621423(us) 2421505 ! run             (bench.cc:705):     runtime time left:4000 ms, bool:1
20260909-08:46.14-631862(us) 2421505 ! run             (bench.cc:705):     runtime time left:3000 ms, bool:1
20260909-08:46.15-642800(us) 2421505 ! run             (bench.cc:705):     runtime time left:2000 ms, bool:1
20260909-08:46.16-654264(us) 2421505 ! run             (bench.cc:705):     runtime time left:1000 ms, bool:1
20260909-08:46.17-662325(us) 2421505 ! run             (bench.cc:718):     runtime_plus:0
[SHUTDOWN] Setting running=false to stop database worker threads
[SHUTDOWN] Calling first stop() to stop client transports
20260909-08:46.17-662401(us) 2421505 * PrintStats      (srpc_rpc_backend.cc:686): SrpcRpcBackend request stats: msg_size_req_sent: 0 bytes, counter: 0, avg: 0.000000
20260909-08:46.17-662482(us) 2421505 * PrintStats      (srpc_rpc_backend.cc:686): SrpcRpcBackend request stats: msg_size_req_sent: 0 bytes, counter: 0, avg: 0.000000
20260909-08:46.17-662555(us) 2421505 ! stop            (bench.cc:514):     stop all rpc clients. set stop=false
20260909-08:46.17-662576(us) 2421505 * Stop            (srpc_rpc_backend.cc:593): SrpcRpcBackend::Stop: BEGIN - Setting stop flag
20260909-08:46.17-662592(us) 2421505 * Stop            (srpc_rpc_backend.cc:596): SrpcRpcBackend::Stop: Waiting for event loop to exit...
20260909-08:46.17-662607(us) 2421505 * Stop            (srpc_rpc_backend.cc:612): SrpcRpcBackend::Stop: Event loop exited successfully
20260909-08:46.17-662623(us) 2421505 * Stop            (srpc_rpc_backend.cc:616): SrpcRpcBackend::Stop: Signaling 0 request queues to stop
20260909-08:46.17-662641(us) 2421505 * Stop            (srpc_rpc_backend.cc:624): SrpcRpcBackend::Stop: Signaling 0 response queues to stop
20260909-08:46.17-662654(us) 2421505 * Stop            (srpc_rpc_backend.cc:635): SrpcRpcBackend::Stop: Server cleanup deferred to destructor
20260909-08:46.17-662671(us) 2421505 * Stop            (srpc_rpc_backend.cc:638): SrpcRpcBackend::Stop: Closing client connections
20260909-08:46.17-662689(us) 2421505 * PrintStats      (srpc_rpc_backend.cc:686): SrpcRpcBackend request stats: msg_size_req_sent: 0 bytes, counter: 0, avg: 0.000000
20260909-08:46.17-662732(us) 2421505 * PrintStats      (srpc_rpc_backend.cc:686): SrpcRpcBackend request stats: msg_size_req_sent: 0 bytes, counter: 0, avg: 0.000000
20260909-08:46.17-662804(us) 2421505 * PrintStats      (srpc_rpc_backend.cc:686): SrpcRpcBackend request stats: msg_size_req_sent: 0 bytes, counter: 0, avg: 0.000000
20260909-08:46.17-662876(us) 2421505 * PrintStats      (srpc_rpc_backend.cc:686): SrpcRpcBackend request stats: msg_size_req_sent: 0 bytes, counter: 0, avg: 0.000000
20260909-08:46.17-662923(us) 2421505 * PrintStats      (srpc_rpc_backend.cc:686): SrpcRpcBackend request stats: msg_size_req_sent: 0 bytes, counter: 0, avg: 0.000000
20260909-08:46.17-662960(us) 2421505 * PrintStats      (srpc_rpc_backend.cc:686): SrpcRpcBackend request stats: msg_size_req_sent: 0 bytes, counter: 0, avg: 0.000000
20260909-08:46.17-663012(us) 2421505 * PrintStats      (srpc_rpc_backend.cc:686): SrpcRpcBackend request stats: msg_size_req_sent: 0 bytes, counter: 0, avg: 0.000000
20260909-08:46.17-663067(us) 2421505 * PrintStats      (srpc_rpc_backend.cc:686): SrpcRpcBackend request stats: msg_size_req_sent: 0 bytes, counter: 0, avg: 0.000000
20260909-08:46.17-663116(us) 2421505 * PrintStats      (srpc_rpc_backend.cc:686): SrpcRpcBackend request stats: msg_size_req_sent: 0 bytes, counter: 0, avg: 0.000000
20260909-08:46.17-663161(us) 2421505 * PrintStats      (srpc_rpc_backend.cc:686): SrpcRpcBackend request stats: msg_size_req_sent: 0 bytes, counter: 0, avg: 0.000000
20260909-08:46.17-663209(us) 2421505 * PrintStats      (srpc_rpc_backend.cc:686): SrpcRpcBackend request stats: msg_size_req_sent: 0 bytes, counter: 0, avg: 0.000000
20260909-08:46.17-663256(us) 2421505 * PrintStats      (srpc_rpc_backend.cc:686): SrpcRpcBackend request stats: msg_size_req_sent: 0 bytes, counter: 0, avg: 0.000000
20260909-08:46.17-663306(us) 2421505 * PrintStats      (srpc_rpc_backend.cc:686): SrpcRpcBackend request stats: msg_size_req_sent: 0 bytes, counter: 0, avg: 0.000000
20260909-08:46.17-663354(us) 2421505 * Stop            (srpc_rpc_backend.cc:642): SrpcRpcBackend::Stop: Found 0 client connections to close
20260909-08:46.17-663375(us) 2421505 * Stop            (srpc_rpc_backend.cc:662): SrpcRpcBackend::Stop: Closed 0 client connections
20260909-08:46.17-663390(us) 2421505 * Stop            (srpc_rpc_backend.cc:675): SrpcRpcBackend stats: msg_size_resp_sent: 0 bytes, counter: 0, avg: 0.000000
20260909-08:46.17-663406(us) 2421505 * Stop            (srpc_rpc_backend.cc:676): SrpcRpcBackend::Stop: END
20260909-08:46.17-663423(us) 2421505 * Stop            (srpc_rpc_backend.cc:593): SrpcRpcBackend::Stop: BEGIN - Setting stop flag
20260909-08:46.17-663442(us) 2421505 * Stop            (srpc_rpc_backend.cc:596): SrpcRpcBackend::Stop: Waiting for event loop to exit...
20260909-08:46.17-663458(us) 2421505 * Stop            (srpc_rpc_backend.cc:612): SrpcRpcBackend::Stop: Event loop exited successfully
20260909-08:46.17-663477(us) 2421505 * Stop            (srpc_rpc_backend.cc:616): SrpcRpcBackend::Stop: Signaling 0 request queues to stop
20260909-08:46.17-663493(us) 2421505 * Stop            (srpc_rpc_backend.cc:624): SrpcRpcBackend::Stop: Signaling 0 response queues to stop
20260909-08:46.17-663509(us) 2421505 * Stop            (srpc_rpc_backend.cc:635): SrpcRpcBackend::Stop: Server cleanup deferred to destructor
20260909-08:46.17-663525(us) 2421505 * Stop            (srpc_rpc_backend.cc:638): SrpcRpcBackend::Stop: Closing client connections
20260909-08:46.17-663539(us) 2421505 * Stop            (srpc_rpc_backend.cc:642): SrpcRpcBackend::Stop: Found 0 client connections to close
20260909-08:46.17-663556(us) 2421505 * Stop            (srpc_rpc_backend.cc:662): SrpcRpcBackend::Stop: Closed 0 client connections
20260909-08:46.17-663571(us) 2421505 * Stop            (srpc_rpc_backend.cc:675): SrpcRpcBackend stats: msg_size_resp_sent: 0 bytes, counter: 0, avg: 0.000000
20260909-08:46.17-663587(us) 2421505 * Stop            (srpc_rpc_backend.cc:676): SrpcRpcBackend::Stop: END
20260909-08:46.17-663604(us) 2421505 * Stop            (srpc_rpc_backend.cc:593): SrpcRpcBackend::Stop: BEGIN - Setting stop flag
20260909-08:46.17-663620(us) 2421505 * Stop            (srpc_rpc_backend.cc:596): SrpcRpcBackend::Stop: Waiting for event loop to exit...
20260909-08:46.17-663636(us) 2421505 * Stop            (srpc_rpc_backend.cc:612): SrpcRpcBackend::Stop: Event loop exited successfully
20260909-08:46.17-663652(us) 2421505 * Stop            (srpc_rpc_backend.cc:616): SrpcRpcBackend::Stop: Signaling 0 request queues to stop
20260909-08:46.17-663668(us) 2421505 * Stop            (srpc_rpc_backend.cc:624): SrpcRpcBackend::Stop: Signaling 0 response queues to stop
20260909-08:46.17-663684(us) 2421505 * Stop            (srpc_rpc_backend.cc:635): SrpcRpcBackend::Stop: Server cleanup deferred to destructor
20260909-08:46.17-663699(us) 2421505 * Stop            (srpc_rpc_backend.cc:638): SrpcRpcBackend::Stop: Closing client connections
20260909-08:46.17-663715(us) 2421505 * Stop            (srpc_rpc_backend.cc:642): SrpcRpcBackend::Stop: Found 0 client connections to close
20260909-08:46.17-663731(us) 2421505 * Stop            (srpc_rpc_backend.cc:662): SrpcRpcBackend::Stop: Closed 0 client connections
20260909-08:46.17-663747(us) 2421505 * Stop            (srpc_rpc_backend.cc:675): SrpcRpcBackend stats: msg_size_resp_sent: 0 bytes, counter: 0, avg: 0.000000
20260909-08:46.17-663764(us) 2421505 * Stop            (srpc_rpc_backend.cc:676): SrpcRpcBackend::Stop: END
20260909-08:46.17-663781(us) 2421505 * Stop            (srpc_rpc_backend.cc:593): SrpcRpcBackend::Stop: BEGIN - Setting stop flag
20260909-08:46.17-663797(us) 2421505 * Stop            (srpc_rpc_backend.cc:596): SrpcRpcBackend::Stop: Waiting for event loop to exit...
20260909-08:46.17-663816(us) 2421505 * Stop            (srpc_rpc_backend.cc:612): SrpcRpcBackend::Stop: Event loop exited successfully
20260909-08:46.17-663839(us) 2421505 * Stop            (srpc_rpc_backend.cc:616): SrpcRpcBackend::Stop: Signaling 0 request queues to stop
20260909-08:46.17-663859(us) 2421505 * Stop            (srpc_rpc_backend.cc:624): SrpcRpcBackend::Stop: Signaling 0 response queues to stop
20260909-08:46.17-663875(us) 2421505 * Stop            (srpc_rpc_backend.cc:635): SrpcRpcBackend::Stop: Server cleanup deferred to destructor
20260909-08:46.17-663891(us) 2421505 * Stop            (srpc_rpc_backend.cc:638): SrpcRpcBackend::Stop: Closing client connections
20260909-08:46.17-663906(us) 2421505 * Stop            (srpc_rpc_backend.cc:642): SrpcRpcBackend::Stop: Found 0 client connections to close
20260909-08:46.17-663922(us) 2421505 * Stop            (srpc_rpc_backend.cc:662): SrpcRpcBackend::Stop: Closed 0 client connections
20260909-08:46.17-663937(us) 2421505 * Stop            (srpc_rpc_backend.cc:675): SrpcRpcBackend stats: msg_size_resp_sent: 0 bytes, counter: 0, avg: 0.000000
20260909-08:46.17-663956(us) 2421505 * Stop            (srpc_rpc_backend.cc:676): SrpcRpcBackend::Stop: END
20260909-08:46.17-663973(us) 2421505 * Stop            (srpc_rpc_backend.cc:593): SrpcRpcBackend::Stop: BEGIN - Setting stop flag
20260909-08:46.17-663989(us) 2421505 * Stop            (srpc_rpc_backend.cc:596): SrpcRpcBackend::Stop: Waiting for event loop to exit...
20260909-08:46.17-664004(us) 2421505 * Stop            (srpc_rpc_backend.cc:612): SrpcRpcBackend::Stop: Event loop exited successfully
20260909-08:46.17-664020(us) 2421505 * Stop            (srpc_rpc_backend.cc:616): SrpcRpcBackend::Stop: Signaling 0 request queues to stop
20260909-08:46.17-664036(us) 2421505 * Stop            (srpc_rpc_backend.cc:624): SrpcRpcBackend::Stop: Signaling 0 response queues to stop
20260909-08:46.17-664052(us) 2421505 * Stop            (srpc_rpc_backend.cc:635): SrpcRpcBackend::Stop: Server cleanup deferred to destructor
20260909-08:46.17-664068(us) 2421505 * Stop            (srpc_rpc_backend.cc:638): SrpcRpcBackend::Stop: Closing client connections
20260909-08:46.17-664084(us) 2421505 * Stop            (srpc_rpc_backend.cc:642): SrpcRpcBackend::Stop: Found 0 client connections to close
20260909-08:46.17-664100(us) 2421505 * Stop            (srpc_rpc_backend.cc:662): SrpcRpcBackend::Stop: Closed 0 client connections
20260909-08:46.17-664116(us) 2421505 * Stop            (srpc_rpc_backend.cc:675): SrpcRpcBackend stats: msg_size_resp_sent: 0 bytes, counter: 0, avg: 0.000000
20260909-08:46.17-664132(us) 2421505 * Stop            (srpc_rpc_backend.cc:676): SrpcRpcBackend::Stop: END
20260909-08:46.17-664148(us) 2421505 * Stop            (srpc_rpc_backend.cc:593): SrpcRpcBackend::Stop: BEGIN - Setting stop flag
20260909-08:46.17-664164(us) 2421505 * Stop            (srpc_rpc_backend.cc:596): SrpcRpcBackend::Stop: Waiting for event loop to exit...
20260909-08:46.17-664180(us) 2421505 * Stop            (srpc_rpc_backend.cc:612): SrpcRpcBackend::Stop: Event loop exited successfully
20260909-08:46.17-664195(us) 2421505 * Stop            (srpc_rpc_backend.cc:616): SrpcRpcBackend::Stop: Signaling 0 request queues to stop
20260909-08:46.17-664211(us) 2421505 * Stop            (srpc_rpc_backend.cc:624): SrpcRpcBackend::Stop: Signaling 0 response queues to stop
20260909-08:46.17-664226(us) 2421505 * Stop            (srpc_rpc_backend.cc:635): SrpcRpcBackend::Stop: Server cleanup deferred to destructor
20260909-08:46.17-664242(us) 2421505 * Stop            (srpc_rpc_backend.cc:638): SrpcRpcBackend::Stop: Closing client connections
20260909-08:46.17-664258(us) 2421505 * Stop            (srpc_rpc_backend.cc:642): SrpcRpcBackend::Stop: Found 0 client connections to close
20260909-08:46.17-664274(us) 2421505 * Stop            (srpc_rpc_backend.cc:662): SrpcRpcBackend::Stop: Closed 0 client connections
20260909-08:46.17-664290(us) 2421505 * Stop            (srpc_rpc_backend.cc:675): SrpcRpcBackend stats: msg_size_resp_sent: 0 bytes, counter: 0, avg: 0.000000
20260909-08:46.17-664306(us) 2421505 * Stop            (srpc_rpc_backend.cc:676): SrpcRpcBackend::Stop: END
20260909-08:46.17-664324(us) 2421505 * Stop            (srpc_rpc_backend.cc:593): SrpcRpcBackend::Stop: BEGIN - Setting stop flag
20260909-08:46.17-664340(us) 2421505 * Stop            (srpc_rpc_backend.cc:596): SrpcRpcBackend::Stop: Waiting for event loop to exit...
20260909-08:46.17-664357(us) 2421505 * Stop            (srpc_rpc_backend.cc:612): SrpcRpcBackend::Stop: Event loop exited successfully
20260909-08:46.17-664371(us) 2421505 * Stop            (srpc_rpc_backend.cc:616): SrpcRpcBackend::Stop: Signaling 0 request queues to stop
20260909-08:46.17-664385(us) 2421505 * Stop            (srpc_rpc_backend.cc:624): SrpcRpcBackend::Stop: Signaling 0 response queues to stop
20260909-08:46.17-664406(us) 2421505 * Stop            (srpc_rpc_backend.cc:635): SrpcRpcBackend::Stop: Server cleanup deferred to destructor
20260909-08:46.17-664423(us) 2421505 * Stop            (srpc_rpc_backend.cc:638): SrpcRpcBackend::Stop: Closing client connections
20260909-08:46.17-664439(us) 2421505 * Stop            (srpc_rpc_backend.cc:642): SrpcRpcBackend::Stop: Found 0 client connections to close
20260909-08:46.17-664454(us) 2421505 * Stop            (srpc_rpc_backend.cc:662): SrpcRpcBackend::Stop: Closed 0 client connections
20260909-08:46.17-664470(us) 2421505 * Stop            (srpc_rpc_backend.cc:675): SrpcRpcBackend stats: msg_size_resp_sent: 0 bytes, counter: 0, avg: 0.000000
20260909-08:46.17-664487(us) 2421505 * Stop            (srpc_rpc_backend.cc:676): SrpcRpcBackend::Stop: END
20260909-08:46.17-664503(us) 2421505 * Stop            (srpc_rpc_backend.cc:593): SrpcRpcBackend::Stop: BEGIN - Setting stop flag
20260909-08:46.17-664520(us) 2421505 * Stop            (srpc_rpc_backend.cc:596): SrpcRpcBackend::Stop: Waiting for event loop to exit...
20260909-08:46.17-664535(us) 2421505 * Stop            (srpc_rpc_backend.cc:612): SrpcRpcBackend::Stop: Event loop exited successfully
20260909-08:46.17-664551(us) 2421505 * Stop            (srpc_rpc_backend.cc:616): SrpcRpcBackend::Stop: Signaling 0 request queues to stop
20260909-08:46.17-664567(us) 2421505 * Stop            (srpc_rpc_backend.cc:624): SrpcRpcBackend::Stop: Signaling 0 response queues to stop
20260909-08:46.17-664586(us) 2421505 * Stop            (srpc_rpc_backend.cc:635): SrpcRpcBackend::Stop: Server cleanup deferred to destructor
20260909-08:46.17-664603(us) 2421505 * Stop            (srpc_rpc_backend.cc:638): SrpcRpcBackend::Stop: Closing client connections
20260909-08:46.17-664619(us) 2421505 * Stop            (srpc_rpc_backend.cc:642): SrpcRpcBackend::Stop: Found 0 client connections to close
20260909-08:46.17-664635(us) 2421505 * Stop            (srpc_rpc_backend.cc:662): SrpcRpcBackend::Stop: Closed 0 client connections
20260909-08:46.17-664651(us) 2421505 * Stop            (srpc_rpc_backend.cc:675): SrpcRpcBackend stats: msg_size_resp_sent: 0 bytes, counter: 0, avg: 0.000000
20260909-08:46.17-664667(us) 2421505 * Stop            (srpc_rpc_backend.cc:676): SrpcRpcBackend::Stop: END
20260909-08:46.17-664684(us) 2421505 * Stop            (srpc_rpc_backend.cc:593): SrpcRpcBackend::Stop: BEGIN - Setting stop flag
20260909-08:46.17-664699(us) 2421505 * Stop            (srpc_rpc_backend.cc:596): SrpcRpcBackend::Stop: Waiting for event loop to exit...
20260909-08:46.17-664716(us) 2421505 * Stop            (srpc_rpc_backend.cc:612): SrpcRpcBackend::Stop: Event loop exited successfully
20260909-08:46.17-664732(us) 2421505 * Stop            (srpc_rpc_backend.cc:616): SrpcRpcBackend::Stop: Signaling 0 request queues to stop
20260909-08:46.17-664747(us) 2421505 * Stop            (srpc_rpc_backend.cc:624): SrpcRpcBackend::Stop: Signaling 0 response queues to stop
20260909-08:46.17-664763(us) 2421505 * Stop            (srpc_rpc_backend.cc:635): SrpcRpcBackend::Stop: Server cleanup deferred to destructor
20260909-08:46.17-664779(us) 2421505 * Stop            (srpc_rpc_backend.cc:638): SrpcRpcBackend::Stop: Closing client connections
20260909-08:46.17-664795(us) 2421505 * Stop            (srpc_rpc_backend.cc:642): SrpcRpcBackend::Stop: Found 0 client connections to close
20260909-08:46.17-664811(us) 2421505 * Stop            (srpc_rpc_backend.cc:662): SrpcRpcBackend::Stop: Closed 0 client connections
20260909-08:46.17-664826(us) 2421505 * Stop            (srpc_rpc_backend.cc:675): SrpcRpcBackend stats: msg_size_resp_sent: 0 bytes, counter: 0, avg: 0.000000
20260909-08:46.17-664849(us) 2421505 * Stop            (srpc_rpc_backend.cc:676): SrpcRpcBackend::Stop: END
20260909-08:46.17-664866(us) 2421505 * Stop            (srpc_rpc_backend.cc:593): SrpcRpcBackend::Stop: BEGIN - Setting stop flag
20260909-08:46.17-664882(us) 2421505 * Stop            (srpc_rpc_backend.cc:596): SrpcRpcBackend::Stop: Waiting for event loop to exit...
20260909-08:46.17-664898(us) 2421505 * Stop            (srpc_rpc_backend.cc:612): SrpcRpcBackend::Stop: Event loop exited successfully
20260909-08:46.17-664914(us) 2421505 * Stop            (srpc_rpc_backend.cc:616): SrpcRpcBackend::Stop: Signaling 0 request queues to stop
20260909-08:46.17-664930(us) 2421505 * Stop            (srpc_rpc_backend.cc:624): SrpcRpcBackend::Stop: Signaling 0 response queues to stop
20260909-08:46.17-664945(us) 2421505 * Stop            (srpc_rpc_backend.cc:635): SrpcRpcBackend::Stop: Server cleanup deferred to destructor
20260909-08:46.17-664961(us) 2421505 * Stop            (srpc_rpc_backend.cc:638): SrpcRpcBackend::Stop: Closing client connections
20260909-08:46.17-664977(us) 2421505 * Stop            (srpc_rpc_backend.cc:642): SrpcRpcBackend::Stop: Found 0 client connections to close
20260909-08:46.17-664993(us) 2421505 * Stop            (srpc_rpc_backend.cc:662): SrpcRpcBackend::Stop: Closed 0 client connections
20260909-08:46.17-665008(us) 2421505 * Stop            (srpc_rpc_backend.cc:675): SrpcRpcBackend stats: msg_size_resp_sent: 0 bytes, counter: 0, avg: 0.000000
20260909-08:46.17-665025(us) 2421505 * Stop            (srpc_rpc_backend.cc:676): SrpcRpcBackend::Stop: END
20260909-08:46.17-665041(us) 2421505 * Stop            (srpc_rpc_backend.cc:593): SrpcRpcBackend::Stop: BEGIN - Setting stop flag
20260909-08:46.17-665057(us) 2421505 * Stop            (srpc_rpc_backend.cc:596): SrpcRpcBackend::Stop: Waiting for event loop to exit...
20260909-08:46.17-665072(us) 2421505 * Stop            (srpc_rpc_backend.cc:612): SrpcRpcBackend::Stop: Event loop exited successfully
20260909-08:46.17-665088(us) 2421505 * Stop            (srpc_rpc_backend.cc:616): SrpcRpcBackend::Stop: Signaling 0 request queues to stop
20260909-08:46.17-665104(us) 2421505 * Stop            (srpc_rpc_backend.cc:624): SrpcRpcBackend::Stop: Signaling 0 response queues to stop
20260909-08:46.17-665120(us) 2421505 * Stop            (srpc_rpc_backend.cc:635): SrpcRpcBackend::Stop: Server cleanup deferred to destructor
20260909-08:46.17-665135(us) 2421505 * Stop            (srpc_rpc_backend.cc:638): SrpcRpcBackend::Stop: Closing client connections
20260909-08:46.17-665151(us) 2421505 * Stop            (srpc_rpc_backend.cc:642): SrpcRpcBackend::Stop: Found 0 client connections to close
20260909-08:46.17-665167(us) 2421505 * Stop            (srpc_rpc_backend.cc:662): SrpcRpcBackend::Stop: Closed 0 client connections
20260909-08:46.17-665183(us) 2421505 * Stop            (srpc_rpc_backend.cc:675): SrpcRpcBackend stats: msg_size_resp_sent: 0 bytes, counter: 0, avg: 0.000000
20260909-08:46.17-665199(us) 2421505 * Stop            (srpc_rpc_backend.cc:676): SrpcRpcBackend::Stop: END
20260909-08:46.17-665216(us) 2421505 * Stop            (srpc_rpc_backend.cc:593): SrpcRpcBackend::Stop: BEGIN - Setting stop flag
20260909-08:46.17-665232(us) 2421505 * Stop            (srpc_rpc_backend.cc:596): SrpcRpcBackend::Stop: Waiting for event loop to exit...
20260909-08:46.17-665247(us) 2421505 * Stop            (srpc_rpc_backend.cc:612): SrpcRpcBackend::Stop: Event loop exited successfully
20260909-08:46.17-665263(us) 2421505 * Stop            (srpc_rpc_backend.cc:616): SrpcRpcBackend::Stop: Signaling 0 request queues to stop
20260909-08:46.17-665279(us) 2421505 * Stop            (srpc_rpc_backend.cc:624): SrpcRpcBackend::Stop: Signaling 0 response queues to stop
20260909-08:46.17-665298(us) 2421505 * Stop            (srpc_rpc_backend.cc:635): SrpcRpcBackend::Stop: Server cleanup deferred to destructor
20260909-08:46.17-665314(us) 2421505 * Stop            (srpc_rpc_backend.cc:638): SrpcRpcBackend::Stop: Closing client connections
20260909-08:46.17-665330(us) 2421505 * Stop            (srpc_rpc_backend.cc:642): SrpcRpcBackend::Stop: Found 0 client connections to close
20260909-08:46.17-665346(us) 2421505 * Stop            (srpc_rpc_backend.cc:662): SrpcRpcBackend::Stop: Closed 0 client connections
20260909-08:46.17-665362(us) 2421505 * Stop            (srpc_rpc_backend.cc:675): SrpcRpcBackend stats: msg_size_resp_sent: 0 bytes, counter: 0, avg: 0.000000
20260909-08:46.17-665378(us) 2421505 * Stop            (srpc_rpc_backend.cc:676): SrpcRpcBackend::Stop: END
20260909-08:46.17-665395(us) 2421505 * Stop            (srpc_rpc_backend.cc:593): SrpcRpcBackend::Stop: BEGIN - Setting stop flag
20260909-08:46.17-665410(us) 2421505 * Stop            (srpc_rpc_backend.cc:596): SrpcRpcBackend::Stop: Waiting for event loop to exit...
20260909-08:46.17-665426(us) 2421505 * Stop            (srpc_rpc_backend.cc:612): SrpcRpcBackend::Stop: Event loop exited successfully
20260909-08:46.17-665443(us) 2421505 * Stop            (srpc_rpc_backend.cc:616): SrpcRpcBackend::Stop: Signaling 0 request queues to stop
20260909-08:46.17-665457(us) 2421505 * Stop            (srpc_rpc_backend.cc:624): SrpcRpcBackend::Stop: Signaling 0 response queues to stop
20260909-08:46.17-665471(us) 2421505 * Stop            (srpc_rpc_backend.cc:635): SrpcRpcBackend::Stop: Server cleanup deferred to destructor
20260909-08:46.17-665489(us) 2421505 * Stop            (srpc_rpc_backend.cc:638): SrpcRpcBackend::Stop: Closing client connections
20260909-08:46.17-665506(us) 2421505 * Stop            (srpc_rpc_backend.cc:642): SrpcRpcBackend::Stop: Found 0 client connections to close
20260909-08:46.17-665522(us) 2421505 * Stop            (srpc_rpc_backend.cc:662): SrpcRpcBackend::Stop: Closed 0 client connections
20260909-08:46.17-665538(us) 2421505 * Stop            (srpc_rpc_backend.cc:675): SrpcRpcBackend stats: msg_size_resp_sent: 0 bytes, counter: 0, avg: 0.000000
20260909-08:46.17-665554(us) 2421505 * Stop            (srpc_rpc_backend.cc:676): SrpcRpcBackend::Stop: END
20260909-08:46.17-665571(us) 2421505 * Stop            (srpc_rpc_backend.cc:593): SrpcRpcBackend::Stop: BEGIN - Setting stop flag
20260909-08:46.17-665587(us) 2421505 * Stop            (srpc_rpc_backend.cc:596): SrpcRpcBackend::Stop: Waiting for event loop to exit...
20260909-08:46.17-665604(us) 2421505 * Stop            (srpc_rpc_backend.cc:612): SrpcRpcBackend::Stop: Event loop exited successfully
20260909-08:46.17-665620(us) 2421505 * Stop            (srpc_rpc_backend.cc:616): SrpcRpcBackend::Stop: Signaling 0 request queues to stop
20260909-08:46.17-665635(us) 2421505 * Stop            (srpc_rpc_backend.cc:624): SrpcRpcBackend::Stop: Signaling 0 response queues to stop
20260909-08:46.17-665651(us) 2421505 * Stop            (srpc_rpc_backend.cc:635): SrpcRpcBackend::Stop: Server cleanup deferred to destructor
20260909-08:46.17-665668(us) 2421505 * Stop            (srpc_rpc_backend.cc:638): SrpcRpcBackend::Stop: Closing client connections
20260909-08:46.17-665681(us) 2421505 * Stop            (srpc_rpc_backend.cc:642): SrpcRpcBackend::Stop: Found 0 client connections to close
20260909-08:46.17-665698(us) 2421505 * Stop            (srpc_rpc_backend.cc:662): SrpcRpcBackend::Stop: Closed 0 client connections
20260909-08:46.17-665713(us) 2421505 * Stop            (srpc_rpc_backend.cc:675): SrpcRpcBackend stats: msg_size_resp_sent: 0 bytes, counter: 0, avg: 0.000000
20260909-08:46.17-665733(us) 2421505 * Stop            (srpc_rpc_backend.cc:676): SrpcRpcBackend::Stop: END
20260909-08:46.17-665750(us) 2421505 * Stop            (srpc_rpc_backend.cc:593): SrpcRpcBackend::Stop: BEGIN - Setting stop flag
20260909-08:46.17-665766(us) 2421505 * Stop            (srpc_rpc_backend.cc:596): SrpcRpcBackend::Stop: Waiting for event loop to exit...
20260909-08:46.17-665786(us) 2421505 * Stop            (srpc_rpc_backend.cc:612): SrpcRpcBackend::Stop: Event loop exited successfully
20260909-08:46.17-665802(us) 2421505 * Stop            (srpc_rpc_backend.cc:616): SrpcRpcBackend::Stop: Signaling 0 request queues to stop
20260909-08:46.17-665817(us) 2421505 * Stop            (srpc_rpc_backend.cc:624): SrpcRpcBackend::Stop: Signaling 0 response queues to stop
20260909-08:46.17-665838(us) 2421505 * Stop            (srpc_rpc_backend.cc:635): SrpcRpcBackend::Stop: Server cleanup deferred to destructor
20260909-08:46.17-665858(us) 2421505 * Stop            (srpc_rpc_backend.cc:638): SrpcRpcBackend::Stop: Closing client connections
20260909-08:46.17-665876(us) 2421505 * Stop            (srpc_rpc_backend.cc:642): SrpcRpcBackend::Stop: Found 0 client connections to close
20260909-08:46.17-665892(us) 2421505 * Stop            (srpc_rpc_backend.cc:662): SrpcRpcBackend::Stop: Closed 0 client connections
20260909-08:46.17-665908(us) 2421505 * Stop            (srpc_rpc_backend.cc:675): SrpcRpcBackend stats: msg_size_resp_sent: 0 bytes, counter: 0, avg: 0.000000
20260909-08:46.17-665924(us) 2421505 * Stop            (srpc_rpc_backend.cc:676): SrpcRpcBackend::Stop: END
20260909-08:46.17-665942(us) 2421505 * Stop            (srpc_rpc_backend.cc:593): SrpcRpcBackend::Stop: BEGIN - Setting stop flag
20260909-08:46.17-665958(us) 2421505 * Stop            (srpc_rpc_backend.cc:596): SrpcRpcBackend::Stop: Waiting for event loop to exit...
20260909-08:46.17-665974(us) 2421505 * Stop            (srpc_rpc_backend.cc:612): SrpcRpcBackend::Stop: Event loop exited successfully
20260909-08:46.17-665990(us) 2421505 * Stop            (srpc_rpc_backend.cc:616): SrpcRpcBackend::Stop: Signaling 0 request queues to stop
20260909-08:46.17-666006(us) 2421505 * Stop            (srpc_rpc_backend.cc:624): SrpcRpcBackend::Stop: Signaling 0 response queues to stop
20260909-08:46.17-666021(us) 2421505 * Stop            (srpc_rpc_backend.cc:635): SrpcRpcBackend::Stop: Server cleanup deferred to destructor
20260909-08:46.17-666037(us) 2421505 * Stop            (srpc_rpc_backend.cc:638): SrpcRpcBackend::Stop: Closing client connections
20260909-08:46.17-666053(us) 2421505 * Stop            (srpc_rpc_backend.cc:642): SrpcRpcBackend::Stop: Found 0 client connections to close
20260909-08:46.17-666069(us) 2421505 * Stop            (srpc_rpc_backend.cc:662): SrpcRpcBackend::Stop: Closed 0 client connections
20260909-08:46.17-666085(us) 2421505 * Stop            (srpc_rpc_backend.cc:675): SrpcRpcBackend stats: msg_size_resp_sent: 0 bytes, counter: 0, avg: 0.000000
20260909-08:46.17-666100(us) 2421505 * Stop            (srpc_rpc_backend.cc:676): SrpcRpcBackend::Stop: END
[SHUTDOWN] First stop() completed
[SHUTDOWN] Joining 16 worker threads20260909-08:46.17-666122(us) 2421505 * PrintStats      (srpc_rpc_backend.cc:686): SrpcRpcBackend request stats: msg_size_req_sent: 0 bytes, counter: 0, avg: 0.000000

[SHUTDOWN] Joining worker 0
20260909-08:46.18-662603(us) 2421505 * Stop            (srpc_rpc_backend.cc:589): SrpcRpcBackend::Stop: Already stopped, returning
20260909-08:46.18-662646(us) 2421505 * Shutdown        (srpc_rpc_backend.cc:112): SrpcRpcBackend::Shutdown: About to delete server
20260909-08:46.18-662670(us) 2421505 * Shutdown        (srpc_rpc_backend.cc:116): SrpcRpcBackend::Shutdown: Server pointer is valid, deleting...
20260909-08:46.18-662712(us) 2421505 * Stop            (srpc_rpc_backend.cc:589): SrpcRpcBackend::Stop: Already stopped, returning
20260909-08:46.18-662751(us) 2421505 * Shutdown        (srpc_rpc_backend.cc:112): SrpcRpcBackend::Shutdown: About to delete server
20260909-08:46.18-662770(us) 2421505 * Shutdown        (srpc_rpc_backend.cc:116): SrpcRpcBackend::Shutdown: Server pointer is valid, deleting...
20260909-08:46.18-662794(us) 2421505 * Shutdown        (srpc_rpc_backend.cc:120): SrpcRpcBackend::Shutdown: Server deleted successfully
20260909-08:46.18-662811(us) 2421505 * Shutdown        (srpc_rpc_backend.cc:132): SrpcRpcBackend::Shutdown: About to shutdown poll_thread_worker_
20260909-08:46.18-662857(us) 2421505 * Shutdown        (srpc_rpc_backend.cc:120): SrpcRpcBackend::Shutdown: Server deleted successfully
20260909-08:46.18-662884(us) 2421505 * Shutdown        (srpc_rpc_backend.cc:132): SrpcRpcBackend::Shutdown: About to shutdown poll_thread_worker_
20260909-08:46.18-662904(us) 2421505 * Shutdown        (srpc_rpc_backend.cc:136): SrpcRpcBackend::Shutdown: poll_thread_worker_ is valid, calling shutdown()
20260909-08:46.18-662939(us) 2421505 * Shutdown        (srpc_rpc_backend.cc:136): SrpcRpcBackend::Shutdown: poll_thread_worker_ is valid, calling shutdown()
20260909-08:46.18-662976(us) 2421505 * Stop            (srpc_rpc_backend.cc:589): SrpcRpcBackend::Stop: Already stopped, returning
20260909-08:46.18-663037(us) 2421505 * Shutdown        (srpc_rpc_backend.cc:112): SrpcRpcBackend::Shutdown: About to delete server
20260909-08:46.18-663067(us) 2421505 * Shutdown        (srpc_rpc_backend.cc:116): SrpcRpcBackend::Shutdown: Server pointer is valid, deleting...
20260909-08:46.18-663097(us) 2421505 * Stop            (srpc_rpc_backend.cc:589): SrpcRpcBackend::Stop: Already stopped, returning
20260909-08:46.18-663132(us) 2421505 * Shutdown        (srpc_rpc_backend.cc:112): SrpcRpcBackend::Shutdown: About to delete server
20260909-08:46.18-663150(us) 2421505 * Shutdown        (srpc_rpc_backend.cc:116): SrpcRpcBackend::Shutdown: Server pointer is valid, deleting...
20260909-08:46.18-663172(us) 2421505 * Shutdown        (srpc_rpc_backend.cc:120): SrpcRpcBackend::Shutdown: Server deleted successfully
20260909-08:46.18-663190(us) 2421505 * Shutdown        (srpc_rpc_backend.cc:132): SrpcRpcBackend::Shutdown: About to shutdown poll_thread_worker_
20260909-08:46.18-663204(us) 2421505 * Shutdown        (srpc_rpc_backend.cc:136): SrpcRpcBackend::Shutdown: poll_thread_worker_ is valid, calling shutdown()
20260909-08:46.18-663238(us) 2421505 * Stop            (srpc_rpc_backend.cc:589): SrpcRpcBackend::Stop: Already stopped, returning
20260909-08:46.18-663277(us) 2421505 * Stop            (srpc_rpc_backend.cc:589): SrpcRpcBackend::Stop: Already stopped, returning
20260909-08:46.18-663304(us) 2421505 * Shutdown        (srpc_rpc_backend.cc:112): SrpcRpcBackend::Shutdown: About to delete server
20260909-08:46.18-663327(us) 2421505 * Shutdown        (srpc_rpc_backend.cc:116): SrpcRpcBackend::Shutdown: Server pointer is valid, deleting...
20260909-08:46.18-663350(us) 2421505 * Shutdown        (srpc_rpc_backend.cc:120): SrpcRpcBackend::Shutdown: Server deleted successfully
20260909-08:46.18-663378(us) 2421505 * Shutdown        (srpc_rpc_backend.cc:132): SrpcRpcBackend::Shutdown: About to shutdown poll_thread_worker_
20260909-08:46.18-663403(us) 2421505 * Shutdown        (srpc_rpc_backend.cc:136): SrpcRpcBackend::Shutdown: poll_thread_worker_ is valid, calling shutdown()
20260909-08:46.18-663441(us) 2421505 * Stop            (srpc_rpc_backend.cc:589): SrpcRpcBackend::Stop: Already stopped, returning
20260909-08:46.18-663463(us) 2421505 * Shutdown        (srpc_rpc_backend.cc:112): SrpcRpcBackend::Shutdown: About to delete server
20260909-08:46.18-663479(us) 2421505 * Shutdown        (srpc_rpc_backend.cc:116): SrpcRpcBackend::Shutdown: Server pointer is valid, deleting...
20260909-08:46.18-663494(us) 2421505 * Stop            (srpc_rpc_backend.cc:589): SrpcRpcBackend::Stop: Already stopped, returning
20260909-08:46.18-663536(us) 2421505 * Shutdown        (srpc_rpc_backend.cc:112): SrpcRpcBackend::Shutdown: About to delete server
20260909-08:46.18-663552(us) 2421505 * Shutdown        (srpc_rpc_backend.cc:116): SrpcRpcBackend::Shutdown: Server pointer is valid, deleting...
20260909-08:46.18-663571(us) 2421505 * Shutdown        (srpc_rpc_backend.cc:112): SrpcRpcBackend::Shutdown: About to delete server
20260909-08:46.18-663609(us) 2421505 * Shutdown        (srpc_rpc_backend.cc:116): SrpcRpcBackend::Shutdown: Server pointer is valid, deleting...
20260909-08:46.18-663639(us) 2421505 * Shutdown        (srpc_rpc_backend.cc:120): SrpcRpcBackend::Shutdown: Server deleted successfully
20260909-08:46.18-663659(us) 2421505 * Shutdown        (srpc_rpc_backend.cc:132): SrpcRpcBackend::Shutdown: About to shutdown poll_thread_worker_
20260909-08:46.18-663676(us) 2421505 * Shutdown        (srpc_rpc_backend.cc:136): SrpcRpcBackend::Shutdown: poll_thread_worker_ is valid, calling shutdown()
20260909-08:46.18-663710(us) 2421505 * Stop            (srpc_rpc_backend.cc:589): SrpcRpcBackend::Stop: Already stopped, returning
20260909-08:46.18-663747(us) 2421505 * Shutdown        (srpc_rpc_backend.cc:112): SrpcRpcBackend::Shutdown: About to delete server
20260909-08:46.18-663764(us) 2421505 * Shutdown        (srpc_rpc_backend.cc:116): SrpcRpcBackend::Shutdown: Server pointer is valid, deleting...
20260909-08:46.18-663780(us) 2421505 * Stop            (srpc_rpc_backend.cc:589): SrpcRpcBackend::Stop: Already stopped, returning
20260909-08:46.18-663820(us) 2421505 * Shutdown        (srpc_rpc_backend.cc:112): SrpcRpcBackend::Shutdown: About to delete server
20260909-08:46.18-663872(us) 2421505 * Shutdown        (srpc_rpc_backend.cc:116): SrpcRpcBackend::Shutdown: Server pointer is valid, deleting...
20260909-08:46.18-663894(us) 2421505 * Shutdown        (srpc_rpc_backend.cc:120): SrpcRpcBackend::Shutdown: Server deleted successfully
20260909-08:46.18-663916(us) 2421505 * Shutdown        (srpc_rpc_backend.cc:132): SrpcRpcBackend::Shutdown: About to shutdown poll_thread_worker_
20260909-08:46.18-663935(us) 2421505 * Shutdown        (srpc_rpc_backend.cc:136): SrpcRpcBackend::Shutdown: poll_thread_worker_ is valid, calling shutdown()
20260909-08:46.18-663958(us) 2421505 * Shutdown        (srpc_rpc_backend.cc:120): SrpcRpcBackend::Shutdown: Server deleted successfully
20260909-08:46.18-664005(us) 2421505 * Shutdown        (srpc_rpc_backend.cc:132): SrpcRpcBackend::Shutdown: About to shutdown poll_thread_worker_
20260909-08:46.18-664020(us) 2421505 * Shutdown        (srpc_rpc_backend.cc:136): SrpcRpcBackend::Shutdown: poll_thread_worker_ is valid, calling shutdown()
20260909-08:46.18-664038(us) 2421505 * Stop            (srpc_rpc_backend.cc:589): SrpcRpcBackend::Stop: Already stopped, returning
20260909-08:46.18-664076(us) 2421505 * Shutdown        (srpc_rpc_backend.cc:112): SrpcRpcBackend::Shutdown: About to delete server
20260909-08:46.18-664093(us) 2421505 * Shutdown        (srpc_rpc_backend.cc:116): SrpcRpcBackend::Shutdown: Server pointer is valid, deleting...
20260909-08:46.18-664115(us) 2421505 * Shutdown        (srpc_rpc_backend.cc:120): SrpcRpcBackend::Shutdown: Server deleted successfully
20260909-08:46.18-664133(us) 2421505 * Shutdown        (srpc_rpc_backend.cc:132): SrpcRpcBackend::Shutdown: About to shutdown poll_thread_worker_
20260909-08:46.18-664147(us) 2421505 * Shutdown        (srpc_rpc_backend.cc:136): SrpcRpcBackend::Shutdown: poll_thread_worker_ is valid, calling shutdown()
20260909-08:46.18-664165(us) 2421505 * Stop            (srpc_rpc_backend.cc:589): SrpcRpcBackend::Stop: Already stopped, returning
20260909-08:46.18-664201(us) 2421505 * Shutdown        (srpc_rpc_backend.cc:112): SrpcRpcBackend::Shutdown: About to delete server
20260909-08:46.18-664224(us) 2421505 * Shutdown        (srpc_rpc_backend.cc:116): SrpcRpcBackend::Shutdown: Server pointer is valid, deleting...
20260909-08:46.18-664249(us) 2421505 * Shutdown        (srpc_rpc_backend.cc:120): SrpcRpcBackend::Shutdown: Server deleted successfully
20260909-08:46.18-664270(us) 2421505 * Shutdown        (srpc_rpc_backend.cc:132): SrpcRpcBackend::Shutdown: About to shutdown poll_thread_worker_
20260909-08:46.18-664290(us) 2421505 * Shutdown        (srpc_rpc_backend.cc:136): SrpcRpcBackend::Shutdown: poll_thread_worker_ is valid, calling shutdown()
20260909-08:46.18-664323(us) 2421505 * Stop            (srpc_rpc_backend.cc:589): SrpcRpcBackend::Stop: Already stopped, returning
20260909-08:46.18-664362(us) 2421505 * Shutdown        (srpc_rpc_backend.cc:112): SrpcRpcBackend::Shutdown: About to delete server
20260909-08:46.18-664379(us) 2421505 * Shutdown        (srpc_rpc_backend.cc:116): SrpcRpcBackend::Shutdown: Server pointer is valid, deleting...
20260909-08:46.18-664401(us) 2421505 * Shutdown        (srpc_rpc_backend.cc:120): SrpcRpcBackend::Shutdown: Server deleted successfully
20260909-08:46.18-664421(us) 2421505 * Shutdown        (srpc_rpc_backend.cc:132): SrpcRpcBackend::Shutdown: About to shutdown poll_thread_worker_
20260909-08:46.18-664436(us) 2421505 * Shutdown        (srpc_rpc_backend.cc:136): SrpcRpcBackend::Shutdown: poll_thread_worker_ is valid, calling shutdown()
20260909-08:46.18-664453(us) 2421505 * Shutdown        (srpc_rpc_backend.cc:138): SrpcRpcBackend::Shutdown: poll_thread_worker_->shutdown() completed
20260909-08:46.18-664489(us) 2421505 * Shutdown        (srpc_rpc_backend.cc:138): SrpcRpcBackend::Shutdown: poll_thread_worker_->shutdown() completed
20260909-08:46.18-664521(us) 2421505 * Shutdown        (srpc_rpc_backend.cc:120): SrpcRpcBackend::Shutdown: Server deleted successfully
20260909-08:46.18-664558(us) 2421505 * Shutdown        (srpc_rpc_backend.cc:140): SrpcRpcBackend::Shutdown: poll_thread_worker_ reset to None
20260909-08:46.18-664583(us) 2421505 * Shutdown        (srpc_rpc_backend.cc:145): SrpcRpcBackend::Shutdown: Shutdown sequence completed, destructor will now exit
20260909-08:46.18-664597(us) 2421505 * ~SrpcRpcBackend (srpc_rpc_backend.cc:52): SrpcRpcBackend::~SrpcRpcBackend: START destructor
20260909-08:46.18-664615(us) 2421505 * Stop            (srpc_rpc_backend.cc:589): SrpcRpcBackend::Stop: Already stopped, returning
20260909-08:46.18-664633(us) 2421505 * Shutdown        (srpc_rpc_backend.cc:120): SrpcRpcBackend::Shutdown: Server deleted successfully
20260909-08:46.18-664676(us) 2421505 * Shutdown        (srpc_rpc_backend.cc:132): SrpcRpcBackend::Shutdown: About to shutdown poll_thread_worker_
20260909-08:46.18-664696(us) 2421505 * Shutdown        (srpc_rpc_backend.cc:136): SrpcRpcBackend::Shutdown: poll_thread_worker_ is valid, calling shutdown()
20260909-08:46.18-664745(us) 2421505 * Shutdown        (srpc_rpc_backend.cc:120): SrpcRpcBackend::Shutdown: Server deleted successfully
20260909-08:46.18-664778(us) 2421505 * Shutdown        (srpc_rpc_backend.cc:132): SrpcRpcBackend::Shutdown: About to shutdown poll_thread_worker_
20260909-08:46.18-664793(us) 2421505 * Shutdown        (srpc_rpc_backend.cc:136): SrpcRpcBackend::Shutdown: poll_thread_worker_ is valid, calling shutdown()
20260909-08:46.18-664818(us) 2421505 * Stop            (srpc_rpc_backend.cc:589): SrpcRpcBackend::Stop: Already stopped, returning
20260909-08:46.18-664916(us) 2421505 * Shutdown        (srpc_rpc_backend.cc:112): SrpcRpcBackend::Shutdown: About to delete server
20260909-08:46.18-664941(us) 2421505 * Shutdown        (srpc_rpc_backend.cc:116): SrpcRpcBackend::Shutdown: Server pointer is valid, deleting...
20260909-08:46.18-664972(us) 2421505 * Shutdown        (srpc_rpc_backend.cc:120): SrpcRpcBackend::Shutdown: Server deleted successfully
20260909-08:46.18-664998(us) 2421505 * Shutdown        (srpc_rpc_backend.cc:132): SrpcRpcBackend::Shutdown: About to shutdown poll_thread_worker_
20260909-08:46.18-665028(us) 2421505 * Shutdown        (srpc_rpc_backend.cc:136): SrpcRpcBackend::Shutdown: poll_thread_worker_ is valid, calling shutdown()
20260909-08:46.18-665076(us) 2421505 * Shutdown        (srpc_rpc_backend.cc:112): SrpcRpcBackend::Shutdown: About to delete server
20260909-08:46.18-665125(us) 2421505 * Shutdown        (srpc_rpc_backend.cc:129): SrpcRpcBackend::Shutdown: Server pointer is null, skipping deletion
20260909-08:46.18-665153(us) 2421505 * Shutdown        (srpc_rpc_backend.cc:132): SrpcRpcBackend::Shutdown: About to shutdown poll_thread_worker_
20260909-08:46.18-665177(us) 2421505 * Shutdown        (srpc_rpc_backend.cc:142): SrpcRpcBackend::Shutdown: poll_thread_worker_ is null, skipping shutdown
20260909-08:46.18-665194(us) 2421505 * Shutdown        (srpc_rpc_backend.cc:145): SrpcRpcBackend::Shutdown: Shutdown sequence completed, destructor will now exit
20260909-08:46.18-665219(us) 2421505 * ~SrpcRpcBackend (srpc_rpc_backend.cc:54): SrpcRpcBackend::~SrpcRpcBackend: Shutdown() completed
20260909-08:46.18-665252(us) 2421505 * Shutdown        (srpc_rpc_backend.cc:132): SrpcRpcBackend::Shutdown: About to shutdown poll_thread_worker_
20260909-08:46.18-665294(us) 2421505 * Shutdown        (srpc_rpc_backend.cc:136): SrpcRpcBackend::Shutdown: poll_thread_worker_ is valid, calling shutdown()
20260909-08:46.18-665327(us) 2421505 * Shutdown        (srpc_rpc_backend.cc:138): SrpcRpcBackend::Shutdown: poll_thread_worker_->shutdown() completed
20260909-08:46.18-665408(us) 2421505 * Shutdown        (srpc_rpc_backend.cc:140): SrpcRpcBackend::Shutdown: poll_thread_worker_ reset to None
20260909-08:46.18-665454(us) 2421505 * Shutdown        (srpc_rpc_backend.cc:145): SrpcRpcBackend::Shutdown: Shutdown sequence completed, destructor will now exit
20260909-08:46.18-665482(us) 2421505 * ~SrpcRpcBackend (srpc_rpc_backend.cc:52): SrpcRpcBackend::~SrpcRpcBackend: START destructor
20260909-08:46.18-665506(us) 2421505 * Stop            (srpc_rpc_backend.cc:589): SrpcRpcBackend::Stop: Already stopped, returning
20260909-08:46.18-665532(us) 2421505 * Shutdown        (srpc_rpc_backend.cc:112): SrpcRpcBackend::Shutdown: About to delete server
20260909-08:46.18-665553(us) 2421505 * Shutdown        (srpc_rpc_backend.cc:129): SrpcRpcBackend::Shutdown: Server pointer is null, skipping deletion
20260909-08:46.18-665577(us) 2421505 * Shutdown        (srpc_rpc_backend.cc:132): SrpcRpcBackend::Shutdown: About to shutdown poll_thread_worker_
20260909-08:46.18-665598(us) 2421505 * Shutdown        (srpc_rpc_backend.cc:142): SrpcRpcBackend::Shutdown: poll_thread_worker_ is null, skipping shutdown
20260909-08:46.18-665620(us) 2421505 * Shutdown        (srpc_rpc_backend.cc:145): SrpcRpcBackend::Shutdown: Shutdown sequence completed, destructor will now exit
20260909-08:46.18-665639(us) 2421505 * ~SrpcRpcBackend (srpc_rpc_backend.cc:54): SrpcRpcBackend::~SrpcRpcBackend: Shutdown() completed
20260909-08:46.18-665671(us) 2421505 * Shutdown        (srpc_rpc_backend.cc:138): SrpcRpcBackend::Shutdown: poll_thread_worker_->shutdown() completed
20260909-08:46.18-665728(us) 2421505 * Shutdown        (srpc_rpc_backend.cc:138): SrpcRpcBackend::Shutdown: poll_thread_worker_->shutdown() completed
20260909-08:46.18-665779(us) 2421505 * Shutdown        (srpc_rpc_backend.cc:138): SrpcRpcBackend::Shutdown: poll_thread_worker_->shutdown() completed
20260909-08:46.18-665827(us) 2421505 * Shutdown        (srpc_rpc_backend.cc:140): SrpcRpcBackend::Shutdown: poll_thread_worker_ reset to None
20260909-08:46.18-665875(us) 2421505 * Shutdown        (srpc_rpc_backend.cc:145): SrpcRpcBackend::Shutdown: Shutdown sequence completed, destructor will now exit
20260909-08:46.18-665904(us) 2421505 * ~SrpcRpcBackend (srpc_rpc_backend.cc:52): SrpcRpcBackend::~SrpcRpcBackend: START destructor
20260909-08:46.18-665928(us) 2421505 * Stop            (srpc_rpc_backend.cc:589): SrpcRpcBackend::Stop: Already stopped, returning
20260909-08:46.18-665955(us) 2421505 * Shutdown        (srpc_rpc_backend.cc:112): SrpcRpcBackend::Shutdown: About to delete server
20260909-08:46.18-665988(us) 2421505 * Shutdown        (srpc_rpc_backend.cc:129): SrpcRpcBackend::Shutdown: Server pointer is null, skipping deletion
20260909-08:46.18-666010(us) 2421505 * Shutdown        (srpc_rpc_backend.cc:132): SrpcRpcBackend::Shutdown: About to shutdown poll_thread_worker_
20260909-08:46.18-666030(us) 2421505 * Shutdown        (srpc_rpc_backend.cc:138): SrpcRpcBackend::Shutdown: poll_thread_worker_->shutdown() completed
20260909-08:46.18-666065(us) 2421505 * Shutdown        (srpc_rpc_backend.cc:140): SrpcRpcBackend::Shutdown: poll_thread_worker_ reset to None
20260909-08:46.18-666092(us) 2421505 * Shutdown        (srpc_rpc_backend.cc:145): SrpcRpcBackend::Shutdown: Shutdown sequence completed, destructor will now exit
20260909-08:46.18-666113(us) 2421505 * Shutdown        (srpc_rpc_backend.cc:138): SrpcRpcBackend::Shutdown: poll_thread_worker_->shutdown() completed
20260909-08:46.18-666151(us) 2421505 * Shutdown        (srpc_rpc_backend.cc:138): SrpcRpcBackend::Shutdown: poll_thread_worker_->shutdown() completed
20260909-08:46.18-666189(us) 2421505 * Stop            (srpc_rpc_backend.cc:589): SrpcRpcBackend::Stop: Already stopped, returning
20260909-08:46.18-666216(us) 2421505 * Shutdown        (srpc_rpc_backend.cc:112): SrpcRpcBackend::Shutdown: About to delete server
20260909-08:46.18-666236(us) 2421505 * Shutdown        (srpc_rpc_backend.cc:140): SrpcRpcBackend::Shutdown: poll_thread_worker_ reset to None
20260909-08:46.18-666256(us) 2421505 * Shutdown        (srpc_rpc_backend.cc:145): SrpcRpcBackend::Shutdown: Shutdown sequence completed, destructor will now exit
20260909-08:46.18-666275(us) 2421505 * ~SrpcRpcBackend (srpc_rpc_backend.cc:52): SrpcRpcBackend::~SrpcRpcBackend: START destructor
20260909-08:46.18-666294(us) 2421505 * Stop            (srpc_rpc_backend.cc:589): SrpcRpcBackend::Stop: Already stopped, returning
20260909-08:46.18-666313(us) 2421505 * Shutdown        (srpc_rpc_backend.cc:112): SrpcRpcBackend::Shutdown: About to delete server
20260909-08:46.18-666333(us) 2421505 * Shutdown        (srpc_rpc_backend.cc:129): SrpcRpcBackend::Shutdown: Server pointer is null, skipping deletion
20260909-08:46.18-666350(us) 2421505 * Shutdown        (srpc_rpc_backend.cc:132): SrpcRpcBackend::Shutdown: About to shutdown poll_thread_worker_
20260909-08:46.18-666367(us) 2421505 * Shutdown        (srpc_rpc_backend.cc:142): SrpcRpcBackend::Shutdown: poll_thread_worker_ is null, skipping shutdown
20260909-08:46.18-666386(us) 2421505 * Shutdown        (srpc_rpc_backend.cc:145): SrpcRpcBackend::Shutdown: Shutdown sequence completed, destructor will now exit
20260909-08:46.18-666417(us) 2421505 * ~SrpcRpcBackend (srpc_rpc_backend.cc:54): SrpcRpcBackend::~SrpcRpcBackend: Shutdown() completed
20260909-08:46.18-666447(us) 2421505 * Shutdown        (srpc_rpc_backend.cc:138): SrpcRpcBackend::Shutdown: poll_thread_worker_->shutdown() completed
20260909-08:46.18-666492(us) 2421505 * Shutdown        (srpc_rpc_backend.cc:140): SrpcRpcBackend::Shutdown: poll_thread_worker_ reset to None
20260909-08:46.18-666514(us) 2421505 * Shutdown        (srpc_rpc_backend.cc:145): SrpcRpcBackend::Shutdown: Shutdown sequence completed, destructor will now exit
20260909-08:46.18-666539(us) 2421505 * Shutdown        (srpc_rpc_backend.cc:140): SrpcRpcBackend::Shutdown: poll_thread_worker_ reset to None
20260909-08:46.18-666563(us) 2421505 * Shutdown        (srpc_rpc_backend.cc:145): SrpcRpcBackend::Shutdown: Shutdown sequence completed, destructor will now exit
20260909-08:46.18-666585(us) 2421505 * ~SrpcRpcBackend (srpc_rpc_backend.cc:52): SrpcRpcBackend::~SrpcRpcBackend: START destructor
20260909-08:46.18-666613(us) 2421505 * Stop            (srpc_rpc_backend.cc:589): SrpcRpcBackend::Stop: Already stopped, returning
20260909-08:46.18-666633(us) 2421505 * Shutdown        (srpc_rpc_backend.cc:112): SrpcRpcBackend::Shutdown: About to delete server
20260909-08:46.18-666663(us) 2421505 * Shutdown        (srpc_rpc_backend.cc:129): SrpcRpcBackend::Shutdown: Server pointer is null, skipping deletion
20260909-08:46.18-666688(us) 2421505 * Shutdown        (srpc_rpc_backend.cc:132): SrpcRpcBackend::Shutdown: About to shutdown poll_thread_worker_
20260909-08:46.18-666709(us) 2421505 * Shutdown        (srpc_rpc_backend.cc:142): SrpcRpcBackend::Shutdown: poll_thread_worker_ is null, skipping shutdown
20260909-08:46.18-666740(us) 2421505 * Shutdown        (srpc_rpc_backend.cc:145): SrpcRpcBackend::Shutdown: Shutdown sequence completed, destructor will now exit
20260909-08:46.18-666764(us) 2421505 * ~SrpcRpcBackend (srpc_rpc_backend.cc:54): SrpcRpcBackend::~SrpcRpcBackend: Shutdown() completed
20260909-08:46.18-666796(us) 2421505 * Shutdown        (srpc_rpc_backend.cc:140): SrpcRpcBackend::Shutdown: poll_thread_worker_ reset to None
20260909-08:46.18-666828(us) 2421505 * Shutdown        (srpc_rpc_backend.cc:145): SrpcRpcBackend::Shutdown: Shutdown sequence completed, destructor will now exit
20260909-08:46.18-666860(us) 2421505 * ~SrpcRpcBackend (srpc_rpc_backend.cc:52): SrpcRpcBackend::~SrpcRpcBackend: START destructor
20260909-08:46.18-666878(us) 2421505 * Stop            (srpc_rpc_backend.cc:589): SrpcRpcBackend::Stop: Already stopped, returning
20260909-08:46.18-666897(us) 2421505 * Shutdown        (srpc_rpc_backend.cc:112): SrpcRpcBackend::Shutdown: About to delete server
20260909-08:46.18-666927(us) 2421505 * Shutdown        (srpc_rpc_backend.cc:129): SrpcRpcBackend::Shutdown: Server pointer is null, skipping deletion
20260909-08:46.18-666946(us) 2421505 * Shutdown        (srpc_rpc_backend.cc:132): SrpcRpcBackend::Shutdown: About to shutdown poll_thread_worker_
20260909-08:46.18-666972(us) 2421505 * Shutdown        (srpc_rpc_backend.cc:142): SrpcRpcBackend::Shutdown: poll_thread_worker_ is null, skipping shutdown
20260909-08:46.18-666991(us) 2421505 * Shutdown        (srpc_rpc_backend.cc:138): SrpcRpcBackend::Shutdown: poll_thread_worker_->shutdown() completed
20260909-08:46.18-667042(us) 2421505 * Shutdown        (srpc_rpc_backend.cc:138): SrpcRpcBackend::Shutdown: poll_thread_worker_->shutdown() completed
20260909-08:46.18-667070(us) 2421505 * Shutdown        (srpc_rpc_backend.cc:140): SrpcRpcBackend::Shutdown: poll_thread_worker_ reset to None
20260909-08:46.18-667107(us) 2421505 * Shutdown        (srpc_rpc_backend.cc:145): SrpcRpcBackend::Shutdown: Shutdown sequence completed, destructor will now exit
20260909-08:46.18-667138(us) 2421505 * ~SrpcRpcBackend (srpc_rpc_backend.cc:52): SrpcRpcBackend::~SrpcRpcBackend: START destructor
20260909-08:46.18-667162(us) 2421505 * Stop            (srpc_rpc_backend.cc:589): SrpcRpcBackend::Stop: Already stopped, returning
20260909-08:46.18-667192(us) 2421505 * Shutdown        (srpc_rpc_backend.cc:112): SrpcRpcBackend::Shutdown: About to delete server
20260909-08:46.18-667217(us) 2421505 * Shutdown        (srpc_rpc_backend.cc:129): SrpcRpcBackend::Shutdown: Server pointer is null, skipping deletion
20260909-08:46.18-667239(us) 2421505 * Shutdown        (srpc_rpc_backend.cc:132): SrpcRpcBackend::Shutdown: About to shutdown poll_thread_worker_
20260909-08:46.18-667259(us) 2421505 * Shutdown        (srpc_rpc_backend.cc:142): SrpcRpcBackend::Shutdown: poll_thread_worker_ is null, skipping shutdown
20260909-08:46.18-667281(us) 2421505 * Shutdown        (srpc_rpc_backend.cc:145): SrpcRpcBackend::Shutdown: Shutdown sequence completed, destructor will now exit
20260909-08:46.18-667302(us) 2421505 * ~SrpcRpcBackend (srpc_rpc_backend.cc:54): SrpcRpcBackend::~SrpcRpcBackend: Shutdown() completed
20260909-08:46.18-667331(us) 2421505 * Shutdown        (srpc_rpc_backend.cc:138): SrpcRpcBackend::Shutdown: poll_thread_worker_->shutdown() completed
20260909-08:46.18-667361(us) 2421505 * Shutdown        (srpc_rpc_backend.cc:140): SrpcRpcBackend::Shutdown: poll_thread_worker_ reset to None
20260909-08:46.18-667392(us) 2421505 * Shutdown        (srpc_rpc_backend.cc:145): SrpcRpcBackend::Shutdown: Shutdown sequence completed, destructor will now exit
20260909-08:46.18-667417(us) 2421505 * ~SrpcRpcBackend (srpc_rpc_backend.cc:52): SrpcRpcBackend::~SrpcRpcBackend: START destructor
20260909-08:46.18-667440(us) 2421505 * Stop            (srpc_rpc_backend.cc:589): SrpcRpcBackend::Stop: Already stopped, returning
20260909-08:46.18-667464(us) 2421505 * Shutdown        (srpc_rpc_backend.cc:112): SrpcRpcBackend::Shutdown: About to delete server
20260909-08:46.18-667486(us) 2421505 * Shutdown        (srpc_rpc_backend.cc:129): SrpcRpcBackend::Shutdown: Server pointer is null, skipping deletion
20260909-08:46.18-667511(us) 2421505 * Shutdown        (srpc_rpc_backend.cc:132): SrpcRpcBackend::Shutdown: About to shutdown poll_thread_worker_
20260909-08:46.18-667538(us) 2421505 * Shutdown        (srpc_rpc_backend.cc:142): SrpcRpcBackend::Shutdown: poll_thread_worker_ is null, skipping shutdown
20260909-08:46.18-667566(us) 2421505 * Shutdown        (srpc_rpc_backend.cc:145): SrpcRpcBackend::Shutdown: Shutdown sequence completed, destructor will now exit
20260909-08:46.18-667590(us) 2421505 * ~SrpcRpcBackend (srpc_rpc_backend.cc:54): SrpcRpcBackend::~SrpcRpcBackend: Shutdown() completed
20260909-08:46.18-667623(us) 2421505 * Stop            (srpc_rpc_backend.cc:589): SrpcRpcBackend::Stop: Already stopped, returning
20260909-08:46.18-667655(us) 2421505 * Shutdown        (srpc_rpc_backend.cc:112): SrpcRpcBackend::Shutdown: About to delete server
20260909-08:46.18-667674(us) 2421505 * Shutdown        (srpc_rpc_backend.cc:116): SrpcRpcBackend::Shutdown: Server pointer is valid, deleting...
20260909-08:46.18-667693(us) 2421505 * Shutdown        (srpc_rpc_backend.cc:120): SrpcRpcBackend::Shutdown: Server deleted successfully
20260909-08:46.18-667708(us) 2421505 * Shutdown        (srpc_rpc_backend.cc:132): SrpcRpcBackend::Shutdown: About to shutdown poll_thread_worker_
20260909-08:46.18-667727(us) 2421505 * Shutdown        (srpc_rpc_backend.cc:136): SrpcRpcBackend::Shutdown: poll_thread_worker_ is valid, calling shutdown()
20260909-08:46.18-667753(us) 2421505 * Shutdown        (srpc_rpc_backend.cc:140): SrpcRpcBackend::Shutdown: poll_thread_worker_ reset to None
20260909-08:46.18-667791(us) 2421505 * Shutdown        (srpc_rpc_backend.cc:145): SrpcRpcBackend::Shutdown: Shutdown sequence completed, destructor will now exit
20260909-08:46.18-667819(us) 2421505 * ~SrpcRpcBackend (srpc_rpc_backend.cc:52): SrpcRpcBackend::~SrpcRpcBackend: START destructor
20260909-08:46.18-667854(us) 2421505 * Stop            (srpc_rpc_backend.cc:589): SrpcRpcBackend::Stop: Already stopped, returning
20260909-08:46.18-667882(us) 2421505 * Shutdown        (srpc_rpc_backend.cc:112): SrpcRpcBackend::Shutdown: About to delete server
20260909-08:46.18-667904(us) 2421505 * Shutdown        (srpc_rpc_backend.cc:129): SrpcRpcBackend::Shutdown: Server pointer is null, skipping deletion
20260909-08:46.18-667928(us) 2421505 * Shutdown        (srpc_rpc_backend.cc:132): SrpcRpcBackend::Shutdown: About to shutdown poll_thread_worker_
20260909-08:46.18-667951(us) 2421505 * Shutdown        (srpc_rpc_backend.cc:142): SrpcRpcBackend::Shutdown: poll_thread_worker_ is null, skipping shutdown
20260909-08:46.18-667972(us) 2421505 * Shutdown        (srpc_rpc_backend.cc:145): SrpcRpcBackend::Shutdown: Shutdown sequence completed, destructor will now exit
20260909-08:46.18-667992(us) 2421505 * Shutdown        (srpc_rpc_backend.cc:142): SrpcRpcBackend::Shutdown: poll_thread_worker_ is null, skipping shutdown
20260909-08:46.18-668040(us) 2421505 * Shutdown        (srpc_rpc_backend.cc:145): SrpcRpcBackend::Shutdown: Shutdown sequence completed, destructor will now exit
20260909-08:46.18-668062(us) 2421505 * ~SrpcRpcBackend (srpc_rpc_backend.cc:54): SrpcRpcBackend::~SrpcRpcBackend: Shutdown() completed
20260909-08:46.18-668094(us) 2421505 * Shutdown        (srpc_rpc_backend.cc:138): SrpcRpcBackend::Shutdown: poll_thread_worker_->shutdown() completed
20260909-08:46.18-668144(us) 2421505 * Shutdown        (srpc_rpc_backend.cc:145): SrpcRpcBackend::Shutdown: Shutdown sequence completed, destructor will now exit
20260909-08:46.18-668184(us) 2421505 * Shutdown        (srpc_rpc_backend.cc:140): SrpcRpcBackend::Shutdown: poll_thread_worker_ reset to None
20260909-08:46.18-668216(us) 2421505 * Shutdown        (srpc_rpc_backend.cc:145): SrpcRpcBackend::Shutdown: Shutdown sequence completed, destructor will now exit
20260909-08:46.18-668245(us) 2421505 * ~SrpcRpcBackend (srpc_rpc_backend.cc:52): SrpcRpcBackend::~SrpcRpcBackend: START destructor
20260909-08:46.18-668273(us) 2421505 * Stop            (srpc_rpc_backend.cc:589): SrpcRpcBackend::Stop: Already stopped, returning
20260909-08:46.18-668300(us) 2421505 * Shutdown        (srpc_rpc_backend.cc:112): SrpcRpcBackend::Shutdown: About to delete server
20260909-08:46.18-668322(us) 2421505 * Shutdown        (srpc_rpc_backend.cc:129): SrpcRpcBackend::Shutdown: Server pointer is null, skipping deletion
20260909-08:46.18-668346(us) 2421505 * Shutdown        (srpc_rpc_backend.cc:132): SrpcRpcBackend::Shutdown: About to shutdown poll_thread_worker_
20260909-08:46.18-668367(us) 2421505 * Shutdown        (srpc_rpc_backend.cc:142): SrpcRpcBackend::Shutdown: poll_thread_worker_ is null, skipping shutdown
20260909-08:46.18-668392(us) 2421505 * Shutdown        (srpc_rpc_backend.cc:145): SrpcRpcBackend::Shutdown: Shutdown sequence completed, destructor will now exit
20260909-08:46.18-668416(us) 2421505 * ~SrpcRpcBackend (srpc_rpc_backend.cc:54): SrpcRpcBackend::~SrpcRpcBackend: Shutdown() completed
20260909-08:46.18-668446(us) 2421505 * Shutdown        (srpc_rpc_backend.cc:116): SrpcRpcBackend::Shutdown: Server pointer is valid, deleting...
20260909-08:46.18-668481(us) 2421505 * Shutdown        (srpc_rpc_backend.cc:120): SrpcRpcBackend::Shutdown: Server deleted successfully
20260909-08:46.18-668503(us) 2421505 * Shutdown        (srpc_rpc_backend.cc:132): SrpcRpcBackend::Shutdown: About to shutdown poll_thread_worker_
20260909-08:46.18-668522(us) 2421505 * Shutdown        (srpc_rpc_backend.cc:136): SrpcRpcBackend::Shutdown: poll_thread_worker_ is valid, calling shutdown()
20260909-08:46.18-668549(us) 2421505 * ~SrpcRpcBackend (srpc_rpc_backend.cc:52): SrpcRpcBackend::~SrpcRpcBackend: START destructor
20260909-08:46.18-668579(us) 2421505 * Stop            (srpc_rpc_backend.cc:589): SrpcRpcBackend::Stop: Already stopped, returning
20260909-08:46.18-668601(us) 2421505 * Shutdown        (srpc_rpc_backend.cc:112): SrpcRpcBackend::Shutdown: About to delete server
20260909-08:46.18-668624(us) 2421505 * Shutdown        (srpc_rpc_backend.cc:129): SrpcRpcBackend::Shutdown: Server pointer is null, skipping deletion
20260909-08:46.18-668651(us) 2421505 * Shutdown        (srpc_rpc_backend.cc:132): SrpcRpcBackend::Shutdown: About to shutdown poll_thread_worker_
20260909-08:46.18-668673(us) 2421505 * Shutdown        (srpc_rpc_backend.cc:142): SrpcRpcBackend::Shutdown: poll_thread_worker_ is null, skipping shutdown
20260909-08:46.18-668694(us) 2421505 * Shutdown        (srpc_rpc_backend.cc:145): SrpcRpcBackend::Shutdown: Shutdown sequence completed, destructor will now exit
20260909-08:46.18-668716(us) 2421505 * ~SrpcRpcBackend (srpc_rpc_backend.cc:54): SrpcRpcBackend::~SrpcRpcBackend: Shutdown() completed
20260909-08:46.18-668751(us) 2421505 * Shutdown        (srpc_rpc_backend.cc:140): SrpcRpcBackend::Shutdown: poll_thread_worker_ reset to None
20260909-08:46.18-668780(us) 2421505 * Shutdown        (srpc_rpc_backend.cc:145): SrpcRpcBackend::Shutdown: Shutdown sequence completed, destructor will now exit
20260909-08:46.18-668805(us) 2421505 * ~SrpcRpcBackend (srpc_rpc_backend.cc:52): SrpcRpcBackend::~SrpcRpcBackend: START destructor
20260909-08:46.18-668837(us) 2421505 * Stop            (srpc_rpc_backend.cc:589): SrpcRpcBackend::Stop: Already stopped, returning
20260909-08:46.18-668864(us) 2421505 * Shutdown        (srpc_rpc_backend.cc:112): SrpcRpcBackend::Shutdown: About to delete server
20260909-08:46.18-668885(us) 2421505 * Shutdown        (srpc_rpc_backend.cc:129): SrpcRpcBackend::Shutdown: Server pointer is null, skipping deletion
20260909-08:46.18-668908(us) 2421505 * Shutdown        (srpc_rpc_backend.cc:132): SrpcRpcBackend::Shutdown: About to shutdown poll_thread_worker_
20260909-08:46.18-668930(us) 2421505 * Shutdown        (srpc_rpc_backend.cc:142): SrpcRpcBackend::Shutdown: poll_thread_worker_ is null, skipping shutdown
20260909-08:46.18-668953(us) 2421505 * Shutdown        (srpc_rpc_backend.cc:145): SrpcRpcBackend::Shutdown: Shutdown sequence completed, destructor will now exit
20260909-08:46.18-668978(us) 2421505 * ~SrpcRpcBackend (srpc_rpc_backend.cc:54): SrpcRpcBackend::~SrpcRpcBackend: Shutdown() completed
20260909-08:46.18-669014(us) 2421505 * ~SrpcRpcBackend (srpc_rpc_backend.cc:54): SrpcRpcBackend::~SrpcRpcBackend: Shutdown() completed
20260909-08:46.18-669058(us) 2421505 * Shutdown        (srpc_rpc_backend.cc:140): SrpcRpcBackend::Shutdown: poll_thread_worker_ reset to None
20260909-08:46.18-669080(us) 2421505 * Shutdown        (srpc_rpc_backend.cc:145): SrpcRpcBackend::Shutdown: Shutdown sequence completed, destructor will now exit
20260909-08:46.18-669100(us) 2421505 * ~SrpcRpcBackend (srpc_rpc_backend.cc:52): SrpcRpcBackend::~SrpcRpcBackend: START destructor
20260909-08:46.18-669121(us) 2421505 * Stop            (srpc_rpc_backend.cc:589): SrpcRpcBackend::Stop: Already stopped, returning
[SHUTDOWN] Worker 0 joined20260909-08:46.18-669149(us) 2421505 * Shutdown        (srpc_rpc_backend.cc:112): SrpcRpcBackend::Shutdown: About to delete server

[SHUTDOWN] Joining worker 1
20260909-08:46.18-669196(us) 2421505 * Shutdown        (srpc_rpc_backend.cc:129): SrpcRpcBackend::Shutdown: Server pointer is null, skipping deletion
20260909-08:46.18-669230(us) 2421505 * Shutdown        (srpc_rpc_backend.cc:132): SrpcRpcBackend::Shutdown: About to shutdown poll_thread_worker_
20260909-08:46.18-669253(us) 2421505 * Shutdown        (srpc_rpc_backend.cc:142): SrpcRpcBackend::Shutdown: poll_thread_worker_ is null, skipping shutdown
20260909-08:46.18-669276(us) 2421505 * Shutdown        (srpc_rpc_backend.cc:145): SrpcRpcBackend::Shutdown: Shutdown sequence completed, destructor will now exit
20260909-08:46.18-669297(us) 2421505 * ~SrpcRpcBackend (srpc_rpc_backend.cc:54): SrpcRpcBackend::~SrpcRpcBackend: Shutdown() completed
20260909-08:46.18-669326(us) 2421505 * ~SrpcRpcBackend (srpc_rpc_backend.cc:52): SrpcRpcBackend::~SrpcRpcBackend: START destructor
20260909-08:46.18-669352(us) 2421505 * Stop            (srpc_rpc_backend.cc:589): SrpcRpcBackend::Stop: Already stopped, returning
20260909-08:46.18-669373(us) 2421505 * Shutdown        (srpc_rpc_backend.cc:112): SrpcRpcBackend::Shutdown: About to delete server
20260909-08:46.18-669397(us) 2421505 * Shutdown        (srpc_rpc_backend.cc:129): SrpcRpcBackend::Shutdown: Server pointer is null, skipping deletion
20260909-08:46.18-669418(us) 2421505 * Shutdown        (srpc_rpc_backend.cc:132): SrpcRpcBackend::Shutdown: About to shutdown poll_thread_worker_
20260909-08:46.18-669438(us) 2421505 * Shutdown        (srpc_rpc_backend.cc:142): SrpcRpcBackend::Shutdown: poll_thread_worker_ is null, skipping shutdown
20260909-08:46.18-669465(us) 2421505 * Shutdown        (srpc_rpc_backend.cc:145): SrpcRpcBackend::Shutdown: Shutdown sequence completed, destructor will now exit
[SHUTDOWN] Worker 1 joined
[SHUTDOWN] Joining worker 2
20260909-08:46.18-669488(us) 2421505 * ~SrpcRpcBackend (srpc_rpc_backend.cc:54): SrpcRpcBackend::~SrpcRpcBackend: Shutdown() completed
20260909-08:46.18-669549(us) 2421505 * ~SrpcRpcBackend (srpc_rpc_backend.cc:54): SrpcRpcBackend::~SrpcRpcBackend: Shutdown() completed
20260909-08:46.18-669781(us) 2421505 * Shutdown        (srpc_rpc_backend.cc:138): SrpcRpcBackend::Shutdown: poll_thread_worker_->shutdown() completed
20260909-08:46.18-669844(us) 2421505 * Shutdown        (srpc_rpc_backend.cc:140): SrpcRpcBackend::Shutdown: poll_thread_worker_ reset to None
20260909-08:46.18-669867(us) 2421505 * Shutdown        (srpc_rpc_backend.cc:145): SrpcRpcBackend::Shutdown: Shutdown sequence completed, destructor will now exit
[SHUTDOWN] Worker 2 joined
[SHUTDOWN] Joining worker 3
20260909-08:46.18-669891(us) 2421505 * ~SrpcRpcBackend (srpc_rpc_backend.cc:52): SrpcRpcBackend::~SrpcRpcBackend: START destructor
20260909-08:46.18-669944(us) 2421505 * Stop            (srpc_rpc_backend.cc:589): SrpcRpcBackend::Stop: Already stopped, returning
20260909-08:46.18-669960(us) 2421505 * Shutdown        (srpc_rpc_backend.cc:112): SrpcRpcBackend::Shutdown: About to delete server
20260909-08:46.18-669976(us) 2421505 * Shutdown        (srpc_rpc_backend.cc:129): SrpcRpcBackend::Shutdown: Server pointer is null, skipping deletion
20260909-08:46.18-669989(us) 2421505 * Shutdown        (srpc_rpc_backend.cc:132): SrpcRpcBackend::Shutdown: About to shutdown poll_thread_worker_
20260909-08:46.18-670013(us) 2421505 * Shutdown        (srpc_rpc_backend.cc:142): SrpcRpcBackend::Shutdown: poll_thread_worker_ is null, skipping shutdown
20260909-08:46.18-670026(us) 2421505 * Shutdown        (srpc_rpc_backend.cc:145): SrpcRpcBackend::Shutdown: Shutdown sequence completed, destructor will now exit
20260909-08:46.18-670047(us) 2421505 * ~SrpcRpcBackend (srpc_rpc_backend.cc:54): SrpcRpcBackend::~SrpcRpcBackend: Shutdown() completed
[SHUTDOWN] Worker 3 joined
[SHUTDOWN] Joining worker 4
[SHUTDOWN] Worker 4 joined
[SHUTDOWN] Joining worker 5
20260909-08:46.18-670599(us) 2421505 * [SHUTDOWN] Worker 5 joined
[SHUTDOWN] Joining worker 6Shutdown        (srpc_rpc_backend.cc:138): SrpcRpcBackend::Shutdown: poll_thread_worker_->shutdown() completed

20260909-08:46.18-670695(us) 2421505 * Shutdown        (srpc_rpc_backend.cc:140): SrpcRpcBackend::Shutdown: poll_thread_worker_ reset to None
[SHUTDOWN] Worker 6 joined
[SHUTDOWN] Joining worker 7
20260909-08:46.18-670736(us) 2421505 * Shutdown        (srpc_rpc_backend.cc:145): SrpcRpcBackend::Shutdown: Shutdown sequence completed, destructor will now exit
20260909-08:46.18-670782(us) 2421505 * ~SrpcRpcBackend (srpc_rpc_backend.cc:52): SrpcRpcBackend::~SrpcRpcBackend: START destructor
[SHUTDOWN] Worker 7 joined
[SHUTDOWN] Joining worker 8
20260909-08:46.18-670820(us) 2421505 * Stop            (srpc_rpc_backend.cc:589): SrpcRpcBackend::Stop: Already stopped, returning
20260909-08:46.18-670900(us) 2421505 * Shutdown        (srpc_rpc_backend.cc:112): SrpcRpcBackend::Shutdown: About to delete server
[SHUTDOWN] Worker 820260909-08:46.18-670938(us) 2421505 * Shutdown        (srpc_rpc_backend.cc:129): SrpcRpcBackend::Shutdown: Server pointer is null, skipping deletion
 joined
[SHUTDOWN] Joining worker 20260909-08:46.18-670970(us) 2421505 * Shutdown        (srpc_rpc_backend.cc:132): SrpcRpcBackend::Shutdown: About to shutdown poll_thread_worker_
9
20260909-08:46.18-670999(us) 2421505 * Shutdown        (srpc_rpc_backend.cc:142): SrpcRpcBackend::Shutdown: poll_thread_worker_ is null, skipping shutdown
20260909-08:46.18-671023(us) 2421505 * Shutdown        (srpc_rpc_backend.cc:145): SrpcRpcBackend::Shutdown: Shutdown sequence completed, destructor will now exit
[SHUTDOWN] Worker 9 joined
[SHUTDOWN] Joining worker 20260909-08:46.18-671050(us) 2421505 * ~SrpcRpcBackend (srpc_rpc_backend.cc:54): SrpcRpcBackend::~SrpcRpcBackend: Shutdown() completed
10
[SHUTDOWN] Worker 10 joined
[SHUTDOWN] Joining worker 11
[SHUTDOWN] Worker 11 joined
[SHUTDOWN] Joining worker 12
[SHUTDOWN] Worker 12 joined
[SHUTDOWN] Joining worker 13
[SHUTDOWN] Worker 13 joined
[SHUTDOWN] Joining worker 14
[SHUTDOWN] Worker 14 joined
[SHUTDOWN] Joining worker 15
[SHUTDOWN] Worker 15 joined
[SHUTDOWN] All workers joined
[SHUTDOWN] Calling stop_rpc_server()
[STOP_SERVER] Stopping 2 server transports
[STOP_SERVER] Stopping server transport 0
20260909-08:46.18-671626(us) 2421505 * Stop            (srpc_rpc_backend.cc:593): SrpcRpcBackend::Stop: BEGIN - Setting stop flag
20260909-08:46.18-671651(us) 2421505 * Stop            (srpc_rpc_backend.cc:596): SrpcRpcBackend::Stop: Waiting for event loop to exit...
20260909-08:46.18-671681(us) 2421505 * RunEventLoop    (srpc_rpc_backend.cc:577): SrpcRpcBackend::RunEventLoop: Stop flag detected, exiting event loop
20260909-08:46.18-671707(us) 2421505 * RunEventLoop    (srpc_rpc_backend.cc:581): SrpcRpcBackend::RunEventLoop: Exited cleanly
20260909-08:46.18-671722(us) 2421505 * rpc_server      (rpc_setup.cc:126): the rpc_server is terminated on shardIdx:0, alpha:0!
20260909-08:46.18-681738(us) 2421505 * Stop            (srpc_rpc_backend.cc:612): SrpcRpcBackend::Stop: Event loop exited successfully
20260909-08:46.18-681759(us) 2421505 * Stop            (srpc_rpc_backend.cc:616): SrpcRpcBackend::Stop: Signaling 0 request queues to stop
20260909-08:46.18-681774(us) 2421505 * Stop            (srpc_rpc_backend.cc:624): SrpcRpcBackend::Stop: Signaling 0 response queues to stop
20260909-08:46.18-681788(us) 2421505 * Stop            (srpc_rpc_backend.cc:635): SrpcRpcBackend::Stop: Server cleanup deferred to destructor
20260909-08:46.18-681804(us) 2421505 * Stop            (srpc_rpc_backend.cc:638): SrpcRpcBackend::Stop: Closing client connections
20260909-08:46.18-681818(us) 2421505 * Stop            (srpc_rpc_backend.cc:642): SrpcRpcBackend::Stop: Found 0 client connections to close
20260909-08:46.18-681889(us) 2421505 * Stop            (srpc_rpc_backend.cc:662): SrpcRpcBackend::Stop: Closed 0 client connections
20260909-08:46.18-681904(us) 2421505 * Stop            (srpc_rpc_backend.cc:675): SrpcRpcBackend stats: msg_size_resp_sent: 0 bytes, counter: 0, avg: 0.000000
20260909-08:46.18-681921(us) 2421505 * Stop            (srpc_rpc_backend.cc:676): SrpcRpcBackend::Stop: END
[STOP_SERVER] Server transport 0 stopped
[STOP_SERVER] Stopping server transport 1
20260909-08:46.18-681949(us) 2421505 * Stop            (srpc_rpc_backend.cc:593): SrpcRpcBackend::Stop: BEGIN - Setting stop flag
20260909-08:46.18-681964(us) 2421505 * Stop            (srpc_rpc_backend.cc:596): SrpcRpcBackend::Stop: Waiting for event loop to exit...
20260909-08:46.18-682055(us) 2421505 * RunEventLoop    (srpc_rpc_backend.cc:577): SrpcRpcBackend::RunEventLoop: Stop flag detected, exiting event loop
20260909-08:46.18-682082(us) 2421505 * RunEventLoop    (srpc_rpc_backend.cc:581): SrpcRpcBackend::RunEventLoop: Exited cleanly
20260909-08:46.18-682095(us) 2421505 * rpc_server      (rpc_setup.cc:126): the rpc_server is terminated on shardIdx:0, alpha:1!
20260909-08:46.18-692067(us) 2421505 * Stop            (srpc_rpc_backend.cc:612): SrpcRpcBackend::Stop: Event loop exited successfully
20260909-08:46.18-692101(us) 2421505 * Stop            (srpc_rpc_backend.cc:616): SrpcRpcBackend::Stop: Signaling 0 request queues to stop
20260909-08:46.18-692118(us) 2421505 * Stop            (srpc_rpc_backend.cc:624): SrpcRpcBackend::Stop: Signaling 0 response queues to stop
20260909-08:46.18-692133(us) 2421505 * Stop            (srpc_rpc_backend.cc:635): SrpcRpcBackend::Stop: Server cleanup deferred to destructor
20260909-08:46.18-692147(us) 2421505 * Stop            (srpc_rpc_backend.cc:638): SrpcRpcBackend::Stop: Closing client connections
20260909-08:46.18-692161(us) 2421505 * Stop            (srpc_rpc_backend.cc:642): SrpcRpcBackend::Stop: Found 0 client connections to close
20260909-08:46.18-692175(us) 2421505 * Stop            (srpc_rpc_backend.cc:662): SrpcRpcBackend::Stop: Closed 0 client connections
20260909-08:46.18-692190(us) 2421505 * Stop            (srpc_rpc_backend.cc:675): SrpcRpcBackend stats: msg_size_resp_sent: 0 bytes, counter: 0, avg: 0.000000
20260909-08:46.18-692206(us) 2421505 * Stop            (srpc_rpc_backend.cc:676): SrpcRpcBackend::Stop: END
[STOP_SERVER] Server transport 1 stopped
20260909-08:46.18-692322(us) 2421505 * Stop            (srpc_rpc_backend.cc:589): SrpcRpcBackend::Stop: Already stopped, returning
20260909-08:46.18-692340(us) 2421505 * Shutdown        (srpc_rpc_backend.cc:112): SrpcRpcBackend::Shutdown: About to delete server
20260909-08:46.18-692355(us) 2421505 * Shutdown        (srpc_rpc_backend.cc:116): SrpcRpcBackend::Shutdown: Server pointer is valid, deleting...
20260909-08:46.18-692375(us) 2421505 * Shutdown        (srpc_rpc_backend.cc:120): SrpcRpcBackend::Shutdown: Server deleted successfully
20260909-08:46.18-692390(us) 2421505 * Shutdown        (srpc_rpc_backend.cc:132): SrpcRpcBackend::Shutdown: About to shutdown poll_thread_worker_
20260909-08:46.18-692403(us) 2421505 * Shutdown        (srpc_rpc_backend.cc:136): SrpcRpcBackend::Shutdown: poll_thread_worker_ is valid, calling shutdown()
20260909-08:46.18-693278(us) 2421505 * Shutdown        (srpc_rpc_backend.cc:138): SrpcRpcBackend::Shutdown: poll_thread_worker_->shutdown() completed
20260909-08:46.18-693325(us) 2421505 * Shutdown        (srpc_rpc_backend.cc:140): SrpcRpcBackend::Shutdown: poll_thread_worker_ reset to None
20260909-08:46.18-693344(us) 2421505 * Shutdown        (srpc_rpc_backend.cc:145): SrpcRpcBackend::Shutdown: Shutdown sequence completed, destructor will now exit
20260909-08:46.18-693361(us) 2421505 * ~SrpcRpcBackend (srpc_rpc_backend.cc:52): SrpcRpcBackend::~SrpcRpcBackend: START destructor
20260909-08:46.18-693380(us) 2421505 * Stop            (srpc_rpc_backend.cc:589): SrpcRpcBackend::Stop: Already stopped, returning
20260909-08:46.18-693397(us) 2421505 * Shutdown        (srpc_rpc_backend.cc:112): SrpcRpcBackend::Shutdown: About to delete server
20260909-08:46.18-693414(us) 2421505 * Shutdown        (srpc_rpc_backend.cc:129): SrpcRpcBackend::Shutdown: Server pointer is null, skipping deletion
20260909-08:46.18-693431(us) 2421505 * Shutdown        (srpc_rpc_backend.cc:132): SrpcRpcBackend::Shutdown: About to shutdown poll_thread_worker_
20260909-08:46.18-693448(us) 2421505 * Shutdown        (srpc_rpc_backend.cc:142): SrpcRpcBackend::Shutdown: poll_thread_worker_ is null, skipping shutdown
20260909-08:46.18-693471(us) 2421505 * Shutdown        (srpc_rpc_backend.cc:145): SrpcRpcBackend::Shutdown: Shutdown sequence completed, destructor will now exit
20260909-08:46.18-693494(us) 2421505 * ~SrpcRpcBackend (srpc_rpc_backend.cc:54): SrpcRpcBackend::~SrpcRpcBackend: Shutdown() completed
20260909-08:46.18-693549(us) 2421505 * Stop            (srpc_rpc_backend.cc:589): SrpcRpcBackend::Stop: Already stopped, returning
20260909-08:46.18-693570(us) 2421505 * Shutdown        (srpc_rpc_backend.cc:112): SrpcRpcBackend::Shutdown: About to delete server
20260909-08:46.18-693587(us) 2421505 * Shutdown        (srpc_rpc_backend.cc:116): SrpcRpcBackend::Shutdown: Server pointer is valid, deleting...
20260909-08:46.18-693610(us) 2421505 * Shutdown        (srpc_rpc_backend.cc:120): SrpcRpcBackend::Shutdown: Server deleted successfully
20260909-08:46.18-693628(us) 2421505 * Shutdown        (srpc_rpc_backend.cc:132): SrpcRpcBackend::Shutdown: About to shutdown poll_thread_worker_
20260909-08:46.18-693650(us) 2421505 * Shutdown        (srpc_rpc_backend.cc:136): SrpcRpcBackend::Shutdown: poll_thread_worker_ is valid, calling shutdown()
20260909-08:46.18-694930(us) 2421505 * Shutdown        (srpc_rpc_backend.cc:138): SrpcRpcBackend::Shutdown: poll_thread_worker_->shutdown() completed
20260909-08:46.18-694966(us) 2421505 * Shutdown        (srpc_rpc_backend.cc:140): SrpcRpcBackend::Shutdown: poll_thread_worker_ reset to None
20260909-08:46.18-694983(us) 2421505 * Shutdown        (srpc_rpc_backend.cc:145): SrpcRpcBackend::Shutdown: Shutdown sequence completed, destructor will now exit
20260909-08:46.18-695000(us) 2421505 * ~SrpcRpcBackend (srpc_rpc_backend.cc:52): SrpcRpcBackend::~SrpcRpcBackend: START destructor
20260909-08:46.18-695017(us) 2421505 * Stop            (srpc_rpc_backend.cc:589): SrpcRpcBackend::Stop: Already stopped, returning
20260909-08:46.18-695034(us) 2421505 * Shutdown        (srpc_rpc_backend.cc:112): SrpcRpcBackend::Shutdown: About to delete server
20260909-08:46.18-695051(us) 2421505 * Shutdown        (srpc_rpc_backend.cc:129): SrpcRpcBackend::Shutdown: Server pointer is null, skipping deletion
20260909-08:46.18-695076(us) 2421505 * Shutdown        (srpc_rpc_backend.cc:132): SrpcRpcBackend::Shutdown: About to shutdown poll_thread_worker_
20260909-08:46.18-695093(us) 2421505 * Shutdown        (srpc_rpc_backend.cc:142): SrpcRpcBackend::Shutdown: poll_thread_worker_ is null, skipping shutdown
20260909-08:46.18-695115(us) 2421505 * Shutdown        (srpc_rpc_backend.cc:145): SrpcRpcBackend::Shutdown: Shutdown sequence completed, destructor will now exit
20260909-08:46.18-695138(us) 2421505 * ~SrpcRpcBackend (srpc_rpc_backend.cc:54): SrpcRpcBackend::~SrpcRpcBackend: Shutdown() completed
[STOP_SERVER] All server transports stopped
[SHUTDOWN] stop_rpc_server() completed
[SHUTDOWN] Calling second stop()
20260909-08:46.18-695205(us) 2421505 ! stop            (bench.cc:514):     stop all rpc clients. set stop=false
[SHUTDOWN] Second stop() completed
20260909-08:46.18-695231(us) 2421505 ! run             (bench.cc:774):     TPCC_BENCH_MEASURE_END
[SHUTDOWN] Calling do_txn_finish()
[SHUTDOWN] do_txn_finish() completed
--- n_commits per partition ---
 par_id: 0, n_commits: 554561
 par_id: 1, n_commits: 544794
 par_id: 2, n_commits: 474386
 par_id: 3, n_commits: 551844
 par_id: 4, n_commits: 558750
 par_id: 5, n_commits: 548363
 par_id: 6, n_commits: 379614
 par_id: 7, n_commits: 548946
 par_id: 8, n_commits: 546712
 par_id: 9, n_commits: 536925
 par_id: 10, n_commits: 545617
 par_id: 11, n_commits: 383361
 par_id: 12, n_commits: 546427
 par_id: 13, n_commits: 546038
 par_id: 14, n_commits: 487667
 par_id: 15, n_commits: 392349
STO_TPCC_CAPACITY phase=run_complete scope=database allocated_registry_bytes=4600455512 max_registry_bytes=8589934592 registry_headroom_bytes=3989479080
STO_TPCC_CAPACITY phase=run_complete table=customer_0 retained_records=90000 consumed_record_ids=90000 retained_key_bytes=1080000 allocated_registry_bytes=17856776 max_retained_records=18446744073709551615 max_consumed_record_ids=18446744073709551615 max_retained_key_bytes=18446744073709551615
STO_TPCC_CAPACITY phase=run_complete table=customer_1 retained_records=90000 consumed_record_ids=90000 retained_key_bytes=1080000 allocated_registry_bytes=17856776 max_retained_records=18446744073709551615 max_consumed_record_ids=18446744073709551615 max_retained_key_bytes=18446744073709551615
STO_TPCC_CAPACITY phase=run_complete table=customer_2 retained_records=90000 consumed_record_ids=90000 retained_key_bytes=1080000 allocated_registry_bytes=17856776 max_retained_records=18446744073709551615 max_consumed_record_ids=18446744073709551615 max_retained_key_bytes=18446744073709551615
STO_TPCC_CAPACITY phase=run_complete table=customer_3 retained_records=90000 consumed_record_ids=90000 retained_key_bytes=1080000 allocated_registry_bytes=17856776 max_retained_records=18446744073709551615 max_consumed_record_ids=18446744073709551615 max_retained_key_bytes=18446744073709551615
STO_TPCC_CAPACITY phase=run_complete table=customer_4 retained_records=90000 consumed_record_ids=90000 retained_key_bytes=1080000 allocated_registry_bytes=17856776 max_retained_records=18446744073709551615 max_consumed_record_ids=18446744073709551615 max_retained_key_bytes=18446744073709551615
STO_TPCC_CAPACITY phase=run_complete table=customer_5 retained_records=90000 consumed_record_ids=90000 retained_key_bytes=1080000 allocated_registry_bytes=17856776 max_retained_records=18446744073709551615 max_consumed_record_ids=18446744073709551615 max_retained_key_bytes=18446744073709551615
STO_TPCC_CAPACITY phase=run_complete table=customer_6 retained_records=90000 consumed_record_ids=90000 retained_key_bytes=1080000 allocated_registry_bytes=17856776 max_retained_records=18446744073709551615 max_consumed_record_ids=18446744073709551615 max_retained_key_bytes=18446744073709551615
STO_TPCC_CAPACITY phase=run_complete table=customer_7 retained_records=90000 consumed_record_ids=90000 retained_key_bytes=1080000 allocated_registry_bytes=17856776 max_retained_records=18446744073709551615 max_consumed_record_ids=18446744073709551615 max_retained_key_bytes=18446744073709551615
STO_TPCC_CAPACITY phase=run_complete table=customer_8 retained_records=90000 consumed_record_ids=90000 retained_key_bytes=1080000 allocated_registry_bytes=17856776 max_retained_records=18446744073709551615 max_consumed_record_ids=18446744073709551615 max_retained_key_bytes=18446744073709551615
STO_TPCC_CAPACITY phase=run_complete table=customer_9 retained_records=90000 consumed_record_ids=90000 retained_key_bytes=1080000 allocated_registry_bytes=17856776 max_retained_records=18446744073709551615 max_consumed_record_ids=18446744073709551615 max_retained_key_bytes=18446744073709551615
STO_TPCC_CAPACITY phase=run_complete table=customer_10 retained_records=90000 consumed_record_ids=90000 retained_key_bytes=1080000 allocated_registry_bytes=17856776 max_retained_records=18446744073709551615 max_consumed_record_ids=18446744073709551615 max_retained_key_bytes=18446744073709551615
STO_TPCC_CAPACITY phase=run_complete table=customer_11 retained_records=90000 consumed_record_ids=90000 retained_key_bytes=1080000 allocated_registry_bytes=17856776 max_retained_records=18446744073709551615 max_consumed_record_ids=18446744073709551615 max_retained_key_bytes=18446744073709551615
STO_TPCC_CAPACITY phase=run_complete table=customer_12 retained_records=90000 consumed_record_ids=90000 retained_key_bytes=1080000 allocated_registry_bytes=17856776 max_retained_records=18446744073709551615 max_consumed_record_ids=18446744073709551615 max_retained_key_bytes=18446744073709551615
STO_TPCC_CAPACITY phase=run_complete table=customer_13 retained_records=90000 consumed_record_ids=90000 retained_key_bytes=1080000 allocated_registry_bytes=17856776 max_retained_records=18446744073709551615 max_consumed_record_ids=18446744073709551615 max_retained_key_bytes=18446744073709551615
STO_TPCC_CAPACITY phase=run_complete table=customer_14 retained_records=90000 consumed_record_ids=90000 retained_key_bytes=1080000 allocated_registry_bytes=17856776 max_retained_records=18446744073709551615 max_consumed_record_ids=18446744073709551615 max_retained_key_bytes=18446744073709551615
STO_TPCC_CAPACITY phase=run_complete table=customer_15 retained_records=90000 consumed_record_ids=90000 retained_key_bytes=1080000 allocated_registry_bytes=17856776 max_retained_records=18446744073709551615 max_consumed_record_ids=18446744073709551615 max_retained_key_bytes=18446744073709551615
STO_TPCC_CAPACITY phase=run_complete table=customer_name_idx_0 retained_records=30000 consumed_record_ids=30000 retained_key_bytes=1200000 allocated_registry_bytes=2156376 max_retained_records=18446744073709551615 max_consumed_record_ids=18446744073709551615 max_retained_key_bytes=18446744073709551615
STO_TPCC_CAPACITY phase=run_complete table=customer_name_idx_1 retained_records=30000 consumed_record_ids=30000 retained_key_bytes=1200000 allocated_registry_bytes=2156376 max_retained_records=18446744073709551615 max_consumed_record_ids=18446744073709551615 max_retained_key_bytes=18446744073709551615
STO_TPCC_CAPACITY phase=run_complete table=customer_name_idx_2 retained_records=30000 consumed_record_ids=30000 retained_key_bytes=1200000 allocated_registry_bytes=2156376 max_retained_records=18446744073709551615 max_consumed_record_ids=18446744073709551615 max_retained_key_bytes=18446744073709551615
STO_TPCC_CAPACITY phase=run_complete table=customer_name_idx_3 retained_records=30000 consumed_record_ids=30000 retained_key_bytes=1200000 allocated_registry_bytes=2156376 max_retained_records=18446744073709551615 max_consumed_record_ids=18446744073709551615 max_retained_key_bytes=18446744073709551615
STO_TPCC_CAPACITY phase=run_complete table=customer_name_idx_4 retained_records=30000 consumed_record_ids=30000 retained_key_bytes=1200000 allocated_registry_bytes=2156376 max_retained_records=18446744073709551615 max_consumed_record_ids=18446744073709551615 max_retained_key_bytes=18446744073709551615
STO_TPCC_CAPACITY phase=run_complete table=customer_name_idx_5 retained_records=30000 consumed_record_ids=30000 retained_key_bytes=1200000 allocated_registry_bytes=2156376 max_retained_records=18446744073709551615 max_consumed_record_ids=18446744073709551615 max_retained_key_bytes=18446744073709551615
STO_TPCC_CAPACITY phase=run_complete table=customer_name_idx_6 retained_records=30000 consumed_record_ids=30000 retained_key_bytes=1200000 allocated_registry_bytes=2156376 max_retained_records=18446744073709551615 max_consumed_record_ids=18446744073709551615 max_retained_key_bytes=18446744073709551615
STO_TPCC_CAPACITY phase=run_complete table=customer_name_idx_7 retained_records=30000 consumed_record_ids=30000 retained_key_bytes=1200000 allocated_registry_bytes=2156376 max_retained_records=18446744073709551615 max_consumed_record_ids=18446744073709551615 max_retained_key_bytes=18446744073709551615
STO_TPCC_CAPACITY phase=run_complete table=customer_name_idx_8 retained_records=30000 consumed_record_ids=30000 retained_key_bytes=1200000 allocated_registry_bytes=2156376 max_retained_records=18446744073709551615 max_consumed_record_ids=18446744073709551615 max_retained_key_bytes=18446744073709551615
STO_TPCC_CAPACITY phase=run_complete table=customer_name_idx_9 retained_records=30000 consumed_record_ids=30000 retained_key_bytes=1200000 allocated_registry_bytes=2156376 max_retained_records=18446744073709551615 max_consumed_record_ids=18446744073709551615 max_retained_key_bytes=18446744073709551615
STO_TPCC_CAPACITY phase=run_complete table=customer_name_idx_10 retained_records=30000 consumed_record_ids=30000 retained_key_bytes=1200000 allocated_registry_bytes=2156376 max_retained_records=18446744073709551615 max_consumed_record_ids=18446744073709551615 max_retained_key_bytes=18446744073709551615
STO_TPCC_CAPACITY phase=run_complete table=customer_name_idx_11 retained_records=30000 consumed_record_ids=30000 retained_key_bytes=1200000 allocated_registry_bytes=2156376 max_retained_records=18446744073709551615 max_consumed_record_ids=18446744073709551615 max_retained_key_bytes=18446744073709551615
STO_TPCC_CAPACITY phase=run_complete table=customer_name_idx_12 retained_records=30000 consumed_record_ids=30000 retained_key_bytes=1200000 allocated_registry_bytes=2156376 max_retained_records=18446744073709551615 max_consumed_record_ids=18446744073709551615 max_retained_key_bytes=18446744073709551615
STO_TPCC_CAPACITY phase=run_complete table=customer_name_idx_13 retained_records=30000 consumed_record_ids=30000 retained_key_bytes=1200000 allocated_registry_bytes=2156376 max_retained_records=18446744073709551615 max_consumed_record_ids=18446744073709551615 max_retained_key_bytes=18446744073709551615
STO_TPCC_CAPACITY phase=run_complete table=customer_name_idx_14 retained_records=30000 consumed_record_ids=30000 retained_key_bytes=1200000 allocated_registry_bytes=2156376 max_retained_records=18446744073709551615 max_consumed_record_ids=18446744073709551615 max_retained_key_bytes=18446744073709551615
STO_TPCC_CAPACITY phase=run_complete table=customer_name_idx_15 retained_records=30000 consumed_record_ids=30000 retained_key_bytes=1200000 allocated_registry_bytes=2156376 max_retained_records=18446744073709551615 max_consumed_record_ids=18446744073709551615 max_retained_key_bytes=18446744073709551615
STO_TPCC_CAPACITY phase=run_complete table=district_0 retained_records=10 consumed_record_ids=10 retained_key_bytes=80 allocated_registry_bytes=205424 max_retained_records=18446744073709551615 max_consumed_record_ids=18446744073709551615 max_retained_key_bytes=18446744073709551615
STO_TPCC_CAPACITY phase=run_complete table=district_1 retained_records=10 consumed_record_ids=10 retained_key_bytes=80 allocated_registry_bytes=205424 max_retained_records=18446744073709551615 max_consumed_record_ids=18446744073709551615 max_retained_key_bytes=18446744073709551615
STO_TPCC_CAPACITY phase=run_complete table=district_2 retained_records=10 consumed_record_ids=10 retained_key_bytes=80 allocated_registry_bytes=205424 max_retained_records=18446744073709551615 max_consumed_record_ids=18446744073709551615 max_retained_key_bytes=18446744073709551615
STO_TPCC_CAPACITY phase=run_complete table=district_3 retained_records=10 consumed_record_ids=10 retained_key_bytes=80 allocated_registry_bytes=205424 max_retained_records=18446744073709551615 max_consumed_record_ids=18446744073709551615 max_retained_key_bytes=18446744073709551615
STO_TPCC_CAPACITY phase=run_complete table=district_4 retained_records=10 consumed_record_ids=10 retained_key_bytes=80 allocated_registry_bytes=205424 max_retained_records=18446744073709551615 max_consumed_record_ids=18446744073709551615 max_retained_key_bytes=18446744073709551615
STO_TPCC_CAPACITY phase=run_complete table=district_5 retained_records=10 consumed_record_ids=10 retained_key_bytes=80 allocated_registry_bytes=205424 max_retained_records=18446744073709551615 max_consumed_record_ids=18446744073709551615 max_retained_key_bytes=18446744073709551615
STO_TPCC_CAPACITY phase=run_complete table=district_6 retained_records=10 consumed_record_ids=10 retained_key_bytes=80 allocated_registry_bytes=205424 max_retained_records=18446744073709551615 max_consumed_record_ids=18446744073709551615 max_retained_key_bytes=18446744073709551615
STO_TPCC_CAPACITY phase=run_complete table=district_7 retained_records=10 consumed_record_ids=10 retained_key_bytes=80 allocated_registry_bytes=205424 max_retained_records=18446744073709551615 max_consumed_record_ids=18446744073709551615 max_retained_key_bytes=18446744073709551615
STO_TPCC_CAPACITY phase=run_complete table=district_8 retained_records=10 consumed_record_ids=10 retained_key_bytes=80 allocated_registry_bytes=205424 max_retained_records=18446744073709551615 max_consumed_record_ids=18446744073709551615 max_retained_key_bytes=18446744073709551615
STO_TPCC_CAPACITY phase=run_complete table=district_9 retained_records=10 consumed_record_ids=10 retained_key_bytes=80 allocated_registry_bytes=205424 max_retained_records=18446744073709551615 max_consumed_record_ids=18446744073709551615 max_retained_key_bytes=18446744073709551615
STO_TPCC_CAPACITY phase=run_complete table=district_10 retained_records=10 consumed_record_ids=10 retained_key_bytes=80 allocated_registry_bytes=205424 max_retained_records=18446744073709551615 max_consumed_record_ids=18446744073709551615 max_retained_key_bytes=18446744073709551615
STO_TPCC_CAPACITY phase=run_complete table=district_11 retained_records=10 consumed_record_ids=10 retained_key_bytes=80 allocated_registry_bytes=205424 max_retained_records=18446744073709551615 max_consumed_record_ids=18446744073709551615 max_retained_key_bytes=18446744073709551615
STO_TPCC_CAPACITY phase=run_complete table=district_12 retained_records=10 consumed_record_ids=10 retained_key_bytes=80 allocated_registry_bytes=205424 max_retained_records=18446744073709551615 max_consumed_record_ids=18446744073709551615 max_retained_key_bytes=18446744073709551615
STO_TPCC_CAPACITY phase=run_complete table=district_13 retained_records=10 consumed_record_ids=10 retained_key_bytes=80 allocated_registry_bytes=205424 max_retained_records=18446744073709551615 max_consumed_record_ids=18446744073709551615 max_retained_key_bytes=18446744073709551615
STO_TPCC_CAPACITY phase=run_complete table=district_14 retained_records=10 consumed_record_ids=10 retained_key_bytes=80 allocated_registry_bytes=205424 max_retained_records=18446744073709551615 max_consumed_record_ids=18446744073709551615 max_retained_key_bytes=18446744073709551615
STO_TPCC_CAPACITY phase=run_complete table=district_15 retained_records=10 consumed_record_ids=10 retained_key_bytes=80 allocated_registry_bytes=205424 max_retained_records=18446744073709551615 max_consumed_record_ids=18446744073709551615 max_retained_key_bytes=18446744073709551615
STO_TPCC_CAPACITY phase=run_complete table=history_0 retained_records=268725 consumed_record_ids=268725 retained_key_bytes=6449400 allocated_registry_bytes=18897744 max_retained_records=18446744073709551615 max_consumed_record_ids=18446744073709551615 max_retained_key_bytes=18446744073709551615
STO_TPCC_CAPACITY phase=run_complete table=history_1 retained_records=264032 consumed_record_ids=264032 retained_key_bytes=6336768 allocated_registry_bytes=18539064 max_retained_records=18446744073709551615 max_consumed_record_ids=18446744073709551615 max_retained_key_bytes=18446744073709551615
STO_TPCC_CAPACITY phase=run_complete table=history_2 retained_records=234083 consumed_record_ids=234083 retained_key_bytes=5617992 allocated_registry_bytes=16444384 max_retained_records=18446744073709551615 max_consumed_record_ids=18446744073709551615 max_retained_key_bytes=18446744073709551615
STO_TPCC_CAPACITY phase=run_complete table=history_3 retained_records=267103 consumed_record_ids=267103 retained_key_bytes=6410472 allocated_registry_bytes=18754272 max_retained_records=18446744073709551615 max_consumed_record_ids=18446744073709551615 max_retained_key_bytes=18446744073709551615
STO_TPCC_CAPACITY phase=run_complete table=history_4 retained_records=270089 consumed_record_ids=270089 retained_key_bytes=6482136 allocated_registry_bytes=18969480 max_retained_records=18446744073709551615 max_consumed_record_ids=18446744073709551615 max_retained_key_bytes=18446744073709551615
STO_TPCC_CAPACITY phase=run_complete table=history_5 retained_records=265602 consumed_record_ids=265602 retained_key_bytes=6374448 allocated_registry_bytes=18682536 max_retained_records=18446744073709551615 max_consumed_record_ids=18446744073709551615 max_retained_key_bytes=18446744073709551615
STO_TPCC_CAPACITY phase=run_complete table=history_6 retained_records=193673 consumed_record_ids=193673 retained_key_bytes=4648152 allocated_registry_bytes=13646680 max_retained_records=18446744073709551615 max_consumed_record_ids=18446744073709551615 max_retained_key_bytes=18446744073709551615
STO_TPCC_CAPACITY phase=run_complete table=history_7 retained_records=265698 consumed_record_ids=265698 retained_key_bytes=6376752 allocated_registry_bytes=18682536 max_retained_records=18446744073709551615 max_consumed_record_ids=18446744073709551615 max_retained_key_bytes=18446744073709551615
STO_TPCC_CAPACITY phase=run_complete table=history_8 retained_records=264800 consumed_record_ids=264800 retained_key_bytes=6355200 allocated_registry_bytes=18610800 max_retained_records=18446744073709551615 max_consumed_record_ids=18446744073709551615 max_retained_key_bytes=18446744073709551615
STO_TPCC_CAPACITY phase=run_complete table=history_9 retained_records=261207 consumed_record_ids=261207 retained_key_bytes=6268968 allocated_registry_bytes=18395592 max_retained_records=18446744073709551615 max_consumed_record_ids=18446744073709551615 max_retained_key_bytes=18446744073709551615
STO_TPCC_CAPACITY phase=run_complete table=history_10 retained_records=264973 consumed_record_ids=264973 retained_key_bytes=6359352 allocated_registry_bytes=18610800 max_retained_records=18446744073709551615 max_consumed_record_ids=18446744073709551615 max_retained_key_bytes=18446744073709551615
STO_TPCC_CAPACITY phase=run_complete table=history_11 retained_records=194732 consumed_record_ids=194732 retained_key_bytes=4673568 allocated_registry_bytes=13718416 max_retained_records=18446744073709551615 max_consumed_record_ids=18446744073709551615 max_retained_key_bytes=18446744073709551615
STO_TPCC_CAPACITY phase=run_complete table=history_12 retained_records=265578 consumed_record_ids=265578 retained_key_bytes=6373872 allocated_registry_bytes=18682536 max_retained_records=18446744073709551615 max_consumed_record_ids=18446744073709551615 max_retained_key_bytes=18446744073709551615
STO_TPCC_CAPACITY phase=run_complete table=history_13 retained_records=264266 consumed_record_ids=264266 retained_key_bytes=6342384 allocated_registry_bytes=18610800 max_retained_records=18446744073709551615 max_consumed_record_ids=18446744073709551615 max_retained_key_bytes=18446744073709551615
STO_TPCC_CAPACITY phase=run_complete table=history_14 retained_records=239835 consumed_record_ids=239835 retained_key_bytes=5756040 allocated_registry_bytes=16874800 max_retained_records=18446744073709551615 max_consumed_record_ids=18446744073709551615 max_retained_key_bytes=18446744073709551615
STO_TPCC_CAPACITY phase=run_complete table=history_15 retained_records=198911 consumed_record_ids=198911 retained_key_bytes=4773864 allocated_registry_bytes=14005360 max_retained_records=18446744073709551615 max_consumed_record_ids=18446744073709551615 max_retained_key_bytes=18446744073709551615
STO_TPCC_CAPACITY phase=run_complete table=new_order_0 retained_records=258559 consumed_record_ids=258559 retained_key_bytes=3102708 allocated_registry_bytes=18166048 max_retained_records=18446744073709551615 max_consumed_record_ids=18446744073709551615 max_retained_key_bytes=18446744073709551615
STO_TPCC_CAPACITY phase=run_complete table=new_order_1 retained_records=254128 consumed_record_ids=254128 retained_key_bytes=3049536 allocated_registry_bytes=17879104 max_retained_records=18446744073709551615 max_consumed_record_ids=18446744073709551615 max_retained_key_bytes=18446744073709551615
STO_TPCC_CAPACITY phase=run_complete table=new_order_2 retained_records=222448 consumed_record_ids=222448 retained_key_bytes=2669376 allocated_registry_bytes=15655288 max_retained_records=18446744073709551615 max_consumed_record_ids=18446744073709551615 max_retained_key_bytes=18446744073709551615
STO_TPCC_CAPACITY phase=run_complete table=new_order_3 retained_records=257669 consumed_record_ids=257669 retained_key_bytes=3092028 allocated_registry_bytes=18094312 max_retained_records=18446744073709551615 max_consumed_record_ids=18446744073709551615 max_retained_key_bytes=18446744073709551615
STO_TPCC_CAPACITY phase=run_complete table=new_order_4 retained_records=260414 consumed_record_ids=260414 retained_key_bytes=3124968 allocated_registry_bytes=18309520 max_retained_records=18446744073709551615 max_consumed_record_ids=18446744073709551615 max_retained_key_bytes=18446744073709551615
STO_TPCC_CAPACITY phase=run_complete table=new_order_5 retained_records=255799 consumed_record_ids=255799 retained_key_bytes=3069588 allocated_registry_bytes=17950840 max_retained_records=18446744073709551615 max_consumed_record_ids=18446744073709551615 max_retained_key_bytes=18446744073709551615
STO_TPCC_CAPACITY phase=run_complete table=new_order_6 retained_records=179942 consumed_record_ids=179942 retained_key_bytes=2159304 allocated_registry_bytes=12642376 max_retained_records=18446744073709551615 max_consumed_record_ids=18446744073709551615 max_retained_key_bytes=18446744073709551615
STO_TPCC_CAPACITY phase=run_complete table=new_order_7 retained_records=256335 consumed_record_ids=256335 retained_key_bytes=3076020 allocated_registry_bytes=18022576 max_retained_records=18446744073709551615 max_consumed_record_ids=18446744073709551615 max_retained_key_bytes=18446744073709551615
STO_TPCC_CAPACITY phase=run_complete table=new_order_8 retained_records=255259 consumed_record_ids=255259 retained_key_bytes=3063108 allocated_registry_bytes=17950840 max_retained_records=18446744073709551615 max_consumed_record_ids=18446744073709551615 max_retained_key_bytes=18446744073709551615
STO_TPCC_CAPACITY phase=run_complete table=new_order_9 retained_records=250904 consumed_record_ids=250904 retained_key_bytes=3010848 allocated_registry_bytes=17663896 max_retained_records=18446744073709551615 max_consumed_record_ids=18446744073709551615 max_retained_key_bytes=18446744073709551615
STO_TPCC_CAPACITY phase=run_complete table=new_order_10 retained_records=253838 consumed_record_ids=253838 retained_key_bytes=3046056 allocated_registry_bytes=17807368 max_retained_records=18446744073709551615 max_consumed_record_ids=18446744073709551615 max_retained_key_bytes=18446744073709551615
STO_TPCC_CAPACITY phase=run_complete table=new_order_11 retained_records=181602 consumed_record_ids=181602 retained_key_bytes=2179224 allocated_registry_bytes=12785848 max_retained_records=18446744073709551615 max_consumed_record_ids=18446744073709551615 max_retained_key_bytes=18446744073709551615
STO_TPCC_CAPACITY phase=run_complete table=new_order_12 retained_records=254331 consumed_record_ids=254331 retained_key_bytes=3051972 allocated_registry_bytes=17879104 max_retained_records=18446744073709551615 max_consumed_record_ids=18446744073709551615 max_retained_key_bytes=18446744073709551615
STO_TPCC_CAPACITY phase=run_complete table=new_order_13 retained_records=255129 consumed_record_ids=255129 retained_key_bytes=3061548 allocated_registry_bytes=17950840 max_retained_records=18446744073709551615 max_consumed_record_ids=18446744073709551615 max_retained_key_bytes=18446744073709551615
STO_TPCC_CAPACITY phase=run_complete table=new_order_14 retained_records=228776 consumed_record_ids=228776 retained_key_bytes=2745312 allocated_registry_bytes=16085704 max_retained_records=18446744073709551615 max_consumed_record_ids=18446744073709551615 max_retained_key_bytes=18446744073709551615
STO_TPCC_CAPACITY phase=run_complete table=new_order_15 retained_records=185463 consumed_record_ids=185463 retained_key_bytes=2225556 allocated_registry_bytes=13072792 max_retained_records=18446744073709551615 max_consumed_record_ids=18446744073709551615 max_retained_key_bytes=18446744073709551615
STO_TPCC_CAPACITY phase=run_complete table=oorder_0 retained_records=279559 consumed_record_ids=279559 retained_key_bytes=3354708 allocated_registry_bytes=19686840 max_retained_records=18446744073709551615 max_consumed_record_ids=18446744073709551615 max_retained_key_bytes=18446744073709551615
STO_TPCC_CAPACITY phase=run_complete table=oorder_1 retained_records=275128 consumed_record_ids=275128 retained_key_bytes=3301536 allocated_registry_bytes=19328160 max_retained_records=18446744073709551615 max_consumed_record_ids=18446744073709551615 max_retained_key_bytes=18446744073709551615
STO_TPCC_CAPACITY phase=run_complete table=oorder_2 retained_records=243448 consumed_record_ids=243448 retained_key_bytes=2921376 allocated_registry_bytes=17090008 max_retained_records=18446744073709551615 max_consumed_record_ids=18446744073709551615 max_retained_key_bytes=18446744073709551615
STO_TPCC_CAPACITY phase=run_complete table=oorder_3 retained_records=278669 consumed_record_ids=278669 retained_key_bytes=3344028 allocated_registry_bytes=19615104 max_retained_records=18446744073709551615 max_consumed_record_ids=18446744073709551615 max_retained_key_bytes=18446744073709551615
STO_TPCC_CAPACITY phase=run_complete table=oorder_4 retained_records=281414 consumed_record_ids=281414 retained_key_bytes=3376968 allocated_registry_bytes=19758576 max_retained_records=18446744073709551615 max_consumed_record_ids=18446744073709551615 max_retained_key_bytes=18446744073709551615
STO_TPCC_CAPACITY phase=run_complete table=oorder_5 retained_records=276799 consumed_record_ids=276799 retained_key_bytes=3321588 allocated_registry_bytes=19471632 max_retained_records=18446744073709551615 max_consumed_record_ids=18446744073709551615 max_retained_key_bytes=18446744073709551615
STO_TPCC_CAPACITY phase=run_complete table=oorder_6 retained_records=200942 consumed_record_ids=200942 retained_key_bytes=2411304 allocated_registry_bytes=14148832 max_retained_records=18446744073709551615 max_consumed_record_ids=18446744073709551615 max_retained_key_bytes=18446744073709551615
STO_TPCC_CAPACITY phase=run_complete table=oorder_7 retained_records=277335 consumed_record_ids=277335 retained_key_bytes=3328020 allocated_registry_bytes=19471632 max_retained_records=18446744073709551615 max_consumed_record_ids=18446744073709551615 max_retained_key_bytes=18446744073709551615
STO_TPCC_CAPACITY phase=run_complete table=oorder_8 retained_records=276259 consumed_record_ids=276259 retained_key_bytes=3315108 allocated_registry_bytes=19399896 max_retained_records=18446744073709551615 max_consumed_record_ids=18446744073709551615 max_retained_key_bytes=18446744073709551615
STO_TPCC_CAPACITY phase=run_complete table=oorder_9 retained_records=271904 consumed_record_ids=271904 retained_key_bytes=3262848 allocated_registry_bytes=19112952 max_retained_records=18446744073709551615 max_consumed_record_ids=18446744073709551615 max_retained_key_bytes=18446744073709551615
STO_TPCC_CAPACITY phase=run_complete table=oorder_10 retained_records=274838 consumed_record_ids=274838 retained_key_bytes=3298056 allocated_registry_bytes=19328160 max_retained_records=18446744073709551615 max_consumed_record_ids=18446744073709551615 max_retained_key_bytes=18446744073709551615
STO_TPCC_CAPACITY phase=run_complete table=oorder_11 retained_records=202602 consumed_record_ids=202602 retained_key_bytes=2431224 allocated_registry_bytes=14220568 max_retained_records=18446744073709551615 max_consumed_record_ids=18446744073709551615 max_retained_key_bytes=18446744073709551615
STO_TPCC_CAPACITY phase=run_complete table=oorder_12 retained_records=275331 consumed_record_ids=275331 retained_key_bytes=3303972 allocated_registry_bytes=19328160 max_retained_records=18446744073709551615 max_consumed_record_ids=18446744073709551615 max_retained_key_bytes=18446744073709551615
STO_TPCC_CAPACITY phase=run_complete table=oorder_13 retained_records=276129 consumed_record_ids=276129 retained_key_bytes=3313548 allocated_registry_bytes=19399896 max_retained_records=18446744073709551615 max_consumed_record_ids=18446744073709551615 max_retained_key_bytes=18446744073709551615
STO_TPCC_CAPACITY phase=run_complete table=oorder_14 retained_records=249776 consumed_record_ids=249776 retained_key_bytes=2997312 allocated_registry_bytes=17520424 max_retained_records=18446744073709551615 max_consumed_record_ids=18446744073709551615 max_retained_key_bytes=18446744073709551615
STO_TPCC_CAPACITY phase=run_complete table=oorder_15 retained_records=206463 consumed_record_ids=206463 retained_key_bytes=2477556 allocated_registry_bytes=14507512 max_retained_records=18446744073709551615 max_consumed_record_ids=18446744073709551615 max_retained_key_bytes=18446744073709551615
STO_TPCC_CAPACITY phase=run_complete table=oorder_c_id_idx_0 retained_records=279559 consumed_record_ids=279559 retained_key_bytes=4472944 allocated_registry_bytes=19686840 max_retained_records=18446744073709551615 max_consumed_record_ids=18446744073709551615 max_retained_key_bytes=18446744073709551615
STO_TPCC_CAPACITY phase=run_complete table=oorder_c_id_idx_1 retained_records=275128 consumed_record_ids=275128 retained_key_bytes=4402048 allocated_registry_bytes=19328160 max_retained_records=18446744073709551615 max_consumed_record_ids=18446744073709551615 max_retained_key_bytes=18446744073709551615
STO_TPCC_CAPACITY phase=run_complete table=oorder_c_id_idx_2 retained_records=243448 consumed_record_ids=243448 retained_key_bytes=3895168 allocated_registry_bytes=17090008 max_retained_records=18446744073709551615 max_consumed_record_ids=18446744073709551615 max_retained_key_bytes=18446744073709551615
STO_TPCC_CAPACITY phase=run_complete table=oorder_c_id_idx_3 retained_records=278669 consumed_record_ids=278669 retained_key_bytes=4458704 allocated_registry_bytes=19615104 max_retained_records=18446744073709551615 max_consumed_record_ids=18446744073709551615 max_retained_key_bytes=18446744073709551615
STO_TPCC_CAPACITY phase=run_complete table=oorder_c_id_idx_4 retained_records=281414 consumed_record_ids=281414 retained_key_bytes=4502624 allocated_registry_bytes=19758576 max_retained_records=18446744073709551615 max_consumed_record_ids=18446744073709551615 max_retained_key_bytes=18446744073709551615
STO_TPCC_CAPACITY phase=run_complete table=oorder_c_id_idx_5 retained_records=276799 consumed_record_ids=276799 retained_key_bytes=4428784 allocated_registry_bytes=19471632 max_retained_records=18446744073709551615 max_consumed_record_ids=18446744073709551615 max_retained_key_bytes=18446744073709551615
STO_TPCC_CAPACITY phase=run_complete table=oorder_c_id_idx_6 retained_records=200942 consumed_record_ids=200942 retained_key_bytes=3215072 allocated_registry_bytes=14148832 max_retained_records=18446744073709551615 max_consumed_record_ids=18446744073709551615 max_retained_key_bytes=18446744073709551615
STO_TPCC_CAPACITY phase=run_complete table=oorder_c_id_idx_7 retained_records=277335 consumed_record_ids=277335 retained_key_bytes=4437360 allocated_registry_bytes=19471632 max_retained_records=18446744073709551615 max_consumed_record_ids=18446744073709551615 max_retained_key_bytes=18446744073709551615
STO_TPCC_CAPACITY phase=run_complete table=oorder_c_id_idx_8 retained_records=276259 consumed_record_ids=276259 retained_key_bytes=4420144 allocated_registry_bytes=19399896 max_retained_records=18446744073709551615 max_consumed_record_ids=18446744073709551615 max_retained_key_bytes=18446744073709551615
STO_TPCC_CAPACITY phase=run_complete table=oorder_c_id_idx_9 retained_records=271904 consumed_record_ids=271904 retained_key_bytes=4350464 allocated_registry_bytes=19112952 max_retained_records=18446744073709551615 max_consumed_record_ids=18446744073709551615 max_retained_key_bytes=18446744073709551615
STO_TPCC_CAPACITY phase=run_complete table=oorder_c_id_idx_10 retained_records=274838 consumed_record_ids=274838 retained_key_bytes=4397408 allocated_registry_bytes=19328160 max_retained_records=18446744073709551615 max_consumed_record_ids=18446744073709551615 max_retained_key_bytes=18446744073709551615
STO_TPCC_CAPACITY phase=run_complete table=oorder_c_id_idx_11 retained_records=202602 consumed_record_ids=202602 retained_key_bytes=3241632 allocated_registry_bytes=14220568 max_retained_records=18446744073709551615 max_consumed_record_ids=18446744073709551615 max_retained_key_bytes=18446744073709551615
STO_TPCC_CAPACITY phase=run_complete table=oorder_c_id_idx_12 retained_records=275331 consumed_record_ids=275331 retained_key_bytes=4405296 allocated_registry_bytes=19328160 max_retained_records=18446744073709551615 max_consumed_record_ids=18446744073709551615 max_retained_key_bytes=18446744073709551615
STO_TPCC_CAPACITY phase=run_complete table=oorder_c_id_idx_13 retained_records=276129 consumed_record_ids=276129 retained_key_bytes=4418064 allocated_registry_bytes=19399896 max_retained_records=18446744073709551615 max_consumed_record_ids=18446744073709551615 max_retained_key_bytes=18446744073709551615
STO_TPCC_CAPACITY phase=run_complete table=oorder_c_id_idx_14 retained_records=249776 consumed_record_ids=249776 retained_key_bytes=3996416 allocated_registry_bytes=17520424 max_retained_records=18446744073709551615 max_consumed_record_ids=18446744073709551615 max_retained_key_bytes=18446744073709551615
STO_TPCC_CAPACITY phase=run_complete table=oorder_c_id_idx_15 retained_records=206463 consumed_record_ids=206463 retained_key_bytes=3303408 allocated_registry_bytes=14507512 max_retained_records=18446744073709551615 max_consumed_record_ids=18446744073709551615 max_retained_key_bytes=18446744073709551615
STO_TPCC_CAPACITY phase=run_complete table=order_line_0 retained_records=2795522 consumed_record_ids=2795522 retained_key_bytes=44728352 allocated_registry_bytes=196142896 max_retained_records=18446744073709551615 max_consumed_record_ids=18446744073709551615 max_retained_key_bytes=18446744073709551615
STO_TPCC_CAPACITY phase=run_complete table=order_line_1 retained_records=2749849 consumed_record_ids=2749849 retained_key_bytes=43997584 allocated_registry_bytes=192914776 max_retained_records=18446744073709551615 max_consumed_record_ids=18446744073709551615 max_retained_key_bytes=18446744073709551615
STO_TPCC_CAPACITY phase=run_complete table=order_line_2 retained_records=2432503 consumed_record_ids=2432503 retained_key_bytes=38920048 allocated_registry_bytes=170676616 max_retained_records=18446744073709551615 max_consumed_record_ids=18446744073709551615 max_retained_key_bytes=18446744073709551615
STO_TPCC_CAPACITY phase=run_complete table=order_line_3 retained_records=2787788 consumed_record_ids=2787788 retained_key_bytes=44604608 allocated_registry_bytes=195569008 max_retained_records=18446744073709551615 max_consumed_record_ids=18446744073709551615 max_retained_key_bytes=18446744073709551615
STO_TPCC_CAPACITY phase=run_complete table=order_line_4 retained_records=2814255 consumed_record_ids=2814255 retained_key_bytes=45028080 allocated_registry_bytes=197434144 max_retained_records=18446744073709551615 max_consumed_record_ids=18446744073709551615 max_retained_key_bytes=18446744073709551615
STO_TPCC_CAPACITY phase=run_complete table=order_line_5 retained_records=2767349 consumed_record_ids=2767349 retained_key_bytes=44277584 allocated_registry_bytes=194134288 max_retained_records=18446744073709551615 max_consumed_record_ids=18446744073709551615 max_retained_key_bytes=18446744073709551615
STO_TPCC_CAPACITY phase=run_complete table=order_line_6 retained_records=2008432 consumed_record_ids=2008432 retained_key_bytes=32134912 allocated_registry_bytes=140863224 max_retained_records=18446744073709551615 max_consumed_record_ids=18446744073709551615 max_retained_key_bytes=18446744073709551615
STO_TPCC_CAPACITY phase=run_complete table=order_line_7 retained_records=2774119 consumed_record_ids=2774119 retained_key_bytes=44385904 allocated_registry_bytes=194636440 max_retained_records=18446744073709551615 max_consumed_record_ids=18446744073709551615 max_retained_key_bytes=18446744073709551615
STO_TPCC_CAPACITY phase=run_complete table=order_line_8 retained_records=2757610 consumed_record_ids=2757610 retained_key_bytes=44121760 allocated_registry_bytes=193416928 max_retained_records=18446744073709551615 max_consumed_record_ids=18446744073709551615 max_retained_key_bytes=18446744073709551615
STO_TPCC_CAPACITY phase=run_complete table=order_line_9 retained_records=2720545 consumed_record_ids=2720545 retained_key_bytes=43528720 allocated_registry_bytes=190834432 max_retained_records=18446744073709551615 max_consumed_record_ids=18446744073709551615 max_retained_key_bytes=18446744073709551615
STO_TPCC_CAPACITY phase=run_complete table=order_line_10 retained_records=2748802 consumed_record_ids=2748802 retained_key_bytes=43980832 allocated_registry_bytes=192843040 max_retained_records=18446744073709551615 max_consumed_record_ids=18446744073709551615 max_retained_key_bytes=18446744073709551615
STO_TPCC_CAPACITY phase=run_complete table=order_line_11 retained_records=2026118 consumed_record_ids=2026118 retained_key_bytes=32417888 allocated_registry_bytes=142082736 max_retained_records=18446744073709551615 max_consumed_record_ids=18446744073709551615 max_retained_key_bytes=18446744073709551615
STO_TPCC_CAPACITY phase=run_complete table=order_line_12 retained_records=2754371 consumed_record_ids=2754371 retained_key_bytes=44069936 allocated_registry_bytes=193201720 max_retained_records=18446744073709551615 max_consumed_record_ids=18446744073709551615 max_retained_key_bytes=18446744073709551615
STO_TPCC_CAPACITY phase=run_complete table=order_line_13 retained_records=2762306 consumed_record_ids=2762306 retained_key_bytes=44196896 allocated_registry_bytes=193775608 max_retained_records=18446744073709551615 max_consumed_record_ids=18446744073709551615 max_retained_key_bytes=18446744073709551615
STO_TPCC_CAPACITY phase=run_complete table=order_line_14 retained_records=2494541 consumed_record_ids=2494541 retained_key_bytes=39912656 allocated_registry_bytes=175052512 max_retained_records=18446744073709551615 max_consumed_record_ids=18446744073709551615 max_retained_key_bytes=18446744073709551615
STO_TPCC_CAPACITY phase=run_complete table=order_line_15 retained_records=2063143 consumed_record_ids=2063143 retained_key_bytes=33010288 allocated_registry_bytes=144665232 max_retained_records=18446744073709551615 max_consumed_record_ids=18446744073709551615 max_retained_key_bytes=18446744073709551615
STO_TPCC_CAPACITY phase=run_complete table=stock_0 retained_records=100000 consumed_record_ids=100999 retained_key_bytes=800000 allocated_registry_bytes=7111536 max_retained_records=18446744073709551615 max_consumed_record_ids=18446744073709551615 max_retained_key_bytes=18446744073709551615
STO_TPCC_CAPACITY phase=run_complete table=stock_1 retained_records=100000 consumed_record_ids=100999 retained_key_bytes=800000 allocated_registry_bytes=7111536 max_retained_records=18446744073709551615 max_consumed_record_ids=18446744073709551615 max_retained_key_bytes=18446744073709551615
STO_TPCC_CAPACITY phase=run_complete table=stock_2 retained_records=100000 consumed_record_ids=100999 retained_key_bytes=800000 allocated_registry_bytes=7111536 max_retained_records=18446744073709551615 max_consumed_record_ids=18446744073709551615 max_retained_key_bytes=18446744073709551615
STO_TPCC_CAPACITY phase=run_complete table=stock_3 retained_records=100000 consumed_record_ids=100999 retained_key_bytes=800000 allocated_registry_bytes=7111536 max_retained_records=18446744073709551615 max_consumed_record_ids=18446744073709551615 max_retained_key_bytes=18446744073709551615
STO_TPCC_CAPACITY phase=run_complete table=stock_4 retained_records=100000 consumed_record_ids=100999 retained_key_bytes=800000 allocated_registry_bytes=7111536 max_retained_records=18446744073709551615 max_consumed_record_ids=18446744073709551615 max_retained_key_bytes=18446744073709551615
STO_TPCC_CAPACITY phase=run_complete table=stock_5 retained_records=100000 consumed_record_ids=100999 retained_key_bytes=800000 allocated_registry_bytes=7111536 max_retained_records=18446744073709551615 max_consumed_record_ids=18446744073709551615 max_retained_key_bytes=18446744073709551615
STO_TPCC_CAPACITY phase=run_complete table=stock_6 retained_records=100000 consumed_record_ids=100999 retained_key_bytes=800000 allocated_registry_bytes=7111536 max_retained_records=18446744073709551615 max_consumed_record_ids=18446744073709551615 max_retained_key_bytes=18446744073709551615
STO_TPCC_CAPACITY phase=run_complete table=stock_7 retained_records=100000 consumed_record_ids=100999 retained_key_bytes=800000 allocated_registry_bytes=7111536 max_retained_records=18446744073709551615 max_consumed_record_ids=18446744073709551615 max_retained_key_bytes=18446744073709551615
STO_TPCC_CAPACITY phase=run_complete table=stock_8 retained_records=100000 consumed_record_ids=100999 retained_key_bytes=800000 allocated_registry_bytes=7111536 max_retained_records=18446744073709551615 max_consumed_record_ids=18446744073709551615 max_retained_key_bytes=18446744073709551615
STO_TPCC_CAPACITY phase=run_complete table=stock_9 retained_records=100000 consumed_record_ids=100999 retained_key_bytes=800000 allocated_registry_bytes=7111536 max_retained_records=18446744073709551615 max_consumed_record_ids=18446744073709551615 max_retained_key_bytes=18446744073709551615
STO_TPCC_CAPACITY phase=run_complete table=stock_10 retained_records=100000 consumed_record_ids=100999 retained_key_bytes=800000 allocated_registry_bytes=7111536 max_retained_records=18446744073709551615 max_consumed_record_ids=18446744073709551615 max_retained_key_bytes=18446744073709551615
STO_TPCC_CAPACITY phase=run_complete table=stock_11 retained_records=100000 consumed_record_ids=100999 retained_key_bytes=800000 allocated_registry_bytes=7111536 max_retained_records=18446744073709551615 max_consumed_record_ids=18446744073709551615 max_retained_key_bytes=18446744073709551615
STO_TPCC_CAPACITY phase=run_complete table=stock_12 retained_records=100000 consumed_record_ids=100999 retained_key_bytes=800000 allocated_registry_bytes=7111536 max_retained_records=18446744073709551615 max_consumed_record_ids=18446744073709551615 max_retained_key_bytes=18446744073709551615
STO_TPCC_CAPACITY phase=run_complete table=stock_13 retained_records=100000 consumed_record_ids=100999 retained_key_bytes=800000 allocated_registry_bytes=7111536 max_retained_records=18446744073709551615 max_consumed_record_ids=18446744073709551615 max_retained_key_bytes=18446744073709551615
STO_TPCC_CAPACITY phase=run_complete table=stock_14 retained_records=100000 consumed_record_ids=100999 retained_key_bytes=800000 allocated_registry_bytes=7111536 max_retained_records=18446744073709551615 max_consumed_record_ids=18446744073709551615 max_retained_key_bytes=18446744073709551615
STO_TPCC_CAPACITY phase=run_complete table=stock_15 retained_records=100000 consumed_record_ids=100999 retained_key_bytes=800000 allocated_registry_bytes=7111536 max_retained_records=18446744073709551615 max_consumed_record_ids=18446744073709551615 max_retained_key_bytes=18446744073709551615
STO_TPCC_CAPACITY phase=run_complete table=stock_data_0 retained_records=100000 consumed_record_ids=100999 retained_key_bytes=800000 allocated_registry_bytes=7111536 max_retained_records=18446744073709551615 max_consumed_record_ids=18446744073709551615 max_retained_key_bytes=18446744073709551615
STO_TPCC_CAPACITY phase=run_complete table=stock_data_1 retained_records=100000 consumed_record_ids=100999 retained_key_bytes=800000 allocated_registry_bytes=7111536 max_retained_records=18446744073709551615 max_consumed_record_ids=18446744073709551615 max_retained_key_bytes=18446744073709551615
STO_TPCC_CAPACITY phase=run_complete table=stock_data_2 retained_records=100000 consumed_record_ids=100999 retained_key_bytes=800000 allocated_registry_bytes=7111536 max_retained_records=18446744073709551615 max_consumed_record_ids=18446744073709551615 max_retained_key_bytes=18446744073709551615
STO_TPCC_CAPACITY phase=run_complete table=stock_data_3 retained_records=100000 consumed_record_ids=100999 retained_key_bytes=800000 allocated_registry_bytes=7111536 max_retained_records=18446744073709551615 max_consumed_record_ids=18446744073709551615 max_retained_key_bytes=18446744073709551615
STO_TPCC_CAPACITY phase=run_complete table=stock_data_4 retained_records=100000 consumed_record_ids=100999 retained_key_bytes=800000 allocated_registry_bytes=7111536 max_retained_records=18446744073709551615 max_consumed_record_ids=18446744073709551615 max_retained_key_bytes=18446744073709551615
STO_TPCC_CAPACITY phase=run_complete table=stock_data_5 retained_records=100000 consumed_record_ids=100999 retained_key_bytes=800000 allocated_registry_bytes=7111536 max_retained_records=18446744073709551615 max_consumed_record_ids=18446744073709551615 max_retained_key_bytes=18446744073709551615
STO_TPCC_CAPACITY phase=run_complete table=stock_data_6 retained_records=100000 consumed_record_ids=100999 retained_key_bytes=800000 allocated_registry_bytes=7111536 max_retained_records=18446744073709551615 max_consumed_record_ids=18446744073709551615 max_retained_key_bytes=18446744073709551615
STO_TPCC_CAPACITY phase=run_complete table=stock_data_7 retained_records=100000 consumed_record_ids=100999 retained_key_bytes=800000 allocated_registry_bytes=7111536 max_retained_records=18446744073709551615 max_consumed_record_ids=18446744073709551615 max_retained_key_bytes=18446744073709551615
STO_TPCC_CAPACITY phase=run_complete table=stock_data_8 retained_records=100000 consumed_record_ids=100999 retained_key_bytes=800000 allocated_registry_bytes=7111536 max_retained_records=18446744073709551615 max_consumed_record_ids=18446744073709551615 max_retained_key_bytes=18446744073709551615
STO_TPCC_CAPACITY phase=run_complete table=stock_data_9 retained_records=100000 consumed_record_ids=100999 retained_key_bytes=800000 allocated_registry_bytes=7111536 max_retained_records=18446744073709551615 max_consumed_record_ids=18446744073709551615 max_retained_key_bytes=18446744073709551615
STO_TPCC_CAPACITY phase=run_complete table=stock_data_10 retained_records=100000 consumed_record_ids=100999 retained_key_bytes=800000 allocated_registry_bytes=7111536 max_retained_records=18446744073709551615 max_consumed_record_ids=18446744073709551615 max_retained_key_bytes=18446744073709551615
STO_TPCC_CAPACITY phase=run_complete table=stock_data_11 retained_records=100000 consumed_record_ids=100999 retained_key_bytes=800000 allocated_registry_bytes=7111536 max_retained_records=18446744073709551615 max_consumed_record_ids=18446744073709551615 max_retained_key_bytes=18446744073709551615
STO_TPCC_CAPACITY phase=run_complete table=stock_data_12 retained_records=100000 consumed_record_ids=100999 retained_key_bytes=800000 allocated_registry_bytes=7111536 max_retained_records=18446744073709551615 max_consumed_record_ids=18446744073709551615 max_retained_key_bytes=18446744073709551615
STO_TPCC_CAPACITY phase=run_complete table=stock_data_13 retained_records=100000 consumed_record_ids=100999 retained_key_bytes=800000 allocated_registry_bytes=7111536 max_retained_records=18446744073709551615 max_consumed_record_ids=18446744073709551615 max_retained_key_bytes=18446744073709551615
STO_TPCC_CAPACITY phase=run_complete table=stock_data_14 retained_records=100000 consumed_record_ids=100999 retained_key_bytes=800000 allocated_registry_bytes=7111536 max_retained_records=18446744073709551615 max_consumed_record_ids=18446744073709551615 max_retained_key_bytes=18446744073709551615
STO_TPCC_CAPACITY phase=run_complete table=stock_data_15 retained_records=100000 consumed_record_ids=100999 retained_key_bytes=800000 allocated_registry_bytes=7111536 max_retained_records=18446744073709551615 max_consumed_record_ids=18446744073709551615 max_retained_key_bytes=18446744073709551615
STO_TPCC_CAPACITY phase=run_complete table=warehouse_0 retained_records=1 consumed_record_ids=1 retained_key_bytes=4 allocated_registry_bytes=205424 max_retained_records=18446744073709551615 max_consumed_record_ids=18446744073709551615 max_retained_key_bytes=18446744073709551615
STO_TPCC_CAPACITY phase=run_complete table=warehouse_1 retained_records=1 consumed_record_ids=1 retained_key_bytes=4 allocated_registry_bytes=205424 max_retained_records=18446744073709551615 max_consumed_record_ids=18446744073709551615 max_retained_key_bytes=18446744073709551615
STO_TPCC_CAPACITY phase=run_complete table=warehouse_2 retained_records=1 consumed_record_ids=1 retained_key_bytes=4 allocated_registry_bytes=205424 max_retained_records=18446744073709551615 max_consumed_record_ids=18446744073709551615 max_retained_key_bytes=18446744073709551615
STO_TPCC_CAPACITY phase=run_complete table=warehouse_3 retained_records=1 consumed_record_ids=1 retained_key_bytes=4 allocated_registry_bytes=205424 max_retained_records=18446744073709551615 max_consumed_record_ids=18446744073709551615 max_retained_key_bytes=18446744073709551615
STO_TPCC_CAPACITY phase=run_complete table=warehouse_4 retained_records=1 consumed_record_ids=1 retained_key_bytes=4 allocated_registry_bytes=205424 max_retained_records=18446744073709551615 max_consumed_record_ids=18446744073709551615 max_retained_key_bytes=18446744073709551615
STO_TPCC_CAPACITY phase=run_complete table=warehouse_5 retained_records=1 consumed_record_ids=1 retained_key_bytes=4 allocated_registry_bytes=205424 max_retained_records=18446744073709551615 max_consumed_record_ids=18446744073709551615 max_retained_key_bytes=18446744073709551615
STO_TPCC_CAPACITY phase=run_complete table=warehouse_6 retained_records=1 consumed_record_ids=1 retained_key_bytes=4 allocated_registry_bytes=205424 max_retained_records=18446744073709551615 max_consumed_record_ids=18446744073709551615 max_retained_key_bytes=18446744073709551615
STO_TPCC_CAPACITY phase=run_complete table=warehouse_7 retained_records=1 consumed_record_ids=1 retained_key_bytes=4 allocated_registry_bytes=205424 max_retained_records=18446744073709551615 max_consumed_record_ids=18446744073709551615 max_retained_key_bytes=18446744073709551615
STO_TPCC_CAPACITY phase=run_complete table=warehouse_8 retained_records=1 consumed_record_ids=1 retained_key_bytes=4 allocated_registry_bytes=205424 max_retained_records=18446744073709551615 max_consumed_record_ids=18446744073709551615 max_retained_key_bytes=18446744073709551615
STO_TPCC_CAPACITY phase=run_complete table=warehouse_9 retained_records=1 consumed_record_ids=1 retained_key_bytes=4 allocated_registry_bytes=205424 max_retained_records=18446744073709551615 max_consumed_record_ids=18446744073709551615 max_retained_key_bytes=18446744073709551615
STO_TPCC_CAPACITY phase=run_complete table=warehouse_10 retained_records=1 consumed_record_ids=1 retained_key_bytes=4 allocated_registry_bytes=205424 max_retained_records=18446744073709551615 max_consumed_record_ids=18446744073709551615 max_retained_key_bytes=18446744073709551615
STO_TPCC_CAPACITY phase=run_complete table=warehouse_11 retained_records=1 consumed_record_ids=1 retained_key_bytes=4 allocated_registry_bytes=205424 max_retained_records=18446744073709551615 max_consumed_record_ids=18446744073709551615 max_retained_key_bytes=18446744073709551615
STO_TPCC_CAPACITY phase=run_complete table=warehouse_12 retained_records=1 consumed_record_ids=1 retained_key_bytes=4 allocated_registry_bytes=205424 max_retained_records=18446744073709551615 max_consumed_record_ids=18446744073709551615 max_retained_key_bytes=18446744073709551615
STO_TPCC_CAPACITY phase=run_complete table=warehouse_13 retained_records=1 consumed_record_ids=1 retained_key_bytes=4 allocated_registry_bytes=205424 max_retained_records=18446744073709551615 max_consumed_record_ids=18446744073709551615 max_retained_key_bytes=18446744073709551615
STO_TPCC_CAPACITY phase=run_complete table=warehouse_14 retained_records=1 consumed_record_ids=1 retained_key_bytes=4 allocated_registry_bytes=205424 max_retained_records=18446744073709551615 max_consumed_record_ids=18446744073709551615 max_retained_key_bytes=18446744073709551615
STO_TPCC_CAPACITY phase=run_complete table=warehouse_15 retained_records=1 consumed_record_ids=1 retained_key_bytes=4 allocated_registry_bytes=205424 max_retained_records=18446744073709551615 max_consumed_record_ids=18446744073709551615 max_retained_key_bytes=18446744073709551615
STO_TPCC_CAPACITY phase=run_complete table=item retained_records=100000 consumed_record_ids=100000 retained_key_bytes=400000 allocated_registry_bytes=7039800 max_retained_records=18446744073709551615 max_consumed_record_ids=18446744073709551615 max_retained_key_bytes=18446744073709551615
--- benchmark statistics ---
runtime: 10.1385 sec
memory delta: 5000.03 MB
n_commits: 8146354
latency_numer_us: 156788057
latency_numer_us_remote: 0
memory delta rate: 493.171 MB/sec
logical memory delta: 516.614 MB
logical memory delta rate: 50.9555 MB/sec
agg_nosync_throughput: 803520 ops/sec
avg_nosync_per_core_throughput: 50220 ops/sec/core
agg_throughput: 803504 ops/sec
avg_per_core_throughput: 50219 ops/sec/core
agg_persist_throughput: 803504 ops/sec
avg_per_core_persist_throughput: 50219 ops/sec/core
avg_latency: 0.0192464 ms
avg_persist_latency: 0 ms
agg_abort_rate: 78.4137 aborts/sec
avg_per_core_abort_rate: 4.90086 aborts/sec/core
  NewOrder_local_commit_latency: 0.0230566 ms
  NewOrder_local_abort_latency: 0.159025 ms
  NewOrder_local_abort_ratio: 0.000139365
  Payment_local_commit_latency: 0.00783208 ms
  Payment_local_abort_latency: 0.110191 ms
  Payment_local_abort_ratio: 5.70889e-06
  Delivery_local_commit_latency: 0.0851641 ms
  Delivery_local_abort_latency: 0 ms
  Delivery_local_abort_ratio: 0
  OrderStatus_local_commit_latency: 0.0106784 ms
  OrderStatus_local_abort_latency: 0.0372887 ms
  OrderStatus_local_abort_ratio: 9.23671e-06
  StockLevel_local_commit_latency: 0.0540458 ms
  StockLevel_local_abort_latency: 0.124625 ms
  StockLevel_local_abort_ratio: 0.000799995
  NewOrder_remote_ratio: 0 %
  NewOrder_remote_abort_ratio: 0 %
  NewOrder_remote_commit_latency: 0 ms
  NewOrder_remote_abort_latency: 0 ms
  Payment_remote_ratio: 0 %
  Payment_remote_abort_ratio: 0 %
  Payment_remote_commit_latency: 0 ms
  Payment_remote_abort_latency: 0 ms
--- system counters (for benchmark) ---
--- perf counters (if enabled, for benchmark) ---
--- allocator stats ---
[SiloRuntime 0] ncpus=16
[SiloRuntime 0] cpu=0 fully_faulted?=0 remaining=146800640 bytes
[SiloRuntime 0] cpu=1 fully_faulted?=0 remaining=146800640 bytes
[SiloRuntime 0] cpu=2 fully_faulted?=0 remaining=159383552 bytes
[SiloRuntime 0] cpu=3 fully_faulted?=0 remaining=148897792 bytes
[SiloRuntime 0] cpu=4 fully_faulted?=0 remaining=146800640 bytes
[SiloRuntime 0] cpu=5 fully_faulted?=0 remaining=148897792 bytes
[SiloRuntime 0] cpu=6 fully_faulted?=0 remaining=176160768 bytes
[SiloRuntime 0] cpu=7 fully_faulted?=0 remaining=148897792 bytes
[SiloRuntime 0] cpu=8 fully_faulted?=0 remaining=148897792 bytes
[SiloRuntime 0] cpu=9 fully_faulted?=0 remaining=150994944 bytes
[SiloRuntime 0] cpu=10 fully_faulted?=0 remaining=148897792 bytes
[SiloRuntime 0] cpu=11 fully_faulted?=0 remaining=174063616 bytes
[SiloRuntime 0] cpu=12 fully_faulted?=0 remaining=148897792 bytes
[SiloRuntime 0] cpu=13 fully_faulted?=0 remaining=148897792 bytes
[SiloRuntime 0] cpu=14 fully_faulted?=0 remaining=159383552 bytes
[SiloRuntime 0] cpu=15 fully_faulted?=0 remaining=157286400 bytes
---------------------------------------
--- system counters for n_commits ---
[STOP_SERVER] Stopping 0 server transports
[STOP_SERVER] All server transports stopped
