20260909-09:06.01-400711(us) 2432096 * ParseNewFormat  (configuration.cc:102): Using new configuration format
20260909-09:06.01-400866(us) 2432096 * ParseNewFormat  (configuration.cc:162): Loaded 1 sites in 1 shards
20260909-09:06.01-400901(us) 2432096 * handle_new_config_format (dbtest.cc:368):    Site local_s0: shard=0, replica_idx=0, is_leader=1, cluster=localhost
STO_TPCC_NATIVE_ALLOCATOR configured_bytes=4294967296 scope=native_only rust_heap_excluded=1
SiloRuntime[0]::InitializeAllocator()
  hugepgsize: 2097152
  mmap() region [0x796d67200000, 0x796e67400000)
  runtime0 cpu0 owns [0x796d67200000, 0x796d77200000)
  runtime0 cpu1 owns [0x796d77200000, 0x796d87200000)
  runtime0 cpu2 owns [0x796d87200000, 0x796d97200000)
  runtime0 cpu3 owns [0x796d97200000, 0x796da7200000)
  runtime0 cpu4 owns [0x796da7200000, 0x796db7200000)
  runtime0 cpu5 owns [0x796db7200000, 0x796dc7200000)
  runtime0 cpu6 owns [0x796dc7200000, 0x796dd7200000)
  runtime0 cpu7 owns [0x796dd7200000, 0x796de7200000)
  runtime0 cpu8 owns [0x796de7200000, 0x796df7200000)
  runtime0 cpu9 owns [0x796df7200000, 0x796e07200000)
  runtime0 cpu10 owns [0x796e07200000, 0x796e17200000)
  runtime0 cpu11 owns [0x796e17200000, 0x796e27200000)
  runtime0 cpu12 owns [0x796e27200000, 0x796e37200000)
  runtime0 cpu13 owns [0x796e37200000, 0x796e47200000)
  runtime0 cpu14 owns [0x796e47200000, 0x796e57200000)
  runtime0 cpu15 owns [0x796e57200000, 0x796e67200000)
Database Benchmark:
  pid: 2432096
settings:
  num-cpus    : 128
  num-threads : 16
  shardIndex  : 0
  paxos_proc_name  : localhost
  nshards     : 1
  is_micro    : 0
  is_replicated : 0
  storage_engine : rust
  var-encode  : yes
  allocator   : jemalloc
system properties:
  tuple_prefetch          : no
  btree_node_prefetch     : yes
tpcc settings:
  cross_partition_transactions : 1
  read_only_snapshots          : 1
  partition_locks              : 0
  separate_tree_per_partition  : 1
  new_order_remote_item_pct    : 1
  new_order_fast_id_gen        : 1
  uniform_item_dist            : 0
  order_status_scan_hack       : 0
  workload_mix                 : [45, 43, 4, 4, 4]
20260909-09:06.01-424227(us) 2432096 * ParseNewFormat  (configuration.cc:102): Using new configuration format
20260909-09:06.01-424309(us) 2432096 * ParseNewFormat  (configuration.cc:162): Loaded 1 sites in 1 shards
20260909-09:06.01-424704(us) 2432096 * Initialize      (srpc_rpc_backend.cc:66): SrpcRpcBackend::Initialize: poll_thread_worker_ created, is_some=1
20260909-09:06.01-424912(us) 2432096 * Initialize      (srpc_rpc_backend.cc:97): SrpcRpcBackend initialized on 127.0.0.1:31021 (listening on 0.0.0.0:31021)
20260909-09:06.01-424936(us) 2432096 * FastTransport   (fasttransport.cc:147): FastTransport initialized with srpc/rpc backend on 127.0.0.1:31021
20260909-09:06.01-424957(us) 2432096 * RunEventLoop    (srpc_rpc_backend.cc:516): SrpcRpcBackend::RunEventLoop: Starting event loop
20260909-09:06.01-425989(us) 2432096 * ParseNewFormat  (configuration.cc:102): Using new configuration format
20260909-09:06.01-426102(us) 2432096 * ParseNewFormat  (configuration.cc:162): Loaded 1 sites in 1 shards
20260909-09:06.01-426432(us) 2432096 * Initialize      (srpc_rpc_backend.cc:66): SrpcRpcBackend::Initialize: poll_thread_worker_ created, is_some=1
20260909-09:06.01-426553(us) 2432096 * Initialize      (srpc_rpc_backend.cc:97): SrpcRpcBackend initialized on 127.0.0.1:31022 (listening on 0.0.0.0:31022)
20260909-09:06.01-426578(us) 2432096 * FastTransport   (fasttransport.cc:147): FastTransport initialized with srpc/rpc backend on 127.0.0.1:31022
20260909-09:06.01-426597(us) 2432096 * RunEventLoop    (srpc_rpc_backend.cc:516): SrpcRpcBackend::RunEventLoop: Starting event loop
20260909-09:06.01-430002(us) 2432096 ! run             (bench.cc:537):     # of loaders size:6
20260909-09:06.01-431256(us) 2432096 * benchmark_thread_init (mbta_wrapper.hh:1811): thread_init: thread_id=0, shard_index=0, getShardIndex=0, loader=1
20260909-09:06.01-431471(us) 2432096 * benchmark_thread_init (mbta_wrapper.hh:1811): thread_init: thread_id=1, shard_index=0, getShardIndex=0, loader=1
20260909-09:06.01-431670(us) 2432096 * benchmark_thread_init (mbta_wrapper.hh:1811): thread_init: thread_id=2, shard_index=0, getShardIndex=0, loader=1
20260909-09:06.01-431789(us) 2432096 * benchmark_thread_init (mbta_wrapper.hh:1811): thread_init: thread_id=3, shard_index=0, getShardIndex=0, loader=1
PinToWarehouseId(): coreid=3 pinned to whse=1 (partid=0)
20260909-09:06.01-432291(us) 2432096 * benchmark_thread_init (mbta_wrapper.hh:1811): thread_init: thread_id=4, shard_index=0, getShardIndex=0, loader=1
PinToWarehouseId(): coreid=4 pinned to whse=1 (partid=0)
20260909-09:06.01-432387(us) 2432096 * benchmark_thread_init (mbta_wrapper.hh:1811): thread_init: thread_id=5, shard_index=0, getShardIndex=0, loader=1
num batches: 30
PinToWarehouseId(): coreid=5 pinned to whse=1 (partid=0)
PinToWarehouseId(): coreid=4 pinned to whse=2 (partid=1)
PinToWarehouseId(): coreid=6 pinned to whse=1 (partid=0)
PinToWarehouseId(): coreid=4 pinned to whse=3 (partid=2)
PinToWarehouseId(): coreid=4 pinned to whse=4 (partid=3)
PinToWarehouseId(): coreid=4 pinned to whse=5 (partid=4)
PinToWarehouseId(): coreid=4 pinned to whse=6 (partid=5)
PinToWarehouseId(): coreid=4 pinned to whse=7 (partid=6)
PinToWarehouseId(): coreid=4 pinned to whse=8 (partid=7)
PinToWarehouseId(): coreid=4 pinned to whse=9 (partid=8)
PinToWarehouseId(): coreid=4 pinned to whse=10 (partid=9)
PinToWarehouseId(): coreid=4 pinned to whse=11 (partid=10)
PinToWarehouseId(): coreid=4 pinned to whse=12 (partid=11)
PinToWarehouseId(): coreid=4 pinned to whse=13 (partid=12)
[INFO] finished loading warehouse
[INFO]   * average warehouse record length: 97 bytes
PinToWarehouseId(): coreid=4 pinned to whse=14 (partid=13)
PinToWarehouseId(): coreid=4 pinned to whse=15 (partid=14)
PinToWarehouseId(): coreid=4 pinned to whse=16 (partid=15)
[INFO] finished loading district
[INFO]   * average district record length: 99 bytes
PinToWarehouseId(): coreid=6 pinned to whse=2 (partid=1)
[INFO] finished loading item
[INFO]   * average item record length: 84.1739 bytes
PinToWarehouseId(): coreid=5 pinned to whse=2 (partid=1)
PinToWarehouseId(): coreid=6 pinned to whse=3 (partid=2)
PinToWarehouseId(): coreid=5 pinned to whse=3 (partid=2)
PinToWarehouseId(): coreid=6 pinned to whse=4 (partid=3)
PinToWarehouseId(): coreid=6 pinned to whse=5 (partid=4)
PinToWarehouseId(): coreid=5 pinned to whse=4 (partid=3)
PinToWarehouseId(): coreid=3 pinned to whse=2 (partid=1)
PinToWarehouseId(): coreid=6 pinned to whse=6 (partid=5)
PinToWarehouseId(): coreid=5 pinned to whse=5 (partid=4)
PinToWarehouseId(): coreid=6 pinned to whse=7 (partid=6)
PinToWarehouseId(): coreid=6 pinned to whse=8 (partid=7)
PinToWarehouseId(): coreid=5 pinned to whse=6 (partid=5)
PinToWarehouseId(): coreid=6 pinned to whse=9 (partid=8)
PinToWarehouseId(): coreid=5 pinned to whse=7 (partid=6)
PinToWarehouseId(): coreid=6 pinned to whse=10 (partid=9)
PinToWarehouseId(): coreid=3 pinned to whse=3 (partid=2)
PinToWarehouseId(): coreid=6 pinned to whse=11 (partid=10)
PinToWarehouseId(): coreid=5 pinned to whse=8 (partid=7)
PinToWarehouseId(): coreid=6 pinned to whse=12 (partid=11)
PinToWarehouseId(): coreid=5 pinned to whse=9 (partid=8)
PinToWarehouseId(): coreid=6 pinned to whse=13 (partid=12)
PinToWarehouseId(): coreid=6 pinned to whse=14 (partid=13)
PinToWarehouseId(): coreid=5 pinned to whse=10 (partid=9)
PinToWarehouseId(): coreid=6 pinned to whse=15 (partid=14)
PinToWarehouseId(): coreid=3 pinned to whse=4 (partid=3)
PinToWarehouseId(): coreid=5 pinned to whse=11 (partid=10)
PinToWarehouseId(): coreid=6 pinned to whse=16 (partid=15)
[INFO] finished loading order
[INFO]   * average order_line record length: 11.2927 bytes
[INFO]   * average oorder record length: 7.9446 bytes
[INFO]   * average new_order record length: 12 bytes
PinToWarehouseId(): coreid=5 pinned to whse=12 (partid=11)
PinToWarehouseId(): coreid=5 pinned to whse=13 (partid=12)
PinToWarehouseId(): coreid=5 pinned to whse=14 (partid=13)
PinToWarehouseId(): coreid=3 pinned to whse=5 (partid=4)
PinToWarehouseId(): coreid=5 pinned to whse=15 (partid=14)
PinToWarehouseId(): coreid=5 pinned to whse=16 (partid=15)
[INFO] finished loading customer
[INFO]   * average customer record length: 153.983 bytes 
PinToWarehouseId(): coreid=3 pinned to whse=6 (partid=5)
PinToWarehouseId(): coreid=3 pinned to whse=7 (partid=6)
PinToWarehouseId(): coreid=3 pinned to whse=8 (partid=7)
PinToWarehouseId(): coreid=3 pinned to whse=9 (partid=8)
PinToWarehouseId(): coreid=3 pinned to whse=10 (partid=9)
PinToWarehouseId(): coreid=3 pinned to whse=11 (partid=10)
PinToWarehouseId(): coreid=3 pinned to whse=12 (partid=11)
PinToWarehouseId(): coreid=3 pinned to whse=13 (partid=12)
PinToWarehouseId(): coreid=3 pinned to whse=14 (partid=13)
PinToWarehouseId(): coreid=3 pinned to whse=15 (partid=14)
PinToWarehouseId(): coreid=3 pinned to whse=16 (partid=15)
[INFO] finished loading stock
[INFO]   * average stock record length: 8 bytes
timed region dataloading took 22294.6 ms
DB size: 2486.8 MB
[0, 0, 0] txns persisted in loading phase
20260909-09:06.23-724656(us) 2432096 ! run             (bench.cc:607):     # of nthreads:16
starting benchmark...
STO_TPCC_CAPACITY phase=load_complete scope=database allocated_registry_bytes=1012510984 max_registry_bytes=8589934592 registry_headroom_bytes=7577423608
STO_TPCC_CAPACITY phase=load_complete table=customer_0 retained_records=90000 consumed_record_ids=90000 retained_key_bytes=1080000 allocated_registry_bytes=17856776 max_retained_records=18446744073709551615 max_consumed_record_ids=18446744073709551615 max_retained_key_bytes=18446744073709551615
STO_TPCC_CAPACITY phase=load_complete table=customer_1 retained_records=90000 consumed_record_ids=90000 retained_key_bytes=1080000 allocated_registry_bytes=17856776 max_retained_records=18446744073709551615 max_consumed_record_ids=18446744073709551615 max_retained_key_bytes=18446744073709551615
STO_TPCC_CAPACITY phase=load_complete table=customer_2 retained_records=90000 consumed_record_ids=90000 retained_key_bytes=1080000 allocated_registry_bytes=17856776 max_retained_records=18446744073709551615 max_consumed_record_ids=18446744073709551615 max_retained_key_bytes=18446744073709551615
STO_TPCC_CAPACITY phase=load_complete table=customer_3 retained_records=90000 consumed_record_ids=90000 retained_key_bytes=1080000 allocated_registry_bytes=17856776 max_retained_records=18446744073709551615 max_consumed_record_ids=18446744073709551615 max_retained_key_bytes=18446744073709551615
STO_TPCC_CAPACITY phase=load_complete table=customer_4 retained_records=90000 consumed_record_ids=90000 retained_key_bytes=1080000 allocated_registry_bytes=17856776 max_retained_records=18446744073709551615 max_consumed_record_ids=18446744073709551615 max_retained_key_bytes=18446744073709551615
STO_TPCC_CAPACITY phase=load_complete table=customer_5 retained_records=90000 consumed_record_ids=90000 retained_key_bytes=1080000 allocated_registry_bytes=17856776 max_retained_records=18446744073709551615 max_consumed_record_ids=18446744073709551615 max_retained_key_bytes=18446744073709551615
STO_TPCC_CAPACITY phase=load_complete table=customer_6 retained_records=90000 consumed_record_ids=90000 retained_key_bytes=1080000 allocated_registry_bytes=17856776 max_retained_records=18446744073709551615 max_consumed_record_ids=18446744073709551615 max_retained_key_bytes=18446744073709551615
STO_TPCC_CAPACITY phase=load_complete table=customer_7 retained_records=90000 consumed_record_ids=90000 retained_key_bytes=1080000 allocated_registry_bytes=17856776 max_retained_records=18446744073709551615 max_consumed_record_ids=18446744073709551615 max_retained_key_bytes=18446744073709551615
STO_TPCC_CAPACITY phase=load_complete table=customer_8 retained_records=90000 consumed_record_ids=90000 retained_key_bytes=1080000 allocated_registry_bytes=17856776 max_retained_records=18446744073709551615 max_consumed_record_ids=18446744073709551615 max_retained_key_bytes=18446744073709551615
STO_TPCC_CAPACITY phase=load_complete table=customer_9 retained_records=90000 consumed_record_ids=90000 retained_key_bytes=1080000 allocated_registry_bytes=17856776 max_retained_records=18446744073709551615 max_consumed_record_ids=18446744073709551615 max_retained_key_bytes=18446744073709551615
STO_TPCC_CAPACITY phase=load_complete table=customer_10 retained_records=90000 consumed_record_ids=90000 retained_key_bytes=1080000 allocated_registry_bytes=17856776 max_retained_records=18446744073709551615 max_consumed_record_ids=18446744073709551615 max_retained_key_bytes=18446744073709551615
STO_TPCC_CAPACITY phase=load_complete table=customer_11 retained_records=90000 consumed_record_ids=90000 retained_key_bytes=1080000 allocated_registry_bytes=17856776 max_retained_records=18446744073709551615 max_consumed_record_ids=18446744073709551615 max_retained_key_bytes=18446744073709551615
STO_TPCC_CAPACITY phase=load_complete table=customer_12 retained_records=90000 consumed_record_ids=90000 retained_key_bytes=1080000 allocated_registry_bytes=17856776 max_retained_records=18446744073709551615 max_consumed_record_ids=18446744073709551615 max_retained_key_bytes=18446744073709551615
STO_TPCC_CAPACITY phase=load_complete table=customer_13 retained_records=90000 consumed_record_ids=90000 retained_key_bytes=1080000 allocated_registry_bytes=17856776 max_retained_records=18446744073709551615 max_consumed_record_ids=18446744073709551615 max_retained_key_bytes=18446744073709551615
STO_TPCC_CAPACITY phase=load_complete table=customer_14 retained_records=90000 consumed_record_ids=90000 retained_key_bytes=1080000 allocated_registry_bytes=17856776 max_retained_records=18446744073709551615 max_consumed_record_ids=18446744073709551615 max_retained_key_bytes=18446744073709551615
STO_TPCC_CAPACITY phase=load_complete table=customer_15 retained_records=90000 consumed_record_ids=90000 retained_key_bytes=1080000 allocated_registry_bytes=17856776 max_retained_records=18446744073709551615 max_consumed_record_ids=18446744073709551615 max_retained_key_bytes=18446744073709551615
STO_TPCC_CAPACITY phase=load_complete table=customer_name_idx_0 retained_records=30000 consumed_record_ids=30000 retained_key_bytes=1200000 allocated_registry_bytes=2156376 max_retained_records=18446744073709551615 max_consumed_record_ids=18446744073709551615 max_retained_key_bytes=18446744073709551615
STO_TPCC_CAPACITY phase=load_complete table=customer_name_idx_1 retained_records=30000 consumed_record_ids=30000 retained_key_bytes=1200000 allocated_registry_bytes=2156376 max_retained_records=18446744073709551615 max_consumed_record_ids=18446744073709551615 max_retained_key_bytes=18446744073709551615
STO_TPCC_CAPACITY phase=load_complete table=customer_name_idx_2 retained_records=30000 consumed_record_ids=30000 retained_key_bytes=1200000 allocated_registry_bytes=2156376 max_retained_records=18446744073709551615 max_consumed_record_ids=18446744073709551615 max_retained_key_bytes=18446744073709551615
STO_TPCC_CAPACITY phase=load_complete table=customer_name_idx_3 retained_records=30000 consumed_record_ids=30000 retained_key_bytes=1200000 allocated_registry_bytes=2156376 max_retained_records=18446744073709551615 max_consumed_record_ids=18446744073709551615 max_retained_key_bytes=18446744073709551615
STO_TPCC_CAPACITY phase=load_complete table=customer_name_idx_4 retained_records=30000 consumed_record_ids=30000 retained_key_bytes=1200000 allocated_registry_bytes=2156376 max_retained_records=18446744073709551615 max_consumed_record_ids=18446744073709551615 max_retained_key_bytes=18446744073709551615
STO_TPCC_CAPACITY phase=load_complete table=customer_name_idx_5 retained_records=30000 consumed_record_ids=30000 retained_key_bytes=1200000 allocated_registry_bytes=2156376 max_retained_records=18446744073709551615 max_consumed_record_ids=18446744073709551615 max_retained_key_bytes=18446744073709551615
STO_TPCC_CAPACITY phase=load_complete table=customer_name_idx_6 retained_records=30000 consumed_record_ids=30000 retained_key_bytes=1200000 allocated_registry_bytes=2156376 max_retained_records=18446744073709551615 max_consumed_record_ids=18446744073709551615 max_retained_key_bytes=18446744073709551615
STO_TPCC_CAPACITY phase=load_complete table=customer_name_idx_7 retained_records=30000 consumed_record_ids=30000 retained_key_bytes=1200000 allocated_registry_bytes=2156376 max_retained_records=18446744073709551615 max_consumed_record_ids=18446744073709551615 max_retained_key_bytes=18446744073709551615
STO_TPCC_CAPACITY phase=load_complete table=customer_name_idx_8 retained_records=30000 consumed_record_ids=30000 retained_key_bytes=1200000 allocated_registry_bytes=2156376 max_retained_records=18446744073709551615 max_consumed_record_ids=18446744073709551615 max_retained_key_bytes=18446744073709551615
STO_TPCC_CAPACITY phase=load_complete table=customer_name_idx_9 retained_records=30000 consumed_record_ids=30000 retained_key_bytes=1200000 allocated_registry_bytes=2156376 max_retained_records=18446744073709551615 max_consumed_record_ids=18446744073709551615 max_retained_key_bytes=18446744073709551615
STO_TPCC_CAPACITY phase=load_complete table=customer_name_idx_10 retained_records=30000 consumed_record_ids=30000 retained_key_bytes=1200000 allocated_registry_bytes=2156376 max_retained_records=18446744073709551615 max_consumed_record_ids=18446744073709551615 max_retained_key_bytes=18446744073709551615
STO_TPCC_CAPACITY phase=load_complete table=customer_name_idx_11 retained_records=30000 consumed_record_ids=30000 retained_key_bytes=1200000 allocated_registry_bytes=2156376 max_retained_records=18446744073709551615 max_consumed_record_ids=18446744073709551615 max_retained_key_bytes=18446744073709551615
STO_TPCC_CAPACITY phase=load_complete table=customer_name_idx_12 retained_records=30000 consumed_record_ids=30000 retained_key_bytes=1200000 allocated_registry_bytes=2156376 max_retained_records=18446744073709551615 max_consumed_record_ids=18446744073709551615 max_retained_key_bytes=18446744073709551615
STO_TPCC_CAPACITY phase=load_complete table=customer_name_idx_13 retained_records=30000 consumed_record_ids=30000 retained_key_bytes=1200000 allocated_registry_bytes=2156376 max_retained_records=18446744073709551615 max_consumed_record_ids=18446744073709551615 max_retained_key_bytes=18446744073709551615
STO_TPCC_CAPACITY phase=load_complete table=customer_name_idx_14 retained_records=30000 consumed_record_ids=30000 retained_key_bytes=1200000 allocated_registry_bytes=2156376 max_retained_records=18446744073709551615 max_consumed_record_ids=18446744073709551615 max_retained_key_bytes=18446744073709551615
STO_TPCC_CAPACITY phase=load_complete table=customer_name_idx_15 retained_records=30000 consumed_record_ids=30000 retained_key_bytes=1200000 allocated_registry_bytes=2156376 max_retained_records=18446744073709551615 max_consumed_record_ids=18446744073709551615 max_retained_key_bytes=18446744073709551615
STO_TPCC_CAPACITY phase=load_complete table=district_0 retained_records=10 consumed_record_ids=10 retained_key_bytes=80 allocated_registry_bytes=205424 max_retained_records=18446744073709551615 max_consumed_record_ids=18446744073709551615 max_retained_key_bytes=18446744073709551615
STO_TPCC_CAPACITY phase=load_complete table=district_1 retained_records=10 consumed_record_ids=10 retained_key_bytes=80 allocated_registry_bytes=205424 max_retained_records=18446744073709551615 max_consumed_record_ids=18446744073709551615 max_retained_key_bytes=18446744073709551615
STO_TPCC_CAPACITY phase=load_complete table=district_2 retained_records=10 consumed_record_ids=10 retained_key_bytes=80 allocated_registry_bytes=205424 max_retained_records=18446744073709551615 max_consumed_record_ids=18446744073709551615 max_retained_key_bytes=18446744073709551615
STO_TPCC_CAPACITY phase=load_complete table=district_3 retained_records=10 consumed_record_ids=10 retained_key_bytes=80 allocated_registry_bytes=205424 max_retained_records=18446744073709551615 max_consumed_record_ids=18446744073709551615 max_retained_key_bytes=18446744073709551615
STO_TPCC_CAPACITY phase=load_complete table=district_4 retained_records=10 consumed_record_ids=10 retained_key_bytes=80 allocated_registry_bytes=205424 max_retained_records=18446744073709551615 max_consumed_record_ids=18446744073709551615 max_retained_key_bytes=18446744073709551615
STO_TPCC_CAPACITY phase=load_complete table=district_5 retained_records=10 consumed_record_ids=10 retained_key_bytes=80 allocated_registry_bytes=205424 max_retained_records=18446744073709551615 max_consumed_record_ids=18446744073709551615 max_retained_key_bytes=18446744073709551615
STO_TPCC_CAPACITY phase=load_complete table=district_6 retained_records=10 consumed_record_ids=10 retained_key_bytes=80 allocated_registry_bytes=205424 max_retained_records=18446744073709551615 max_consumed_record_ids=18446744073709551615 max_retained_key_bytes=18446744073709551615
STO_TPCC_CAPACITY phase=load_complete table=district_7 retained_records=10 consumed_record_ids=10 retained_key_bytes=80 allocated_registry_bytes=205424 max_retained_records=18446744073709551615 max_consumed_record_ids=18446744073709551615 max_retained_key_bytes=18446744073709551615
STO_TPCC_CAPACITY phase=load_complete table=district_8 retained_records=10 consumed_record_ids=10 retained_key_bytes=80 allocated_registry_bytes=205424 max_retained_records=18446744073709551615 max_consumed_record_ids=18446744073709551615 max_retained_key_bytes=18446744073709551615
STO_TPCC_CAPACITY phase=load_complete table=district_9 retained_records=10 consumed_record_ids=10 retained_key_bytes=80 allocated_registry_bytes=205424 max_retained_records=18446744073709551615 max_consumed_record_ids=18446744073709551615 max_retained_key_bytes=18446744073709551615
STO_TPCC_CAPACITY phase=load_complete table=district_10 retained_records=10 consumed_record_ids=10 retained_key_bytes=80 allocated_registry_bytes=205424 max_retained_records=18446744073709551615 max_consumed_record_ids=18446744073709551615 max_retained_key_bytes=18446744073709551615
STO_TPCC_CAPACITY phase=load_complete table=district_11 retained_records=10 consumed_record_ids=10 retained_key_bytes=80 allocated_registry_bytes=205424 max_retained_records=18446744073709551615 max_consumed_record_ids=18446744073709551615 max_retained_key_bytes=18446744073709551615
STO_TPCC_CAPACITY phase=load_complete table=district_12 retained_records=10 consumed_record_ids=10 retained_key_bytes=80 allocated_registry_bytes=205424 max_retained_records=18446744073709551615 max_consumed_record_ids=18446744073709551615 max_retained_key_bytes=18446744073709551615
STO_TPCC_CAPACITY phase=load_complete table=district_13 retained_records=10 consumed_record_ids=10 retained_key_bytes=80 allocated_registry_bytes=205424 max_retained_records=18446744073709551615 max_consumed_record_ids=18446744073709551615 max_retained_key_bytes=18446744073709551615
STO_TPCC_CAPACITY phase=load_complete table=district_14 retained_records=10 consumed_record_ids=10 retained_key_bytes=80 allocated_registry_bytes=205424 max_retained_records=18446744073709551615 max_consumed_record_ids=18446744073709551615 max_retained_key_bytes=18446744073709551615
STO_TPCC_CAPACITY phase=load_complete table=district_15 retained_records=10 consumed_record_ids=10 retained_key_bytes=80 allocated_registry_bytes=205424 max_retained_records=18446744073709551615 max_consumed_record_ids=18446744073709551615 max_retained_key_bytes=18446744073709551615
STO_TPCC_CAPACITY phase=load_complete table=history_0 retained_records=30000 consumed_record_ids=30000 retained_key_bytes=720000 allocated_registry_bytes=2156376 max_retained_records=18446744073709551615 max_consumed_record_ids=18446744073709551615 max_retained_key_bytes=18446744073709551615
STO_TPCC_CAPACITY phase=load_complete table=history_1 retained_records=30000 consumed_record_ids=30000 retained_key_bytes=720000 allocated_registry_bytes=2156376 max_retained_records=18446744073709551615 max_consumed_record_ids=18446744073709551615 max_retained_key_bytes=18446744073709551615
STO_TPCC_CAPACITY phase=load_complete table=history_2 retained_records=30000 consumed_record_ids=30000 retained_key_bytes=720000 allocated_registry_bytes=2156376 max_retained_records=18446744073709551615 max_consumed_record_ids=18446744073709551615 max_retained_key_bytes=18446744073709551615
STO_TPCC_CAPACITY phase=load_complete table=history_3 retained_records=30000 consumed_record_ids=30000 retained_key_bytes=720000 allocated_registry_bytes=2156376 max_retained_records=18446744073709551615 max_consumed_record_ids=18446744073709551615 max_retained_key_bytes=18446744073709551615
STO_TPCC_CAPACITY phase=load_complete table=history_4 retained_records=30000 consumed_record_ids=30000 retained_key_bytes=720000 allocated_registry_bytes=2156376 max_retained_records=18446744073709551615 max_consumed_record_ids=18446744073709551615 max_retained_key_bytes=18446744073709551615
STO_TPCC_CAPACITY phase=load_complete table=history_5 retained_records=30000 consumed_record_ids=30000 retained_key_bytes=720000 allocated_registry_bytes=2156376 max_retained_records=18446744073709551615 max_consumed_record_ids=18446744073709551615 max_retained_key_bytes=18446744073709551615
STO_TPCC_CAPACITY phase=load_complete table=history_6 retained_records=30000 consumed_record_ids=30000 retained_key_bytes=720000 allocated_registry_bytes=2156376 max_retained_records=18446744073709551615 max_consumed_record_ids=18446744073709551615 max_retained_key_bytes=18446744073709551615
STO_TPCC_CAPACITY phase=load_complete table=history_7 retained_records=30000 consumed_record_ids=30000 retained_key_bytes=720000 allocated_registry_bytes=2156376 max_retained_records=18446744073709551615 max_consumed_record_ids=18446744073709551615 max_retained_key_bytes=18446744073709551615
STO_TPCC_CAPACITY phase=load_complete table=history_8 retained_records=30000 consumed_record_ids=30000 retained_key_bytes=720000 allocated_registry_bytes=2156376 max_retained_records=18446744073709551615 max_consumed_record_ids=18446744073709551615 max_retained_key_bytes=18446744073709551615
STO_TPCC_CAPACITY phase=load_complete table=history_9 retained_records=30000 consumed_record_ids=30000 retained_key_bytes=720000 allocated_registry_bytes=2156376 max_retained_records=18446744073709551615 max_consumed_record_ids=18446744073709551615 max_retained_key_bytes=18446744073709551615
STO_TPCC_CAPACITY phase=load_complete table=history_10 retained_records=30000 consumed_record_ids=30000 retained_key_bytes=720000 allocated_registry_bytes=2156376 max_retained_records=18446744073709551615 max_consumed_record_ids=18446744073709551615 max_retained_key_bytes=18446744073709551615
STO_TPCC_CAPACITY phase=load_complete table=history_11 retained_records=30000 consumed_record_ids=30000 retained_key_bytes=720000 allocated_registry_bytes=2156376 max_retained_records=18446744073709551615 max_consumed_record_ids=18446744073709551615 max_retained_key_bytes=18446744073709551615
STO_TPCC_CAPACITY phase=load_complete table=history_12 retained_records=30000 consumed_record_ids=30000 retained_key_bytes=720000 allocated_registry_bytes=2156376 max_retained_records=18446744073709551615 max_consumed_record_ids=18446744073709551615 max_retained_key_bytes=18446744073709551615
STO_TPCC_CAPACITY phase=load_complete table=history_13 retained_records=30000 consumed_record_ids=30000 retained_key_bytes=720000 allocated_registry_bytes=2156376 max_retained_records=18446744073709551615 max_consumed_record_ids=18446744073709551615 max_retained_key_bytes=18446744073709551615
STO_TPCC_CAPACITY phase=load_complete table=history_14 retained_records=30000 consumed_record_ids=30000 retained_key_bytes=720000 allocated_registry_bytes=2156376 max_retained_records=18446744073709551615 max_consumed_record_ids=18446744073709551615 max_retained_key_bytes=18446744073709551615
STO_TPCC_CAPACITY phase=load_complete table=history_15 retained_records=30000 consumed_record_ids=30000 retained_key_bytes=720000 allocated_registry_bytes=2156376 max_retained_records=18446744073709551615 max_consumed_record_ids=18446744073709551615 max_retained_key_bytes=18446744073709551615
STO_TPCC_CAPACITY phase=load_complete table=new_order_0 retained_records=9000 consumed_record_ids=9000 retained_key_bytes=108000 allocated_registry_bytes=649024 max_retained_records=18446744073709551615 max_consumed_record_ids=18446744073709551615 max_retained_key_bytes=18446744073709551615
STO_TPCC_CAPACITY phase=load_complete table=new_order_1 retained_records=9000 consumed_record_ids=9000 retained_key_bytes=108000 allocated_registry_bytes=649024 max_retained_records=18446744073709551615 max_consumed_record_ids=18446744073709551615 max_retained_key_bytes=18446744073709551615
STO_TPCC_CAPACITY phase=load_complete table=new_order_2 retained_records=9000 consumed_record_ids=9000 retained_key_bytes=108000 allocated_registry_bytes=649024 max_retained_records=18446744073709551615 max_consumed_record_ids=18446744073709551615 max_retained_key_bytes=18446744073709551615
STO_TPCC_CAPACITY phase=load_complete table=new_order_3 retained_records=9000 consumed_record_ids=9000 retained_key_bytes=108000 allocated_registry_bytes=649024 max_retained_records=18446744073709551615 max_consumed_record_ids=18446744073709551615 max_retained_key_bytes=18446744073709551615
STO_TPCC_CAPACITY phase=load_complete table=new_order_4 retained_records=9000 consumed_record_ids=9000 retained_key_bytes=108000 allocated_registry_bytes=649024 max_retained_records=18446744073709551615 max_consumed_record_ids=18446744073709551615 max_retained_key_bytes=18446744073709551615
STO_TPCC_CAPACITY phase=load_complete table=new_order_5 retained_records=9000 consumed_record_ids=9000 retained_key_bytes=108000 allocated_registry_bytes=649024 max_retained_records=18446744073709551615 max_consumed_record_ids=18446744073709551615 max_retained_key_bytes=18446744073709551615
STO_TPCC_CAPACITY phase=load_complete table=new_order_6 retained_records=9000 consumed_record_ids=9000 retained_key_bytes=108000 allocated_registry_bytes=649024 max_retained_records=18446744073709551615 max_consumed_record_ids=18446744073709551615 max_retained_key_bytes=18446744073709551615
STO_TPCC_CAPACITY phase=load_complete table=new_order_7 retained_records=9000 consumed_record_ids=9000 retained_key_bytes=108000 allocated_registry_bytes=649024 max_retained_records=18446744073709551615 max_consumed_record_ids=18446744073709551615 max_retained_key_bytes=18446744073709551615
STO_TPCC_CAPACITY phase=load_complete table=new_order_8 retained_records=9000 consumed_record_ids=9000 retained_key_bytes=108000 allocated_registry_bytes=649024 max_retained_records=18446744073709551615 max_consumed_record_ids=18446744073709551615 max_retained_key_bytes=18446744073709551615
STO_TPCC_CAPACITY phase=load_complete table=new_order_9 retained_records=9000 consumed_record_ids=9000 retained_key_bytes=108000 allocated_registry_bytes=649024 max_retained_records=18446744073709551615 max_consumed_record_ids=18446744073709551615 max_retained_key_bytes=18446744073709551615
STO_TPCC_CAPACITY phase=load_complete table=new_order_10 retained_records=9000 consumed_record_ids=9000 retained_key_bytes=108000 allocated_registry_bytes=649024 max_retained_records=18446744073709551615 max_consumed_record_ids=18446744073709551615 max_retained_key_bytes=18446744073709551615
STO_TPCC_CAPACITY phase=load_complete table=new_order_11 retained_records=9000 consumed_record_ids=9000 retained_key_bytes=108000 allocated_registry_bytes=649024 max_retained_records=18446744073709551615 max_consumed_record_ids=18446744073709551615 max_retained_key_bytes=18446744073709551615
STO_TPCC_CAPACITY phase=load_complete table=new_order_12 retained_records=9000 consumed_record_ids=9000 retained_key_bytes=108000 allocated_registry_bytes=649024 max_retained_records=18446744073709551615 max_consumed_record_ids=18446744073709551615 max_retained_key_bytes=18446744073709551615
STO_TPCC_CAPACITY phase=load_complete table=new_order_13 retained_records=9000 consumed_record_ids=9000 retained_key_bytes=108000 allocated_registry_bytes=649024 max_retained_records=18446744073709551615 max_consumed_record_ids=18446744073709551615 max_retained_key_bytes=18446744073709551615
STO_TPCC_CAPACITY phase=load_complete table=new_order_14 retained_records=9000 consumed_record_ids=9000 retained_key_bytes=108000 allocated_registry_bytes=649024 max_retained_records=18446744073709551615 max_consumed_record_ids=18446744073709551615 max_retained_key_bytes=18446744073709551615
STO_TPCC_CAPACITY phase=load_complete table=new_order_15 retained_records=9000 consumed_record_ids=9000 retained_key_bytes=108000 allocated_registry_bytes=649024 max_retained_records=18446744073709551615 max_consumed_record_ids=18446744073709551615 max_retained_key_bytes=18446744073709551615
STO_TPCC_CAPACITY phase=load_complete table=oorder_0 retained_records=30000 consumed_record_ids=30000 retained_key_bytes=360000 allocated_registry_bytes=2156376 max_retained_records=18446744073709551615 max_consumed_record_ids=18446744073709551615 max_retained_key_bytes=18446744073709551615
STO_TPCC_CAPACITY phase=load_complete table=oorder_1 retained_records=30000 consumed_record_ids=30000 retained_key_bytes=360000 allocated_registry_bytes=2156376 max_retained_records=18446744073709551615 max_consumed_record_ids=18446744073709551615 max_retained_key_bytes=18446744073709551615
STO_TPCC_CAPACITY phase=load_complete table=oorder_2 retained_records=30000 consumed_record_ids=30000 retained_key_bytes=360000 allocated_registry_bytes=2156376 max_retained_records=18446744073709551615 max_consumed_record_ids=18446744073709551615 max_retained_key_bytes=18446744073709551615
STO_TPCC_CAPACITY phase=load_complete table=oorder_3 retained_records=30000 consumed_record_ids=30000 retained_key_bytes=360000 allocated_registry_bytes=2156376 max_retained_records=18446744073709551615 max_consumed_record_ids=18446744073709551615 max_retained_key_bytes=18446744073709551615
STO_TPCC_CAPACITY phase=load_complete table=oorder_4 retained_records=30000 consumed_record_ids=30000 retained_key_bytes=360000 allocated_registry_bytes=2156376 max_retained_records=18446744073709551615 max_consumed_record_ids=18446744073709551615 max_retained_key_bytes=18446744073709551615
STO_TPCC_CAPACITY phase=load_complete table=oorder_5 retained_records=30000 consumed_record_ids=30000 retained_key_bytes=360000 allocated_registry_bytes=2156376 max_retained_records=18446744073709551615 max_consumed_record_ids=18446744073709551615 max_retained_key_bytes=18446744073709551615
STO_TPCC_CAPACITY phase=load_complete table=oorder_6 retained_records=30000 consumed_record_ids=30000 retained_key_bytes=360000 allocated_registry_bytes=2156376 max_retained_records=18446744073709551615 max_consumed_record_ids=18446744073709551615 max_retained_key_bytes=18446744073709551615
STO_TPCC_CAPACITY phase=load_complete table=oorder_7 retained_records=30000 consumed_record_ids=30000 retained_key_bytes=360000 allocated_registry_bytes=2156376 max_retained_records=18446744073709551615 max_consumed_record_ids=18446744073709551615 max_retained_key_bytes=18446744073709551615
STO_TPCC_CAPACITY phase=load_complete table=oorder_8 retained_records=30000 consumed_record_ids=30000 retained_key_bytes=360000 allocated_registry_bytes=2156376 max_retained_records=18446744073709551615 max_consumed_record_ids=18446744073709551615 max_retained_key_bytes=18446744073709551615
STO_TPCC_CAPACITY phase=load_complete table=oorder_9 retained_records=30000 consumed_record_ids=30000 retained_key_bytes=360000 allocated_registry_bytes=2156376 max_retained_records=18446744073709551615 max_consumed_record_ids=18446744073709551615 max_retained_key_bytes=18446744073709551615
STO_TPCC_CAPACITY phase=load_complete table=oorder_10 retained_records=30000 consumed_record_ids=30000 retained_key_bytes=360000 allocated_registry_bytes=2156376 max_retained_records=18446744073709551615 max_consumed_record_ids=18446744073709551615 max_retained_key_bytes=18446744073709551615
STO_TPCC_CAPACITY phase=load_complete table=oorder_11 retained_records=30000 consumed_record_ids=30000 retained_key_bytes=360000 allocated_registry_bytes=2156376 max_retained_records=18446744073709551615 max_consumed_record_ids=18446744073709551615 max_retained_key_bytes=18446744073709551615
STO_TPCC_CAPACITY phase=load_complete table=oorder_12 retained_records=30000 consumed_record_ids=30000 retained_key_bytes=360000 allocated_registry_bytes=2156376 max_retained_records=18446744073709551615 max_consumed_record_ids=18446744073709551615 max_retained_key_bytes=18446744073709551615
STO_TPCC_CAPACITY phase=load_complete table=oorder_13 retained_records=30000 consumed_record_ids=30000 retained_key_bytes=360000 allocated_registry_bytes=2156376 max_retained_records=18446744073709551615 max_consumed_record_ids=18446744073709551615 max_retained_key_bytes=18446744073709551615
STO_TPCC_CAPACITY phase=load_complete table=oorder_14 retained_records=30000 consumed_record_ids=30000 retained_key_bytes=360000 allocated_registry_bytes=2156376 max_retained_records=18446744073709551615 max_consumed_record_ids=18446744073709551615 max_retained_key_bytes=18446744073709551615
STO_TPCC_CAPACITY phase=load_complete table=oorder_15 retained_records=30000 consumed_record_ids=30000 retained_key_bytes=360000 allocated_registry_bytes=2156376 max_retained_records=18446744073709551615 max_consumed_record_ids=18446744073709551615 max_retained_key_bytes=18446744073709551615
STO_TPCC_CAPACITY phase=load_complete table=oorder_c_id_idx_0 retained_records=30000 consumed_record_ids=30000 retained_key_bytes=480000 allocated_registry_bytes=2156376 max_retained_records=18446744073709551615 max_consumed_record_ids=18446744073709551615 max_retained_key_bytes=18446744073709551615
STO_TPCC_CAPACITY phase=load_complete table=oorder_c_id_idx_1 retained_records=30000 consumed_record_ids=30000 retained_key_bytes=480000 allocated_registry_bytes=2156376 max_retained_records=18446744073709551615 max_consumed_record_ids=18446744073709551615 max_retained_key_bytes=18446744073709551615
STO_TPCC_CAPACITY phase=load_complete table=oorder_c_id_idx_2 retained_records=30000 consumed_record_ids=30000 retained_key_bytes=480000 allocated_registry_bytes=2156376 max_retained_records=18446744073709551615 max_consumed_record_ids=18446744073709551615 max_retained_key_bytes=18446744073709551615
STO_TPCC_CAPACITY phase=load_complete table=oorder_c_id_idx_3 retained_records=30000 consumed_record_ids=30000 retained_key_bytes=480000 allocated_registry_bytes=2156376 max_retained_records=18446744073709551615 max_consumed_record_ids=18446744073709551615 max_retained_key_bytes=18446744073709551615
STO_TPCC_CAPACITY phase=load_complete table=oorder_c_id_idx_4 retained_records=30000 consumed_record_ids=30000 retained_key_bytes=480000 allocated_registry_bytes=2156376 max_retained_records=18446744073709551615 max_consumed_record_ids=18446744073709551615 max_retained_key_bytes=18446744073709551615
STO_TPCC_CAPACITY phase=load_complete table=oorder_c_id_idx_5 retained_records=30000 consumed_record_ids=30000 retained_key_bytes=480000 allocated_registry_bytes=2156376 max_retained_records=18446744073709551615 max_consumed_record_ids=18446744073709551615 max_retained_key_bytes=18446744073709551615
STO_TPCC_CAPACITY phase=load_complete table=oorder_c_id_idx_6 retained_records=30000 consumed_record_ids=30000 retained_key_bytes=480000 allocated_registry_bytes=2156376 max_retained_records=18446744073709551615 max_consumed_record_ids=18446744073709551615 max_retained_key_bytes=18446744073709551615
STO_TPCC_CAPACITY phase=load_complete table=oorder_c_id_idx_7 retained_records=30000 consumed_record_ids=30000 retained_key_bytes=480000 allocated_registry_bytes=2156376 max_retained_records=18446744073709551615 max_consumed_record_ids=18446744073709551615 max_retained_key_bytes=18446744073709551615
STO_TPCC_CAPACITY phase=load_complete table=oorder_c_id_idx_8 retained_records=30000 consumed_record_ids=30000 retained_key_bytes=480000 allocated_registry_bytes=2156376 max_retained_records=18446744073709551615 max_consumed_record_ids=18446744073709551615 max_retained_key_bytes=18446744073709551615
STO_TPCC_CAPACITY phase=load_complete table=oorder_c_id_idx_9 retained_records=30000 consumed_record_ids=30000 retained_key_bytes=480000 allocated_registry_bytes=2156376 max_retained_records=18446744073709551615 max_consumed_record_ids=18446744073709551615 max_retained_key_bytes=18446744073709551615
STO_TPCC_CAPACITY phase=load_complete table=oorder_c_id_idx_10 retained_records=30000 consumed_record_ids=30000 retained_key_bytes=480000 allocated_registry_bytes=2156376 max_retained_records=18446744073709551615 max_consumed_record_ids=18446744073709551615 max_retained_key_bytes=18446744073709551615
STO_TPCC_CAPACITY phase=load_complete table=oorder_c_id_idx_11 retained_records=30000 consumed_record_ids=30000 retained_key_bytes=480000 allocated_registry_bytes=2156376 max_retained_records=18446744073709551615 max_consumed_record_ids=18446744073709551615 max_retained_key_bytes=18446744073709551615
STO_TPCC_CAPACITY phase=load_complete table=oorder_c_id_idx_12 retained_records=30000 consumed_record_ids=30000 retained_key_bytes=480000 allocated_registry_bytes=2156376 max_retained_records=18446744073709551615 max_consumed_record_ids=18446744073709551615 max_retained_key_bytes=18446744073709551615
STO_TPCC_CAPACITY phase=load_complete table=oorder_c_id_idx_13 retained_records=30000 consumed_record_ids=30000 retained_key_bytes=480000 allocated_registry_bytes=2156376 max_retained_records=18446744073709551615 max_consumed_record_ids=18446744073709551615 max_retained_key_bytes=18446744073709551615
STO_TPCC_CAPACITY phase=load_complete table=oorder_c_id_idx_14 retained_records=30000 consumed_record_ids=30000 retained_key_bytes=480000 allocated_registry_bytes=2156376 max_retained_records=18446744073709551615 max_consumed_record_ids=18446744073709551615 max_retained_key_bytes=18446744073709551615
STO_TPCC_CAPACITY phase=load_complete table=oorder_c_id_idx_15 retained_records=30000 consumed_record_ids=30000 retained_key_bytes=480000 allocated_registry_bytes=2156376 max_retained_records=18446744073709551615 max_consumed_record_ids=18446744073709551615 max_retained_key_bytes=18446744073709551615
STO_TPCC_CAPACITY phase=load_complete table=order_line_0 retained_records=299560 consumed_record_ids=299560 retained_key_bytes=4792960 allocated_registry_bytes=21049824 max_retained_records=18446744073709551615 max_consumed_record_ids=18446744073709551615 max_retained_key_bytes=18446744073709551615
STO_TPCC_CAPACITY phase=load_complete table=order_line_1 retained_records=300029 consumed_record_ids=300029 retained_key_bytes=4800464 allocated_registry_bytes=21049824 max_retained_records=18446744073709551615 max_consumed_record_ids=18446744073709551615 max_retained_key_bytes=18446744073709551615
STO_TPCC_CAPACITY phase=load_complete table=order_line_2 retained_records=300826 consumed_record_ids=300826 retained_key_bytes=4813216 allocated_registry_bytes=21121560 max_retained_records=18446744073709551615 max_consumed_record_ids=18446744073709551615 max_retained_key_bytes=18446744073709551615
STO_TPCC_CAPACITY phase=load_complete table=order_line_3 retained_records=300078 consumed_record_ids=300078 retained_key_bytes=4801248 allocated_registry_bytes=21121560 max_retained_records=18446744073709551615 max_consumed_record_ids=18446744073709551615 max_retained_key_bytes=18446744073709551615
STO_TPCC_CAPACITY phase=load_complete table=order_line_4 retained_records=299993 consumed_record_ids=299993 retained_key_bytes=4799888 allocated_registry_bytes=21049824 max_retained_records=18446744073709551615 max_consumed_record_ids=18446744073709551615 max_retained_key_bytes=18446744073709551615
STO_TPCC_CAPACITY phase=load_complete table=order_line_5 retained_records=299158 consumed_record_ids=299158 retained_key_bytes=4786528 allocated_registry_bytes=21049824 max_retained_records=18446744073709551615 max_consumed_record_ids=18446744073709551615 max_retained_key_bytes=18446744073709551615
STO_TPCC_CAPACITY phase=load_complete table=order_line_6 retained_records=299682 consumed_record_ids=299682 retained_key_bytes=4794912 allocated_registry_bytes=21049824 max_retained_records=18446744073709551615 max_consumed_record_ids=18446744073709551615 max_retained_key_bytes=18446744073709551615
STO_TPCC_CAPACITY phase=load_complete table=order_line_7 retained_records=299597 consumed_record_ids=299597 retained_key_bytes=4793552 allocated_registry_bytes=21049824 max_retained_records=18446744073709551615 max_consumed_record_ids=18446744073709551615 max_retained_key_bytes=18446744073709551615
STO_TPCC_CAPACITY phase=load_complete table=order_line_8 retained_records=299625 consumed_record_ids=299625 retained_key_bytes=4794000 allocated_registry_bytes=21049824 max_retained_records=18446744073709551615 max_consumed_record_ids=18446744073709551615 max_retained_key_bytes=18446744073709551615
STO_TPCC_CAPACITY phase=load_complete table=order_line_9 retained_records=301071 consumed_record_ids=301071 retained_key_bytes=4817136 allocated_registry_bytes=21193296 max_retained_records=18446744073709551615 max_consumed_record_ids=18446744073709551615 max_retained_key_bytes=18446744073709551615
STO_TPCC_CAPACITY phase=load_complete table=order_line_10 retained_records=300468 consumed_record_ids=300468 retained_key_bytes=4807488 allocated_registry_bytes=21121560 max_retained_records=18446744073709551615 max_consumed_record_ids=18446744073709551615 max_retained_key_bytes=18446744073709551615
STO_TPCC_CAPACITY phase=load_complete table=order_line_11 retained_records=300005 consumed_record_ids=300005 retained_key_bytes=4800080 allocated_registry_bytes=21049824 max_retained_records=18446744073709551615 max_consumed_record_ids=18446744073709551615 max_retained_key_bytes=18446744073709551615
STO_TPCC_CAPACITY phase=load_complete table=order_line_12 retained_records=300112 consumed_record_ids=300112 retained_key_bytes=4801792 allocated_registry_bytes=21121560 max_retained_records=18446744073709551615 max_consumed_record_ids=18446744073709551615 max_retained_key_bytes=18446744073709551615
STO_TPCC_CAPACITY phase=load_complete table=order_line_13 retained_records=299780 consumed_record_ids=299780 retained_key_bytes=4796480 allocated_registry_bytes=21049824 max_retained_records=18446744073709551615 max_consumed_record_ids=18446744073709551615 max_retained_key_bytes=18446744073709551615
STO_TPCC_CAPACITY phase=load_complete table=order_line_14 retained_records=299489 consumed_record_ids=299489 retained_key_bytes=4791824 allocated_registry_bytes=21049824 max_retained_records=18446744073709551615 max_consumed_record_ids=18446744073709551615 max_retained_key_bytes=18446744073709551615
STO_TPCC_CAPACITY phase=load_complete table=order_line_15 retained_records=299839 consumed_record_ids=299839 retained_key_bytes=4797424 allocated_registry_bytes=21049824 max_retained_records=18446744073709551615 max_consumed_record_ids=18446744073709551615 max_retained_key_bytes=18446744073709551615
STO_TPCC_CAPACITY phase=load_complete table=stock_0 retained_records=100000 consumed_record_ids=100999 retained_key_bytes=800000 allocated_registry_bytes=7111536 max_retained_records=18446744073709551615 max_consumed_record_ids=18446744073709551615 max_retained_key_bytes=18446744073709551615
STO_TPCC_CAPACITY phase=load_complete table=stock_1 retained_records=100000 consumed_record_ids=100999 retained_key_bytes=800000 allocated_registry_bytes=7111536 max_retained_records=18446744073709551615 max_consumed_record_ids=18446744073709551615 max_retained_key_bytes=18446744073709551615
STO_TPCC_CAPACITY phase=load_complete table=stock_2 retained_records=100000 consumed_record_ids=100999 retained_key_bytes=800000 allocated_registry_bytes=7111536 max_retained_records=18446744073709551615 max_consumed_record_ids=18446744073709551615 max_retained_key_bytes=18446744073709551615
STO_TPCC_CAPACITY phase=load_complete table=stock_3 retained_records=100000 consumed_record_ids=100999 retained_key_bytes=800000 allocated_registry_bytes=7111536 max_retained_records=18446744073709551615 max_consumed_record_ids=18446744073709551615 max_retained_key_bytes=18446744073709551615
STO_TPCC_CAPACITY phase=load_complete table=stock_4 retained_records=100000 consumed_record_ids=100999 retained_key_bytes=800000 allocated_registry_bytes=7111536 max_retained_records=18446744073709551615 max_consumed_record_ids=18446744073709551615 max_retained_key_bytes=18446744073709551615
STO_TPCC_CAPACITY phase=load_complete table=stock_5 retained_records=100000 consumed_record_ids=100999 retained_key_bytes=800000 allocated_registry_bytes=7111536 max_retained_records=18446744073709551615 max_consumed_record_ids=18446744073709551615 max_retained_key_bytes=18446744073709551615
STO_TPCC_CAPACITY phase=load_complete table=stock_6 retained_records=100000 consumed_record_ids=100999 retained_key_bytes=800000 allocated_registry_bytes=7111536 max_retained_records=18446744073709551615 max_consumed_record_ids=18446744073709551615 max_retained_key_bytes=18446744073709551615
STO_TPCC_CAPACITY phase=load_complete table=stock_7 retained_records=100000 consumed_record_ids=100999 retained_key_bytes=800000 allocated_registry_bytes=7111536 max_retained_records=18446744073709551615 max_consumed_record_ids=18446744073709551615 max_retained_key_bytes=18446744073709551615
STO_TPCC_CAPACITY phase=load_complete table=stock_8 retained_records=100000 consumed_record_ids=100999 retained_key_bytes=800000 allocated_registry_bytes=7111536 max_retained_records=18446744073709551615 max_consumed_record_ids=18446744073709551615 max_retained_key_bytes=18446744073709551615
STO_TPCC_CAPACITY phase=load_complete table=stock_9 retained_records=100000 consumed_record_ids=100999 retained_key_bytes=800000 allocated_registry_bytes=7111536 max_retained_records=18446744073709551615 max_consumed_record_ids=18446744073709551615 max_retained_key_bytes=18446744073709551615
STO_TPCC_CAPACITY phase=load_complete table=stock_10 retained_records=100000 consumed_record_ids=100999 retained_key_bytes=800000 allocated_registry_bytes=7111536 max_retained_records=18446744073709551615 max_consumed_record_ids=18446744073709551615 max_retained_key_bytes=18446744073709551615
STO_TPCC_CAPACITY phase=load_complete table=stock_11 retained_records=100000 consumed_record_ids=100999 retained_key_bytes=800000 allocated_registry_bytes=7111536 max_retained_records=18446744073709551615 max_consumed_record_ids=18446744073709551615 max_retained_key_bytes=18446744073709551615
STO_TPCC_CAPACITY phase=load_complete table=stock_12 retained_records=100000 consumed_record_ids=100999 retained_key_bytes=800000 allocated_registry_bytes=7111536 max_retained_records=18446744073709551615 max_consumed_record_ids=18446744073709551615 max_retained_key_bytes=18446744073709551615
STO_TPCC_CAPACITY phase=load_complete table=stock_13 retained_records=100000 consumed_record_ids=100999 retained_key_bytes=800000 allocated_registry_bytes=7111536 max_retained_records=18446744073709551615 max_consumed_record_ids=18446744073709551615 max_retained_key_bytes=18446744073709551615
STO_TPCC_CAPACITY phase=load_complete table=stock_14 retained_records=100000 consumed_record_ids=100999 retained_key_bytes=800000 allocated_registry_bytes=7111536 max_retained_records=18446744073709551615 max_consumed_record_ids=18446744073709551615 max_retained_key_bytes=18446744073709551615
STO_TPCC_CAPACITY phase=load_complete table=stock_15 retained_records=100000 consumed_record_ids=100999 retained_key_bytes=800000 allocated_registry_bytes=7111536 max_retained_records=18446744073709551615 max_consumed_record_ids=18446744073709551615 max_retained_key_bytes=18446744073709551615
STO_TPCC_CAPACITY phase=load_complete table=stock_data_0 retained_records=100000 consumed_record_ids=100999 retained_key_bytes=800000 allocated_registry_bytes=7111536 max_retained_records=18446744073709551615 max_consumed_record_ids=18446744073709551615 max_retained_key_bytes=18446744073709551615
STO_TPCC_CAPACITY phase=load_complete table=stock_data_1 retained_records=100000 consumed_record_ids=100999 retained_key_bytes=800000 allocated_registry_bytes=7111536 max_retained_records=18446744073709551615 max_consumed_record_ids=18446744073709551615 max_retained_key_bytes=18446744073709551615
STO_TPCC_CAPACITY phase=load_complete table=stock_data_2 retained_records=100000 consumed_record_ids=100999 retained_key_bytes=800000 allocated_registry_bytes=7111536 max_retained_records=18446744073709551615 max_consumed_record_ids=18446744073709551615 max_retained_key_bytes=18446744073709551615
STO_TPCC_CAPACITY phase=load_complete table=stock_data_3 retained_records=100000 consumed_record_ids=100999 retained_key_bytes=800000 allocated_registry_bytes=7111536 max_retained_records=18446744073709551615 max_consumed_record_ids=18446744073709551615 max_retained_key_bytes=18446744073709551615
STO_TPCC_CAPACITY phase=load_complete table=stock_data_4 retained_records=100000 consumed_record_ids=100999 retained_key_bytes=800000 allocated_registry_bytes=7111536 max_retained_records=18446744073709551615 max_consumed_record_ids=18446744073709551615 max_retained_key_bytes=18446744073709551615
STO_TPCC_CAPACITY phase=load_complete table=stock_data_5 retained_records=100000 consumed_record_ids=100999 retained_key_bytes=800000 allocated_registry_bytes=7111536 max_retained_records=18446744073709551615 max_consumed_record_ids=18446744073709551615 max_retained_key_bytes=18446744073709551615
STO_TPCC_CAPACITY phase=load_complete table=stock_data_6 retained_records=100000 consumed_record_ids=100999 retained_key_bytes=800000 allocated_registry_bytes=7111536 max_retained_records=18446744073709551615 max_consumed_record_ids=18446744073709551615 max_retained_key_bytes=18446744073709551615
STO_TPCC_CAPACITY phase=load_complete table=stock_data_7 retained_records=100000 consumed_record_ids=100999 retained_key_bytes=800000 allocated_registry_bytes=7111536 max_retained_records=18446744073709551615 max_consumed_record_ids=18446744073709551615 max_retained_key_bytes=18446744073709551615
STO_TPCC_CAPACITY phase=load_complete table=stock_data_8 retained_records=100000 consumed_record_ids=100999 retained_key_bytes=800000 allocated_registry_bytes=7111536 max_retained_records=18446744073709551615 max_consumed_record_ids=18446744073709551615 max_retained_key_bytes=18446744073709551615
STO_TPCC_CAPACITY phase=load_complete table=stock_data_9 retained_records=100000 consumed_record_ids=100999 retained_key_bytes=800000 allocated_registry_bytes=7111536 max_retained_records=18446744073709551615 max_consumed_record_ids=18446744073709551615 max_retained_key_bytes=18446744073709551615
STO_TPCC_CAPACITY phase=load_complete table=stock_data_10 retained_records=100000 consumed_record_ids=100999 retained_key_bytes=800000 allocated_registry_bytes=7111536 max_retained_records=18446744073709551615 max_consumed_record_ids=18446744073709551615 max_retained_key_bytes=18446744073709551615
STO_TPCC_CAPACITY phase=load_complete table=stock_data_11 retained_records=100000 consumed_record_ids=100999 retained_key_bytes=800000 allocated_registry_bytes=7111536 max_retained_records=18446744073709551615 max_consumed_record_ids=18446744073709551615 max_retained_key_bytes=18446744073709551615
STO_TPCC_CAPACITY phase=load_complete table=stock_data_12 retained_records=100000 consumed_record_ids=100999 retained_key_bytes=800000 allocated_registry_bytes=7111536 max_retained_records=18446744073709551615 max_consumed_record_ids=18446744073709551615 max_retained_key_bytes=18446744073709551615
STO_TPCC_CAPACITY phase=load_complete table=stock_data_13 retained_records=100000 consumed_record_ids=100999 retained_key_bytes=800000 allocated_registry_bytes=7111536 max_retained_records=18446744073709551615 max_consumed_record_ids=18446744073709551615 max_retained_key_bytes=18446744073709551615
STO_TPCC_CAPACITY phase=load_complete table=stock_data_14 retained_records=100000 consumed_record_ids=100999 retained_key_bytes=800000 allocated_registry_bytes=7111536 max_retained_records=18446744073709551615 max_consumed_record_ids=18446744073709551615 max_retained_key_bytes=18446744073709551615
STO_TPCC_CAPACITY phase=load_complete table=stock_data_15 retained_records=100000 consumed_record_ids=100999 retained_key_bytes=800000 allocated_registry_bytes=7111536 max_retained_records=18446744073709551615 max_consumed_record_ids=18446744073709551615 max_retained_key_bytes=18446744073709551615
STO_TPCC_CAPACITY phase=load_complete table=warehouse_0 retained_records=1 consumed_record_ids=1 retained_key_bytes=4 allocated_registry_bytes=205424 max_retained_records=18446744073709551615 max_consumed_record_ids=18446744073709551615 max_retained_key_bytes=18446744073709551615
STO_TPCC_CAPACITY phase=load_complete table=warehouse_1 retained_records=1 consumed_record_ids=1 retained_key_bytes=4 allocated_registry_bytes=205424 max_retained_records=18446744073709551615 max_consumed_record_ids=18446744073709551615 max_retained_key_bytes=18446744073709551615
STO_TPCC_CAPACITY phase=load_complete table=warehouse_2 retained_records=1 consumed_record_ids=1 retained_key_bytes=4 allocated_registry_bytes=205424 max_retained_records=18446744073709551615 max_consumed_record_ids=18446744073709551615 max_retained_key_bytes=18446744073709551615
STO_TPCC_CAPACITY phase=load_complete table=warehouse_3 retained_records=1 consumed_record_ids=1 retained_key_bytes=4 allocated_registry_bytes=205424 max_retained_records=18446744073709551615 max_consumed_record_ids=18446744073709551615 max_retained_key_bytes=18446744073709551615
STO_TPCC_CAPACITY phase=load_complete table=warehouse_4 retained_records=1 consumed_record_ids=1 retained_key_bytes=4 allocated_registry_bytes=205424 max_retained_records=18446744073709551615 max_consumed_record_ids=18446744073709551615 max_retained_key_bytes=18446744073709551615
STO_TPCC_CAPACITY phase=load_complete table=warehouse_5 retained_records=1 consumed_record_ids=1 retained_key_bytes=4 allocated_registry_bytes=205424 max_retained_records=18446744073709551615 max_consumed_record_ids=18446744073709551615 max_retained_key_bytes=18446744073709551615
STO_TPCC_CAPACITY phase=load_complete table=warehouse_6 retained_records=1 consumed_record_ids=1 retained_key_bytes=4 allocated_registry_bytes=205424 max_retained_records=18446744073709551615 max_consumed_record_ids=18446744073709551615 max_retained_key_bytes=18446744073709551615
STO_TPCC_CAPACITY phase=load_complete table=warehouse_7 retained_records=1 consumed_record_ids=1 retained_key_bytes=4 allocated_registry_bytes=205424 max_retained_records=18446744073709551615 max_consumed_record_ids=18446744073709551615 max_retained_key_bytes=18446744073709551615
STO_TPCC_CAPACITY phase=load_complete table=warehouse_8 retained_records=1 consumed_record_ids=1 retained_key_bytes=4 allocated_registry_bytes=205424 max_retained_records=18446744073709551615 max_consumed_record_ids=18446744073709551615 max_retained_key_bytes=18446744073709551615
STO_TPCC_CAPACITY phase=load_complete table=warehouse_9 retained_records=1 consumed_record_ids=1 retained_key_bytes=4 allocated_registry_bytes=205424 max_retained_records=18446744073709551615 max_consumed_record_ids=18446744073709551615 max_retained_key_bytes=18446744073709551615
STO_TPCC_CAPACITY phase=load_complete table=warehouse_10 retained_records=1 consumed_record_ids=1 retained_key_bytes=4 allocated_registry_bytes=205424 max_retained_records=18446744073709551615 max_consumed_record_ids=18446744073709551615 max_retained_key_bytes=18446744073709551615
STO_TPCC_CAPACITY phase=load_complete table=warehouse_11 retained_records=1 consumed_record_ids=1 retained_key_bytes=4 allocated_registry_bytes=205424 max_retained_records=18446744073709551615 max_consumed_record_ids=18446744073709551615 max_retained_key_bytes=18446744073709551615
STO_TPCC_CAPACITY phase=load_complete table=warehouse_12 retained_records=1 consumed_record_ids=1 retained_key_bytes=4 allocated_registry_bytes=205424 max_retained_records=18446744073709551615 max_consumed_record_ids=18446744073709551615 max_retained_key_bytes=18446744073709551615
STO_TPCC_CAPACITY phase=load_complete table=warehouse_13 retained_records=1 consumed_record_ids=1 retained_key_bytes=4 allocated_registry_bytes=205424 max_retained_records=18446744073709551615 max_consumed_record_ids=18446744073709551615 max_retained_key_bytes=18446744073709551615
STO_TPCC_CAPACITY phase=load_complete table=warehouse_14 retained_records=1 consumed_record_ids=1 retained_key_bytes=4 allocated_registry_bytes=205424 max_retained_records=18446744073709551615 max_consumed_record_ids=18446744073709551615 max_retained_key_bytes=18446744073709551615
STO_TPCC_CAPACITY phase=load_complete table=warehouse_15 retained_records=1 consumed_record_ids=1 retained_key_bytes=4 allocated_registry_bytes=205424 max_retained_records=18446744073709551615 max_consumed_record_ids=18446744073709551615 max_retained_key_bytes=18446744073709551615
STO_TPCC_CAPACITY phase=load_complete table=item retained_records=100000 consumed_record_ids=100000 retained_key_bytes=400000 allocated_registry_bytes=7039800 max_retained_records=18446744073709551615 max_consumed_record_ids=18446744073709551615 max_retained_key_bytes=18446744073709551615
tpcc: worker id 128 => warehouses [1, 2)
tpcc: worker id 129 => warehouses [2, 3)
tpcc: worker id 130 => warehouses [3, 4)
tpcc: worker id 131 => warehouses [4, 5)
tpcc: worker id 132 => warehouses [5, 6)
tpcc: worker id 133 => warehouses [6, 7)
tpcc: worker id 134 => warehouses [7, 8)
tpcc: worker id 135 => warehouses [8, 9)
tpcc: worker id 136 => warehouses [9, 10)
tpcc: worker id 137 => warehouses [10, 11)
tpcc: worker id 138 => warehouses [11, 12)
tpcc: worker id 139 => warehouses [12, 13)
tpcc: worker id 140 => warehouses [13, 14)
tpcc: worker id 141 => warehouses [14, 15)
tpcc: worker id 142 => warehouses [15, 16)
tpcc: worker id 143 => warehouses [16, 17)
20260909-09:06.23-741144(us) 2432096 * benchmark_thread_init (mbta_wrapper.hh:1811): thread_init: thread_id=6, shard_index=0, getShardIndex=0, loader=0
20260909-09:06.23-741287(us) 2432096 * benchmark_thread_init (mbta_wrapper.hh:1811): thread_init: thread_id=7, shard_index=0, getShardIndex=0, loader=0
20260909-09:06.23-741427(us) 2432096 * benchmark_thread_init (mbta_wrapper.hh:1811): thread_init: thread_id=8, shard_index=0, getShardIndex=0, loader=0
20260909-09:06.23-741487(us) 2432096 * benchmark_thread_init (mbta_wrapper.hh:1811): thread_init: thread_id=9, shard_index=0, getShardIndex=0, loader=0
20260909-09:06.23-741789(us) 2432096 * benchmark_thread_init (mbta_wrapper.hh:1811): thread_init: thread_id=10, shard_index=0, getShardIndex=0, loader=0
20260909-09:06.23-741902(us) 2432096 * benchmark_thread_init (mbta_wrapper.hh:1811): thread_init: thread_id=11, shard_index=0, getShardIndex=0, loader=0
20260909-09:06.23-742184(us) 2432096 * ParseNewFormat  (configuration.cc:102): Using new configuration format
20260909-09:06.23-742258(us) 2432096 * ParseNewFormat  (configuration.cc:162): Loaded 1 sites in 1 shards
20260909-09:06.23-742298(us) 2432096 * ParseNewFormat  (configuration.cc:102): Using new configuration format
20260909-09:06.23-742364(us) 2432096 * ParseNewFormat  (configuration.cc:162): Loaded 1 sites in 1 shards
20260909-09:06.23-742444(us) 2432096 * ParseNewFormat  (configuration.cc:102): Using new configuration format
20260909-09:06.23-742522(us) 2432096 * ParseNewFormat  (configuration.cc:162): Loaded 1 sites in 1 shards
20260909-09:06.23-742563(us) 2432096 * ParseNewFormat  (configuration.cc:102): Using new configuration format
20260909-09:06.23-742635(us) 2432096 * ParseNewFormat  (configuration.cc:162): Loaded 1 sites in 1 shards
20260909-09:06.23-742707(us) 2432096 * benchmark_thread_init (mbta_wrapper.hh:1811): thread_init: thread_id=12, shard_index=0, getShardIndex=0, loader=0
20260909-09:06.23-742772(us) 2432096 * benchmark_thread_init (mbta_wrapper.hh:1811): thread_init: thread_id=13, shard_index=0, getShardIndex=0, loader=0
20260909-09:06.23-742852(us) 2432096 * ParseNewFormat  (configuration.cc:102): Using new configuration format
20260909-09:06.23-742905(us) 2432096 * ParseNewFormat  (configuration.cc:102): Using new configuration format
20260909-09:06.23-742969(us) 2432096 * ParseNewFormat  (configuration.cc:162): Loaded 1 sites in 1 shards
20260909-09:06.23-743012(us) 2432096 * ParseNewFormat  (configuration.cc:102): Using new configuration format
20260909-09:06.23-743057(us) 2432096 * ParseNewFormat  (configuration.cc:162): Loaded 1 sites in 1 shards
20260909-09:06.23-743097(us) 2432096 * ParseNewFormat  (configuration.cc:162): Loaded 1 sites in 1 shards
20260909-09:06.23-743135(us) 2432096 * ParseNewFormat  (configuration.cc:102): Using new configuration format
20260909-09:06.23-743196(us) 2432096 * ParseNewFormat  (configuration.cc:162): Loaded 1 sites in 1 shards
20260909-09:06.23-743255(us) 2432096 * ParseNewFormat  (configuration.cc:102): Using new configuration format
20260909-09:06.23-743294(us) 2432096 * ParseNewFormat  (configuration.cc:102): Using new configuration format
20260909-09:06.23-743346(us) 2432096 * ParseNewFormat  (configuration.cc:162): Loaded 1 sites in 1 shards
20260909-09:06.23-743382(us) 2432096 * Initialize      (srpc_rpc_backend.cc:66): SrpcRpcBackend::Initialize: poll_thread_worker_ created, is_some=1
20260909-09:06.23-743430(us) 2432096 * ParseNewFormat  (configuration.cc:162): Loaded 1 sites in 1 shards
20260909-09:06.23-743478(us) 2432096 * Initialize      (srpc_rpc_backend.cc:66): SrpcRpcBackend::Initialize: poll_thread_worker_ created, is_some=1
20260909-09:06.23-743531(us) 2432096 * Initialize      (srpc_rpc_backend.cc:97): SrpcRpcBackend initialized on 127.0.0.1:31000 (listening on 0.0.0.0:31000)
20260909-09:06.23-743558(us) 2432096 * FastTransport   (fasttransport.cc:147): FastTransport initialized with srpc/rpc backend on 127.0.0.1:31000
20260909-09:06.23-743597(us) 2432096 * ParseNewFormat  (configuration.cc:102): Using new configuration format
20260909-09:06.23-743639(us) 2432096 * Initialize      (srpc_rpc_backend.cc:97): SrpcRpcBackend initialized on 127.0.0.1:31001 (listening on 0.0.0.0:31001)
20260909-09:06.23-743676(us) 2432096 * FastTransport   (fasttransport.cc:147): FastTransport initialized with srpc/rpc backend on 127.0.0.1:31001
20260909-09:06.23-743716(us) 2432096 * ParseNewFormat  (configuration.cc:162): Loaded 1 sites in 1 shards
20260909-09:06.23-743754(us) 2432096 * Initialize      (srpc_rpc_backend.cc:66): SrpcRpcBackend::Initialize: poll_thread_worker_ created, is_some=1
20260909-09:06.23-743801(us) 2432096 * ParseNewFormat  (configuration.cc:102): Using new configuration format
20260909-09:06.23-743877(us) 2432096 * ParseNewFormat  (configuration.cc:102): Using new configuration format
20260909-09:06.23-743914(us) 2432096 * ParseNewFormat  (configuration.cc:162): Loaded 1 sites in 1 shards
20260909-09:06.23-743939(us) 2432096 * Initialize      (srpc_rpc_backend.cc:97): SrpcRpcBackend initialized on 127.0.0.1:31002 (listening on 0.0.0.0:31002)
20260909-09:06.23-743965(us) 2432096 * FastTransport   (fasttransport.cc:147): FastTransport initialized with srpc/rpc backend on 127.0.0.1:31002
20260909-09:06.23-743994(us) 2432096 * benchmark_thread_init (mbta_wrapper.hh:1811): thread_init: thread_id=14, shard_index=0, getShardIndex=0, loader=0
20260909-09:06.23-744039(us) 2432096 * ParseNewFormat  (configuration.cc:162): Loaded 1 sites in 1 shards
20260909-09:06.23-744115(us) 2432096 * Initialize      (srpc_rpc_backend.cc:66): SrpcRpcBackend::Initialize: poll_thread_worker_ created, is_some=1
20260909-09:06.23-744151(us) 2432096 * ParseNewFormat  (configuration.cc:102): Using new configuration format
20260909-09:06.23-744198(us) 2432096 * ParseNewFormat  (configuration.cc:102): Using new configuration format
20260909-09:06.23-744244(us) 2432096 * Initialize      (srpc_rpc_backend.cc:97): SrpcRpcBackend initialized on 127.0.0.1:31005 (listening on 0.0.0.0:31005)
20260909-09:06.23-744272(us) 2432096 * FastTransport   (fasttransport.cc:147): FastTransport initialized with srpc/rpc backend on 127.0.0.1:31005
20260909-09:06.23-744339(us) 2432096 * ParseNewFormat  (configuration.cc:102): Using new configuration format
20260909-09:06.23-744411(us) 2432096 * ParseNewFormat  (configuration.cc:162): Loaded 1 sites in 1 shards
20260909-09:06.23-744440(us) 2432096 * benchmark_thread_init (mbta_wrapper.hh:1811): thread_init: thread_id=15, shard_index=0, getShardIndex=0, loader=0
20260909-09:06.23-744550(us) 2432096 * Initialize      (srpc_rpc_backend.cc:66): SrpcRpcBackend::Initialize: poll_thread_worker_ created, is_some=1
20260909-09:06.23-744586(us) 2432096 * ParseNewFormat  (configuration.cc:102): Using new configuration format
20260909-09:06.23-744632(us) 2432096 * ParseNewFormat  (configuration.cc:102): Using new configuration format
20260909-09:06.23-744658(us) 2432096 * Initialize      (srpc_rpc_backend.cc:97): SrpcRpcBackend initialized on 127.0.0.1:31004 (listening on 0.0.0.0:31004)
20260909-09:06.23-744692(us) 2432096 * FastTransport   (fasttransport.cc:147): FastTransport initialized with srpc/rpc backend on 127.0.0.1:31004
20260909-09:06.23-744761(us) 2432096 * ParseNewFormat  (configuration.cc:102): Using new configuration format
20260909-09:06.23-744800(us) 2432096 * ParseNewFormat  (configuration.cc:162): Loaded 1 sites in 1 shards
20260909-09:06.23-744952(us) 2432096 * ParseNewFormat  (configuration.cc:102): Using new configuration format
20260909-09:06.23-744994(us) 2432096 * ParseNewFormat  (configuration.cc:162): Loaded 1 sites in 1 shards
20260909-09:06.23-745031(us) 2432096 * ParseNewFormat  (configuration.cc:162): Loaded 1 sites in 1 shards
20260909-09:06.23-745089(us) 2432096 * benchmark_thread_init (mbta_wrapper.hh:1811): thread_init: thread_id=16, shard_index=0, getShardIndex=0, loader=0
20260909-09:06.23-745130(us) 2432096 * benchmark_thread_init (mbta_wrapper.hh:1811): thread_init: thread_id=17, shard_index=0, getShardIndex=0, loader=0
20260909-09:06.23-745198(us) 2432096 * ParseNewFormat  (configuration.cc:162): Loaded 1 sites in 1 shards
20260909-09:06.23-745235(us) 2432096 * Initialize      (srpc_rpc_backend.cc:66): SrpcRpcBackend::Initialize: poll_thread_worker_ created, is_some=1
20260909-09:06.23-745267(us) 2432096 * ParseNewFormat  (configuration.cc:102): Using new configuration format
20260909-09:06.23-745299(us) 2432096 * Initialize      (srpc_rpc_backend.cc:97): SrpcRpcBackend initialized on 127.0.0.1:31003 (listening on 0.0.0.0:31003)
20260909-09:06.23-745320(us) 2432096 * FastTransport   (fasttransport.cc:147): FastTransport initialized with srpc/rpc backend on 127.0.0.1:31003
20260909-09:06.23-745336(us) 2432096 * ParseNewFormat  (configuration.cc:102): Using new configuration format
20260909-09:06.23-745367(us) 2432096 * Initialize      (srpc_rpc_backend.cc:66): SrpcRpcBackend::Initialize: poll_thread_worker_ created, is_some=1
20260909-09:06.23-745408(us) 2432096 * ParseNewFormat  (configuration.cc:162): Loaded 1 sites in 1 shards
20260909-09:06.23-745438(us) 2432096 * ParseNewFormat  (configuration.cc:162): Loaded 1 sites in 1 shards
20260909-09:06.23-745473(us) 2432096 * Initialize      (srpc_rpc_backend.cc:66): SrpcRpcBackend::Initialize: poll_thread_worker_ created, is_some=1
20260909-09:06.23-745547(us) 2432096 * ParseNewFormat  (configuration.cc:162): Loaded 1 sites in 1 shards
20260909-09:06.23-745622(us) 2432096 * Initialize      (srpc_rpc_backend.cc:97): SrpcRpcBackend initialized on 127.0.0.1:31007 (listening on 0.0.0.0:31007)
20260909-09:06.23-745645(us) 2432096 * FastTransport   (fasttransport.cc:147): FastTransport initialized with srpc/rpc backend on 127.0.0.1:31007
20260909-09:06.23-745677(us) 2432096 * ParseNewFormat  (configuration.cc:102): Using new configuration format
20260909-09:06.23-745713(us) 2432096 * ParseNewFormat  (configuration.cc:162): Loaded 1 sites in 1 shards
20260909-09:06.23-745734(us) 2432096 * ParseNewFormat  (configuration.cc:162): Loaded 1 sites in 1 shards
20260909-09:06.23-745766(us) 2432096 * ParseNewFormat  (configuration.cc:102): Using new configuration format
20260909-09:06.23-745804(us) 2432096 * ParseNewFormat  (configuration.cc:102): Using new configuration format
20260909-09:06.23-745857(us) 2432096 * ParseNewFormat  (configuration.cc:162): Loaded 1 sites in 1 shards
20260909-09:06.23-745888(us) 2432096 * benchmark_thread_init (mbta_wrapper.hh:1811): thread_init: thread_id=18, shard_index=0, getShardIndex=0, loader=0
20260909-09:06.23-745933(us) 2432096 * ParseNewFormat  (configuration.cc:162): Loaded 1 sites in 1 shards
20260909-09:06.23-746113(us) 2432096 * benchmark_thread_init (mbta_wrapper.hh:1811): thread_init: thread_id=19, shard_index=0, getShardIndex=0, loader=0
20260909-09:06.23-746365(us) 2432096 * ParseNewFormat  (configuration.cc:102): Using new configuration format
20260909-09:06.23-746457(us) 2432096 * ParseNewFormat  (configuration.cc:162): Loaded 1 sites in 1 shards
20260909-09:06.23-746566(us) 2432096 * benchmark_thread_init (mbta_wrapper.hh:1811): thread_init: thread_id=20, shard_index=0, getShardIndex=0, loader=0
20260909-09:06.23-746624(us) 2432096 * ParseNewFormat  (configuration.cc:102): Using new configuration format
20260909-09:06.23-746661(us) 2432096 * benchmark_thread_init (mbta_wrapper.hh:1811): thread_init: thread_id=21, shard_index=0, getShardIndex=0, loader=0
20260909-09:06.23-746718(us) 2432096 * ParseNewFormat  (configuration.cc:102): Using new configuration format
20260909-09:06.23-746771(us) 2432096 * ParseNewFormat  (configuration.cc:162): Loaded 1 sites in 1 shards
20260909-09:06.23-746793(us) 2432096 * ParseNewFormat  (configuration.cc:162): Loaded 1 sites in 1 shards
20260909-09:06.23-746871(us) 2432096 * ParseNewFormat  (configuration.cc:102): Using new configuration format
20260909-09:06.23-746919(us) 2432096 * ParseNewFormat  (configuration.cc:162): Loaded 1 sites in 1 shards
20260909-09:06.23-746949(us) 2432096 * ParseNewFormat  (configuration.cc:102): Using new configuration format
20260909-09:06.23-746996(us) 2432096 * ParseNewFormat  (configuration.cc:162): Loaded 1 sites in 1 shards
20260909-09:06.23-747386(us) 2432096 * ParseNewFormat  (configuration.cc:102): Using new configuration format
20260909-09:06.23-747431(us) 2432096 * ParseNewFormat  (configuration.cc:162): Loaded 1 sites in 1 shards
20260909-09:06.23-747664(us) 2432096 * ParseNewFormat  (configuration.cc:102): Using new configuration format
20260909-09:06.23-747703(us) 2432096 * ParseNewFormat  (configuration.cc:162): Loaded 1 sites in 1 shards
20260909-09:06.23-747996(us) 2432096 * ParseNewFormat  (configuration.cc:102): Using new configuration format
20260909-09:06.23-748028(us) 2432096 * ParseNewFormat  (configuration.cc:162): Loaded 1 sites in 1 shards
20260909-09:06.23-761891(us) 2432096 * Initialize      (srpc_rpc_backend.cc:97): SrpcRpcBackend initialized on 127.0.0.1:31006 (listening on 0.0.0.0:31006)
20260909-09:06.23-761929(us) 2432096 * FastTransport   (fasttransport.cc:147): FastTransport initialized with srpc/rpc backend on 127.0.0.1:31006
20260909-09:06.23-762083(us) 2432096 * Initialize      (srpc_rpc_backend.cc:66): SrpcRpcBackend::Initialize: poll_thread_worker_ created, is_some=1
20260909-09:06.23-762149(us) 2432096 * Initialize      (srpc_rpc_backend.cc:97): SrpcRpcBackend initialized on 127.0.0.1:31010 (listening on 0.0.0.0:31010)
20260909-09:06.23-762167(us) 2432096 * FastTransport   (fasttransport.cc:147): FastTransport initialized with srpc/rpc backend on 127.0.0.1:31010
20260909-09:06.23-762420(us) 2432096 * Initialize      (srpc_rpc_backend.cc:66): SrpcRpcBackend::Initialize: poll_thread_worker_ created, is_some=1
20260909-09:06.23-762510(us) 2432096 * Initialize      (srpc_rpc_backend.cc:66): SrpcRpcBackend::Initialize: poll_thread_worker_ created, is_some=1
20260909-09:06.23-762542(us) 2432096 * Initialize      (srpc_rpc_backend.cc:97): SrpcRpcBackend initialized on 127.0.0.1:31009 (listening on 0.0.0.0:31009)
20260909-09:06.23-762597(us) 2432096 * FastTransport   (fasttransport.cc:147): FastTransport initialized with srpc/rpc backend on 127.0.0.1:31009
20260909-09:06.23-762642(us) 2432096 * ParseNewFormat  (configuration.cc:102): Using new configuration format
20260909-09:06.23-762683(us) 2432096 * Initialize      (srpc_rpc_backend.cc:66): SrpcRpcBackend::Initialize: poll_thread_worker_ created, is_some=1
20260909-09:06.23-762717(us) 2432096 * ParseNewFormat  (configuration.cc:102): Using new configuration format
20260909-09:06.23-762751(us) 2432096 * ParseNewFormat  (configuration.cc:102): Using new configuration format
20260909-09:06.23-762798(us) 2432096 * ParseNewFormat  (configuration.cc:102): Using new configuration format
20260909-09:06.23-762850(us) 2432096 * ParseNewFormat  (configuration.cc:162): Loaded 1 sites in 1 shards
20260909-09:06.23-762887(us) 2432096 * Initialize      (srpc_rpc_backend.cc:97): SrpcRpcBackend initialized on 127.0.0.1:31011 (listening on 0.0.0.0:31011)
20260909-09:06.23-762907(us) 2432096 * FastTransport   (fasttransport.cc:147): FastTransport initialized with srpc/rpc backend on 127.0.0.1:31011
20260909-09:06.23-762930(us) 2432096 * ParseNewFormat  (configuration.cc:162): Loaded 1 sites in 1 shards
20260909-09:06.23-762959(us) 2432096 * ParseNewFormat  (configuration.cc:162): Loaded 1 sites in 1 shards
20260909-09:06.23-762997(us) 2432096 * ParseNewFormat  (configuration.cc:162): Loaded 1 sites in 1 shards
20260909-09:06.23-763029(us) 2432096 * Initialize      (srpc_rpc_backend.cc:97): SrpcRpcBackend initialized on 127.0.0.1:31013 (listening on 0.0.0.0:31013)
20260909-09:06.23-763055(us) 2432096 * FastTransport   (fasttransport.cc:147): FastTransport initialized with srpc/rpc backend on 127.0.0.1:31013
20260909-09:06.23-763158(us) 2432096 * ParseNewFormat  (configuration.cc:102): Using new configuration format
20260909-09:06.23-763232(us) 2432096 * ParseNewFormat  (configuration.cc:102): Using new configuration format
20260909-09:06.23-763286(us) 2432096 * ParseNewFormat  (configuration.cc:102): Using new configuration format
20260909-09:06.23-763321(us) 2432096 * ParseNewFormat  (configuration.cc:162): Loaded 1 sites in 1 shards
20260909-09:06.23-763369(us) 2432096 * ParseNewFormat  (configuration.cc:162): Loaded 1 sites in 1 shards
20260909-09:06.23-763452(us) 2432096 * ParseNewFormat  (configuration.cc:102): Using new configuration format
20260909-09:06.23-763505(us) 2432096 * ParseNewFormat  (configuration.cc:162): Loaded 1 sites in 1 shards
20260909-09:06.23-763714(us) 2432096 * ParseNewFormat  (configuration.cc:102): Using new configuration format
20260909-09:06.23-763750(us) 2432096 * ParseNewFormat  (configuration.cc:162): Loaded 1 sites in 1 shards
20260909-09:06.23-764027(us) 2432096 * ParseNewFormat  (configuration.cc:162): Loaded 1 sites in 1 shards
20260909-09:06.23-764079(us) 2432096 * ParseNewFormat  (configuration.cc:102): Using new configuration format
20260909-09:06.23-764120(us) 2432096 * ParseNewFormat  (configuration.cc:162): Loaded 1 sites in 1 shards
20260909-09:06.23-764170(us) 2432096 * Initialize      (srpc_rpc_backend.cc:66): SrpcRpcBackend::Initialize: poll_thread_worker_ created, is_some=1
20260909-09:06.23-764230(us) 2432096 * Initialize      (srpc_rpc_backend.cc:97): SrpcRpcBackend initialized on 127.0.0.1:31012 (listening on 0.0.0.0:31012)
20260909-09:06.23-764248(us) 2432096 * FastTransport   (fasttransport.cc:147): FastTransport initialized with srpc/rpc backend on 127.0.0.1:31012
20260909-09:06.23-764386(us) 2432096 * Initialize      (srpc_rpc_backend.cc:66): SrpcRpcBackend::Initialize: poll_thread_worker_ created, is_some=1
20260909-09:06.23-764450(us) 2432096 * Initialize      (srpc_rpc_backend.cc:97): SrpcRpcBackend initialized on 127.0.0.1:31015 (listening on 0.0.0.0:31015)
20260909-09:06.23-764467(us) 2432096 * FastTransport   (fasttransport.cc:147): FastTransport initialized with srpc/rpc backend on 127.0.0.1:31015
20260909-09:06.23-764934(us) 2432096 * ParseNewFormat  (configuration.cc:102): Using new configuration format
20260909-09:06.23-764970(us) 2432096 * ParseNewFormat  (configuration.cc:162): Loaded 1 sites in 1 shards
20260909-09:06.23-765195(us) 2432096 * ParseNewFormat  (configuration.cc:102): Using new configuration format
20260909-09:06.23-765235(us) 2432096 * ParseNewFormat  (configuration.cc:162): Loaded 1 sites in 1 shards
20260909-09:06.23-765981(us) 2432096 * Initialize      (srpc_rpc_backend.cc:66): SrpcRpcBackend::Initialize: poll_thread_worker_ created, is_some=1
20260909-09:06.23-766050(us) 2432096 * Initialize      (srpc_rpc_backend.cc:97): SrpcRpcBackend initialized on 127.0.0.1:31014 (listening on 0.0.0.0:31014)
20260909-09:06.23-766065(us) 2432096 * FastTransport   (fasttransport.cc:147): FastTransport initialized with srpc/rpc backend on 127.0.0.1:31014
20260909-09:06.23-766111(us) 2432096 * ParseNewFormat  (configuration.cc:102): Using new configuration format
20260909-09:06.23-766146(us) 2432096 * ParseNewFormat  (configuration.cc:162): Loaded 1 sites in 1 shards
20260909-09:06.23-766377(us) 2432096 * Initialize      (srpc_rpc_backend.cc:66): SrpcRpcBackend::Initialize: poll_thread_worker_ created, is_some=1
20260909-09:06.23-766435(us) 2432096 * Initialize      (srpc_rpc_backend.cc:97): SrpcRpcBackend initialized on 127.0.0.1:31008 (listening on 0.0.0.0:31008)
20260909-09:06.23-766449(us) 2432096 * FastTransport   (fasttransport.cc:147): FastTransport initialized with srpc/rpc backend on 127.0.0.1:31008
20260909-09:06.23-766808(us) 2432096 * ParseNewFormat  (configuration.cc:102): Using new configuration format
20260909-09:06.23-766851(us) 2432096 * ParseNewFormat  (configuration.cc:162): Loaded 1 sites in 1 shards
20260909-09:06.23-767148(us) 2432096 * ParseNewFormat  (configuration.cc:102): Using new configuration format
20260909-09:06.23-767192(us) 2432096 * ParseNewFormat  (configuration.cc:162): Loaded 1 sites in 1 shards
20260909-09:06.23-769848(us) 2432096 ! run             (bench.cc:685):     TPCC_BENCH_MEASURE_START
20260909-09:06.23-769889(us) 2432096 ! run             (bench.cc:693):     start the running time, runTime:10
20260909-09:06.23-769909(us) 2432096 ! run             (bench.cc:705):     runtime time left:10000 ms, bool:1
20260909-09:06.24-781651(us) 2432096 ! run             (bench.cc:705):     runtime time left:9000 ms, bool:1
20260909-09:06.25-792020(us) 2432096 ! run             (bench.cc:705):     runtime time left:8000 ms, bool:1
20260909-09:06.26-801262(us) 2432096 ! run             (bench.cc:705):     runtime time left:7000 ms, bool:1
20260909-09:06.27-812243(us) 2432096 ! run             (bench.cc:705):     runtime time left:6000 ms, bool:1
20260909-09:06.28-823821(us) 2432096 ! run             (bench.cc:705):     runtime time left:5000 ms, bool:1
20260909-09:06.29-832853(us) 2432096 ! run             (bench.cc:705):     runtime time left:4000 ms, bool:1
20260909-09:06.30-843434(us) 2432096 ! run             (bench.cc:705):     runtime time left:3000 ms, bool:1
20260909-09:06.31-856173(us) 2432096 ! run             (bench.cc:705):     runtime time left:2000 ms, bool:1
20260909-09:06.32-867491(us) 2432096 ! run             (bench.cc:705):     runtime time left:1000 ms, bool:1
20260909-09:06.33-876337(us) 2432096 ! run             (bench.cc:718):     runtime_plus:0
[SHUTDOWN] Setting running=false to stop database worker threads
[SHUTDOWN] Calling first stop() to stop client transports
20260909-09:06.33-876413(us) 2432096 * PrintStats      (srpc_rpc_backend.cc:686): SrpcRpcBackend request stats: msg_size_req_sent: 0 bytes, counter: 0, avg: 0.000000
20260909-09:06.33-876476(us) 2432096 * PrintStats      (srpc_rpc_backend.cc:686): SrpcRpcBackend request stats: msg_size_req_sent: 0 bytes, counter: 0, avg: 0.000000
20260909-09:06.33-876555(us) 2432096 ! stop            (bench.cc:514):     stop all rpc clients. set stop=false
20260909-09:06.33-876576(us) 2432096 * Stop            (srpc_rpc_backend.cc:593): SrpcRpcBackend::Stop: BEGIN - Setting stop flag
20260909-09:06.33-876592(us) 2432096 * Stop            (srpc_rpc_backend.cc:596): SrpcRpcBackend::Stop: Waiting for event loop to exit...
20260909-09:06.33-876607(us) 2432096 * Stop            (srpc_rpc_backend.cc:612): SrpcRpcBackend::Stop: Event loop exited successfully
20260909-09:06.33-876621(us) 2432096 * Stop            (srpc_rpc_backend.cc:616): SrpcRpcBackend::Stop: Signaling 0 request queues to stop
20260909-09:06.33-876637(us) 2432096 * Stop            (srpc_rpc_backend.cc:624): SrpcRpcBackend::Stop: Signaling 0 response queues to stop
20260909-09:06.33-876654(us) 2432096 * Stop            (srpc_rpc_backend.cc:635): SrpcRpcBackend::Stop: Server cleanup deferred to destructor
20260909-09:06.33-876667(us) 2432096 * Stop            (srpc_rpc_backend.cc:638): SrpcRpcBackend::Stop: Closing client connections
20260909-09:06.33-876688(us) 2432096 * Stop            (srpc_rpc_backend.cc:642): SrpcRpcBackend::Stop: Found 0 client connections to close
20260909-09:06.33-876704(us) 2432096 * PrintStats      (srpc_rpc_backend.cc:686): SrpcRpcBackend request stats: msg_size_req_sent: 0 bytes, counter: 0, avg: 0.000000
20260909-09:06.33-876756(us) 2432096 * PrintStats      (srpc_rpc_backend.cc:686): SrpcRpcBackend request stats: msg_size_req_sent: 0 bytes, counter: 0, avg: 0.000000
20260909-09:06.33-876828(us) 2432096 * PrintStats      (srpc_rpc_backend.cc:686): SrpcRpcBackend request stats: msg_size_req_sent: 0 bytes, counter: 0, avg: 0.000000
20260909-09:06.33-876889(us) 2432096 * PrintStats      (srpc_rpc_backend.cc:686): SrpcRpcBackend request stats: msg_size_req_sent: 0 bytes, counter: 0, avg: 0.000000
20260909-09:06.33-876924(us) 2432096 * PrintStats      (srpc_rpc_backend.cc:686): SrpcRpcBackend request stats: msg_size_req_sent: 0 bytes, counter: 0, avg: 0.000000
20260909-09:06.33-876961(us) 2432096 * PrintStats      (srpc_rpc_backend.cc:686): SrpcRpcBackend request stats: msg_size_req_sent: 0 bytes, counter: 0, avg: 0.000000
20260909-09:06.33-877013(us) 2432096 * PrintStats      (srpc_rpc_backend.cc:686): SrpcRpcBackend request stats: msg_size_req_sent: 0 bytes, counter: 0, avg: 0.000000
20260909-09:06.33-877058(us) 2432096 * PrintStats      (srpc_rpc_backend.cc:686): SrpcRpcBackend request stats: msg_size_req_sent: 0 bytes, counter: 0, avg: 0.000000
20260909-09:06.33-877130(us) 2432096 * PrintStats      (srpc_rpc_backend.cc:686): SrpcRpcBackend request stats: msg_size_req_sent: 0 bytes, counter: 0, avg: 0.000000
20260909-09:06.33-877176(us) 2432096 * PrintStats      (srpc_rpc_backend.cc:686): SrpcRpcBackend request stats: msg_size_req_sent: 0 bytes, counter: 0, avg: 0.000000
20260909-09:06.33-877211(us) 2432096 * PrintStats      (srpc_rpc_backend.cc:686): SrpcRpcBackend request stats: msg_size_req_sent: 0 bytes, counter: 0, avg: 0.000000
20260909-09:06.33-877243(us) 2432096 * PrintStats      (srpc_rpc_backend.cc:686): SrpcRpcBackend request stats: msg_size_req_sent: 0 bytes, counter: 0, avg: 0.000000
20260909-09:06.33-877293(us) 2432096 * PrintStats      (srpc_rpc_backend.cc:686): SrpcRpcBackend request stats: msg_size_req_sent: 0 bytes, counter: 0, avg: 0.000000
20260909-09:06.33-877345(us) 2432096 * Stop            (srpc_rpc_backend.cc:662): SrpcRpcBackend::Stop: Closed 0 client connections
20260909-09:06.33-877367(us) 2432096 * Stop            (srpc_rpc_backend.cc:675): SrpcRpcBackend stats: msg_size_resp_sent: 0 bytes, counter: 0, avg: 0.000000
20260909-09:06.33-877381(us) 2432096 * Stop            (srpc_rpc_backend.cc:676): SrpcRpcBackend::Stop: END
20260909-09:06.33-877395(us) 2432096 * Stop            (srpc_rpc_backend.cc:593): SrpcRpcBackend::Stop: BEGIN - Setting stop flag
20260909-09:06.33-877408(us) 2432096 * Stop            (srpc_rpc_backend.cc:596): SrpcRpcBackend::Stop: Waiting for event loop to exit...
20260909-09:06.33-877422(us) 2432096 * Stop            (srpc_rpc_backend.cc:612): SrpcRpcBackend::Stop: Event loop exited successfully
20260909-09:06.33-877435(us) 2432096 * Stop            (srpc_rpc_backend.cc:616): SrpcRpcBackend::Stop: Signaling 0 request queues to stop
20260909-09:06.33-877447(us) 2432096 * Stop            (srpc_rpc_backend.cc:624): SrpcRpcBackend::Stop: Signaling 0 response queues to stop
20260909-09:06.33-877461(us) 2432096 * Stop            (srpc_rpc_backend.cc:635): SrpcRpcBackend::Stop: Server cleanup deferred to destructor
20260909-09:06.33-877482(us) 2432096 * Stop            (srpc_rpc_backend.cc:638): SrpcRpcBackend::Stop: Closing client connections
20260909-09:06.33-877494(us) 2432096 * Stop            (srpc_rpc_backend.cc:642): SrpcRpcBackend::Stop: Found 0 client connections to close
20260909-09:06.33-877507(us) 2432096 * Stop            (srpc_rpc_backend.cc:662): SrpcRpcBackend::Stop: Closed 0 client connections
20260909-09:06.33-877520(us) 2432096 * Stop            (srpc_rpc_backend.cc:675): SrpcRpcBackend stats: msg_size_resp_sent: 0 bytes, counter: 0, avg: 0.000000
20260909-09:06.33-877533(us) 2432096 * Stop            (srpc_rpc_backend.cc:676): SrpcRpcBackend::Stop: END
20260909-09:06.33-877547(us) 2432096 * Stop            (srpc_rpc_backend.cc:593): SrpcRpcBackend::Stop: BEGIN - Setting stop flag
20260909-09:06.33-877560(us) 2432096 * Stop            (srpc_rpc_backend.cc:596): SrpcRpcBackend::Stop: Waiting for event loop to exit...
20260909-09:06.33-877573(us) 2432096 * Stop            (srpc_rpc_backend.cc:612): SrpcRpcBackend::Stop: Event loop exited successfully
20260909-09:06.33-877586(us) 2432096 * Stop            (srpc_rpc_backend.cc:616): SrpcRpcBackend::Stop: Signaling 0 request queues to stop
20260909-09:06.33-877599(us) 2432096 * Stop            (srpc_rpc_backend.cc:624): SrpcRpcBackend::Stop: Signaling 0 response queues to stop
20260909-09:06.33-877611(us) 2432096 * Stop            (srpc_rpc_backend.cc:635): SrpcRpcBackend::Stop: Server cleanup deferred to destructor
20260909-09:06.33-877624(us) 2432096 * Stop            (srpc_rpc_backend.cc:638): SrpcRpcBackend::Stop: Closing client connections
20260909-09:06.33-877636(us) 2432096 * Stop            (srpc_rpc_backend.cc:642): SrpcRpcBackend::Stop: Found 0 client connections to close
20260909-09:06.33-877650(us) 2432096 * Stop            (srpc_rpc_backend.cc:662): SrpcRpcBackend::Stop: Closed 0 client connections
20260909-09:06.33-877663(us) 2432096 * Stop            (srpc_rpc_backend.cc:675): SrpcRpcBackend stats: msg_size_resp_sent: 0 bytes, counter: 0, avg: 0.000000
20260909-09:06.33-877676(us) 2432096 * Stop            (srpc_rpc_backend.cc:676): SrpcRpcBackend::Stop: END
20260909-09:06.33-877689(us) 2432096 * Stop            (srpc_rpc_backend.cc:593): SrpcRpcBackend::Stop: BEGIN - Setting stop flag
20260909-09:06.33-877702(us) 2432096 * Stop            (srpc_rpc_backend.cc:596): SrpcRpcBackend::Stop: Waiting for event loop to exit...
20260909-09:06.33-877723(us) 2432096 * Stop            (srpc_rpc_backend.cc:612): SrpcRpcBackend::Stop: Event loop exited successfully
20260909-09:06.33-877736(us) 2432096 * Stop            (srpc_rpc_backend.cc:616): SrpcRpcBackend::Stop: Signaling 0 request queues to stop
20260909-09:06.33-877749(us) 2432096 * Stop            (srpc_rpc_backend.cc:624): SrpcRpcBackend::Stop: Signaling 0 response queues to stop
20260909-09:06.33-877762(us) 2432096 * Stop            (srpc_rpc_backend.cc:635): SrpcRpcBackend::Stop: Server cleanup deferred to destructor
20260909-09:06.33-877775(us) 2432096 * Stop            (srpc_rpc_backend.cc:638): SrpcRpcBackend::Stop: Closing client connections
20260909-09:06.33-877788(us) 2432096 * Stop            (srpc_rpc_backend.cc:642): SrpcRpcBackend::Stop: Found 0 client connections to close
20260909-09:06.33-877800(us) 2432096 * Stop            (srpc_rpc_backend.cc:662): SrpcRpcBackend::Stop: Closed 0 client connections
20260909-09:06.33-877813(us) 2432096 * Stop            (srpc_rpc_backend.cc:675): SrpcRpcBackend stats: msg_size_resp_sent: 0 bytes, counter: 0, avg: 0.000000
20260909-09:06.33-877826(us) 2432096 * Stop            (srpc_rpc_backend.cc:676): SrpcRpcBackend::Stop: END
20260909-09:06.33-877847(us) 2432096 * Stop            (srpc_rpc_backend.cc:593): SrpcRpcBackend::Stop: BEGIN - Setting stop flag
20260909-09:06.33-877860(us) 2432096 * Stop            (srpc_rpc_backend.cc:596): SrpcRpcBackend::Stop: Waiting for event loop to exit...
20260909-09:06.33-877880(us) 2432096 * Stop            (srpc_rpc_backend.cc:612): SrpcRpcBackend::Stop: Event loop exited successfully
20260909-09:06.33-877892(us) 2432096 * Stop            (srpc_rpc_backend.cc:616): SrpcRpcBackend::Stop: Signaling 0 request queues to stop
20260909-09:06.33-877905(us) 2432096 * Stop            (srpc_rpc_backend.cc:624): SrpcRpcBackend::Stop: Signaling 0 response queues to stop
20260909-09:06.33-877918(us) 2432096 * Stop            (srpc_rpc_backend.cc:635): SrpcRpcBackend::Stop: Server cleanup deferred to destructor
20260909-09:06.33-877931(us) 2432096 * Stop            (srpc_rpc_backend.cc:638): SrpcRpcBackend::Stop: Closing client connections
20260909-09:06.33-877951(us) 2432096 * Stop            (srpc_rpc_backend.cc:642): SrpcRpcBackend::Stop: Found 0 client connections to close
20260909-09:06.33-877963(us) 2432096 * Stop            (srpc_rpc_backend.cc:662): SrpcRpcBackend::Stop: Closed 0 client connections
20260909-09:06.33-877981(us) 2432096 * Stop            (srpc_rpc_backend.cc:675): SrpcRpcBackend stats: msg_size_resp_sent: 0 bytes, counter: 0, avg: 0.000000
20260909-09:06.33-877994(us) 2432096 * Stop            (srpc_rpc_backend.cc:676): SrpcRpcBackend::Stop: END
20260909-09:06.33-878007(us) 2432096 * Stop            (srpc_rpc_backend.cc:593): SrpcRpcBackend::Stop: BEGIN - Setting stop flag
20260909-09:06.33-878026(us) 2432096 * Stop            (srpc_rpc_backend.cc:596): SrpcRpcBackend::Stop: Waiting for event loop to exit...
20260909-09:06.33-878040(us) 2432096 * PrintStats      (srpc_rpc_backend.cc:686): SrpcRpcBackend request stats: msg_size_req_sent: 0 bytes, counter: 0, avg: 0.000000
20260909-09:06.33-878085(us) 2432096 * Stop            (srpc_rpc_backend.cc:612): SrpcRpcBackend::Stop: Event loop exited successfully
20260909-09:06.33-878102(us) 2432096 * Stop            (srpc_rpc_backend.cc:616): SrpcRpcBackend::Stop: Signaling 0 request queues to stop
20260909-09:06.33-878117(us) 2432096 * Stop            (srpc_rpc_backend.cc:624): SrpcRpcBackend::Stop: Signaling 0 response queues to stop
20260909-09:06.33-878130(us) 2432096 * Stop            (srpc_rpc_backend.cc:635): SrpcRpcBackend::Stop: Server cleanup deferred to destructor
20260909-09:06.33-878143(us) 2432096 * Stop            (srpc_rpc_backend.cc:638): SrpcRpcBackend::Stop: Closing client connections
20260909-09:06.33-878157(us) 2432096 * Stop            (srpc_rpc_backend.cc:642): SrpcRpcBackend::Stop: Found 0 client connections to close
20260909-09:06.33-878170(us) 2432096 * Stop            (srpc_rpc_backend.cc:662): SrpcRpcBackend::Stop: Closed 0 client connections
20260909-09:06.33-878185(us) 2432096 * Stop            (srpc_rpc_backend.cc:675): SrpcRpcBackend stats: msg_size_resp_sent: 0 bytes, counter: 0, avg: 0.000000
20260909-09:06.33-878199(us) 2432096 * Stop            (srpc_rpc_backend.cc:676): SrpcRpcBackend::Stop: END
20260909-09:06.33-878215(us) 2432096 * Stop            (srpc_rpc_backend.cc:593): SrpcRpcBackend::Stop: BEGIN - Setting stop flag
20260909-09:06.33-878230(us) 2432096 * Stop            (srpc_rpc_backend.cc:596): SrpcRpcBackend::Stop: Waiting for event loop to exit...
20260909-09:06.33-878243(us) 2432096 * Stop            (srpc_rpc_backend.cc:612): SrpcRpcBackend::Stop: Event loop exited successfully
20260909-09:06.33-878256(us) 2432096 * Stop            (srpc_rpc_backend.cc:616): SrpcRpcBackend::Stop: Signaling 0 request queues to stop
20260909-09:06.33-878269(us) 2432096 * Stop            (srpc_rpc_backend.cc:624): SrpcRpcBackend::Stop: Signaling 0 response queues to stop
20260909-09:06.33-878283(us) 2432096 * Stop            (srpc_rpc_backend.cc:635): SrpcRpcBackend::Stop: Server cleanup deferred to destructor
20260909-09:06.33-878296(us) 2432096 * Stop            (srpc_rpc_backend.cc:638): SrpcRpcBackend::Stop: Closing client connections
20260909-09:06.33-878310(us) 2432096 * Stop            (srpc_rpc_backend.cc:642): SrpcRpcBackend::Stop: Found 0 client connections to close
20260909-09:06.33-878323(us) 2432096 * Stop            (srpc_rpc_backend.cc:662): SrpcRpcBackend::Stop: Closed 0 client connections
20260909-09:06.33-878336(us) 2432096 * Stop            (srpc_rpc_backend.cc:675): SrpcRpcBackend stats: msg_size_resp_sent: 0 bytes, counter: 0, avg: 0.000000
20260909-09:06.33-878354(us) 2432096 * Stop            (srpc_rpc_backend.cc:676): SrpcRpcBackend::Stop: END
20260909-09:06.33-878369(us) 2432096 * Stop            (srpc_rpc_backend.cc:593): SrpcRpcBackend::Stop: BEGIN - Setting stop flag
20260909-09:06.33-878383(us) 2432096 * Stop            (srpc_rpc_backend.cc:596): SrpcRpcBackend::Stop: Waiting for event loop to exit...
20260909-09:06.33-878397(us) 2432096 * Stop            (srpc_rpc_backend.cc:612): SrpcRpcBackend::Stop: Event loop exited successfully
20260909-09:06.33-878411(us) 2432096 * Stop            (srpc_rpc_backend.cc:616): SrpcRpcBackend::Stop: Signaling 0 request queues to stop
20260909-09:06.33-878424(us) 2432096 * Stop            (srpc_rpc_backend.cc:624): SrpcRpcBackend::Stop: Signaling 0 response queues to stop
20260909-09:06.33-878438(us) 2432096 * Stop            (srpc_rpc_backend.cc:635): SrpcRpcBackend::Stop: Server cleanup deferred to destructor
20260909-09:06.33-878451(us) 2432096 * Stop            (srpc_rpc_backend.cc:638): SrpcRpcBackend::Stop: Closing client connections
20260909-09:06.33-878465(us) 2432096 * Stop            (srpc_rpc_backend.cc:642): SrpcRpcBackend::Stop: Found 0 client connections to close
20260909-09:06.33-878478(us) 2432096 * Stop            (srpc_rpc_backend.cc:662): SrpcRpcBackend::Stop: Closed 0 client connections
20260909-09:06.33-878491(us) 2432096 * Stop            (srpc_rpc_backend.cc:675): SrpcRpcBackend stats: msg_size_resp_sent: 0 bytes, counter: 0, avg: 0.000000
20260909-09:06.33-878506(us) 2432096 * Stop            (srpc_rpc_backend.cc:676): SrpcRpcBackend::Stop: END
20260909-09:06.33-878521(us) 2432096 * Stop            (srpc_rpc_backend.cc:593): SrpcRpcBackend::Stop: BEGIN - Setting stop flag
20260909-09:06.33-878535(us) 2432096 * Stop            (srpc_rpc_backend.cc:596): SrpcRpcBackend::Stop: Waiting for event loop to exit...
20260909-09:06.33-878549(us) 2432096 * Stop            (srpc_rpc_backend.cc:612): SrpcRpcBackend::Stop: Event loop exited successfully
20260909-09:06.33-878562(us) 2432096 * Stop            (srpc_rpc_backend.cc:616): SrpcRpcBackend::Stop: Signaling 0 request queues to stop
20260909-09:06.33-878575(us) 2432096 * Stop            (srpc_rpc_backend.cc:624): SrpcRpcBackend::Stop: Signaling 0 response queues to stop
20260909-09:06.33-878589(us) 2432096 * Stop            (srpc_rpc_backend.cc:635): SrpcRpcBackend::Stop: Server cleanup deferred to destructor
20260909-09:06.33-878602(us) 2432096 * Stop            (srpc_rpc_backend.cc:638): SrpcRpcBackend::Stop: Closing client connections
20260909-09:06.33-878615(us) 2432096 * Stop            (srpc_rpc_backend.cc:642): SrpcRpcBackend::Stop: Found 0 client connections to close
20260909-09:06.33-878629(us) 2432096 * Stop            (srpc_rpc_backend.cc:662): SrpcRpcBackend::Stop: Closed 0 client connections
20260909-09:06.33-878644(us) 2432096 * Stop            (srpc_rpc_backend.cc:675): SrpcRpcBackend stats: msg_size_resp_sent: 0 bytes, counter: 0, avg: 0.000000
20260909-09:06.33-878657(us) 2432096 * Stop            (srpc_rpc_backend.cc:676): SrpcRpcBackend::Stop: END
20260909-09:06.33-878673(us) 2432096 * Stop            (srpc_rpc_backend.cc:593): SrpcRpcBackend::Stop: BEGIN - Setting stop flag
20260909-09:06.33-878687(us) 2432096 * Stop            (srpc_rpc_backend.cc:596): SrpcRpcBackend::Stop: Waiting for event loop to exit...
20260909-09:06.33-878701(us) 2432096 * Stop            (srpc_rpc_backend.cc:612): SrpcRpcBackend::Stop: Event loop exited successfully
20260909-09:06.33-878715(us) 2432096 * Stop            (srpc_rpc_backend.cc:616): SrpcRpcBackend::Stop: Signaling 0 request queues to stop
20260909-09:06.33-878729(us) 2432096 * Stop            (srpc_rpc_backend.cc:624): SrpcRpcBackend::Stop: Signaling 0 response queues to stop
20260909-09:06.33-878742(us) 2432096 * Stop            (srpc_rpc_backend.cc:635): SrpcRpcBackend::Stop: Server cleanup deferred to destructor
20260909-09:06.33-878756(us) 2432096 * Stop            (srpc_rpc_backend.cc:638): SrpcRpcBackend::Stop: Closing client connections
20260909-09:06.33-878769(us) 2432096 * Stop            (srpc_rpc_backend.cc:642): SrpcRpcBackend::Stop: Found 0 client connections to close
20260909-09:06.33-878783(us) 2432096 * Stop            (srpc_rpc_backend.cc:662): SrpcRpcBackend::Stop: Closed 0 client connections
20260909-09:06.33-878796(us) 2432096 * Stop            (srpc_rpc_backend.cc:675): SrpcRpcBackend stats: msg_size_resp_sent: 0 bytes, counter: 0, avg: 0.000000
20260909-09:06.33-878810(us) 2432096 * Stop            (srpc_rpc_backend.cc:676): SrpcRpcBackend::Stop: END
20260909-09:06.33-878825(us) 2432096 * Stop            (srpc_rpc_backend.cc:593): SrpcRpcBackend::Stop: BEGIN - Setting stop flag
20260909-09:06.33-878847(us) 2432096 * Stop            (srpc_rpc_backend.cc:596): SrpcRpcBackend::Stop: Waiting for event loop to exit...
20260909-09:06.33-878860(us) 2432096 * Stop            (srpc_rpc_backend.cc:612): SrpcRpcBackend::Stop: Event loop exited successfully
20260909-09:06.33-878874(us) 2432096 * Stop            (srpc_rpc_backend.cc:616): SrpcRpcBackend::Stop: Signaling 0 request queues to stop
20260909-09:06.33-878887(us) 2432096 * Stop            (srpc_rpc_backend.cc:624): SrpcRpcBackend::Stop: Signaling 0 response queues to stop
20260909-09:06.33-878901(us) 2432096 * Stop            (srpc_rpc_backend.cc:635): SrpcRpcBackend::Stop: Server cleanup deferred to destructor
20260909-09:06.33-878914(us) 2432096 * Stop            (srpc_rpc_backend.cc:638): SrpcRpcBackend::Stop: Closing client connections
20260909-09:06.33-878928(us) 2432096 * Stop            (srpc_rpc_backend.cc:642): SrpcRpcBackend::Stop: Found 0 client connections to close
20260909-09:06.33-878941(us) 2432096 * Stop            (srpc_rpc_backend.cc:662): SrpcRpcBackend::Stop: Closed 0 client connections
20260909-09:06.33-878956(us) 2432096 * Stop            (srpc_rpc_backend.cc:675): SrpcRpcBackend stats: msg_size_resp_sent: 0 bytes, counter: 0, avg: 0.000000
20260909-09:06.33-878969(us) 2432096 * Stop            (srpc_rpc_backend.cc:676): SrpcRpcBackend::Stop: END
20260909-09:06.33-878985(us) 2432096 * Stop            (srpc_rpc_backend.cc:593): SrpcRpcBackend::Stop: BEGIN - Setting stop flag
20260909-09:06.33-878999(us) 2432096 * Stop            (srpc_rpc_backend.cc:596): SrpcRpcBackend::Stop: Waiting for event loop to exit...
20260909-09:06.33-879013(us) 2432096 * Stop            (srpc_rpc_backend.cc:612): SrpcRpcBackend::Stop: Event loop exited successfully
20260909-09:06.33-879027(us) 2432096 * Stop            (srpc_rpc_backend.cc:616): SrpcRpcBackend::Stop: Signaling 0 request queues to stop
20260909-09:06.33-879040(us) 2432096 * Stop            (srpc_rpc_backend.cc:624): SrpcRpcBackend::Stop: Signaling 0 response queues to stop
20260909-09:06.33-879053(us) 2432096 * Stop            (srpc_rpc_backend.cc:635): SrpcRpcBackend::Stop: Server cleanup deferred to destructor
20260909-09:06.33-879068(us) 2432096 * Stop            (srpc_rpc_backend.cc:638): SrpcRpcBackend::Stop: Closing client connections
20260909-09:06.33-879081(us) 2432096 * Stop            (srpc_rpc_backend.cc:642): SrpcRpcBackend::Stop: Found 0 client connections to close
20260909-09:06.33-879095(us) 2432096 * Stop            (srpc_rpc_backend.cc:662): SrpcRpcBackend::Stop: Closed 0 client connections
20260909-09:06.33-879108(us) 2432096 * Stop            (srpc_rpc_backend.cc:675): SrpcRpcBackend stats: msg_size_resp_sent: 0 bytes, counter: 0, avg: 0.000000
20260909-09:06.33-879122(us) 2432096 * Stop            (srpc_rpc_backend.cc:676): SrpcRpcBackend::Stop: END
20260909-09:06.33-879137(us) 2432096 * Stop            (srpc_rpc_backend.cc:593): SrpcRpcBackend::Stop: BEGIN - Setting stop flag
20260909-09:06.33-879152(us) 2432096 * Stop            (srpc_rpc_backend.cc:596): SrpcRpcBackend::Stop: Waiting for event loop to exit...
20260909-09:06.33-879165(us) 2432096 * Stop            (srpc_rpc_backend.cc:612): SrpcRpcBackend::Stop: Event loop exited successfully
20260909-09:06.33-879178(us) 2432096 * Stop            (srpc_rpc_backend.cc:616): SrpcRpcBackend::Stop: Signaling 0 request queues to stop
20260909-09:06.33-879192(us) 2432096 * Stop            (srpc_rpc_backend.cc:624): SrpcRpcBackend::Stop: Signaling 0 response queues to stop
20260909-09:06.33-879205(us) 2432096 * Stop            (srpc_rpc_backend.cc:635): SrpcRpcBackend::Stop: Server cleanup deferred to destructor
20260909-09:06.33-879218(us) 2432096 * Stop            (srpc_rpc_backend.cc:638): SrpcRpcBackend::Stop: Closing client connections
20260909-09:06.33-879231(us) 2432096 * Stop            (srpc_rpc_backend.cc:642): SrpcRpcBackend::Stop: Found 0 client connections to close
20260909-09:06.33-879245(us) 2432096 * Stop            (srpc_rpc_backend.cc:662): SrpcRpcBackend::Stop: Closed 0 client connections
20260909-09:06.33-879259(us) 2432096 * Stop            (srpc_rpc_backend.cc:675): SrpcRpcBackend stats: msg_size_resp_sent: 0 bytes, counter: 0, avg: 0.000000
20260909-09:06.33-879273(us) 2432096 * Stop            (srpc_rpc_backend.cc:676): SrpcRpcBackend::Stop: END
20260909-09:06.33-879287(us) 2432096 * Stop            (srpc_rpc_backend.cc:593): SrpcRpcBackend::Stop: BEGIN - Setting stop flag
20260909-09:06.33-879300(us) 2432096 * Stop            (srpc_rpc_backend.cc:596): SrpcRpcBackend::Stop: Waiting for event loop to exit...
20260909-09:06.33-879313(us) 2432096 * Stop            (srpc_rpc_backend.cc:612): SrpcRpcBackend::Stop: Event loop exited successfully
20260909-09:06.33-879327(us) 2432096 * Stop            (srpc_rpc_backend.cc:616): SrpcRpcBackend::Stop: Signaling 0 request queues to stop
20260909-09:06.33-879340(us) 2432096 * Stop            (srpc_rpc_backend.cc:624): SrpcRpcBackend::Stop: Signaling 0 response queues to stop
20260909-09:06.33-879354(us) 2432096 * Stop            (srpc_rpc_backend.cc:635): SrpcRpcBackend::Stop: Server cleanup deferred to destructor
20260909-09:06.33-879367(us) 2432096 * Stop            (srpc_rpc_backend.cc:638): SrpcRpcBackend::Stop: Closing client connections
20260909-09:06.33-879381(us) 2432096 * Stop            (srpc_rpc_backend.cc:642): SrpcRpcBackend::Stop: Found 0 client connections to close
20260909-09:06.33-879394(us) 2432096 * Stop            (srpc_rpc_backend.cc:662): SrpcRpcBackend::Stop: Closed 0 client connections
20260909-09:06.33-879407(us) 2432096 * Stop            (srpc_rpc_backend.cc:675): SrpcRpcBackend stats: msg_size_resp_sent: 0 bytes, counter: 0, avg: 0.000000
20260909-09:06.33-879422(us) 2432096 * Stop            (srpc_rpc_backend.cc:676): SrpcRpcBackend::Stop: END
20260909-09:06.33-879443(us) 2432096 * Stop            (srpc_rpc_backend.cc:593): SrpcRpcBackend::Stop: BEGIN - Setting stop flag
20260909-09:06.33-879456(us) 2432096 * Stop            (srpc_rpc_backend.cc:596): SrpcRpcBackend::Stop: Waiting for event loop to exit...
20260909-09:06.33-879468(us) 2432096 * Stop            (srpc_rpc_backend.cc:612): SrpcRpcBackend::Stop: Event loop exited successfully
20260909-09:06.33-879481(us) 2432096 * Stop            (srpc_rpc_backend.cc:616): SrpcRpcBackend::Stop: Signaling 0 request queues to stop
20260909-09:06.33-879494(us) 2432096 * Stop            (srpc_rpc_backend.cc:624): SrpcRpcBackend::Stop: Signaling 0 response queues to stop
20260909-09:06.33-879507(us) 2432096 * Stop            (srpc_rpc_backend.cc:635): SrpcRpcBackend::Stop: Server cleanup deferred to destructor
20260909-09:06.33-879520(us) 2432096 * Stop            (srpc_rpc_backend.cc:638): SrpcRpcBackend::Stop: Closing client connections
20260909-09:06.33-879533(us) 2432096 * Stop            (srpc_rpc_backend.cc:642): SrpcRpcBackend::Stop: Found 0 client connections to close
20260909-09:06.33-879546(us) 2432096 * Stop            (srpc_rpc_backend.cc:662): SrpcRpcBackend::Stop: Closed 0 client connections
20260909-09:06.33-879564(us) 2432096 * Stop            (srpc_rpc_backend.cc:675): SrpcRpcBackend stats: msg_size_resp_sent: 0 bytes, counter: 0, avg: 0.000000
20260909-09:06.33-879578(us) 2432096 * Stop            (srpc_rpc_backend.cc:676): SrpcRpcBackend::Stop: END
20260909-09:06.33-879596(us) 2432096 * Stop            (srpc_rpc_backend.cc:593): SrpcRpcBackend::Stop: BEGIN - Setting stop flag
20260909-09:06.33-879609(us) 2432096 * Stop            (srpc_rpc_backend.cc:596): SrpcRpcBackend::Stop: Waiting for event loop to exit...
20260909-09:06.33-879626(us) 2432096 * Stop            (srpc_rpc_backend.cc:612): SrpcRpcBackend::Stop: Event loop exited successfully
20260909-09:06.33-879638(us) 2432096 * Stop            (srpc_rpc_backend.cc:616): SrpcRpcBackend::Stop: Signaling 0 request queues to stop
20260909-09:06.33-879657(us) 2432096 * Stop            (srpc_rpc_backend.cc:624): SrpcRpcBackend::Stop: Signaling 0 response queues to stop
20260909-09:06.33-879670(us) 2432096 * Stop            (srpc_rpc_backend.cc:635): SrpcRpcBackend::Stop: Server cleanup deferred to destructor
20260909-09:06.33-879683(us) 2432096 * Stop            (srpc_rpc_backend.cc:638): SrpcRpcBackend::Stop: Closing client connections
20260909-09:06.33-879696(us) 2432096 * Stop            (srpc_rpc_backend.cc:642): SrpcRpcBackend::Stop: Found 0 client connections to close
20260909-09:06.33-879709(us) 2432096 * Stop            (srpc_rpc_backend.cc:662): SrpcRpcBackend::Stop: Closed 0 client connections
20260909-09:06.33-879726(us) 2432096 * Stop            (srpc_rpc_backend.cc:675): SrpcRpcBackend stats: msg_size_resp_sent: 0 bytes, counter: 0, avg: 0.000000
20260909-09:06.33-879739(us) 2432096 * Stop            (srpc_rpc_backend.cc:676): SrpcRpcBackend::Stop: END
[SHUTDOWN] First stop() completed
[SHUTDOWN] Joining 16 worker threads
[SHUTDOWN] Joining worker 0
20260909-09:06.34-876552(us) 2432096 * Stop            (srpc_rpc_backend.cc:589): SrpcRpcBackend::Stop: Already stopped, returning
20260909-09:06.34-876582(us) 2432096 * Shutdown        (srpc_rpc_backend.cc:112): SrpcRpcBackend::Shutdown: About to delete server
20260909-09:06.34-876597(us) 2432096 * Shutdown        (srpc_rpc_backend.cc:116): SrpcRpcBackend::Shutdown: Server pointer is valid, deleting...
20260909-09:06.34-876623(us) 2432096 * Shutdown        (srpc_rpc_backend.cc:120): SrpcRpcBackend::Shutdown: Server deleted successfully
20260909-09:06.34-876645(us) 2432096 * Shutdown        (srpc_rpc_backend.cc:132): SrpcRpcBackend::Shutdown: About to shutdown poll_thread_worker_
20260909-09:06.34-876659(us) 2432096 * Shutdown        (srpc_rpc_backend.cc:136): SrpcRpcBackend::Shutdown: poll_thread_worker_ is valid, calling shutdown()
20260909-09:06.34-876703(us) 2432096 * Stop            (srpc_rpc_backend.cc:589): SrpcRpcBackend::Stop: Already stopped, returning
20260909-09:06.34-876741(us) 2432096 * Shutdown        (srpc_rpc_backend.cc:112): SrpcRpcBackend::Shutdown: About to delete server
20260909-09:06.34-876762(us) 2432096 * Shutdown        (srpc_rpc_backend.cc:116): SrpcRpcBackend::Shutdown: Server pointer is valid, deleting...
20260909-09:06.34-876794(us) 2432096 * Shutdown        (srpc_rpc_backend.cc:120): SrpcRpcBackend::Shutdown: Server deleted successfully
20260909-09:06.34-876814(us) 2432096 * Shutdown        (srpc_rpc_backend.cc:132): SrpcRpcBackend::Shutdown: About to shutdown poll_thread_worker_
20260909-09:06.34-876871(us) 2432096 * Shutdown        (srpc_rpc_backend.cc:136): SrpcRpcBackend::Shutdown: poll_thread_worker_ is valid, calling shutdown()
20260909-09:06.34-876892(us) 2432096 * Stop            (srpc_rpc_backend.cc:589): SrpcRpcBackend::Stop: Already stopped, returning
20260909-09:06.34-876932(us) 2432096 * Shutdown        (srpc_rpc_backend.cc:112): SrpcRpcBackend::Shutdown: About to delete server
20260909-09:06.34-876957(us) 2432096 * Shutdown        (srpc_rpc_backend.cc:116): SrpcRpcBackend::Shutdown: Server pointer is valid, deleting...
20260909-09:06.34-876980(us) 2432096 * Stop            (srpc_rpc_backend.cc:589): SrpcRpcBackend::Stop: Already stopped, returning
20260909-09:06.34-877022(us) 2432096 * Stop            (srpc_rpc_backend.cc:589): SrpcRpcBackend::Stop: Already stopped, returning
20260909-09:06.34-877050(us) 2432096 * Shutdown        (srpc_rpc_backend.cc:112): SrpcRpcBackend::Shutdown: About to delete server
20260909-09:06.34-877068(us) 2432096 * Shutdown        (srpc_rpc_backend.cc:116): SrpcRpcBackend::Shutdown: Server pointer is valid, deleting...
20260909-09:06.34-877090(us) 2432096 * Shutdown        (srpc_rpc_backend.cc:120): SrpcRpcBackend::Shutdown: Server deleted successfully
20260909-09:06.34-877111(us) 2432096 * Shutdown        (srpc_rpc_backend.cc:132): SrpcRpcBackend::Shutdown: About to shutdown poll_thread_worker_
20260909-09:06.34-877131(us) 2432096 * Shutdown        (srpc_rpc_backend.cc:136): SrpcRpcBackend::Shutdown: poll_thread_worker_ is valid, calling shutdown()
20260909-09:06.34-877207(us) 2432096 * Stop            (srpc_rpc_backend.cc:589): SrpcRpcBackend::Stop: Already stopped, returning
20260909-09:06.34-877249(us) 2432096 * Shutdown        (srpc_rpc_backend.cc:112): SrpcRpcBackend::Shutdown: About to delete server
20260909-09:06.34-877279(us) 2432096 * Shutdown        (srpc_rpc_backend.cc:116): SrpcRpcBackend::Shutdown: Server pointer is valid, deleting...
20260909-09:06.34-877306(us) 2432096 * Shutdown        (srpc_rpc_backend.cc:120): SrpcRpcBackend::Shutdown: Server deleted successfully
20260909-09:06.34-877325(us) 2432096 * Shutdown        (srpc_rpc_backend.cc:132): SrpcRpcBackend::Shutdown: About to shutdown poll_thread_worker_
20260909-09:06.34-877342(us) 2432096 * Shutdown        (srpc_rpc_backend.cc:136): SrpcRpcBackend::Shutdown: poll_thread_worker_ is valid, calling shutdown()
20260909-09:06.34-877367(us) 2432096 * Shutdown        (srpc_rpc_backend.cc:120): SrpcRpcBackend::Shutdown: Server deleted successfully
20260909-09:06.34-877422(us) 2432096 * Stop            (srpc_rpc_backend.cc:589): SrpcRpcBackend::Stop: Already stopped, returning
20260909-09:06.34-877465(us) 2432096 * Shutdown        (srpc_rpc_backend.cc:112): SrpcRpcBackend::Shutdown: About to delete server
20260909-09:06.34-877486(us) 2432096 * Shutdown        (srpc_rpc_backend.cc:116): SrpcRpcBackend::Shutdown: Server pointer is valid, deleting...
20260909-09:06.34-877512(us) 2432096 * Shutdown        (srpc_rpc_backend.cc:120): SrpcRpcBackend::Shutdown: Server deleted successfully
20260909-09:06.34-877526(us) 2432096 * Shutdown        (srpc_rpc_backend.cc:132): SrpcRpcBackend::Shutdown: About to shutdown poll_thread_worker_
20260909-09:06.34-877543(us) 2432096 * Shutdown        (srpc_rpc_backend.cc:136): SrpcRpcBackend::Shutdown: poll_thread_worker_ is valid, calling shutdown()
20260909-09:06.34-877597(us) 2432096 * Stop            (srpc_rpc_backend.cc:589): SrpcRpcBackend::Stop: Already stopped, returning
20260909-09:06.34-877646(us) 2432096 * Shutdown        (srpc_rpc_backend.cc:112): SrpcRpcBackend::Shutdown: About to delete server
20260909-09:06.34-877670(us) 2432096 * Shutdown        (srpc_rpc_backend.cc:116): SrpcRpcBackend::Shutdown: Server pointer is valid, deleting...
20260909-09:06.34-877701(us) 2432096 * Shutdown        (srpc_rpc_backend.cc:120): SrpcRpcBackend::Shutdown: Server deleted successfully
20260909-09:06.34-877732(us) 2432096 * Shutdown        (srpc_rpc_backend.cc:132): SrpcRpcBackend::Shutdown: About to shutdown poll_thread_worker_
20260909-09:06.34-877753(us) 2432096 * Shutdown        (srpc_rpc_backend.cc:136): SrpcRpcBackend::Shutdown: poll_thread_worker_ is valid, calling shutdown()
20260909-09:06.34-877818(us) 2432096 * Shutdown        (srpc_rpc_backend.cc:132): SrpcRpcBackend::Shutdown: About to shutdown poll_thread_worker_
20260909-09:06.34-877881(us) 2432096 * Shutdown        (srpc_rpc_backend.cc:136): SrpcRpcBackend::Shutdown: poll_thread_worker_ is valid, calling shutdown()
20260909-09:06.34-877915(us) 2432096 * Shutdown        (srpc_rpc_backend.cc:112): SrpcRpcBackend::Shutdown: About to delete server
20260909-09:06.34-877952(us) 2432096 * Shutdown        (srpc_rpc_backend.cc:116): SrpcRpcBackend::Shutdown: Server pointer is valid, deleting...
20260909-09:06.34-877980(us) 2432096 * Shutdown        (srpc_rpc_backend.cc:120): SrpcRpcBackend::Shutdown: Server deleted successfully
20260909-09:06.34-878005(us) 2432096 * Shutdown        (srpc_rpc_backend.cc:132): SrpcRpcBackend::Shutdown: About to shutdown poll_thread_worker_
20260909-09:06.34-878020(us) 2432096 * Shutdown        (srpc_rpc_backend.cc:136): SrpcRpcBackend::Shutdown: poll_thread_worker_ is valid, calling shutdown()
20260909-09:06.34-878072(us) 2432096 * Shutdown        (srpc_rpc_backend.cc:138): SrpcRpcBackend::Shutdown: poll_thread_worker_->shutdown() completed
20260909-09:06.34-878130(us) 2432096 * Shutdown        (srpc_rpc_backend.cc:140): SrpcRpcBackend::Shutdown: poll_thread_worker_ reset to None
20260909-09:06.34-878150(us) 2432096 * Shutdown        (srpc_rpc_backend.cc:145): SrpcRpcBackend::Shutdown: Shutdown sequence completed, destructor will now exit
20260909-09:06.34-878167(us) 2432096 * ~SrpcRpcBackend (srpc_rpc_backend.cc:52): SrpcRpcBackend::~SrpcRpcBackend: START destructor
20260909-09:06.34-878180(us) 2432096 * Stop            (srpc_rpc_backend.cc:589): SrpcRpcBackend::Stop: Already stopped, returning
20260909-09:06.34-878196(us) 2432096 * Shutdown        (srpc_rpc_backend.cc:112): SrpcRpcBackend::Shutdown: About to delete server
20260909-09:06.34-878222(us) 2432096 * Shutdown        (srpc_rpc_backend.cc:129): SrpcRpcBackend::Shutdown: Server pointer is null, skipping deletion
20260909-09:06.34-878237(us) 2432096 * Shutdown        (srpc_rpc_backend.cc:132): SrpcRpcBackend::Shutdown: About to shutdown poll_thread_worker_
20260909-09:06.34-878251(us) 2432096 * Shutdown        (srpc_rpc_backend.cc:142): SrpcRpcBackend::Shutdown: poll_thread_worker_ is null, skipping shutdown
20260909-09:06.34-878267(us) 2432096 * Shutdown        (srpc_rpc_backend.cc:145): SrpcRpcBackend::Shutdown: Shutdown sequence completed, destructor will now exit
20260909-09:06.34-878282(us) 2432096 * ~SrpcRpcBackend (srpc_rpc_backend.cc:54): SrpcRpcBackend::~SrpcRpcBackend: Shutdown() completed
20260909-09:06.34-878308(us) 2432096 * Stop            (srpc_rpc_backend.cc:589): SrpcRpcBackend::Stop: Already stopped, returning
20260909-09:06.34-878361(us) 2432096 * Shutdown        (srpc_rpc_backend.cc:112): SrpcRpcBackend::Shutdown: About to delete server
20260909-09:06.34-878387(us) 2432096 * Shutdown        (srpc_rpc_backend.cc:116): SrpcRpcBackend::Shutdown: Server pointer is valid, deleting...
20260909-09:06.34-878422(us) 2432096 * Shutdown        (srpc_rpc_backend.cc:138): SrpcRpcBackend::Shutdown: poll_thread_worker_->shutdown() completed
20260909-09:06.34-878488(us) 2432096 * Shutdown        (srpc_rpc_backend.cc:140): SrpcRpcBackend::Shutdown: poll_thread_worker_ reset to None
20260909-09:06.34-878507(us) 2432096 * Shutdown        (srpc_rpc_backend.cc:145): SrpcRpcBackend::Shutdown: Shutdown sequence completed, destructor will now exit
20260909-09:06.34-878550(us) 2432096 * ~SrpcRpcBackend (srpc_rpc_backend.cc:52): SrpcRpcBackend::~SrpcRpcBackend: START destructor
20260909-09:06.34-878568(us) 2432096 * Stop            (srpc_rpc_backend.cc:589): SrpcRpcBackend::Stop: Already stopped, returning
20260909-09:06.34-878583(us) 2432096 * Shutdown        (srpc_rpc_backend.cc:112): SrpcRpcBackend::Shutdown: About to delete server
20260909-09:06.34-878602(us) 2432096 * Shutdown        (srpc_rpc_backend.cc:129): SrpcRpcBackend::Shutdown: Server pointer is null, skipping deletion
20260909-09:06.34-878618(us) 2432096 * Shutdown        (srpc_rpc_backend.cc:132): SrpcRpcBackend::Shutdown: About to shutdown poll_thread_worker_
20260909-09:06.34-878635(us) 2432096 * Shutdown        (srpc_rpc_backend.cc:138): SrpcRpcBackend::Shutdown: poll_thread_worker_->shutdown() completed
20260909-09:06.34-878693(us) 2432096 * Shutdown        (srpc_rpc_backend.cc:140): SrpcRpcBackend::Shutdown: poll_thread_worker_ reset to None
20260909-09:06.34-878713(us) 2432096 * Shutdown        (srpc_rpc_backend.cc:145): SrpcRpcBackend::Shutdown: Shutdown sequence completed, destructor will now exit
20260909-09:06.34-878726(us) 2432096 * ~SrpcRpcBackend (srpc_rpc_backend.cc:52): SrpcRpcBackend::~SrpcRpcBackend: START destructor
20260909-09:06.34-878751(us) 2432096 * Stop            (srpc_rpc_backend.cc:589): SrpcRpcBackend::Stop: Already stopped, returning
20260909-09:06.34-878772(us) 2432096 * Shutdown        (srpc_rpc_backend.cc:112): SrpcRpcBackend::Shutdown: About to delete server
20260909-09:06.34-878789(us) 2432096 * Shutdown        (srpc_rpc_backend.cc:129): SrpcRpcBackend::Shutdown: Server pointer is null, skipping deletion
20260909-09:06.34-878805(us) 2432096 * Shutdown        (srpc_rpc_backend.cc:132): SrpcRpcBackend::Shutdown: About to shutdown poll_thread_worker_
20260909-09:06.34-878820(us) 2432096 * Shutdown        (srpc_rpc_backend.cc:142): SrpcRpcBackend::Shutdown: poll_thread_worker_ is null, skipping shutdown
20260909-09:06.34-878851(us) 2432096 * Shutdown        (srpc_rpc_backend.cc:145): SrpcRpcBackend::Shutdown: Shutdown sequence completed, destructor will now exit
20260909-09:06.34-878865(us) 2432096 * ~SrpcRpcBackend (srpc_rpc_backend.cc:54): SrpcRpcBackend::~SrpcRpcBackend: Shutdown() completed
20260909-09:06.34-878915(us) 2432096 * Stop            (srpc_rpc_backend.cc:589): SrpcRpcBackend::Stop: Already stopped, returning
20260909-09:06.34-878953(us) 2432096 * Shutdown        (srpc_rpc_backend.cc:112): SrpcRpcBackend::Shutdown: About to delete server
20260909-09:06.34-878972(us) 2432096 * Shutdown        (srpc_rpc_backend.cc:116): SrpcRpcBackend::Shutdown: Server pointer is valid, deleting...
20260909-09:06.34-878991(us) 2432096 * Shutdown        (srpc_rpc_backend.cc:120): SrpcRpcBackend::Shutdown: Server deleted successfully
20260909-09:06.34-879006(us) 2432096 * Shutdown        (srpc_rpc_backend.cc:132): SrpcRpcBackend::Shutdown: About to shutdown poll_thread_worker_
20260909-09:06.34-879031(us) 2432096 * Shutdown        (srpc_rpc_backend.cc:136): SrpcRpcBackend::Shutdown: poll_thread_worker_ is valid, calling shutdown()
20260909-09:06.34-879078(us) 2432096 * Stop            (srpc_rpc_backend.cc:589): SrpcRpcBackend::Stop: Already stopped, returning
20260909-09:06.34-879117(us) 2432096 * Shutdown        (srpc_rpc_backend.cc:112): SrpcRpcBackend::Shutdown: About to delete server
20260909-09:06.34-879141(us) 2432096 * Shutdown        (srpc_rpc_backend.cc:116): SrpcRpcBackend::Shutdown: Server pointer is valid, deleting...
20260909-09:06.34-879178(us) 2432096 * Stop            (srpc_rpc_backend.cc:589): SrpcRpcBackend::Stop: Already stopped, returning
20260909-09:06.34-879218(us) 2432096 * Shutdown        (srpc_rpc_backend.cc:112): SrpcRpcBackend::Shutdown: About to delete server
20260909-09:06.34-879243(us) 2432096 * Shutdown        (srpc_rpc_backend.cc:116): SrpcRpcBackend::Shutdown: Server pointer is valid, deleting...
20260909-09:06.34-879278(us) 2432096 * Shutdown        (srpc_rpc_backend.cc:120): SrpcRpcBackend::Shutdown: Server deleted successfully
20260909-09:06.34-879302(us) 2432096 * Shutdown        (srpc_rpc_backend.cc:132): SrpcRpcBackend::Shutdown: About to shutdown poll_thread_worker_
20260909-09:06.34-879325(us) 2432096 * Shutdown        (srpc_rpc_backend.cc:136): SrpcRpcBackend::Shutdown: poll_thread_worker_ is valid, calling shutdown()
20260909-09:06.34-879383(us) 2432096 * Shutdown        (srpc_rpc_backend.cc:138): SrpcRpcBackend::Shutdown: poll_thread_worker_->shutdown() completed
20260909-09:06.34-879422(us) 2432096 * Shutdown        (srpc_rpc_backend.cc:138): SrpcRpcBackend::Shutdown: poll_thread_worker_->shutdown() completed
20260909-09:06.34-879471(us) 2432096 * Stop            (srpc_rpc_backend.cc:589): SrpcRpcBackend::Stop: Already stopped, returning
20260909-09:06.34-879504(us) 2432096 * Shutdown        (srpc_rpc_backend.cc:140): SrpcRpcBackend::Shutdown: poll_thread_worker_ reset to None
20260909-09:06.34-879529(us) 2432096 * Shutdown        (srpc_rpc_backend.cc:145): SrpcRpcBackend::Shutdown: Shutdown sequence completed, destructor will now exit
20260909-09:06.34-879549(us) 2432096 * Stop            (srpc_rpc_backend.cc:589): SrpcRpcBackend::Stop: Already stopped, returning
20260909-09:06.34-879607(us) 2432096 * Shutdown        (srpc_rpc_backend.cc:112): SrpcRpcBackend::Shutdown: About to delete server
20260909-09:06.34-879636(us) 2432096 * Shutdown        (srpc_rpc_backend.cc:116): SrpcRpcBackend::Shutdown: Server pointer is valid, deleting...
20260909-09:06.34-879672(us) 2432096 * Shutdown        (srpc_rpc_backend.cc:120): SrpcRpcBackend::Shutdown: Server deleted successfully
20260909-09:06.34-879696(us) 2432096 * Shutdown        (srpc_rpc_backend.cc:132): SrpcRpcBackend::Shutdown: About to shutdown poll_thread_worker_
20260909-09:06.34-879729(us) 2432096 * Shutdown        (srpc_rpc_backend.cc:136): SrpcRpcBackend::Shutdown: poll_thread_worker_ is valid, calling shutdown()
20260909-09:06.34-879764(us) 2432096 * Shutdown        (srpc_rpc_backend.cc:142): SrpcRpcBackend::Shutdown: poll_thread_worker_ is null, skipping shutdown
20260909-09:06.34-879798(us) 2432096 * Shutdown        (srpc_rpc_backend.cc:145): SrpcRpcBackend::Shutdown: Shutdown sequence completed, destructor will now exit
20260909-09:06.34-879813(us) 2432096 * Shutdown        (srpc_rpc_backend.cc:138): SrpcRpcBackend::Shutdown: poll_thread_worker_->shutdown() completed
20260909-09:06.34-879887(us) 2432096 * Shutdown        (srpc_rpc_backend.cc:140): SrpcRpcBackend::Shutdown: poll_thread_worker_ reset to None
20260909-09:06.34-879920(us) 2432096 * Shutdown        (srpc_rpc_backend.cc:145): SrpcRpcBackend::Shutdown: Shutdown sequence completed, destructor will now exit
20260909-09:06.34-879944(us) 2432096 * ~SrpcRpcBackend (srpc_rpc_backend.cc:52): SrpcRpcBackend::~SrpcRpcBackend: START destructor
20260909-09:06.34-879962(us) 2432096 * Shutdown        (srpc_rpc_backend.cc:138): SrpcRpcBackend::Shutdown: poll_thread_worker_->shutdown() completed
20260909-09:06.34-880006(us) 2432096 * Shutdown        (srpc_rpc_backend.cc:120): SrpcRpcBackend::Shutdown: Server deleted successfully
20260909-09:06.34-880052(us) 2432096 * Shutdown        (srpc_rpc_backend.cc:132): SrpcRpcBackend::Shutdown: About to shutdown poll_thread_worker_
20260909-09:06.34-880077(us) 2432096 * Shutdown        (srpc_rpc_backend.cc:140): SrpcRpcBackend::Shutdown: poll_thread_worker_ reset to None
20260909-09:06.34-880104(us) 2432096 * Shutdown        (srpc_rpc_backend.cc:145): SrpcRpcBackend::Shutdown: Shutdown sequence completed, destructor will now exit
20260909-09:06.34-880125(us) 2432096 * ~SrpcRpcBackend (srpc_rpc_backend.cc:52): SrpcRpcBackend::~SrpcRpcBackend: START destructor
20260909-09:06.34-880153(us) 2432096 * Stop            (srpc_rpc_backend.cc:589): SrpcRpcBackend::Stop: Already stopped, returning
20260909-09:06.34-880175(us) 2432096 * Shutdown        (srpc_rpc_backend.cc:112): SrpcRpcBackend::Shutdown: About to delete server
20260909-09:06.34-880204(us) 2432096 * Shutdown        (srpc_rpc_backend.cc:129): SrpcRpcBackend::Shutdown: Server pointer is null, skipping deletion
20260909-09:06.34-880224(us) 2432096 * Shutdown        (srpc_rpc_backend.cc:132): SrpcRpcBackend::Shutdown: About to shutdown poll_thread_worker_
20260909-09:06.34-880244(us) 2432096 * ~SrpcRpcBackend (srpc_rpc_backend.cc:52): SrpcRpcBackend::~SrpcRpcBackend: START destructor
20260909-09:06.34-880293(us) 2432096 * Stop            (srpc_rpc_backend.cc:589): SrpcRpcBackend::Stop: Already stopped, returning
20260909-09:06.34-880319(us) 2432096 * Shutdown        (srpc_rpc_backend.cc:112): SrpcRpcBackend::Shutdown: About to delete server
20260909-09:06.34-880343(us) 2432096 * Shutdown        (srpc_rpc_backend.cc:129): SrpcRpcBackend::Shutdown: Server pointer is null, skipping deletion
20260909-09:06.34-880367(us) 2432096 * Shutdown        (srpc_rpc_backend.cc:132): SrpcRpcBackend::Shutdown: About to shutdown poll_thread_worker_
20260909-09:06.34-880408(us) 2432096 * Shutdown        (srpc_rpc_backend.cc:142): SrpcRpcBackend::Shutdown: poll_thread_worker_ is null, skipping shutdown
20260909-09:06.34-880434(us) 2432096 * Shutdown        (srpc_rpc_backend.cc:145): SrpcRpcBackend::Shutdown: Shutdown sequence completed, destructor will now exit
20260909-09:06.34-880460(us) 2432096 * ~SrpcRpcBackend (srpc_rpc_backend.cc:54): SrpcRpcBackend::~SrpcRpcBackend: Shutdown() completed
20260909-09:06.34-880499(us) 2432096 * ~SrpcRpcBackend (srpc_rpc_backend.cc:54): SrpcRpcBackend::~SrpcRpcBackend: Shutdown() completed
20260909-09:06.34-880570(us) 2432096 * Shutdown        (srpc_rpc_backend.cc:138): SrpcRpcBackend::Shutdown: poll_thread_worker_->shutdown() completed
20260909-09:06.34-880615(us) 2432096 * Shutdown        (srpc_rpc_backend.cc:140): SrpcRpcBackend::Shutdown: poll_thread_worker_ reset to None
20260909-09:06.34-880647(us) 2432096 * Shutdown        (srpc_rpc_backend.cc:145): SrpcRpcBackend::Shutdown: Shutdown sequence completed, destructor will now exit
20260909-09:06.34-880674(us) 2432096 * ~SrpcRpcBackend (srpc_rpc_backend.cc:52): SrpcRpcBackend::~SrpcRpcBackend: START destructor
20260909-09:06.34-880700(us) 2432096 * Stop            (srpc_rpc_backend.cc:589): SrpcRpcBackend::Stop: Already stopped, returning
20260909-09:06.34-880726(us) 2432096 * Shutdown        (srpc_rpc_backend.cc:112): SrpcRpcBackend::Shutdown: About to delete server
20260909-09:06.34-880747(us) 2432096 * Shutdown        (srpc_rpc_backend.cc:129): SrpcRpcBackend::Shutdown: Server pointer is null, skipping deletion
20260909-09:06.34-880774(us) 2432096 * Shutdown        (srpc_rpc_backend.cc:132): SrpcRpcBackend::Shutdown: About to shutdown poll_thread_worker_
20260909-09:06.34-880796(us) 2432096 * Shutdown        (srpc_rpc_backend.cc:142): SrpcRpcBackend::Shutdown: poll_thread_worker_ is null, skipping shutdown
20260909-09:06.34-880814(us) 2432096 * Shutdown        (srpc_rpc_backend.cc:145): SrpcRpcBackend::Shutdown: Shutdown sequence completed, destructor will now exit
20260909-09:06.34-880848(us) 2432096 * ~SrpcRpcBackend (srpc_rpc_backend.cc:54): SrpcRpcBackend::~SrpcRpcBackend: Shutdown() completed
20260909-09:06.34-880909(us) 2432096 * Shutdown        (srpc_rpc_backend.cc:112): SrpcRpcBackend::Shutdown: About to delete server
20260909-09:06.34-880938(us) 2432096 * Shutdown        (srpc_rpc_backend.cc:116): SrpcRpcBackend::Shutdown: Server pointer is valid, deleting...
20260909-09:06.34-880960(us) 2432096 * Shutdown        (srpc_rpc_backend.cc:120): SrpcRpcBackend::Shutdown: Server deleted successfully
20260909-09:06.34-880985(us) 2432096 * Shutdown        (srpc_rpc_backend.cc:132): SrpcRpcBackend::Shutdown: About to shutdown poll_thread_worker_
20260909-09:06.34-881002(us) 2432096 * Shutdown        (srpc_rpc_backend.cc:136): SrpcRpcBackend::Shutdown: poll_thread_worker_ is valid, calling shutdown()
20260909-09:06.34-881032(us) 2432096 * Shutdown        (srpc_rpc_backend.cc:120): SrpcRpcBackend::Shutdown: Server deleted successfully
20260909-09:06.34-881075(us) 2432096 * Shutdown        (srpc_rpc_backend.cc:132): SrpcRpcBackend::Shutdown: About to shutdown poll_thread_worker_
20260909-09:06.34-881103(us) 2432096 * Shutdown        (srpc_rpc_backend.cc:136): SrpcRpcBackend::Shutdown: poll_thread_worker_ is valid, calling shutdown()
20260909-09:06.34-881136(us) 2432096 * Stop            (srpc_rpc_backend.cc:589): SrpcRpcBackend::Stop: Already stopped, returning
20260909-09:06.34-881162(us) 2432096 * Shutdown        (srpc_rpc_backend.cc:112): SrpcRpcBackend::Shutdown: About to delete server
20260909-09:06.34-881181(us) 2432096 * Shutdown        (srpc_rpc_backend.cc:129): SrpcRpcBackend::Shutdown: Server pointer is null, skipping deletion
20260909-09:06.34-881196(us) 2432096 * Shutdown        (srpc_rpc_backend.cc:132): SrpcRpcBackend::Shutdown: About to shutdown poll_thread_worker_
20260909-09:06.34-881210(us) 2432096 * Shutdown        (srpc_rpc_backend.cc:142): SrpcRpcBackend::Shutdown: poll_thread_worker_ is null, skipping shutdown
20260909-09:06.34-881227(us) 2432096 * Shutdown        (srpc_rpc_backend.cc:145): SrpcRpcBackend::Shutdown: Shutdown sequence completed, destructor will now exit
20260909-09:06.34-881249(us) 2432096 * ~SrpcRpcBackend (srpc_rpc_backend.cc:54): SrpcRpcBackend::~SrpcRpcBackend: Shutdown() completed
20260909-09:06.34-881289(us) 2432096 * Shutdown        (srpc_rpc_backend.cc:136): SrpcRpcBackend::Shutdown: poll_thread_worker_ is valid, calling shutdown()
20260909-09:06.34-881350(us) 2432096 * Shutdown        (srpc_rpc_backend.cc:140): SrpcRpcBackend::Shutdown: poll_thread_worker_ reset to None
20260909-09:06.34-881392(us) 2432096 * Shutdown        (srpc_rpc_backend.cc:145): SrpcRpcBackend::Shutdown: Shutdown sequence completed, destructor will now exit
20260909-09:06.34-881418(us) 2432096 * ~SrpcRpcBackend (srpc_rpc_backend.cc:52): SrpcRpcBackend::~SrpcRpcBackend: START destructor
20260909-09:06.34-881439(us) 2432096 * Stop            (srpc_rpc_backend.cc:589): SrpcRpcBackend::Stop: Already stopped, returning
20260909-09:06.34-881478(us) 2432096 * Shutdown        (srpc_rpc_backend.cc:112): SrpcRpcBackend::Shutdown: About to delete server
20260909-09:06.34-881506(us) 2432096 * Shutdown        (srpc_rpc_backend.cc:129): SrpcRpcBackend::Shutdown: Server pointer is null, skipping deletion
20260909-09:06.34-881531(us) 2432096 * Shutdown        (srpc_rpc_backend.cc:132): SrpcRpcBackend::Shutdown: About to shutdown poll_thread_worker_
20260909-09:06.34-881560(us) 2432096 * Shutdown        (srpc_rpc_backend.cc:142): SrpcRpcBackend::Shutdown: poll_thread_worker_ is null, skipping shutdown
20260909-09:06.34-881589(us) 2432096 * Shutdown        (srpc_rpc_backend.cc:138): SrpcRpcBackend::Shutdown: poll_thread_worker_->shutdown() completed
20260909-09:06.34-881643(us) 2432096 * Stop            (srpc_rpc_backend.cc:589): SrpcRpcBackend::Stop: Already stopped, returning
20260909-09:06.34-881675(us) 2432096 * Shutdown        (srpc_rpc_backend.cc:112): SrpcRpcBackend::Shutdown: About to delete server
20260909-09:06.34-881698(us) 2432096 * Shutdown        (srpc_rpc_backend.cc:116): SrpcRpcBackend::Shutdown: Server pointer is valid, deleting...
20260909-09:06.34-881726(us) 2432096 * Shutdown        (srpc_rpc_backend.cc:120): SrpcRpcBackend::Shutdown: Server deleted successfully
20260909-09:06.34-881744(us) 2432096 * Shutdown        (srpc_rpc_backend.cc:132): SrpcRpcBackend::Shutdown: About to shutdown poll_thread_worker_
[SHUTDOWN] Worker 0 joined20260909-09:06.34-881762(us) 2432096 * Shutdown        (srpc_rpc_backend.cc:136): SrpcRpcBackend::Shutdown: poll_thread_worker_ is valid, calling shutdown()

[SHUTDOWN] Joining worker 1
20260909-09:06.34-881808(us) 2432096 * Stop            (srpc_rpc_backend.cc:589): SrpcRpcBackend::Stop: Already stopped, returning
20260909-09:06.34-881855(us) 2432096 * Shutdown        (srpc_rpc_backend.cc:138): SrpcRpcBackend::Shutdown: poll_thread_worker_->shutdown() completed
20260909-09:06.34-881893(us) 2432096 * Shutdown        (srpc_rpc_backend.cc:138): SrpcRpcBackend::Shutdown: poll_thread_worker_->shutdown() completed
20260909-09:06.34-881943(us) 2432096 * Shutdown        (srpc_rpc_backend.cc:140): SrpcRpcBackend::Shutdown: poll_thread_worker_ reset to None
20260909-09:06.34-881973(us) 2432096 * Shutdown        (srpc_rpc_backend.cc:145): SrpcRpcBackend::Shutdown: Shutdown sequence completed, destructor will now exit
20260909-09:06.34-881999(us) 2432096 * ~SrpcRpcBackend (srpc_rpc_backend.cc:52): SrpcRpcBackend::~SrpcRpcBackend: START destructor
20260909-09:06.34-882024(us) 2432096 * Stop            (srpc_rpc_backend.cc:589): SrpcRpcBackend::Stop: Already stopped, returning
20260909-09:06.34-882048(us) 2432096 * Shutdown        (srpc_rpc_backend.cc:112): SrpcRpcBackend::Shutdown: About to delete server
20260909-09:06.34-882071(us) 2432096 * Shutdown        (srpc_rpc_backend.cc:129): SrpcRpcBackend::Shutdown: Server pointer is null, skipping deletion
20260909-09:06.34-882093(us) 2432096 * Shutdown        (srpc_rpc_backend.cc:132): SrpcRpcBackend::Shutdown: About to shutdown poll_thread_worker_
20260909-09:06.34-882117(us) 2432096 * Shutdown        (srpc_rpc_backend.cc:142): SrpcRpcBackend::Shutdown: poll_thread_worker_ is null, skipping shutdown
20260909-09:06.34-882140(us) 2432096 * Shutdown        (srpc_rpc_backend.cc:145): SrpcRpcBackend::Shutdown: Shutdown sequence completed, destructor will now exit
20260909-09:06.34-882166(us) 2432096 * ~SrpcRpcBackend (srpc_rpc_backend.cc:54): SrpcRpcBackend::~SrpcRpcBackend: Shutdown() completed
20260909-09:06.34-882201(us) 2432096 * Shutdown        (srpc_rpc_backend.cc:112): SrpcRpcBackend::Shutdown: About to delete server
20260909-09:06.34-882222(us) 2432096 * Shutdown        (srpc_rpc_backend.cc:116): SrpcRpcBackend::Shutdown: Server pointer is valid, deleting...
20260909-09:06.34-882245(us) 2432096 * Shutdown        (srpc_rpc_backend.cc:120): SrpcRpcBackend::Shutdown: Server deleted successfully
20260909-09:06.34-882265(us) 2432096 * Shutdown        (srpc_rpc_backend.cc:132): SrpcRpcBackend::Shutdown: About to shutdown poll_thread_worker_
20260909-09:06.34-882285(us) 2432096 * Shutdown        (srpc_rpc_backend.cc:136): SrpcRpcBackend::Shutdown: poll_thread_worker_ is valid, calling shutdown()
20260909-09:06.34-882320(us) 2432096 * Shutdown        (srpc_rpc_backend.cc:142): SrpcRpcBackend::Shutdown: poll_thread_worker_ is null, skipping shutdown
20260909-09:06.34-882373(us) 2432096 * Shutdown        (srpc_rpc_backend.cc:145): SrpcRpcBackend::Shutdown: Shutdown sequence completed, destructor will now exit
20260909-09:06.34-882403(us) 2432096 * ~SrpcRpcBackend (srpc_rpc_backend.cc:54): SrpcRpcBackend::~SrpcRpcBackend: Shutdown() completed
20260909-09:06.34-882429(us) 2432096 * Shutdown        (srpc_rpc_backend.cc:138): SrpcRpcBackend::Shutdown: poll_thread_worker_->shutdown() completed
20260909-09:06.34-882482(us) 2432096 * Shutdown        (srpc_rpc_backend.cc:145): SrpcRpcBackend::Shutdown: Shutdown sequence completed, destructor will now exit
20260909-09:06.34-882517(us) 2432096 * ~SrpcRpcBackend (srpc_rpc_backend.cc:54): SrpcRpcBackend::~SrpcRpcBackend: Shutdown() completed
20260909-09:06.34-882551(us) 2432096 * Shutdown        (srpc_rpc_backend.cc:140): SrpcRpcBackend::Shutdown: poll_thread_worker_ reset to None
20260909-09:06.34-882592(us) 2432096 * Shutdown        (srpc_rpc_backend.cc:138): SrpcRpcBackend::Shutdown: poll_thread_worker_->shutdown() completed
20260909-09:06.34-882629(us) 2432096 * Shutdown        (srpc_rpc_backend.cc:138): SrpcRpcBackend::Shutdown: poll_thread_worker_->shutdown() completed
20260909-09:06.34-882678(us) 2432096 * Shutdown        (srpc_rpc_backend.cc:145): SrpcRpcBackend::Shutdown: Shutdown sequence completed, destructor will now exit
20260909-09:06.34-882700(us) 2432096 * ~SrpcRpcBackend (srpc_rpc_backend.cc:52): SrpcRpcBackend::~SrpcRpcBackend: START destructor
20260909-09:06.34-882721(us) 2432096 * Stop            (srpc_rpc_backend.cc:589): SrpcRpcBackend::Stop: Already stopped, returning
20260909-09:06.34-882742(us) 2432096 * Shutdown        (srpc_rpc_backend.cc:112): SrpcRpcBackend::Shutdown: About to delete server
20260909-09:06.34-882763(us) 2432096 * Shutdown        (srpc_rpc_backend.cc:129): SrpcRpcBackend::Shutdown: Server pointer is null, skipping deletion
20260909-09:06.34-882780(us) 2432096 * Shutdown        (srpc_rpc_backend.cc:132): SrpcRpcBackend::Shutdown: About to shutdown poll_thread_worker_
20260909-09:06.34-882796(us) 2432096 * Shutdown        (srpc_rpc_backend.cc:142): SrpcRpcBackend::Shutdown: poll_thread_worker_ is null, skipping shutdown
20260909-09:06.34-882818(us) 2432096 * Shutdown        (srpc_rpc_backend.cc:145): SrpcRpcBackend::Shutdown: Shutdown sequence completed, destructor will now exit
20260909-09:06.34-882844(us) 2432096 * ~SrpcRpcBackend (srpc_rpc_backend.cc:54): SrpcRpcBackend::~SrpcRpcBackend: Shutdown() completed
20260909-09:06.34-882870(us) 2432096 * Shutdown        (srpc_rpc_backend.cc:140): SrpcRpcBackend::Shutdown: poll_thread_worker_ reset to None
20260909-09:06.34-882897(us) 2432096 * Shutdown        (srpc_rpc_backend.cc:145): SrpcRpcBackend::Shutdown: Shutdown sequence completed, destructor will now exit
20260909-09:06.34-882924(us) 2432096 * ~SrpcRpcBackend (srpc_rpc_backend.cc:52): SrpcRpcBackend::~SrpcRpcBackend: START destructor
20260909-09:06.34-882950(us) 2432096 * Stop            (srpc_rpc_backend.cc:589): SrpcRpcBackend::Stop: Already stopped, returning
20260909-09:06.34-882978(us) 2432096 * Shutdown        (srpc_rpc_backend.cc:112): SrpcRpcBackend::Shutdown: About to delete server
20260909-09:06.34-883004(us) 2432096 * Shutdown        (srpc_rpc_backend.cc:129): SrpcRpcBackend::Shutdown: Server pointer is null, skipping deletion
20260909-09:06.34-883025(us) 2432096 * Shutdown        (srpc_rpc_backend.cc:132): SrpcRpcBackend::Shutdown: About to shutdown poll_thread_worker_
20260909-09:06.34-883046(us) 2432096 * Shutdown        (srpc_rpc_backend.cc:142): SrpcRpcBackend::Shutdown: poll_thread_worker_ is null, skipping shutdown
20260909-09:06.34-883067(us) 2432096 * Shutdown        (srpc_rpc_backend.cc:145): SrpcRpcBackend::Shutdown: Shutdown sequence completed, destructor will now exit
20260909-09:06.34-883093(us) 2432096 * ~SrpcRpcBackend (srpc_rpc_backend.cc:54): SrpcRpcBackend::~SrpcRpcBackend: Shutdown() completed
20260909-09:06.34-883124(us) 2432096 * Shutdown        (srpc_rpc_backend.cc:140): SrpcRpcBackend::Shutdown: poll_thread_worker_ reset to None
20260909-09:06.34-883155(us) 2432096 * Shutdown        (srpc_rpc_backend.cc:145): SrpcRpcBackend::Shutdown: Shutdown sequence completed, destructor will now exit
20260909-09:06.34-883186(us) 2432096 * ~SrpcRpcBackend (srpc_rpc_backend.cc:52): SrpcRpcBackend::~SrpcRpcBackend: START destructor
20260909-09:06.34-883214(us) 2432096 * Stop            (srpc_rpc_backend.cc:589): SrpcRpcBackend::Stop: Already stopped, returning
20260909-09:06.34-883238(us) 2432096 * Shutdown        (srpc_rpc_backend.cc:112): SrpcRpcBackend::Shutdown: About to delete server
20260909-09:06.34-883261(us) 2432096 * Shutdown        (srpc_rpc_backend.cc:129): SrpcRpcBackend::Shutdown: Server pointer is null, skipping deletion
20260909-09:06.34-883297(us) 2432096 * Shutdown        (srpc_rpc_backend.cc:132): SrpcRpcBackend::Shutdown: About to shutdown poll_thread_worker_
20260909-09:06.34-883332(us) 2432096 * Shutdown        (srpc_rpc_backend.cc:142): SrpcRpcBackend::Shutdown: poll_thread_worker_ is null, skipping shutdown
20260909-09:06.34-883369(us) 2432096 * Shutdown        (srpc_rpc_backend.cc:145): SrpcRpcBackend::Shutdown: Shutdown sequence completed, destructor will now exit
20260909-09:06.34-883393(us) 2432096 * ~SrpcRpcBackend (srpc_rpc_backend.cc:54): SrpcRpcBackend::~SrpcRpcBackend: Shutdown() completed
20260909-09:06.34-883434(us) 2432096 * Shutdown        (srpc_rpc_backend.cc:140): SrpcRpcBackend::Shutdown: poll_thread_worker_ reset to None
20260909-09:06.34-883473(us) 2432096 * Shutdown        (srpc_rpc_backend.cc:138): SrpcRpcBackend::Shutdown: poll_thread_worker_->shutdown() completed
20260909-09:06.34-883533(us) 2432096 * Shutdown        (srpc_rpc_backend.cc:145): SrpcRpcBackend::Shutdown: Shutdown sequence completed, destructor will now exit
20260909-09:06.34-883572(us) 2432096 * ~SrpcRpcBackend (srpc_rpc_backend.cc:52): SrpcRpcBackend::~SrpcRpcBackend: START destructor
20260909-09:06.34-883615(us) 2432096 * Stop            (srpc_rpc_backend.cc:589): SrpcRpcBackend::Stop: Already stopped, returning
20260909-09:06.34-883644(us) 2432096 * Shutdown        (srpc_rpc_backend.cc:112): SrpcRpcBackend::Shutdown: About to delete server
20260909-09:06.34-883673(us) 2432096 * Shutdown        (srpc_rpc_backend.cc:129): SrpcRpcBackend::Shutdown: Server pointer is null, skipping deletion
[SHUTDOWN] Worker 1 joined
20260909-09:06.34-883699(us) 2432096 * Shutdown        (srpc_rpc_backend.cc:132): SrpcRpcBackend::Shutdown: About to shutdown poll_thread_worker_[SHUTDOWN] Joining worker 2

20260909-09:06.34-883768(us) 2432096 * Shutdown        (srpc_rpc_backend.cc:142): SrpcRpcBackend::Shutdown: poll_thread_worker_ is null, skipping shutdown
20260909-09:06.34-883801(us) 2432096 * Shutdown        (srpc_rpc_backend.cc:145): SrpcRpcBackend::Shutdown: Shutdown sequence completed, destructor will now exit
20260909-09:06.34-883827(us) 2432096 * ~SrpcRpcBackend (srpc_rpc_backend.cc:54): SrpcRpcBackend::~SrpcRpcBackend: Shutdown() completed
[SHUTDOWN] Worker 2 joined
[SHUTDOWN] Joining worker 3
20260909-09:06.34-883884(us) 2432096 * Shutdown        (srpc_rpc_backend.cc:140): SrpcRpcBackend::Shutdown: poll_thread_worker_ reset to None
20260909-09:06.34-883921(us) 2432096 * Shutdown        (srpc_rpc_backend.cc:145): SrpcRpcBackend::Shutdown: Shutdown sequence completed, destructor will now exit
20260909-09:06.34-883946(us) 2432096 * ~SrpcRpcBackend (srpc_rpc_backend.cc:52): SrpcRpcBackend::~SrpcRpcBackend: START destructor
20260909-09:06.34-883974(us) 2432096 * Stop            (srpc_rpc_backend.cc:589): SrpcRpcBackend::Stop: Already stopped, returning
20260909-09:06.34-884002(us) 2432096 * Shutdown        (srpc_rpc_backend.cc:112): SrpcRpcBackend::Shutdown: About to delete server
20260909-09:06.34-884032(us) 2432096 * Shutdown        (srpc_rpc_backend.cc:129): SrpcRpcBackend::Shutdown: Server pointer is null, skipping deletion
20260909-09:06.34-884059(us) 2432096 * Shutdown        (srpc_rpc_backend.cc:132): SrpcRpcBackend::Shutdown: About to shutdown poll_thread_worker_
20260909-09:06.34-884083(us) 2432096 * Shutdown        (srpc_rpc_backend.cc:142): SrpcRpcBackend::Shutdown: poll_thread_worker_ is null, skipping shutdown
20260909-09:06.34-884108(us) 2432096 * Shutdown        (srpc_rpc_backend.cc:145): SrpcRpcBackend::Shutdown: Shutdown sequence completed, destructor will now exit
20260909-09:06.34-884133(us) 2432096 * ~SrpcRpcBackend (srpc_rpc_backend.cc:54): SrpcRpcBackend::~SrpcRpcBackend: Shutdown() completed
20260909-09:06.34-884166(us) 2432096 * Shutdown        (srpc_rpc_backend.cc:138): SrpcRpcBackend::Shutdown: poll_thread_worker_->shutdown() completed
20260909-09:06.34-884204(us) 2432096 * Shutdown        (srpc_rpc_backend.cc:140): SrpcRpcBackend::Shutdown: poll_thread_worker_ reset to None
20260909-09:06.34-884238(us) 2432096 * Shutdown        (srpc_rpc_backend.cc:145): SrpcRpcBackend::Shutdown: Shutdown sequence completed, destructor will now exit
20260909-09:06.34-884263(us) 2432096 * ~SrpcRpcBackend (srpc_rpc_backend.cc:52): SrpcRpcBackend::~SrpcRpcBackend: START destructor
20260909-09:06.34-884292(us) 2432096 * Stop            (srpc_rpc_backend.cc:589): SrpcRpcBackend::Stop: Already stopped, returning
20260909-09:06.34-884328(us) 2432096 * Shutdown        (srpc_rpc_backend.cc:112): SrpcRpcBackend::Shutdown: About to delete server
20260909-09:06.34-884356(us) 2432096 * Shutdown        (srpc_rpc_backend.cc:129): SrpcRpcBackend::Shutdown: Server pointer is null, skipping deletion
20260909-09:06.34-884380(us) 2432096 * Shutdown        (srpc_rpc_backend.cc:132): SrpcRpcBackend::Shutdown: About to shutdown poll_thread_worker_
20260909-09:06.34-884413(us) 2432096 * Shutdown        (srpc_rpc_backend.cc:142): SrpcRpcBackend::Shutdown: poll_thread_worker_ is null, skipping shutdown
20260909-09:06.34-884437(us) 2432096 * Shutdown        (srpc_rpc_backend.cc:145): SrpcRpcBackend::Shutdown: Shutdown sequence completed, destructor will now exit
20260909-09:06.34-884465(us) 2432096 * ~SrpcRpcBackend (srpc_rpc_backend.cc:54): SrpcRpcBackend::~SrpcRpcBackend: Shutdown() completed
20260909-09:06.34-884500(us) 2432096 * Shutdown        (srpc_rpc_backend.cc:140): SrpcRpcBackend::Shutdown: poll_thread_worker_ reset to None
20260909-09:06.34-884520(us) 2432096 * Shutdown        (srpc_rpc_backend.cc:145): SrpcRpcBackend::Shutdown: Shutdown sequence completed, destructor will now exit
20260909-09:06.34-884534(us) 2432096 * ~SrpcRpcBackend (srpc_rpc_backend.cc:52): SrpcRpcBackend::~SrpcRpcBackend: START destructor
20260909-09:06.34-884549(us) 2432096 * Stop            (srpc_rpc_backend.cc:589): SrpcRpcBackend::Stop: Already stopped, returning
20260909-09:06.34-884564(us) 2432096 * Shutdown        (srpc_rpc_backend.cc:112): SrpcRpcBackend::Shutdown: About to delete server
20260909-09:06.34-884577(us) 2432096 * Shutdown        (srpc_rpc_backend.cc:129): SrpcRpcBackend::Shutdown: Server pointer is null, skipping deletion
20260909-09:06.34-884590(us) 2432096 * Shutdown        (srpc_rpc_backend.cc:132): SrpcRpcBackend::Shutdown: About to shutdown poll_thread_worker_
20260909-09:06.34-884603(us) 2432096 * Shutdown        (srpc_rpc_backend.cc:142): SrpcRpcBackend::Shutdown: poll_thread_worker_ is null, skipping shutdown
20260909-09:06.34-884618(us) 2432096 * Shutdown        (srpc_rpc_backend.cc:145): SrpcRpcBackend::Shutdown: Shutdown sequence completed, destructor will now exit
20260909-09:06.34-884633(us) 2432096 * ~SrpcRpcBackend (srpc_rpc_backend.cc:54): SrpcRpcBackend::~SrpcRpcBackend: Shutdown() completed
[SHUTDOWN] Worker 3 joined
[SHUTDOWN] Joining worker 4
[SHUTDOWN] Worker 4 joined
[SHUTDOWN] Joining worker 5
[SHUTDOWN] Worker 5 joined
[SHUTDOWN] Joining worker 6
[SHUTDOWN] Worker 6 joined
[SHUTDOWN] Joining worker 7
[SHUTDOWN] Worker 7 joined
[SHUTDOWN] Joining worker 8
[SHUTDOWN] Worker 8 joined
[SHUTDOWN] Joining worker 9
[SHUTDOWN] Worker 9 joined
[SHUTDOWN] Joining worker 10
[SHUTDOWN] Worker 10 joined
[SHUTDOWN] Joining worker 11
[SHUTDOWN] Worker 11 joined
[SHUTDOWN] Joining worker 12
[SHUTDOWN] Worker 12 joined
[SHUTDOWN] Joining worker 13
[SHUTDOWN] Worker 13 joined
[SHUTDOWN] Joining worker 14
[SHUTDOWN] Worker 14 joined
[SHUTDOWN] Joining worker 15
[SHUTDOWN] Worker 15 joined
[SHUTDOWN] All workers joined
[SHUTDOWN] Calling stop_rpc_server()
[STOP_SERVER] Stopping 2 server transports
[STOP_SERVER] Stopping server transport 0
20260909-09:06.34-885788(us) 2432096 * Stop            (srpc_rpc_backend.cc:593): SrpcRpcBackend::Stop: BEGIN - Setting stop flag
20260909-09:06.34-885813(us) 2432096 * Stop            (srpc_rpc_backend.cc:596): SrpcRpcBackend::Stop: Waiting for event loop to exit...
20260909-09:06.34-885852(us) 2432096 * RunEventLoop    (srpc_rpc_backend.cc:577): SrpcRpcBackend::RunEventLoop: Stop flag detected, exiting event loop
20260909-09:06.34-885882(us) 2432096 * RunEventLoop    (srpc_rpc_backend.cc:581): SrpcRpcBackend::RunEventLoop: Exited cleanly
20260909-09:06.34-885895(us) 2432096 * rpc_server      (rpc_setup.cc:126): the rpc_server is terminated on shardIdx:0, alpha:0!
20260909-09:06.34-895912(us) 2432096 * Stop            (srpc_rpc_backend.cc:612): SrpcRpcBackend::Stop: Event loop exited successfully
20260909-09:06.34-895935(us) 2432096 * Stop            (srpc_rpc_backend.cc:616): SrpcRpcBackend::Stop: Signaling 0 request queues to stop
20260909-09:06.34-895950(us) 2432096 * Stop            (srpc_rpc_backend.cc:624): SrpcRpcBackend::Stop: Signaling 0 response queues to stop
20260909-09:06.34-895965(us) 2432096 * Stop            (srpc_rpc_backend.cc:635): SrpcRpcBackend::Stop: Server cleanup deferred to destructor
20260909-09:06.34-895979(us) 2432096 * Stop            (srpc_rpc_backend.cc:638): SrpcRpcBackend::Stop: Closing client connections
20260909-09:06.34-895993(us) 2432096 * Stop            (srpc_rpc_backend.cc:642): SrpcRpcBackend::Stop: Found 0 client connections to close
20260909-09:06.34-896007(us) 2432096 * Stop            (srpc_rpc_backend.cc:662): SrpcRpcBackend::Stop: Closed 0 client connections
20260909-09:06.34-896031(us) 2432096 * Stop            (srpc_rpc_backend.cc:675): SrpcRpcBackend stats: msg_size_resp_sent: 0 bytes, counter: 0, avg: 0.000000
20260909-09:06.34-896047(us) 2432096 * Stop            (srpc_rpc_backend.cc:676): SrpcRpcBackend::Stop: END
[STOP_SERVER] Server transport 0 stopped
[STOP_SERVER] Stopping server transport 1
20260909-09:06.34-896076(us) 2432096 * Stop            (srpc_rpc_backend.cc:593): SrpcRpcBackend::Stop: BEGIN - Setting stop flag
20260909-09:06.34-896092(us) 2432096 * Stop            (srpc_rpc_backend.cc:596): SrpcRpcBackend::Stop: Waiting for event loop to exit...
20260909-09:06.34-896158(us) 2432096 * RunEventLoop    (srpc_rpc_backend.cc:577): SrpcRpcBackend::RunEventLoop: Stop flag detected, exiting event loop
20260909-09:06.34-896187(us) 2432096 * RunEventLoop    (srpc_rpc_backend.cc:581): SrpcRpcBackend::RunEventLoop: Exited cleanly
20260909-09:06.34-896201(us) 2432096 * rpc_server      (rpc_setup.cc:126): the rpc_server is terminated on shardIdx:0, alpha:1!
20260909-09:06.34-906195(us) 2432096 * Stop            (srpc_rpc_backend.cc:612): SrpcRpcBackend::Stop: Event loop exited successfully
20260909-09:06.34-906230(us) 2432096 * Stop            (srpc_rpc_backend.cc:616): SrpcRpcBackend::Stop: Signaling 0 request queues to stop
20260909-09:06.34-906246(us) 2432096 * Stop            (srpc_rpc_backend.cc:624): SrpcRpcBackend::Stop: Signaling 0 response queues to stop
20260909-09:06.34-906261(us) 2432096 * Stop            (srpc_rpc_backend.cc:635): SrpcRpcBackend::Stop: Server cleanup deferred to destructor
20260909-09:06.34-906275(us) 2432096 * Stop            (srpc_rpc_backend.cc:638): SrpcRpcBackend::Stop: Closing client connections
20260909-09:06.34-906289(us) 2432096 * Stop            (srpc_rpc_backend.cc:642): SrpcRpcBackend::Stop: Found 0 client connections to close
20260909-09:06.34-906303(us) 2432096 * Stop            (srpc_rpc_backend.cc:662): SrpcRpcBackend::Stop: Closed 0 client connections
20260909-09:06.34-906317(us) 2432096 * Stop            (srpc_rpc_backend.cc:675): SrpcRpcBackend stats: msg_size_resp_sent: 0 bytes, counter: 0, avg: 0.000000
20260909-09:06.34-906333(us) 2432096 * Stop            (srpc_rpc_backend.cc:676): SrpcRpcBackend::Stop: END
[STOP_SERVER] Server transport 1 stopped
20260909-09:06.34-906459(us) 2432096 * Stop            (srpc_rpc_backend.cc:589): SrpcRpcBackend::Stop: Already stopped, returning
20260909-09:06.34-906477(us) 2432096 * Shutdown        (srpc_rpc_backend.cc:112): SrpcRpcBackend::Shutdown: About to delete server
20260909-09:06.34-906492(us) 2432096 * Shutdown        (srpc_rpc_backend.cc:116): SrpcRpcBackend::Shutdown: Server pointer is valid, deleting...
20260909-09:06.34-906513(us) 2432096 * Shutdown        (srpc_rpc_backend.cc:120): SrpcRpcBackend::Shutdown: Server deleted successfully
20260909-09:06.34-906527(us) 2432096 * Shutdown        (srpc_rpc_backend.cc:132): SrpcRpcBackend::Shutdown: About to shutdown poll_thread_worker_
20260909-09:06.34-906542(us) 2432096 * Shutdown        (srpc_rpc_backend.cc:136): SrpcRpcBackend::Shutdown: poll_thread_worker_ is valid, calling shutdown()
20260909-09:06.34-907269(us) 2432096 * Shutdown        (srpc_rpc_backend.cc:138): SrpcRpcBackend::Shutdown: poll_thread_worker_->shutdown() completed
20260909-09:06.34-907307(us) 2432096 * Shutdown        (srpc_rpc_backend.cc:140): SrpcRpcBackend::Shutdown: poll_thread_worker_ reset to None
20260909-09:06.34-907324(us) 2432096 * Shutdown        (srpc_rpc_backend.cc:145): SrpcRpcBackend::Shutdown: Shutdown sequence completed, destructor will now exit
20260909-09:06.34-907341(us) 2432096 * ~SrpcRpcBackend (srpc_rpc_backend.cc:52): SrpcRpcBackend::~SrpcRpcBackend: START destructor
20260909-09:06.34-907358(us) 2432096 * Stop            (srpc_rpc_backend.cc:589): SrpcRpcBackend::Stop: Already stopped, returning
20260909-09:06.34-907384(us) 2432096 * Shutdown        (srpc_rpc_backend.cc:112): SrpcRpcBackend::Shutdown: About to delete server
20260909-09:06.34-907401(us) 2432096 * Shutdown        (srpc_rpc_backend.cc:129): SrpcRpcBackend::Shutdown: Server pointer is null, skipping deletion
20260909-09:06.34-907423(us) 2432096 * Shutdown        (srpc_rpc_backend.cc:132): SrpcRpcBackend::Shutdown: About to shutdown poll_thread_worker_
20260909-09:06.34-907444(us) 2432096 * Shutdown        (srpc_rpc_backend.cc:142): SrpcRpcBackend::Shutdown: poll_thread_worker_ is null, skipping shutdown
20260909-09:06.34-907464(us) 2432096 * Shutdown        (srpc_rpc_backend.cc:145): SrpcRpcBackend::Shutdown: Shutdown sequence completed, destructor will now exit
20260909-09:06.34-907485(us) 2432096 * ~SrpcRpcBackend (srpc_rpc_backend.cc:54): SrpcRpcBackend::~SrpcRpcBackend: Shutdown() completed
20260909-09:06.34-907541(us) 2432096 * Stop            (srpc_rpc_backend.cc:589): SrpcRpcBackend::Stop: Already stopped, returning
20260909-09:06.34-907561(us) 2432096 * Shutdown        (srpc_rpc_backend.cc:112): SrpcRpcBackend::Shutdown: About to delete server
20260909-09:06.34-907578(us) 2432096 * Shutdown        (srpc_rpc_backend.cc:116): SrpcRpcBackend::Shutdown: Server pointer is valid, deleting...
20260909-09:06.34-907603(us) 2432096 * Shutdown        (srpc_rpc_backend.cc:120): SrpcRpcBackend::Shutdown: Server deleted successfully
20260909-09:06.34-907622(us) 2432096 * Shutdown        (srpc_rpc_backend.cc:132): SrpcRpcBackend::Shutdown: About to shutdown poll_thread_worker_
20260909-09:06.34-907640(us) 2432096 * Shutdown        (srpc_rpc_backend.cc:136): SrpcRpcBackend::Shutdown: poll_thread_worker_ is valid, calling shutdown()
20260909-09:06.34-908627(us) 2432096 * Shutdown        (srpc_rpc_backend.cc:138): SrpcRpcBackend::Shutdown: poll_thread_worker_->shutdown() completed
20260909-09:06.34-908663(us) 2432096 * Shutdown        (srpc_rpc_backend.cc:140): SrpcRpcBackend::Shutdown: poll_thread_worker_ reset to None
20260909-09:06.34-908680(us) 2432096 * Shutdown        (srpc_rpc_backend.cc:145): SrpcRpcBackend::Shutdown: Shutdown sequence completed, destructor will now exit
20260909-09:06.34-908697(us) 2432096 * ~SrpcRpcBackend (srpc_rpc_backend.cc:52): SrpcRpcBackend::~SrpcRpcBackend: START destructor
20260909-09:06.34-908714(us) 2432096 * Stop            (srpc_rpc_backend.cc:589): SrpcRpcBackend::Stop: Already stopped, returning
20260909-09:06.34-908731(us) 2432096 * Shutdown        (srpc_rpc_backend.cc:112): SrpcRpcBackend::Shutdown: About to delete server
20260909-09:06.34-908749(us) 2432096 * Shutdown        (srpc_rpc_backend.cc:129): SrpcRpcBackend::Shutdown: Server pointer is null, skipping deletion
20260909-09:06.34-908773(us) 2432096 * Shutdown        (srpc_rpc_backend.cc:132): SrpcRpcBackend::Shutdown: About to shutdown poll_thread_worker_
20260909-09:06.34-908796(us) 2432096 * Shutdown        (srpc_rpc_backend.cc:142): SrpcRpcBackend::Shutdown: poll_thread_worker_ is null, skipping shutdown
20260909-09:06.34-908817(us) 2432096 * Shutdown        (srpc_rpc_backend.cc:145): SrpcRpcBackend::Shutdown: Shutdown sequence completed, destructor will now exit
20260909-09:06.34-908852(us) 2432096 * ~SrpcRpcBackend (srpc_rpc_backend.cc:54): SrpcRpcBackend::~SrpcRpcBackend: Shutdown() completed
[STOP_SERVER] All server transports stopped
[SHUTDOWN] stop_rpc_server() completed
[SHUTDOWN] Calling second stop()
20260909-09:06.34-908915(us) 2432096 ! stop            (bench.cc:514):     stop all rpc clients. set stop=false
[SHUTDOWN] Second stop() completed
20260909-09:06.34-908939(us) 2432096 ! run             (bench.cc:774):     TPCC_BENCH_MEASURE_END
[SHUTDOWN] Calling do_txn_finish()
[SHUTDOWN] do_txn_finish() completed
--- n_commits per partition ---
 par_id: 0, n_commits: 564668
 par_id: 1, n_commits: 562235
 par_id: 2, n_commits: 543821
 par_id: 3, n_commits: 543661
 par_id: 4, n_commits: 486926
 par_id: 5, n_commits: 507805
 par_id: 6, n_commits: 543694
 par_id: 7, n_commits: 558452
 par_id: 8, n_commits: 572334
 par_id: 9, n_commits: 562002
 par_id: 10, n_commits: 414295
 par_id: 11, n_commits: 545025
 par_id: 12, n_commits: 545506
 par_id: 13, n_commits: 459263
 par_id: 14, n_commits: 555306
 par_id: 15, n_commits: 556623
STO_TPCC_CAPACITY phase=run_complete scope=database allocated_registry_bytes=4764960160 max_registry_bytes=8589934592 registry_headroom_bytes=3824974432
STO_TPCC_CAPACITY phase=run_complete table=customer_0 retained_records=90000 consumed_record_ids=90000 retained_key_bytes=1080000 allocated_registry_bytes=17856776 max_retained_records=18446744073709551615 max_consumed_record_ids=18446744073709551615 max_retained_key_bytes=18446744073709551615
STO_TPCC_CAPACITY phase=run_complete table=customer_1 retained_records=90000 consumed_record_ids=90000 retained_key_bytes=1080000 allocated_registry_bytes=17856776 max_retained_records=18446744073709551615 max_consumed_record_ids=18446744073709551615 max_retained_key_bytes=18446744073709551615
STO_TPCC_CAPACITY phase=run_complete table=customer_2 retained_records=90000 consumed_record_ids=90000 retained_key_bytes=1080000 allocated_registry_bytes=17856776 max_retained_records=18446744073709551615 max_consumed_record_ids=18446744073709551615 max_retained_key_bytes=18446744073709551615
STO_TPCC_CAPACITY phase=run_complete table=customer_3 retained_records=90000 consumed_record_ids=90000 retained_key_bytes=1080000 allocated_registry_bytes=17856776 max_retained_records=18446744073709551615 max_consumed_record_ids=18446744073709551615 max_retained_key_bytes=18446744073709551615
STO_TPCC_CAPACITY phase=run_complete table=customer_4 retained_records=90000 consumed_record_ids=90000 retained_key_bytes=1080000 allocated_registry_bytes=17856776 max_retained_records=18446744073709551615 max_consumed_record_ids=18446744073709551615 max_retained_key_bytes=18446744073709551615
STO_TPCC_CAPACITY phase=run_complete table=customer_5 retained_records=90000 consumed_record_ids=90000 retained_key_bytes=1080000 allocated_registry_bytes=17856776 max_retained_records=18446744073709551615 max_consumed_record_ids=18446744073709551615 max_retained_key_bytes=18446744073709551615
STO_TPCC_CAPACITY phase=run_complete table=customer_6 retained_records=90000 consumed_record_ids=90000 retained_key_bytes=1080000 allocated_registry_bytes=17856776 max_retained_records=18446744073709551615 max_consumed_record_ids=18446744073709551615 max_retained_key_bytes=18446744073709551615
STO_TPCC_CAPACITY phase=run_complete table=customer_7 retained_records=90000 consumed_record_ids=90000 retained_key_bytes=1080000 allocated_registry_bytes=17856776 max_retained_records=18446744073709551615 max_consumed_record_ids=18446744073709551615 max_retained_key_bytes=18446744073709551615
STO_TPCC_CAPACITY phase=run_complete table=customer_8 retained_records=90000 consumed_record_ids=90000 retained_key_bytes=1080000 allocated_registry_bytes=17856776 max_retained_records=18446744073709551615 max_consumed_record_ids=18446744073709551615 max_retained_key_bytes=18446744073709551615
STO_TPCC_CAPACITY phase=run_complete table=customer_9 retained_records=90000 consumed_record_ids=90000 retained_key_bytes=1080000 allocated_registry_bytes=17856776 max_retained_records=18446744073709551615 max_consumed_record_ids=18446744073709551615 max_retained_key_bytes=18446744073709551615
STO_TPCC_CAPACITY phase=run_complete table=customer_10 retained_records=90000 consumed_record_ids=90000 retained_key_bytes=1080000 allocated_registry_bytes=17856776 max_retained_records=18446744073709551615 max_consumed_record_ids=18446744073709551615 max_retained_key_bytes=18446744073709551615
STO_TPCC_CAPACITY phase=run_complete table=customer_11 retained_records=90000 consumed_record_ids=90000 retained_key_bytes=1080000 allocated_registry_bytes=17856776 max_retained_records=18446744073709551615 max_consumed_record_ids=18446744073709551615 max_retained_key_bytes=18446744073709551615
STO_TPCC_CAPACITY phase=run_complete table=customer_12 retained_records=90000 consumed_record_ids=90000 retained_key_bytes=1080000 allocated_registry_bytes=17856776 max_retained_records=18446744073709551615 max_consumed_record_ids=18446744073709551615 max_retained_key_bytes=18446744073709551615
STO_TPCC_CAPACITY phase=run_complete table=customer_13 retained_records=90000 consumed_record_ids=90000 retained_key_bytes=1080000 allocated_registry_bytes=17856776 max_retained_records=18446744073709551615 max_consumed_record_ids=18446744073709551615 max_retained_key_bytes=18446744073709551615
STO_TPCC_CAPACITY phase=run_complete table=customer_14 retained_records=90000 consumed_record_ids=90000 retained_key_bytes=1080000 allocated_registry_bytes=17856776 max_retained_records=18446744073709551615 max_consumed_record_ids=18446744073709551615 max_retained_key_bytes=18446744073709551615
STO_TPCC_CAPACITY phase=run_complete table=customer_15 retained_records=90000 consumed_record_ids=90000 retained_key_bytes=1080000 allocated_registry_bytes=17856776 max_retained_records=18446744073709551615 max_consumed_record_ids=18446744073709551615 max_retained_key_bytes=18446744073709551615
STO_TPCC_CAPACITY phase=run_complete table=customer_name_idx_0 retained_records=30000 consumed_record_ids=30000 retained_key_bytes=1200000 allocated_registry_bytes=2156376 max_retained_records=18446744073709551615 max_consumed_record_ids=18446744073709551615 max_retained_key_bytes=18446744073709551615
STO_TPCC_CAPACITY phase=run_complete table=customer_name_idx_1 retained_records=30000 consumed_record_ids=30000 retained_key_bytes=1200000 allocated_registry_bytes=2156376 max_retained_records=18446744073709551615 max_consumed_record_ids=18446744073709551615 max_retained_key_bytes=18446744073709551615
STO_TPCC_CAPACITY phase=run_complete table=customer_name_idx_2 retained_records=30000 consumed_record_ids=30000 retained_key_bytes=1200000 allocated_registry_bytes=2156376 max_retained_records=18446744073709551615 max_consumed_record_ids=18446744073709551615 max_retained_key_bytes=18446744073709551615
STO_TPCC_CAPACITY phase=run_complete table=customer_name_idx_3 retained_records=30000 consumed_record_ids=30000 retained_key_bytes=1200000 allocated_registry_bytes=2156376 max_retained_records=18446744073709551615 max_consumed_record_ids=18446744073709551615 max_retained_key_bytes=18446744073709551615
STO_TPCC_CAPACITY phase=run_complete table=customer_name_idx_4 retained_records=30000 consumed_record_ids=30000 retained_key_bytes=1200000 allocated_registry_bytes=2156376 max_retained_records=18446744073709551615 max_consumed_record_ids=18446744073709551615 max_retained_key_bytes=18446744073709551615
STO_TPCC_CAPACITY phase=run_complete table=customer_name_idx_5 retained_records=30000 consumed_record_ids=30000 retained_key_bytes=1200000 allocated_registry_bytes=2156376 max_retained_records=18446744073709551615 max_consumed_record_ids=18446744073709551615 max_retained_key_bytes=18446744073709551615
STO_TPCC_CAPACITY phase=run_complete table=customer_name_idx_6 retained_records=30000 consumed_record_ids=30000 retained_key_bytes=1200000 allocated_registry_bytes=2156376 max_retained_records=18446744073709551615 max_consumed_record_ids=18446744073709551615 max_retained_key_bytes=18446744073709551615
STO_TPCC_CAPACITY phase=run_complete table=customer_name_idx_7 retained_records=30000 consumed_record_ids=30000 retained_key_bytes=1200000 allocated_registry_bytes=2156376 max_retained_records=18446744073709551615 max_consumed_record_ids=18446744073709551615 max_retained_key_bytes=18446744073709551615
STO_TPCC_CAPACITY phase=run_complete table=customer_name_idx_8 retained_records=30000 consumed_record_ids=30000 retained_key_bytes=1200000 allocated_registry_bytes=2156376 max_retained_records=18446744073709551615 max_consumed_record_ids=18446744073709551615 max_retained_key_bytes=18446744073709551615
STO_TPCC_CAPACITY phase=run_complete table=customer_name_idx_9 retained_records=30000 consumed_record_ids=30000 retained_key_bytes=1200000 allocated_registry_bytes=2156376 max_retained_records=18446744073709551615 max_consumed_record_ids=18446744073709551615 max_retained_key_bytes=18446744073709551615
STO_TPCC_CAPACITY phase=run_complete table=customer_name_idx_10 retained_records=30000 consumed_record_ids=30000 retained_key_bytes=1200000 allocated_registry_bytes=2156376 max_retained_records=18446744073709551615 max_consumed_record_ids=18446744073709551615 max_retained_key_bytes=18446744073709551615
STO_TPCC_CAPACITY phase=run_complete table=customer_name_idx_11 retained_records=30000 consumed_record_ids=30000 retained_key_bytes=1200000 allocated_registry_bytes=2156376 max_retained_records=18446744073709551615 max_consumed_record_ids=18446744073709551615 max_retained_key_bytes=18446744073709551615
STO_TPCC_CAPACITY phase=run_complete table=customer_name_idx_12 retained_records=30000 consumed_record_ids=30000 retained_key_bytes=1200000 allocated_registry_bytes=2156376 max_retained_records=18446744073709551615 max_consumed_record_ids=18446744073709551615 max_retained_key_bytes=18446744073709551615
STO_TPCC_CAPACITY phase=run_complete table=customer_name_idx_13 retained_records=30000 consumed_record_ids=30000 retained_key_bytes=1200000 allocated_registry_bytes=2156376 max_retained_records=18446744073709551615 max_consumed_record_ids=18446744073709551615 max_retained_key_bytes=18446744073709551615
STO_TPCC_CAPACITY phase=run_complete table=customer_name_idx_14 retained_records=30000 consumed_record_ids=30000 retained_key_bytes=1200000 allocated_registry_bytes=2156376 max_retained_records=18446744073709551615 max_consumed_record_ids=18446744073709551615 max_retained_key_bytes=18446744073709551615
STO_TPCC_CAPACITY phase=run_complete table=customer_name_idx_15 retained_records=30000 consumed_record_ids=30000 retained_key_bytes=1200000 allocated_registry_bytes=2156376 max_retained_records=18446744073709551615 max_consumed_record_ids=18446744073709551615 max_retained_key_bytes=18446744073709551615
STO_TPCC_CAPACITY phase=run_complete table=district_0 retained_records=10 consumed_record_ids=10 retained_key_bytes=80 allocated_registry_bytes=205424 max_retained_records=18446744073709551615 max_consumed_record_ids=18446744073709551615 max_retained_key_bytes=18446744073709551615
STO_TPCC_CAPACITY phase=run_complete table=district_1 retained_records=10 consumed_record_ids=10 retained_key_bytes=80 allocated_registry_bytes=205424 max_retained_records=18446744073709551615 max_consumed_record_ids=18446744073709551615 max_retained_key_bytes=18446744073709551615
STO_TPCC_CAPACITY phase=run_complete table=district_2 retained_records=10 consumed_record_ids=10 retained_key_bytes=80 allocated_registry_bytes=205424 max_retained_records=18446744073709551615 max_consumed_record_ids=18446744073709551615 max_retained_key_bytes=18446744073709551615
STO_TPCC_CAPACITY phase=run_complete table=district_3 retained_records=10 consumed_record_ids=10 retained_key_bytes=80 allocated_registry_bytes=205424 max_retained_records=18446744073709551615 max_consumed_record_ids=18446744073709551615 max_retained_key_bytes=18446744073709551615
STO_TPCC_CAPACITY phase=run_complete table=district_4 retained_records=10 consumed_record_ids=10 retained_key_bytes=80 allocated_registry_bytes=205424 max_retained_records=18446744073709551615 max_consumed_record_ids=18446744073709551615 max_retained_key_bytes=18446744073709551615
STO_TPCC_CAPACITY phase=run_complete table=district_5 retained_records=10 consumed_record_ids=10 retained_key_bytes=80 allocated_registry_bytes=205424 max_retained_records=18446744073709551615 max_consumed_record_ids=18446744073709551615 max_retained_key_bytes=18446744073709551615
STO_TPCC_CAPACITY phase=run_complete table=district_6 retained_records=10 consumed_record_ids=10 retained_key_bytes=80 allocated_registry_bytes=205424 max_retained_records=18446744073709551615 max_consumed_record_ids=18446744073709551615 max_retained_key_bytes=18446744073709551615
STO_TPCC_CAPACITY phase=run_complete table=district_7 retained_records=10 consumed_record_ids=10 retained_key_bytes=80 allocated_registry_bytes=205424 max_retained_records=18446744073709551615 max_consumed_record_ids=18446744073709551615 max_retained_key_bytes=18446744073709551615
STO_TPCC_CAPACITY phase=run_complete table=district_8 retained_records=10 consumed_record_ids=10 retained_key_bytes=80 allocated_registry_bytes=205424 max_retained_records=18446744073709551615 max_consumed_record_ids=18446744073709551615 max_retained_key_bytes=18446744073709551615
STO_TPCC_CAPACITY phase=run_complete table=district_9 retained_records=10 consumed_record_ids=10 retained_key_bytes=80 allocated_registry_bytes=205424 max_retained_records=18446744073709551615 max_consumed_record_ids=18446744073709551615 max_retained_key_bytes=18446744073709551615
STO_TPCC_CAPACITY phase=run_complete table=district_10 retained_records=10 consumed_record_ids=10 retained_key_bytes=80 allocated_registry_bytes=205424 max_retained_records=18446744073709551615 max_consumed_record_ids=18446744073709551615 max_retained_key_bytes=18446744073709551615
STO_TPCC_CAPACITY phase=run_complete table=district_11 retained_records=10 consumed_record_ids=10 retained_key_bytes=80 allocated_registry_bytes=205424 max_retained_records=18446744073709551615 max_consumed_record_ids=18446744073709551615 max_retained_key_bytes=18446744073709551615
STO_TPCC_CAPACITY phase=run_complete table=district_12 retained_records=10 consumed_record_ids=10 retained_key_bytes=80 allocated_registry_bytes=205424 max_retained_records=18446744073709551615 max_consumed_record_ids=18446744073709551615 max_retained_key_bytes=18446744073709551615
STO_TPCC_CAPACITY phase=run_complete table=district_13 retained_records=10 consumed_record_ids=10 retained_key_bytes=80 allocated_registry_bytes=205424 max_retained_records=18446744073709551615 max_consumed_record_ids=18446744073709551615 max_retained_key_bytes=18446744073709551615
STO_TPCC_CAPACITY phase=run_complete table=district_14 retained_records=10 consumed_record_ids=10 retained_key_bytes=80 allocated_registry_bytes=205424 max_retained_records=18446744073709551615 max_consumed_record_ids=18446744073709551615 max_retained_key_bytes=18446744073709551615
STO_TPCC_CAPACITY phase=run_complete table=district_15 retained_records=10 consumed_record_ids=10 retained_key_bytes=80 allocated_registry_bytes=205424 max_retained_records=18446744073709551615 max_consumed_record_ids=18446744073709551615 max_retained_key_bytes=18446744073709551615
STO_TPCC_CAPACITY phase=run_complete table=history_0 retained_records=273075 consumed_record_ids=273075 retained_key_bytes=6553800 allocated_registry_bytes=19184688 max_retained_records=18446744073709551615 max_consumed_record_ids=18446744073709551615 max_retained_key_bytes=18446744073709551615
STO_TPCC_CAPACITY phase=run_complete table=history_1 retained_records=271507 consumed_record_ids=271507 retained_key_bytes=6516168 allocated_registry_bytes=19112952 max_retained_records=18446744073709551615 max_consumed_record_ids=18446744073709551615 max_retained_key_bytes=18446744073709551615
STO_TPCC_CAPACITY phase=run_complete table=history_2 retained_records=263943 consumed_record_ids=263943 retained_key_bytes=6334632 allocated_registry_bytes=18539064 max_retained_records=18446744073709551615 max_consumed_record_ids=18446744073709551615 max_retained_key_bytes=18446744073709551615
STO_TPCC_CAPACITY phase=run_complete table=history_3 retained_records=263642 consumed_record_ids=263642 retained_key_bytes=6327408 allocated_registry_bytes=18539064 max_retained_records=18446744073709551615 max_consumed_record_ids=18446744073709551615 max_retained_key_bytes=18446744073709551615
STO_TPCC_CAPACITY phase=run_complete table=history_4 retained_records=239327 consumed_record_ids=239327 retained_key_bytes=5743848 allocated_registry_bytes=16803064 max_retained_records=18446744073709551615 max_consumed_record_ids=18446744073709551615 max_retained_key_bytes=18446744073709551615
STO_TPCC_CAPACITY phase=run_complete table=history_5 retained_records=248177 consumed_record_ids=248177 retained_key_bytes=5956248 allocated_registry_bytes=17448688 max_retained_records=18446744073709551615 max_consumed_record_ids=18446744073709551615 max_retained_key_bytes=18446744073709551615
STO_TPCC_CAPACITY phase=run_complete table=history_6 retained_records=264026 consumed_record_ids=264026 retained_key_bytes=6336624 allocated_registry_bytes=18539064 max_retained_records=18446744073709551615 max_consumed_record_ids=18446744073709551615 max_retained_key_bytes=18446744073709551615
STO_TPCC_CAPACITY phase=run_complete table=history_7 retained_records=269774 consumed_record_ids=269774 retained_key_bytes=6474576 allocated_registry_bytes=18969480 max_retained_records=18446744073709551615 max_consumed_record_ids=18446744073709551615 max_retained_key_bytes=18446744073709551615
STO_TPCC_CAPACITY phase=run_complete table=history_8 retained_records=275854 consumed_record_ids=275854 retained_key_bytes=6620496 allocated_registry_bytes=19399896 max_retained_records=18446744073709551615 max_consumed_record_ids=18446744073709551615 max_retained_key_bytes=18446744073709551615
STO_TPCC_CAPACITY phase=run_complete table=history_9 retained_records=271989 consumed_record_ids=271989 retained_key_bytes=6527736 allocated_registry_bytes=19112952 max_retained_records=18446744073709551615 max_consumed_record_ids=18446744073709551615 max_retained_key_bytes=18446744073709551615
STO_TPCC_CAPACITY phase=run_complete table=history_10 retained_records=208550 consumed_record_ids=208550 retained_key_bytes=5005200 allocated_registry_bytes=14650984 max_retained_records=18446744073709551615 max_consumed_record_ids=18446744073709551615 max_retained_key_bytes=18446744073709551615
STO_TPCC_CAPACITY phase=run_complete table=history_11 retained_records=264581 consumed_record_ids=264581 retained_key_bytes=6349944 allocated_registry_bytes=18610800 max_retained_records=18446744073709551615 max_consumed_record_ids=18446744073709551615 max_retained_key_bytes=18446744073709551615
STO_TPCC_CAPACITY phase=run_complete table=history_12 retained_records=265157 consumed_record_ids=265157 retained_key_bytes=6363768 allocated_registry_bytes=18610800 max_retained_records=18446744073709551615 max_consumed_record_ids=18446744073709551615 max_retained_key_bytes=18446744073709551615
STO_TPCC_CAPACITY phase=run_complete table=history_13 retained_records=227160 consumed_record_ids=227160 retained_key_bytes=5451840 allocated_registry_bytes=15942232 max_retained_records=18446744073709551615 max_consumed_record_ids=18446744073709551615 max_retained_key_bytes=18446744073709551615
STO_TPCC_CAPACITY phase=run_complete table=history_14 retained_records=268853 consumed_record_ids=268853 retained_key_bytes=6452472 allocated_registry_bytes=18897744 max_retained_records=18446744073709551615 max_consumed_record_ids=18446744073709551615 max_retained_key_bytes=18446744073709551615
STO_TPCC_CAPACITY phase=run_complete table=history_15 retained_records=269731 consumed_record_ids=269731 retained_key_bytes=6473544 allocated_registry_bytes=18969480 max_retained_records=18446744073709551615 max_consumed_record_ids=18446744073709551615 max_retained_key_bytes=18446744073709551615
STO_TPCC_CAPACITY phase=run_complete table=new_order_0 retained_records=263091 consumed_record_ids=263091 retained_key_bytes=3157092 allocated_registry_bytes=18467328 max_retained_records=18446744073709551615 max_consumed_record_ids=18446744073709551615 max_retained_key_bytes=18446744073709551615
STO_TPCC_CAPACITY phase=run_complete table=new_order_1 retained_records=262041 consumed_record_ids=262041 retained_key_bytes=3144492 allocated_registry_bytes=18395592 max_retained_records=18446744073709551615 max_consumed_record_ids=18446744073709551615 max_retained_key_bytes=18446744073709551615
STO_TPCC_CAPACITY phase=run_complete table=new_order_2 retained_records=253694 consumed_record_ids=253694 retained_key_bytes=3044328 allocated_registry_bytes=17807368 max_retained_records=18446744073709551615 max_consumed_record_ids=18446744073709551615 max_retained_key_bytes=18446744073709551615
STO_TPCC_CAPACITY phase=run_complete table=new_order_3 retained_records=253941 consumed_record_ids=253941 retained_key_bytes=3047292 allocated_registry_bytes=17807368 max_retained_records=18446744073709551615 max_consumed_record_ids=18446744073709551615 max_retained_key_bytes=18446744073709551615
STO_TPCC_CAPACITY phase=run_complete table=new_order_4 retained_records=227897 consumed_record_ids=227897 retained_key_bytes=2734764 allocated_registry_bytes=16013968 max_retained_records=18446744073709551615 max_consumed_record_ids=18446744073709551615 max_retained_key_bytes=18446744073709551615
STO_TPCC_CAPACITY phase=run_complete table=new_order_5 retained_records=237524 consumed_record_ids=237524 retained_key_bytes=2850288 allocated_registry_bytes=16659592 max_retained_records=18446744073709551615 max_consumed_record_ids=18446744073709551615 max_retained_key_bytes=18446744073709551615
STO_TPCC_CAPACITY phase=run_complete table=new_order_6 retained_records=254010 consumed_record_ids=254010 retained_key_bytes=3048120 allocated_registry_bytes=17879104 max_retained_records=18446744073709551615 max_consumed_record_ids=18446744073709551615 max_retained_key_bytes=18446744073709551615
STO_TPCC_CAPACITY phase=run_complete table=new_order_7 retained_records=260595 consumed_record_ids=260595 retained_key_bytes=3127140 allocated_registry_bytes=18309520 max_retained_records=18446744073709551615 max_consumed_record_ids=18446744073709551615 max_retained_key_bytes=18446744073709551615
STO_TPCC_CAPACITY phase=run_complete table=new_order_8 retained_records=266679 consumed_record_ids=266679 retained_key_bytes=3200148 allocated_registry_bytes=18754272 max_retained_records=18446744073709551615 max_consumed_record_ids=18446744073709551615 max_retained_key_bytes=18446744073709551615
STO_TPCC_CAPACITY phase=run_complete table=new_order_9 retained_records=262126 consumed_record_ids=262126 retained_key_bytes=3145512 allocated_registry_bytes=18395592 max_retained_records=18446744073709551615 max_consumed_record_ids=18446744073709551615 max_retained_key_bytes=18446744073709551615
STO_TPCC_CAPACITY phase=run_complete table=new_order_10 retained_records=194834 consumed_record_ids=194834 retained_key_bytes=2338008 allocated_registry_bytes=13718416 max_retained_records=18446744073709551615 max_consumed_record_ids=18446744073709551615 max_retained_key_bytes=18446744073709551615
STO_TPCC_CAPACITY phase=run_complete table=new_order_11 retained_records=253914 consumed_record_ids=253914 retained_key_bytes=3046968 allocated_registry_bytes=17807368 max_retained_records=18446744073709551615 max_consumed_record_ids=18446744073709551615 max_retained_key_bytes=18446744073709551615
STO_TPCC_CAPACITY phase=run_complete table=new_order_12 retained_records=253915 consumed_record_ids=253915 retained_key_bytes=3046980 allocated_registry_bytes=17807368 max_retained_records=18446744073709551615 max_consumed_record_ids=18446744073709551615 max_retained_key_bytes=18446744073709551615
STO_TPCC_CAPACITY phase=run_complete table=new_order_13 retained_records=215837 consumed_record_ids=215837 retained_key_bytes=2590044 allocated_registry_bytes=15153136 max_retained_records=18446744073709551615 max_consumed_record_ids=18446744073709551615 max_retained_key_bytes=18446744073709551615
STO_TPCC_CAPACITY phase=run_complete table=new_order_14 retained_records=259418 consumed_record_ids=259418 retained_key_bytes=3113016 allocated_registry_bytes=18237784 max_retained_records=18446744073709551615 max_consumed_record_ids=18446744073709551615 max_retained_key_bytes=18446744073709551615
STO_TPCC_CAPACITY phase=run_complete table=new_order_15 retained_records=259364 consumed_record_ids=259364 retained_key_bytes=3112368 allocated_registry_bytes=18237784 max_retained_records=18446744073709551615 max_consumed_record_ids=18446744073709551615 max_retained_key_bytes=18446744073709551615
STO_TPCC_CAPACITY phase=run_complete table=oorder_0 retained_records=284091 consumed_record_ids=284091 retained_key_bytes=3409092 allocated_registry_bytes=19973784 max_retained_records=18446744073709551615 max_consumed_record_ids=18446744073709551615 max_retained_key_bytes=18446744073709551615
STO_TPCC_CAPACITY phase=run_complete table=oorder_1 retained_records=283041 consumed_record_ids=283041 retained_key_bytes=3396492 allocated_registry_bytes=19902048 max_retained_records=18446744073709551615 max_consumed_record_ids=18446744073709551615 max_retained_key_bytes=18446744073709551615
STO_TPCC_CAPACITY phase=run_complete table=oorder_2 retained_records=274694 consumed_record_ids=274694 retained_key_bytes=3296328 allocated_registry_bytes=19328160 max_retained_records=18446744073709551615 max_consumed_record_ids=18446744073709551615 max_retained_key_bytes=18446744073709551615
STO_TPCC_CAPACITY phase=run_complete table=oorder_3 retained_records=274941 consumed_record_ids=274941 retained_key_bytes=3299292 allocated_registry_bytes=19328160 max_retained_records=18446744073709551615 max_consumed_record_ids=18446744073709551615 max_retained_key_bytes=18446744073709551615
STO_TPCC_CAPACITY phase=run_complete table=oorder_4 retained_records=248897 consumed_record_ids=248897 retained_key_bytes=2986764 allocated_registry_bytes=17520424 max_retained_records=18446744073709551615 max_consumed_record_ids=18446744073709551615 max_retained_key_bytes=18446744073709551615
STO_TPCC_CAPACITY phase=run_complete table=oorder_5 retained_records=258524 consumed_record_ids=258524 retained_key_bytes=3102288 allocated_registry_bytes=18166048 max_retained_records=18446744073709551615 max_consumed_record_ids=18446744073709551615 max_retained_key_bytes=18446744073709551615
STO_TPCC_CAPACITY phase=run_complete table=oorder_6 retained_records=275010 consumed_record_ids=275010 retained_key_bytes=3300120 allocated_registry_bytes=19328160 max_retained_records=18446744073709551615 max_consumed_record_ids=18446744073709551615 max_retained_key_bytes=18446744073709551615
STO_TPCC_CAPACITY phase=run_complete table=oorder_7 retained_records=281595 consumed_record_ids=281595 retained_key_bytes=3379140 allocated_registry_bytes=19758576 max_retained_records=18446744073709551615 max_consumed_record_ids=18446744073709551615 max_retained_key_bytes=18446744073709551615
STO_TPCC_CAPACITY phase=run_complete table=oorder_8 retained_records=287679 consumed_record_ids=287679 retained_key_bytes=3452148 allocated_registry_bytes=20188992 max_retained_records=18446744073709551615 max_consumed_record_ids=18446744073709551615 max_retained_key_bytes=18446744073709551615
STO_TPCC_CAPACITY phase=run_complete table=oorder_9 retained_records=283126 consumed_record_ids=283126 retained_key_bytes=3397512 allocated_registry_bytes=19902048 max_retained_records=18446744073709551615 max_consumed_record_ids=18446744073709551615 max_retained_key_bytes=18446744073709551615
STO_TPCC_CAPACITY phase=run_complete table=oorder_10 retained_records=215834 consumed_record_ids=215834 retained_key_bytes=2590008 allocated_registry_bytes=15153136 max_retained_records=18446744073709551615 max_consumed_record_ids=18446744073709551615 max_retained_key_bytes=18446744073709551615
STO_TPCC_CAPACITY phase=run_complete table=oorder_11 retained_records=274914 consumed_record_ids=274914 retained_key_bytes=3298968 allocated_registry_bytes=19328160 max_retained_records=18446744073709551615 max_consumed_record_ids=18446744073709551615 max_retained_key_bytes=18446744073709551615
STO_TPCC_CAPACITY phase=run_complete table=oorder_12 retained_records=274915 consumed_record_ids=274915 retained_key_bytes=3298980 allocated_registry_bytes=19328160 max_retained_records=18446744073709551615 max_consumed_record_ids=18446744073709551615 max_retained_key_bytes=18446744073709551615
STO_TPCC_CAPACITY phase=run_complete table=oorder_13 retained_records=236837 consumed_record_ids=236837 retained_key_bytes=2842044 allocated_registry_bytes=16659592 max_retained_records=18446744073709551615 max_consumed_record_ids=18446744073709551615 max_retained_key_bytes=18446744073709551615
STO_TPCC_CAPACITY phase=run_complete table=oorder_14 retained_records=280418 consumed_record_ids=280418 retained_key_bytes=3365016 allocated_registry_bytes=19686840 max_retained_records=18446744073709551615 max_consumed_record_ids=18446744073709551615 max_retained_key_bytes=18446744073709551615
STO_TPCC_CAPACITY phase=run_complete table=oorder_15 retained_records=280364 consumed_record_ids=280364 retained_key_bytes=3364368 allocated_registry_bytes=19686840 max_retained_records=18446744073709551615 max_consumed_record_ids=18446744073709551615 max_retained_key_bytes=18446744073709551615
STO_TPCC_CAPACITY phase=run_complete table=oorder_c_id_idx_0 retained_records=284091 consumed_record_ids=284091 retained_key_bytes=4545456 allocated_registry_bytes=19973784 max_retained_records=18446744073709551615 max_consumed_record_ids=18446744073709551615 max_retained_key_bytes=18446744073709551615
STO_TPCC_CAPACITY phase=run_complete table=oorder_c_id_idx_1 retained_records=283041 consumed_record_ids=283041 retained_key_bytes=4528656 allocated_registry_bytes=19902048 max_retained_records=18446744073709551615 max_consumed_record_ids=18446744073709551615 max_retained_key_bytes=18446744073709551615
STO_TPCC_CAPACITY phase=run_complete table=oorder_c_id_idx_2 retained_records=274694 consumed_record_ids=274694 retained_key_bytes=4395104 allocated_registry_bytes=19328160 max_retained_records=18446744073709551615 max_consumed_record_ids=18446744073709551615 max_retained_key_bytes=18446744073709551615
STO_TPCC_CAPACITY phase=run_complete table=oorder_c_id_idx_3 retained_records=274941 consumed_record_ids=274941 retained_key_bytes=4399056 allocated_registry_bytes=19328160 max_retained_records=18446744073709551615 max_consumed_record_ids=18446744073709551615 max_retained_key_bytes=18446744073709551615
STO_TPCC_CAPACITY phase=run_complete table=oorder_c_id_idx_4 retained_records=248897 consumed_record_ids=248897 retained_key_bytes=3982352 allocated_registry_bytes=17520424 max_retained_records=18446744073709551615 max_consumed_record_ids=18446744073709551615 max_retained_key_bytes=18446744073709551615
STO_TPCC_CAPACITY phase=run_complete table=oorder_c_id_idx_5 retained_records=258524 consumed_record_ids=258524 retained_key_bytes=4136384 allocated_registry_bytes=18166048 max_retained_records=18446744073709551615 max_consumed_record_ids=18446744073709551615 max_retained_key_bytes=18446744073709551615
STO_TPCC_CAPACITY phase=run_complete table=oorder_c_id_idx_6 retained_records=275010 consumed_record_ids=275010 retained_key_bytes=4400160 allocated_registry_bytes=19328160 max_retained_records=18446744073709551615 max_consumed_record_ids=18446744073709551615 max_retained_key_bytes=18446744073709551615
STO_TPCC_CAPACITY phase=run_complete table=oorder_c_id_idx_7 retained_records=281595 consumed_record_ids=281595 retained_key_bytes=4505520 allocated_registry_bytes=19758576 max_retained_records=18446744073709551615 max_consumed_record_ids=18446744073709551615 max_retained_key_bytes=18446744073709551615
STO_TPCC_CAPACITY phase=run_complete table=oorder_c_id_idx_8 retained_records=287679 consumed_record_ids=287679 retained_key_bytes=4602864 allocated_registry_bytes=20188992 max_retained_records=18446744073709551615 max_consumed_record_ids=18446744073709551615 max_retained_key_bytes=18446744073709551615
STO_TPCC_CAPACITY phase=run_complete table=oorder_c_id_idx_9 retained_records=283126 consumed_record_ids=283126 retained_key_bytes=4530016 allocated_registry_bytes=19902048 max_retained_records=18446744073709551615 max_consumed_record_ids=18446744073709551615 max_retained_key_bytes=18446744073709551615
STO_TPCC_CAPACITY phase=run_complete table=oorder_c_id_idx_10 retained_records=215834 consumed_record_ids=215834 retained_key_bytes=3453344 allocated_registry_bytes=15153136 max_retained_records=18446744073709551615 max_consumed_record_ids=18446744073709551615 max_retained_key_bytes=18446744073709551615
STO_TPCC_CAPACITY phase=run_complete table=oorder_c_id_idx_11 retained_records=274914 consumed_record_ids=274914 retained_key_bytes=4398624 allocated_registry_bytes=19328160 max_retained_records=18446744073709551615 max_consumed_record_ids=18446744073709551615 max_retained_key_bytes=18446744073709551615
STO_TPCC_CAPACITY phase=run_complete table=oorder_c_id_idx_12 retained_records=274915 consumed_record_ids=274915 retained_key_bytes=4398640 allocated_registry_bytes=19328160 max_retained_records=18446744073709551615 max_consumed_record_ids=18446744073709551615 max_retained_key_bytes=18446744073709551615
STO_TPCC_CAPACITY phase=run_complete table=oorder_c_id_idx_13 retained_records=236837 consumed_record_ids=236837 retained_key_bytes=3789392 allocated_registry_bytes=16659592 max_retained_records=18446744073709551615 max_consumed_record_ids=18446744073709551615 max_retained_key_bytes=18446744073709551615
STO_TPCC_CAPACITY phase=run_complete table=oorder_c_id_idx_14 retained_records=280418 consumed_record_ids=280418 retained_key_bytes=4486688 allocated_registry_bytes=19686840 max_retained_records=18446744073709551615 max_consumed_record_ids=18446744073709551615 max_retained_key_bytes=18446744073709551615
STO_TPCC_CAPACITY phase=run_complete table=oorder_c_id_idx_15 retained_records=280364 consumed_record_ids=280364 retained_key_bytes=4485824 allocated_registry_bytes=19686840 max_retained_records=18446744073709551615 max_consumed_record_ids=18446744073709551615 max_retained_key_bytes=18446744073709551615
STO_TPCC_CAPACITY phase=run_complete table=order_line_0 retained_records=2840609 consumed_record_ids=2840609 retained_key_bytes=45449744 allocated_registry_bytes=199299280 max_retained_records=18446744073709551615 max_consumed_record_ids=18446744073709551615 max_retained_key_bytes=18446744073709551615
STO_TPCC_CAPACITY phase=run_complete table=order_line_1 retained_records=2828787 consumed_record_ids=2828787 retained_key_bytes=45260592 allocated_registry_bytes=198438448 max_retained_records=18446744073709551615 max_consumed_record_ids=18446744073709551615 max_retained_key_bytes=18446744073709551615
STO_TPCC_CAPACITY phase=run_complete table=order_line_2 retained_records=2744999 consumed_record_ids=2744999 retained_key_bytes=43919984 allocated_registry_bytes=192556096 max_retained_records=18446744073709551615 max_consumed_record_ids=18446744073709551615 max_retained_key_bytes=18446744073709551615
STO_TPCC_CAPACITY phase=run_complete table=order_line_3 retained_records=2750839 consumed_record_ids=2750839 retained_key_bytes=44013424 allocated_registry_bytes=192986512 max_retained_records=18446744073709551615 max_consumed_record_ids=18446744073709551615 max_retained_key_bytes=18446744073709551615
STO_TPCC_CAPACITY phase=run_complete table=order_line_4 retained_records=2489125 consumed_record_ids=2489125 retained_key_bytes=39826000 allocated_registry_bytes=174622096 max_retained_records=18446744073709551615 max_consumed_record_ids=18446744073709551615 max_retained_key_bytes=18446744073709551615
STO_TPCC_CAPACITY phase=run_complete table=order_line_5 retained_records=2585672 consumed_record_ids=2585672 retained_key_bytes=41370752 allocated_registry_bytes=181437016 max_retained_records=18446744073709551615 max_consumed_record_ids=18446744073709551615 max_retained_key_bytes=18446744073709551615
STO_TPCC_CAPACITY phase=run_complete table=order_line_6 retained_records=2748098 consumed_record_ids=2748098 retained_key_bytes=43969568 allocated_registry_bytes=192771304 max_retained_records=18446744073709551615 max_consumed_record_ids=18446744073709551615 max_retained_key_bytes=18446744073709551615
STO_TPCC_CAPACITY phase=run_complete table=order_line_7 retained_records=2816890 consumed_record_ids=2816890 retained_key_bytes=45070240 allocated_registry_bytes=197577616 max_retained_records=18446744073709551615 max_consumed_record_ids=18446744073709551615 max_retained_key_bytes=18446744073709551615
STO_TPCC_CAPACITY phase=run_complete table=order_line_8 retained_records=2870962 consumed_record_ids=2870962 retained_key_bytes=45935392 allocated_registry_bytes=201379624 max_retained_records=18446744073709551615 max_consumed_record_ids=18446744073709551615 max_retained_key_bytes=18446744073709551615
STO_TPCC_CAPACITY phase=run_complete table=order_line_9 retained_records=2833019 consumed_record_ids=2833019 retained_key_bytes=45328304 allocated_registry_bytes=198725392 max_retained_records=18446744073709551615 max_consumed_record_ids=18446744073709551615 max_retained_key_bytes=18446744073709551615
STO_TPCC_CAPACITY phase=run_complete table=order_line_10 retained_records=2159535 consumed_record_ids=2159535 retained_key_bytes=34552560 allocated_registry_bytes=151523104 max_retained_records=18446744073709551615 max_consumed_record_ids=18446744073709551615 max_retained_key_bytes=18446744073709551615
STO_TPCC_CAPACITY phase=run_complete table=order_line_11 retained_records=2749610 consumed_record_ids=2749610 retained_key_bytes=43993760 allocated_registry_bytes=192914776 max_retained_records=18446744073709551615 max_consumed_record_ids=18446744073709551615 max_retained_key_bytes=18446744073709551615
STO_TPCC_CAPACITY phase=run_complete table=order_line_12 retained_records=2750162 consumed_record_ids=2750162 retained_key_bytes=44002592 allocated_registry_bytes=192914776 max_retained_records=18446744073709551615 max_consumed_record_ids=18446744073709551615 max_retained_key_bytes=18446744073709551615
STO_TPCC_CAPACITY phase=run_complete table=order_line_13 retained_records=2368917 consumed_record_ids=2368917 retained_key_bytes=37902672 allocated_registry_bytes=166228984 max_retained_records=18446744073709551615 max_consumed_record_ids=18446744073709551615 max_retained_key_bytes=18446744073709551615
STO_TPCC_CAPACITY phase=run_complete table=order_line_14 retained_records=2800012 consumed_record_ids=2800012 retained_key_bytes=44800192 allocated_registry_bytes=196429840 max_retained_records=18446744073709551615 max_consumed_record_ids=18446744073709551615 max_retained_key_bytes=18446744073709551615
STO_TPCC_CAPACITY phase=run_complete table=order_line_15 retained_records=2801504 consumed_record_ids=2801504 retained_key_bytes=44824064 allocated_registry_bytes=196501576 max_retained_records=18446744073709551615 max_consumed_record_ids=18446744073709551615 max_retained_key_bytes=18446744073709551615
STO_TPCC_CAPACITY phase=run_complete table=stock_0 retained_records=100000 consumed_record_ids=100999 retained_key_bytes=800000 allocated_registry_bytes=7111536 max_retained_records=18446744073709551615 max_consumed_record_ids=18446744073709551615 max_retained_key_bytes=18446744073709551615
STO_TPCC_CAPACITY phase=run_complete table=stock_1 retained_records=100000 consumed_record_ids=100999 retained_key_bytes=800000 allocated_registry_bytes=7111536 max_retained_records=18446744073709551615 max_consumed_record_ids=18446744073709551615 max_retained_key_bytes=18446744073709551615
STO_TPCC_CAPACITY phase=run_complete table=stock_2 retained_records=100000 consumed_record_ids=100999 retained_key_bytes=800000 allocated_registry_bytes=7111536 max_retained_records=18446744073709551615 max_consumed_record_ids=18446744073709551615 max_retained_key_bytes=18446744073709551615
STO_TPCC_CAPACITY phase=run_complete table=stock_3 retained_records=100000 consumed_record_ids=100999 retained_key_bytes=800000 allocated_registry_bytes=7111536 max_retained_records=18446744073709551615 max_consumed_record_ids=18446744073709551615 max_retained_key_bytes=18446744073709551615
STO_TPCC_CAPACITY phase=run_complete table=stock_4 retained_records=100000 consumed_record_ids=100999 retained_key_bytes=800000 allocated_registry_bytes=7111536 max_retained_records=18446744073709551615 max_consumed_record_ids=18446744073709551615 max_retained_key_bytes=18446744073709551615
STO_TPCC_CAPACITY phase=run_complete table=stock_5 retained_records=100000 consumed_record_ids=100999 retained_key_bytes=800000 allocated_registry_bytes=7111536 max_retained_records=18446744073709551615 max_consumed_record_ids=18446744073709551615 max_retained_key_bytes=18446744073709551615
STO_TPCC_CAPACITY phase=run_complete table=stock_6 retained_records=100000 consumed_record_ids=100999 retained_key_bytes=800000 allocated_registry_bytes=7111536 max_retained_records=18446744073709551615 max_consumed_record_ids=18446744073709551615 max_retained_key_bytes=18446744073709551615
STO_TPCC_CAPACITY phase=run_complete table=stock_7 retained_records=100000 consumed_record_ids=100999 retained_key_bytes=800000 allocated_registry_bytes=7111536 max_retained_records=18446744073709551615 max_consumed_record_ids=18446744073709551615 max_retained_key_bytes=18446744073709551615
STO_TPCC_CAPACITY phase=run_complete table=stock_8 retained_records=100000 consumed_record_ids=100999 retained_key_bytes=800000 allocated_registry_bytes=7111536 max_retained_records=18446744073709551615 max_consumed_record_ids=18446744073709551615 max_retained_key_bytes=18446744073709551615
STO_TPCC_CAPACITY phase=run_complete table=stock_9 retained_records=100000 consumed_record_ids=100999 retained_key_bytes=800000 allocated_registry_bytes=7111536 max_retained_records=18446744073709551615 max_consumed_record_ids=18446744073709551615 max_retained_key_bytes=18446744073709551615
STO_TPCC_CAPACITY phase=run_complete table=stock_10 retained_records=100000 consumed_record_ids=100999 retained_key_bytes=800000 allocated_registry_bytes=7111536 max_retained_records=18446744073709551615 max_consumed_record_ids=18446744073709551615 max_retained_key_bytes=18446744073709551615
STO_TPCC_CAPACITY phase=run_complete table=stock_11 retained_records=100000 consumed_record_ids=100999 retained_key_bytes=800000 allocated_registry_bytes=7111536 max_retained_records=18446744073709551615 max_consumed_record_ids=18446744073709551615 max_retained_key_bytes=18446744073709551615
STO_TPCC_CAPACITY phase=run_complete table=stock_12 retained_records=100000 consumed_record_ids=100999 retained_key_bytes=800000 allocated_registry_bytes=7111536 max_retained_records=18446744073709551615 max_consumed_record_ids=18446744073709551615 max_retained_key_bytes=18446744073709551615
STO_TPCC_CAPACITY phase=run_complete table=stock_13 retained_records=100000 consumed_record_ids=100999 retained_key_bytes=800000 allocated_registry_bytes=7111536 max_retained_records=18446744073709551615 max_consumed_record_ids=18446744073709551615 max_retained_key_bytes=18446744073709551615
STO_TPCC_CAPACITY phase=run_complete table=stock_14 retained_records=100000 consumed_record_ids=100999 retained_key_bytes=800000 allocated_registry_bytes=7111536 max_retained_records=18446744073709551615 max_consumed_record_ids=18446744073709551615 max_retained_key_bytes=18446744073709551615
STO_TPCC_CAPACITY phase=run_complete table=stock_15 retained_records=100000 consumed_record_ids=100999 retained_key_bytes=800000 allocated_registry_bytes=7111536 max_retained_records=18446744073709551615 max_consumed_record_ids=18446744073709551615 max_retained_key_bytes=18446744073709551615
STO_TPCC_CAPACITY phase=run_complete table=stock_data_0 retained_records=100000 consumed_record_ids=100999 retained_key_bytes=800000 allocated_registry_bytes=7111536 max_retained_records=18446744073709551615 max_consumed_record_ids=18446744073709551615 max_retained_key_bytes=18446744073709551615
STO_TPCC_CAPACITY phase=run_complete table=stock_data_1 retained_records=100000 consumed_record_ids=100999 retained_key_bytes=800000 allocated_registry_bytes=7111536 max_retained_records=18446744073709551615 max_consumed_record_ids=18446744073709551615 max_retained_key_bytes=18446744073709551615
STO_TPCC_CAPACITY phase=run_complete table=stock_data_2 retained_records=100000 consumed_record_ids=100999 retained_key_bytes=800000 allocated_registry_bytes=7111536 max_retained_records=18446744073709551615 max_consumed_record_ids=18446744073709551615 max_retained_key_bytes=18446744073709551615
STO_TPCC_CAPACITY phase=run_complete table=stock_data_3 retained_records=100000 consumed_record_ids=100999 retained_key_bytes=800000 allocated_registry_bytes=7111536 max_retained_records=18446744073709551615 max_consumed_record_ids=18446744073709551615 max_retained_key_bytes=18446744073709551615
STO_TPCC_CAPACITY phase=run_complete table=stock_data_4 retained_records=100000 consumed_record_ids=100999 retained_key_bytes=800000 allocated_registry_bytes=7111536 max_retained_records=18446744073709551615 max_consumed_record_ids=18446744073709551615 max_retained_key_bytes=18446744073709551615
STO_TPCC_CAPACITY phase=run_complete table=stock_data_5 retained_records=100000 consumed_record_ids=100999 retained_key_bytes=800000 allocated_registry_bytes=7111536 max_retained_records=18446744073709551615 max_consumed_record_ids=18446744073709551615 max_retained_key_bytes=18446744073709551615
STO_TPCC_CAPACITY phase=run_complete table=stock_data_6 retained_records=100000 consumed_record_ids=100999 retained_key_bytes=800000 allocated_registry_bytes=7111536 max_retained_records=18446744073709551615 max_consumed_record_ids=18446744073709551615 max_retained_key_bytes=18446744073709551615
STO_TPCC_CAPACITY phase=run_complete table=stock_data_7 retained_records=100000 consumed_record_ids=100999 retained_key_bytes=800000 allocated_registry_bytes=7111536 max_retained_records=18446744073709551615 max_consumed_record_ids=18446744073709551615 max_retained_key_bytes=18446744073709551615
STO_TPCC_CAPACITY phase=run_complete table=stock_data_8 retained_records=100000 consumed_record_ids=100999 retained_key_bytes=800000 allocated_registry_bytes=7111536 max_retained_records=18446744073709551615 max_consumed_record_ids=18446744073709551615 max_retained_key_bytes=18446744073709551615
STO_TPCC_CAPACITY phase=run_complete table=stock_data_9 retained_records=100000 consumed_record_ids=100999 retained_key_bytes=800000 allocated_registry_bytes=7111536 max_retained_records=18446744073709551615 max_consumed_record_ids=18446744073709551615 max_retained_key_bytes=18446744073709551615
STO_TPCC_CAPACITY phase=run_complete table=stock_data_10 retained_records=100000 consumed_record_ids=100999 retained_key_bytes=800000 allocated_registry_bytes=7111536 max_retained_records=18446744073709551615 max_consumed_record_ids=18446744073709551615 max_retained_key_bytes=18446744073709551615
STO_TPCC_CAPACITY phase=run_complete table=stock_data_11 retained_records=100000 consumed_record_ids=100999 retained_key_bytes=800000 allocated_registry_bytes=7111536 max_retained_records=18446744073709551615 max_consumed_record_ids=18446744073709551615 max_retained_key_bytes=18446744073709551615
STO_TPCC_CAPACITY phase=run_complete table=stock_data_12 retained_records=100000 consumed_record_ids=100999 retained_key_bytes=800000 allocated_registry_bytes=7111536 max_retained_records=18446744073709551615 max_consumed_record_ids=18446744073709551615 max_retained_key_bytes=18446744073709551615
STO_TPCC_CAPACITY phase=run_complete table=stock_data_13 retained_records=100000 consumed_record_ids=100999 retained_key_bytes=800000 allocated_registry_bytes=7111536 max_retained_records=18446744073709551615 max_consumed_record_ids=18446744073709551615 max_retained_key_bytes=18446744073709551615
STO_TPCC_CAPACITY phase=run_complete table=stock_data_14 retained_records=100000 consumed_record_ids=100999 retained_key_bytes=800000 allocated_registry_bytes=7111536 max_retained_records=18446744073709551615 max_consumed_record_ids=18446744073709551615 max_retained_key_bytes=18446744073709551615
STO_TPCC_CAPACITY phase=run_complete table=stock_data_15 retained_records=100000 consumed_record_ids=100999 retained_key_bytes=800000 allocated_registry_bytes=7111536 max_retained_records=18446744073709551615 max_consumed_record_ids=18446744073709551615 max_retained_key_bytes=18446744073709551615
STO_TPCC_CAPACITY phase=run_complete table=warehouse_0 retained_records=1 consumed_record_ids=1 retained_key_bytes=4 allocated_registry_bytes=205424 max_retained_records=18446744073709551615 max_consumed_record_ids=18446744073709551615 max_retained_key_bytes=18446744073709551615
STO_TPCC_CAPACITY phase=run_complete table=warehouse_1 retained_records=1 consumed_record_ids=1 retained_key_bytes=4 allocated_registry_bytes=205424 max_retained_records=18446744073709551615 max_consumed_record_ids=18446744073709551615 max_retained_key_bytes=18446744073709551615
STO_TPCC_CAPACITY phase=run_complete table=warehouse_2 retained_records=1 consumed_record_ids=1 retained_key_bytes=4 allocated_registry_bytes=205424 max_retained_records=18446744073709551615 max_consumed_record_ids=18446744073709551615 max_retained_key_bytes=18446744073709551615
STO_TPCC_CAPACITY phase=run_complete table=warehouse_3 retained_records=1 consumed_record_ids=1 retained_key_bytes=4 allocated_registry_bytes=205424 max_retained_records=18446744073709551615 max_consumed_record_ids=18446744073709551615 max_retained_key_bytes=18446744073709551615
STO_TPCC_CAPACITY phase=run_complete table=warehouse_4 retained_records=1 consumed_record_ids=1 retained_key_bytes=4 allocated_registry_bytes=205424 max_retained_records=18446744073709551615 max_consumed_record_ids=18446744073709551615 max_retained_key_bytes=18446744073709551615
STO_TPCC_CAPACITY phase=run_complete table=warehouse_5 retained_records=1 consumed_record_ids=1 retained_key_bytes=4 allocated_registry_bytes=205424 max_retained_records=18446744073709551615 max_consumed_record_ids=18446744073709551615 max_retained_key_bytes=18446744073709551615
STO_TPCC_CAPACITY phase=run_complete table=warehouse_6 retained_records=1 consumed_record_ids=1 retained_key_bytes=4 allocated_registry_bytes=205424 max_retained_records=18446744073709551615 max_consumed_record_ids=18446744073709551615 max_retained_key_bytes=18446744073709551615
STO_TPCC_CAPACITY phase=run_complete table=warehouse_7 retained_records=1 consumed_record_ids=1 retained_key_bytes=4 allocated_registry_bytes=205424 max_retained_records=18446744073709551615 max_consumed_record_ids=18446744073709551615 max_retained_key_bytes=18446744073709551615
STO_TPCC_CAPACITY phase=run_complete table=warehouse_8 retained_records=1 consumed_record_ids=1 retained_key_bytes=4 allocated_registry_bytes=205424 max_retained_records=18446744073709551615 max_consumed_record_ids=18446744073709551615 max_retained_key_bytes=18446744073709551615
STO_TPCC_CAPACITY phase=run_complete table=warehouse_9 retained_records=1 consumed_record_ids=1 retained_key_bytes=4 allocated_registry_bytes=205424 max_retained_records=18446744073709551615 max_consumed_record_ids=18446744073709551615 max_retained_key_bytes=18446744073709551615
STO_TPCC_CAPACITY phase=run_complete table=warehouse_10 retained_records=1 consumed_record_ids=1 retained_key_bytes=4 allocated_registry_bytes=205424 max_retained_records=18446744073709551615 max_consumed_record_ids=18446744073709551615 max_retained_key_bytes=18446744073709551615
STO_TPCC_CAPACITY phase=run_complete table=warehouse_11 retained_records=1 consumed_record_ids=1 retained_key_bytes=4 allocated_registry_bytes=205424 max_retained_records=18446744073709551615 max_consumed_record_ids=18446744073709551615 max_retained_key_bytes=18446744073709551615
STO_TPCC_CAPACITY phase=run_complete table=warehouse_12 retained_records=1 consumed_record_ids=1 retained_key_bytes=4 allocated_registry_bytes=205424 max_retained_records=18446744073709551615 max_consumed_record_ids=18446744073709551615 max_retained_key_bytes=18446744073709551615
STO_TPCC_CAPACITY phase=run_complete table=warehouse_13 retained_records=1 consumed_record_ids=1 retained_key_bytes=4 allocated_registry_bytes=205424 max_retained_records=18446744073709551615 max_consumed_record_ids=18446744073709551615 max_retained_key_bytes=18446744073709551615
STO_TPCC_CAPACITY phase=run_complete table=warehouse_14 retained_records=1 consumed_record_ids=1 retained_key_bytes=4 allocated_registry_bytes=205424 max_retained_records=18446744073709551615 max_consumed_record_ids=18446744073709551615 max_retained_key_bytes=18446744073709551615
STO_TPCC_CAPACITY phase=run_complete table=warehouse_15 retained_records=1 consumed_record_ids=1 retained_key_bytes=4 allocated_registry_bytes=205424 max_retained_records=18446744073709551615 max_consumed_record_ids=18446744073709551615 max_retained_key_bytes=18446744073709551615
STO_TPCC_CAPACITY phase=run_complete table=item retained_records=100000 consumed_record_ids=100000 retained_key_bytes=400000 allocated_registry_bytes=7039800 max_retained_records=18446744073709551615 max_consumed_record_ids=18446744073709551615 max_retained_key_bytes=18446744073709551615
--- benchmark statistics ---
runtime: 10.1392 sec
memory delta: 5211.45 MB
n_commits: 8521616
latency_numer_us: 156625696
latency_numer_us_remote: 0
memory delta rate: 513.988 MB/sec
logical memory delta: 540.357 MB
logical memory delta rate: 53.2936 MB/sec
agg_nosync_throughput: 840475 ops/sec
avg_nosync_per_core_throughput: 52529.7 ops/sec/core
agg_throughput: 840458 ops/sec
avg_per_core_throughput: 52528.6 ops/sec/core
agg_persist_throughput: 840458 ops/sec
avg_per_core_persist_throughput: 52528.6 ops/sec/core
avg_latency: 0.0183798 ms
avg_persist_latency: 0 ms
agg_abort_rate: 81.5642 aborts/sec
avg_per_core_abort_rate: 5.09776 aborts/sec/core
  NewOrder_local_commit_latency: 0.0219786 ms
  NewOrder_local_abort_latency: 0.125862 ms
  NewOrder_local_abort_ratio: 0.000141594
  Payment_local_commit_latency: 0.0075014 ms
  Payment_local_abort_latency: 0.0471886 ms
  Payment_local_abort_ratio: 5.4565e-06
  Delivery_local_commit_latency: 0.0816814 ms
  Delivery_local_abort_latency: 0 ms
  Delivery_local_abort_ratio: 0
  OrderStatus_local_commit_latency: 0.0101908 ms
  OrderStatus_local_abort_latency: 0.0334647 ms
  OrderStatus_local_abort_ratio: 8.83408e-06
  StockLevel_local_commit_latency: 0.0520409 ms
  StockLevel_local_abort_latency: 0.0867415 ms
  StockLevel_local_abort_ratio: 0.000764649
  NewOrder_remote_ratio: 0 %
  NewOrder_remote_abort_ratio: 0 %
  NewOrder_remote_commit_latency: 0 ms
  NewOrder_remote_abort_latency: 0 ms
  Payment_remote_ratio: 0 %
  Payment_remote_abort_ratio: 0 %
  Payment_remote_commit_latency: 0 ms
  Payment_remote_abort_latency: 0 ms
--- system counters (for benchmark) ---
--- perf counters (if enabled, for benchmark) ---
--- allocator stats ---
[SiloRuntime 0] ncpus=16
[SiloRuntime 0] cpu=0 fully_faulted?=0 remaining=144703488 bytes
[SiloRuntime 0] cpu=1 fully_faulted?=0 remaining=144703488 bytes
[SiloRuntime 0] cpu=2 fully_faulted?=0 remaining=148897792 bytes
[SiloRuntime 0] cpu=3 fully_faulted?=0 remaining=148897792 bytes
[SiloRuntime 0] cpu=4 fully_faulted?=0 remaining=159383552 bytes
[SiloRuntime 0] cpu=5 fully_faulted?=0 remaining=155189248 bytes
[SiloRuntime 0] cpu=6 fully_faulted?=0 remaining=148897792 bytes
[SiloRuntime 0] cpu=7 fully_faulted?=0 remaining=146800640 bytes
[SiloRuntime 0] cpu=8 fully_faulted?=0 remaining=144703488 bytes
[SiloRuntime 0] cpu=9 fully_faulted?=0 remaining=146800640 bytes
[SiloRuntime 0] cpu=10 fully_faulted?=0 remaining=169869312 bytes
[SiloRuntime 0] cpu=11 fully_faulted?=0 remaining=148897792 bytes
[SiloRuntime 0] cpu=12 fully_faulted?=0 remaining=148897792 bytes
[SiloRuntime 0] cpu=13 fully_faulted?=0 remaining=163577856 bytes
[SiloRuntime 0] cpu=14 fully_faulted?=0 remaining=148897792 bytes
[SiloRuntime 0] cpu=15 fully_faulted?=0 remaining=130023424 bytes
---------------------------------------
--- system counters for n_commits ---
[STOP_SERVER] Stopping 0 server transports
[STOP_SERVER] All server transports stopped
