20260909-09:18.46-893726(us) 2438190 * ParseNewFormat  (configuration.cc:102): Using new configuration format
20260909-09:18.46-893885(us) 2438190 * ParseNewFormat  (configuration.cc:162): Loaded 1 sites in 1 shards
20260909-09:18.46-893921(us) 2438190 * handle_new_config_format (dbtest.cc:368):    Site local_s0: shard=0, replica_idx=0, is_leader=1, cluster=localhost
SiloRuntime[0]::InitializeAllocator()
  hugepgsize: 2097152
  mmap() region [0x76f357000000, 0x76f457200000)
  runtime0 cpu0 owns [0x76f357000000, 0x76f367000000)
  runtime0 cpu1 owns [0x76f367000000, 0x76f377000000)
  runtime0 cpu2 owns [0x76f377000000, 0x76f387000000)
  runtime0 cpu3 owns [0x76f387000000, 0x76f397000000)
  runtime0 cpu4 owns [0x76f397000000, 0x76f3a7000000)
  runtime0 cpu5 owns [0x76f3a7000000, 0x76f3b7000000)
  runtime0 cpu6 owns [0x76f3b7000000, 0x76f3c7000000)
  runtime0 cpu7 owns [0x76f3c7000000, 0x76f3d7000000)
  runtime0 cpu8 owns [0x76f3d7000000, 0x76f3e7000000)
  runtime0 cpu9 owns [0x76f3e7000000, 0x76f3f7000000)
  runtime0 cpu10 owns [0x76f3f7000000, 0x76f407000000)
  runtime0 cpu11 owns [0x76f407000000, 0x76f417000000)
  runtime0 cpu12 owns [0x76f417000000, 0x76f427000000)
  runtime0 cpu13 owns [0x76f427000000, 0x76f437000000)
  runtime0 cpu14 owns [0x76f437000000, 0x76f447000000)
  runtime0 cpu15 owns [0x76f447000000, 0x76f457000000)
Database Benchmark:
  pid: 2438190
settings:
  num-cpus    : 128
  num-threads : 16
  shardIndex  : 0
  paxos_proc_name  : localhost
  nshards     : 1
  is_micro    : 0
  is_replicated : 0
  storage_engine : rust
  var-encode  : yes
  allocator   : jemalloc
system properties:
  tuple_prefetch          : no
  btree_node_prefetch     : yes
tpcc settings:
  cross_partition_transactions : 1
  read_only_snapshots          : 1
  partition_locks              : 0
  separate_tree_per_partition  : 1
  new_order_remote_item_pct    : 1
  new_order_fast_id_gen        : 1
  uniform_item_dist            : 0
  order_status_scan_hack       : 0
  workload_mix                 : [45, 43, 4, 4, 4]
20260909-09:18.46-951188(us) 2438190 * ParseNewFormat  (configuration.cc:102): Using new configuration format
20260909-09:18.46-951276(us) 2438190 * ParseNewFormat  (configuration.cc:162): Loaded 1 sites in 1 shards
20260909-09:18.46-951667(us) 2438190 * Initialize      (srpc_rpc_backend.cc:66): SrpcRpcBackend::Initialize: poll_thread_worker_ created, is_some=1
20260909-09:18.46-951850(us) 2438190 * ParseNewFormat  (configuration.cc:102): Using new configuration format
20260909-09:18.46-951918(us) 2438190 * Initialize      (srpc_rpc_backend.cc:97): SrpcRpcBackend initialized on 127.0.0.1:31021 (listening on 0.0.0.0:31021)
20260909-09:18.46-951942(us) 2438190 * FastTransport   (fasttransport.cc:147): FastTransport initialized with srpc/rpc backend on 127.0.0.1:31021
20260909-09:18.46-951964(us) 2438190 * RunEventLoop    (srpc_rpc_backend.cc:516): SrpcRpcBackend::RunEventLoop: Starting event loop
20260909-09:18.46-951996(us) 2438190 * ParseNewFormat  (configuration.cc:162): Loaded 1 sites in 1 shards
20260909-09:18.46-952343(us) 2438190 * Initialize      (srpc_rpc_backend.cc:66): SrpcRpcBackend::Initialize: poll_thread_worker_ created, is_some=1
20260909-09:18.46-952464(us) 2438190 * Initialize      (srpc_rpc_backend.cc:97): SrpcRpcBackend initialized on 127.0.0.1:31022 (listening on 0.0.0.0:31022)
20260909-09:18.46-952486(us) 2438190 * FastTransport   (fasttransport.cc:147): FastTransport initialized with srpc/rpc backend on 127.0.0.1:31022
20260909-09:18.46-952506(us) 2438190 * RunEventLoop    (srpc_rpc_backend.cc:516): SrpcRpcBackend::RunEventLoop: Starting event loop
20260909-09:18.46-954848(us) 2438190 ! run             (bench.cc:519):     # of loaders size:6
20260909-09:18.46-956174(us) 2438190 * benchmark_thread_init (mbta_wrapper.hh:1811): thread_init: thread_id=0, shard_index=0, getShardIndex=0, loader=1
20260909-09:18.46-956227(us) 2438190 * benchmark_thread_init (mbta_wrapper.hh:1811): thread_init: thread_id=1, shard_index=0, getShardIndex=0, loader=1
20260909-09:18.46-956419(us) 2438190 * benchmark_thread_init (mbta_wrapper.hh:1811): thread_init: thread_id=2, shard_index=0, getShardIndex=0, loader=1
20260909-09:18.46-956618(us) 2438190 * benchmark_thread_init (mbta_wrapper.hh:1811): thread_init: thread_id=3, shard_index=0, getShardIndex=0, loader=1
20260909-09:18.46-956946(us) 2438190 * benchmark_thread_init (mbta_wrapper.hh:1811): thread_init: thread_id=4, shard_index=0, getShardIndex=0, loader=1
PinToWarehouseId(): coreid=3 pinned to whse=1 (partid=0)
20260909-09:18.46-956975(us) 2438190 * benchmark_thread_init (mbta_wrapper.hh:1811): thread_init: thread_id=5, shard_index=0, getShardIndex=0, loader=1
PinToWarehouseId(): coreid=4 pinned to whse=1 (partid=0)
PinToWarehouseId(): coreid=6 pinned to whse=1 (partid=0)
num batches: 30
PinToWarehouseId(): coreid=5 pinned to whse=1 (partid=0)
PinToWarehouseId(): coreid=4 pinned to whse=2 (partid=1)
PinToWarehouseId(): coreid=4 pinned to whse=3 (partid=2)
PinToWarehouseId(): coreid=4 pinned to whse=4 (partid=3)
PinToWarehouseId(): coreid=4 pinned to whse=5 (partid=4)
PinToWarehouseId(): coreid=4 pinned to whse=6 (partid=5)
PinToWarehouseId(): coreid=4 pinned to whse=7 (partid=6)
PinToWarehouseId(): coreid=4 pinned to whse=8 (partid=7)
PinToWarehouseId(): coreid=4 pinned to whse=9 (partid=8)
PinToWarehouseId(): coreid=4 pinned to whse=10 (partid=9)
PinToWarehouseId(): coreid=4 pinned to whse=11 (partid=10)
PinToWarehouseId(): coreid=4 pinned to whse=12 (partid=11)
PinToWarehouseId(): coreid=4 pinned to whse=13 (partid=12)
[INFO] finished loading warehouse
[INFO]   * average warehouse record length: 97 bytes
PinToWarehouseId(): coreid=4 pinned to whse=14 (partid=13)
PinToWarehouseId(): coreid=4 pinned to whse=15 (partid=14)
PinToWarehouseId(): coreid=4 pinned to whse=16 (partid=15)
[INFO] finished loading district
[INFO]   * average district record length: 99 bytes
PinToWarehouseId(): coreid=6 pinned to whse=2 (partid=1)
[INFO] finished loading item
[INFO]   * average item record length: 84.1739 bytes
PinToWarehouseId(): coreid=5 pinned to whse=2 (partid=1)
PinToWarehouseId(): coreid=6 pinned to whse=3 (partid=2)
PinToWarehouseId(): coreid=6 pinned to whse=4 (partid=3)
PinToWarehouseId(): coreid=5 pinned to whse=3 (partid=2)
PinToWarehouseId(): coreid=6 pinned to whse=5 (partid=4)
PinToWarehouseId(): coreid=5 pinned to whse=4 (partid=3)
PinToWarehouseId(): coreid=3 pinned to whse=2 (partid=1)
PinToWarehouseId(): coreid=6 pinned to whse=6 (partid=5)
PinToWarehouseId(): coreid=5 pinned to whse=5 (partid=4)
PinToWarehouseId(): coreid=6 pinned to whse=7 (partid=6)
PinToWarehouseId(): coreid=6 pinned to whse=8 (partid=7)
PinToWarehouseId(): coreid=5 pinned to whse=6 (partid=5)
PinToWarehouseId(): coreid=6 pinned to whse=9 (partid=8)
PinToWarehouseId(): coreid=5 pinned to whse=7 (partid=6)
PinToWarehouseId(): coreid=6 pinned to whse=10 (partid=9)
PinToWarehouseId(): coreid=3 pinned to whse=3 (partid=2)
PinToWarehouseId(): coreid=6 pinned to whse=11 (partid=10)
PinToWarehouseId(): coreid=5 pinned to whse=8 (partid=7)
PinToWarehouseId(): coreid=6 pinned to whse=12 (partid=11)
PinToWarehouseId(): coreid=5 pinned to whse=9 (partid=8)
PinToWarehouseId(): coreid=6 pinned to whse=13 (partid=12)
PinToWarehouseId(): coreid=6 pinned to whse=14 (partid=13)
PinToWarehouseId(): coreid=5 pinned to whse=10 (partid=9)
PinToWarehouseId(): coreid=6 pinned to whse=15 (partid=14)
PinToWarehouseId(): coreid=3 pinned to whse=4 (partid=3)
PinToWarehouseId(): coreid=5 pinned to whse=11 (partid=10)
PinToWarehouseId(): coreid=6 pinned to whse=16 (partid=15)
[INFO] finished loading order
[INFO]   * average order_line record length: 11.2927 bytes
[INFO]   * average oorder record length: 7.9446 bytes
[INFO]   * average new_order record length: 12 bytes
PinToWarehouseId(): coreid=5 pinned to whse=12 (partid=11)
PinToWarehouseId(): coreid=5 pinned to whse=13 (partid=12)
PinToWarehouseId(): coreid=5 pinned to whse=14 (partid=13)
PinToWarehouseId(): coreid=3 pinned to whse=5 (partid=4)
PinToWarehouseId(): coreid=5 pinned to whse=15 (partid=14)
PinToWarehouseId(): coreid=5 pinned to whse=16 (partid=15)
[INFO] finished loading customer
[INFO]   * average customer record length: 153.983 bytes 
PinToWarehouseId(): coreid=3 pinned to whse=6 (partid=5)
PinToWarehouseId(): coreid=3 pinned to whse=7 (partid=6)
PinToWarehouseId(): coreid=3 pinned to whse=8 (partid=7)
PinToWarehouseId(): coreid=3 pinned to whse=9 (partid=8)
PinToWarehouseId(): coreid=3 pinned to whse=10 (partid=9)
PinToWarehouseId(): coreid=3 pinned to whse=11 (partid=10)
PinToWarehouseId(): coreid=3 pinned to whse=12 (partid=11)
PinToWarehouseId(): coreid=3 pinned to whse=13 (partid=12)
PinToWarehouseId(): coreid=3 pinned to whse=14 (partid=13)
PinToWarehouseId(): coreid=3 pinned to whse=15 (partid=14)
PinToWarehouseId(): coreid=3 pinned to whse=16 (partid=15)
[INFO] finished loading stock
[INFO]   * average stock record length: 8 bytes
timed region dataloading took 22060.1 ms
DB size: 2446.4 MB
[0, 0, 0] txns persisted in loading phase
20260909-09:19.09-14991(us) 2438190 ! run             (bench.cc:578):     # of nthreads:16
starting benchmark...
tpcc: worker id 128 => warehouses [1, 2)
tpcc: worker id 129 => warehouses [2, 3)
tpcc: worker id 130 => warehouses [3, 4)
tpcc: worker id 131 => warehouses [4, 5)
tpcc: worker id 132 => warehouses [5, 6)
tpcc: worker id 133 => warehouses [6, 7)
tpcc: worker id 134 => warehouses [7, 8)
tpcc: worker id 135 => warehouses [8, 9)
tpcc: worker id 136 => warehouses [9, 10)
tpcc: worker id 137 => warehouses [10, 11)
tpcc: worker id 138 => warehouses [11, 12)
tpcc: worker id 139 => warehouses [12, 13)
tpcc: worker id 140 => warehouses [13, 14)
tpcc: worker id 141 => warehouses [14, 15)
tpcc: worker id 142 => warehouses [15, 16)
tpcc: worker id 143 => warehouses [16, 17)
20260909-09:19.09-25030(us) 2438190 * benchmark_thread_init (mbta_wrapper.hh:1811): thread_init: thread_id=6, shard_index=0, getShardIndex=0, loader=0
20260909-09:19.09-25202(us) 2438190 * benchmark_thread_init (mbta_wrapper.hh:1811): thread_init: thread_id=7, shard_index=0, getShardIndex=0, loader=0
20260909-09:19.09-25266(us) 2438190 * benchmark_thread_init (mbta_wrapper.hh:1811): thread_init: thread_id=8, shard_index=0, getShardIndex=0, loader=0
20260909-09:19.09-25374(us) 2438190 * benchmark_thread_init (mbta_wrapper.hh:1811): thread_init: thread_id=9, shard_index=0, getShardIndex=0, loader=0
20260909-09:19.09-25523(us) 2438190 * benchmark_thread_init (mbta_wrapper.hh:1811): thread_init: thread_id=10, shard_index=0, getShardIndex=0, loader=0
20260909-09:19.09-26024(us) 2438190 * benchmark_thread_init (mbta_wrapper.hh:1811): thread_init: thread_id=11, shard_index=0, getShardIndex=0, loader=0
20260909-09:19.09-26367(us) 2438190 * ParseNewFormat  (configuration.cc:102): Using new configuration format
20260909-09:19.09-26418(us) 2438190 * ParseNewFormat  (configuration.cc:102): Using new configuration format
20260909-09:19.09-26451(us) 2438190 * ParseNewFormat  (configuration.cc:102): Using new configuration format
20260909-09:19.09-26512(us) 2438190 * benchmark_thread_init (mbta_wrapper.hh:1811): thread_init: thread_id=12, shard_index=0, getShardIndex=0, loader=0
20260909-09:19.09-26577(us) 2438190 * ParseNewFormat  (configuration.cc:162): Loaded 1 sites in 1 shards
20260909-09:19.09-26607(us) 2438190 * benchmark_thread_init (mbta_wrapper.hh:1811): thread_init: thread_id=13, shard_index=0, getShardIndex=0, loader=0
20260909-09:19.09-26692(us) 2438190 * ParseNewFormat  (configuration.cc:162): Loaded 1 sites in 1 shards
20260909-09:19.09-26769(us) 2438190 * ParseNewFormat  (configuration.cc:162): Loaded 1 sites in 1 shards
20260909-09:19.09-26861(us) 2438190 * ParseNewFormat  (configuration.cc:102): Using new configuration format
20260909-09:19.09-26962(us) 2438190 * benchmark_thread_init (mbta_wrapper.hh:1811): thread_init: thread_id=14, shard_index=0, getShardIndex=0, loader=0
20260909-09:19.09-27035(us) 2438190 * ParseNewFormat  (configuration.cc:162): Loaded 1 sites in 1 shards
20260909-09:19.09-27086(us) 2438190 * ParseNewFormat  (configuration.cc:102): Using new configuration format
20260909-09:19.09-27140(us) 2438190 * benchmark_thread_init (mbta_wrapper.hh:1811): thread_init: thread_id=15, shard_index=0, getShardIndex=0, loader=0
20260909-09:19.09-27187(us) 2438190 * ParseNewFormat  (configuration.cc:162): Loaded 1 sites in 1 shards
20260909-09:19.09-27436(us) 2438190 * ParseNewFormat  (configuration.cc:102): Using new configuration format
20260909-09:19.09-27482(us) 2438190 * ParseNewFormat  (configuration.cc:162): Loaded 1 sites in 1 shards
20260909-09:19.09-27506(us) 2438190 * ParseNewFormat  (configuration.cc:102): Using new configuration format
20260909-09:19.09-27529(us) 2438190 * ParseNewFormat  (configuration.cc:102): Using new configuration format
20260909-09:19.09-27576(us) 2438190 * ParseNewFormat  (configuration.cc:162): Loaded 1 sites in 1 shards
20260909-09:19.09-27608(us) 2438190 * ParseNewFormat  (configuration.cc:102): Using new configuration format
20260909-09:19.09-27656(us) 2438190 * benchmark_thread_init (mbta_wrapper.hh:1811): thread_init: thread_id=16, shard_index=0, getShardIndex=0, loader=0
20260909-09:19.09-27763(us) 2438190 * ParseNewFormat  (configuration.cc:102): Using new configuration format
20260909-09:19.09-27816(us) 2438190 * ParseNewFormat  (configuration.cc:162): Loaded 1 sites in 1 shards
20260909-09:19.09-27855(us) 2438190 * Initialize      (srpc_rpc_backend.cc:66): SrpcRpcBackend::Initialize: poll_thread_worker_ created, is_some=1
20260909-09:19.09-27936(us) 2438190 * benchmark_thread_init (mbta_wrapper.hh:1811): thread_init: thread_id=17, shard_index=0, getShardIndex=0, loader=0
20260909-09:19.09-28003(us) 2438190 * ParseNewFormat  (configuration.cc:102): Using new configuration format
20260909-09:19.09-28075(us) 2438190 * ParseNewFormat  (configuration.cc:162): Loaded 1 sites in 1 shards
20260909-09:19.09-28169(us) 2438190 * ParseNewFormat  (configuration.cc:102): Using new configuration format
20260909-09:19.09-28252(us) 2438190 * ParseNewFormat  (configuration.cc:162): Loaded 1 sites in 1 shards
20260909-09:19.09-28288(us) 2438190 * ParseNewFormat  (configuration.cc:102): Using new configuration format
20260909-09:19.09-28349(us) 2438190 * ParseNewFormat  (configuration.cc:162): Loaded 1 sites in 1 shards
20260909-09:19.09-28399(us) 2438190 * benchmark_thread_init (mbta_wrapper.hh:1811): thread_init: thread_id=19, shard_index=0, getShardIndex=0, loader=0
20260909-09:19.09-28434(us) 2438190 * Initialize      (srpc_rpc_backend.cc:66): SrpcRpcBackend::Initialize: poll_thread_worker_ created, is_some=1
20260909-09:19.09-28489(us) 2438190 * benchmark_thread_init (mbta_wrapper.hh:1811): thread_init: thread_id=18, shard_index=0, getShardIndex=0, loader=0
20260909-09:19.09-28551(us) 2438190 * Initialize      (srpc_rpc_backend.cc:66): SrpcRpcBackend::Initialize: poll_thread_worker_ created, is_some=1
20260909-09:19.09-28584(us) 2438190 * ParseNewFormat  (configuration.cc:162): Loaded 1 sites in 1 shards
20260909-09:19.09-28636(us) 2438190 * ParseNewFormat  (configuration.cc:102): Using new configuration format
20260909-09:19.09-28685(us) 2438190 * ParseNewFormat  (configuration.cc:162): Loaded 1 sites in 1 shards
20260909-09:19.09-28733(us) 2438190 * ParseNewFormat  (configuration.cc:102): Using new configuration format
20260909-09:19.09-28757(us) 2438190 * ParseNewFormat  (configuration.cc:102): Using new configuration format
20260909-09:19.09-28815(us) 2438190 * ParseNewFormat  (configuration.cc:162): Loaded 1 sites in 1 shards
20260909-09:19.09-28868(us) 2438190 * Initialize      (srpc_rpc_backend.cc:97): SrpcRpcBackend initialized on 127.0.0.1:31001 (listening on 0.0.0.0:31001)
20260909-09:19.09-28905(us) 2438190 * FastTransport   (fasttransport.cc:147): FastTransport initialized with srpc/rpc backend on 127.0.0.1:31001
20260909-09:19.09-28936(us) 2438190 * benchmark_thread_init (mbta_wrapper.hh:1811): thread_init: thread_id=20, shard_index=0, getShardIndex=0, loader=0
20260909-09:19.09-29018(us) 2438190 * Initialize      (srpc_rpc_backend.cc:97): SrpcRpcBackend initialized on 127.0.0.1:31003 (listening on 0.0.0.0:31003)
20260909-09:19.09-29047(us) 2438190 * FastTransport   (fasttransport.cc:147): FastTransport initialized with srpc/rpc backend on 127.0.0.1:31003
20260909-09:19.09-29084(us) 2438190 * Initialize      (srpc_rpc_backend.cc:66): SrpcRpcBackend::Initialize: poll_thread_worker_ created, is_some=1
20260909-09:19.09-29118(us) 2438190 * Initialize      (srpc_rpc_backend.cc:97): SrpcRpcBackend initialized on 127.0.0.1:31002 (listening on 0.0.0.0:31002)
20260909-09:19.09-29151(us) 2438190 * Initialize      (srpc_rpc_backend.cc:97): SrpcRpcBackend initialized on 127.0.0.1:31009 (listening on 0.0.0.0:31009)
20260909-09:19.09-29172(us) 2438190 * FastTransport   (fasttransport.cc:147): FastTransport initialized with srpc/rpc backend on 127.0.0.1:31009
20260909-09:19.09-29209(us) 2438190 * ParseNewFormat  (configuration.cc:102): Using new configuration format
20260909-09:19.09-29288(us) 2438190 * ParseNewFormat  (configuration.cc:162): Loaded 1 sites in 1 shards
20260909-09:19.09-29319(us) 2438190 * ParseNewFormat  (configuration.cc:102): Using new configuration format
20260909-09:19.09-29371(us) 2438190 * ParseNewFormat  (configuration.cc:102): Using new configuration format
20260909-09:19.09-29412(us) 2438190 * ParseNewFormat  (configuration.cc:102): Using new configuration format
20260909-09:19.09-29446(us) 2438190 * FastTransport   (fasttransport.cc:147): FastTransport initialized with srpc/rpc backend on 127.0.0.1:31002
20260909-09:19.09-29480(us) 2438190 * benchmark_thread_init (mbta_wrapper.hh:1811): thread_init: thread_id=21, shard_index=0, getShardIndex=0, loader=0
20260909-09:19.09-29570(us) 2438190 * ParseNewFormat  (configuration.cc:102): Using new configuration format
20260909-09:19.09-29609(us) 2438190 * Initialize      (srpc_rpc_backend.cc:66): SrpcRpcBackend::Initialize: poll_thread_worker_ created, is_some=1
20260909-09:19.09-29665(us) 2438190 * ParseNewFormat  (configuration.cc:102): Using new configuration format
20260909-09:19.09-29714(us) 2438190 * ParseNewFormat  (configuration.cc:162): Loaded 1 sites in 1 shards
20260909-09:19.09-29745(us) 2438190 * Initialize      (srpc_rpc_backend.cc:66): SrpcRpcBackend::Initialize: poll_thread_worker_ created, is_some=1
20260909-09:19.09-29812(us) 2438190 * ParseNewFormat  (configuration.cc:102): Using new configuration format
20260909-09:19.09-29875(us) 2438190 * Initialize      (srpc_rpc_backend.cc:97): SrpcRpcBackend initialized on 127.0.0.1:31000 (listening on 0.0.0.0:31000)
20260909-09:19.09-29907(us) 2438190 * FastTransport   (fasttransport.cc:147): FastTransport initialized with srpc/rpc backend on 127.0.0.1:31000
20260909-09:19.09-29938(us) 2438190 * ParseNewFormat  (configuration.cc:162): Loaded 1 sites in 1 shards
20260909-09:19.09-29970(us) 2438190 * ParseNewFormat  (configuration.cc:162): Loaded 1 sites in 1 shards
20260909-09:19.09-29999(us) 2438190 * ParseNewFormat  (configuration.cc:102): Using new configuration format
20260909-09:19.09-30033(us) 2438190 * ParseNewFormat  (configuration.cc:162): Loaded 1 sites in 1 shards
20260909-09:19.09-30061(us) 2438190 * ParseNewFormat  (configuration.cc:162): Loaded 1 sites in 1 shards
20260909-09:19.09-30086(us) 2438190 * ParseNewFormat  (configuration.cc:102): Using new configuration format
20260909-09:19.09-30124(us) 2438190 * Initialize      (srpc_rpc_backend.cc:97): SrpcRpcBackend initialized on 127.0.0.1:31004 (listening on 0.0.0.0:31004)
20260909-09:19.09-30153(us) 2438190 * FastTransport   (fasttransport.cc:147): FastTransport initialized with srpc/rpc backend on 127.0.0.1:31004
20260909-09:19.09-30183(us) 2438190 * ParseNewFormat  (configuration.cc:102): Using new configuration format
20260909-09:19.09-30240(us) 2438190 * ParseNewFormat  (configuration.cc:102): Using new configuration format
20260909-09:19.09-30298(us) 2438190 * ParseNewFormat  (configuration.cc:162): Loaded 1 sites in 1 shards
20260909-09:19.09-30354(us) 2438190 * ParseNewFormat  (configuration.cc:102): Using new configuration format
20260909-09:19.09-30394(us) 2438190 * ParseNewFormat  (configuration.cc:162): Loaded 1 sites in 1 shards
20260909-09:19.09-30427(us) 2438190 * ParseNewFormat  (configuration.cc:162): Loaded 1 sites in 1 shards
20260909-09:19.09-30459(us) 2438190 * ParseNewFormat  (configuration.cc:162): Loaded 1 sites in 1 shards
20260909-09:19.09-30486(us) 2438190 * ParseNewFormat  (configuration.cc:102): Using new configuration format
20260909-09:19.09-30520(us) 2438190 * Initialize      (srpc_rpc_backend.cc:66): SrpcRpcBackend::Initialize: poll_thread_worker_ created, is_some=1
20260909-09:19.09-30565(us) 2438190 * ParseNewFormat  (configuration.cc:162): Loaded 1 sites in 1 shards
20260909-09:19.09-30598(us) 2438190 * Initialize      (srpc_rpc_backend.cc:97): SrpcRpcBackend initialized on 127.0.0.1:31005 (listening on 0.0.0.0:31005)
20260909-09:19.09-30617(us) 2438190 * FastTransport   (fasttransport.cc:147): FastTransport initialized with srpc/rpc backend on 127.0.0.1:31005
20260909-09:19.09-30643(us) 2438190 * ParseNewFormat  (configuration.cc:162): Loaded 1 sites in 1 shards
20260909-09:19.09-30676(us) 2438190 * ParseNewFormat  (configuration.cc:102): Using new configuration format
20260909-09:19.09-30718(us) 2438190 * ParseNewFormat  (configuration.cc:162): Loaded 1 sites in 1 shards
20260909-09:19.09-30739(us) 2438190 * ParseNewFormat  (configuration.cc:102): Using new configuration format
20260909-09:19.09-30795(us) 2438190 * ParseNewFormat  (configuration.cc:162): Loaded 1 sites in 1 shards
20260909-09:19.09-30821(us) 2438190 * ParseNewFormat  (configuration.cc:162): Loaded 1 sites in 1 shards
20260909-09:19.09-30881(us) 2438190 * ParseNewFormat  (configuration.cc:162): Loaded 1 sites in 1 shards
20260909-09:19.09-30919(us) 2438190 * ParseNewFormat  (configuration.cc:102): Using new configuration format
20260909-09:19.09-30944(us) 2438190 * ParseNewFormat  (configuration.cc:162): Loaded 1 sites in 1 shards
20260909-09:19.09-30971(us) 2438190 * ParseNewFormat  (configuration.cc:102): Using new configuration format
20260909-09:19.09-31006(us) 2438190 * ParseNewFormat  (configuration.cc:102): Using new configuration format
20260909-09:19.09-31041(us) 2438190 * ParseNewFormat  (configuration.cc:102): Using new configuration format
20260909-09:19.09-31072(us) 2438190 * ParseNewFormat  (configuration.cc:162): Loaded 1 sites in 1 shards
20260909-09:19.09-31101(us) 2438190 * ParseNewFormat  (configuration.cc:162): Loaded 1 sites in 1 shards
20260909-09:19.09-31127(us) 2438190 * ParseNewFormat  (configuration.cc:102): Using new configuration format
20260909-09:19.09-31166(us) 2438190 * ParseNewFormat  (configuration.cc:162): Loaded 1 sites in 1 shards
20260909-09:19.09-31195(us) 2438190 * ParseNewFormat  (configuration.cc:162): Loaded 1 sites in 1 shards
20260909-09:19.09-31220(us) 2438190 * ParseNewFormat  (configuration.cc:162): Loaded 1 sites in 1 shards
20260909-09:19.09-31279(us) 2438190 * ParseNewFormat  (configuration.cc:102): Using new configuration format
20260909-09:19.09-31330(us) 2438190 * ParseNewFormat  (configuration.cc:162): Loaded 1 sites in 1 shards
20260909-09:19.09-31642(us) 2438190 * ParseNewFormat  (configuration.cc:102): Using new configuration format
20260909-09:19.09-31676(us) 2438190 * ParseNewFormat  (configuration.cc:162): Loaded 1 sites in 1 shards
20260909-09:19.09-50037(us) 2438190 * Initialize      (srpc_rpc_backend.cc:66): SrpcRpcBackend::Initialize: poll_thread_worker_ created, is_some=1
20260909-09:19.09-50128(us) 2438190 * Initialize      (srpc_rpc_backend.cc:97): SrpcRpcBackend initialized on 127.0.0.1:31010 (listening on 0.0.0.0:31010)
20260909-09:19.09-50144(us) 2438190 * FastTransport   (fasttransport.cc:147): FastTransport initialized with srpc/rpc backend on 127.0.0.1:31010
20260909-09:19.09-50204(us) 2438190 * Initialize      (srpc_rpc_backend.cc:66): SrpcRpcBackend::Initialize: poll_thread_worker_ created, is_some=1
20260909-09:19.09-50258(us) 2438190 * Initialize      (srpc_rpc_backend.cc:66): SrpcRpcBackend::Initialize: poll_thread_worker_ created, is_some=1
20260909-09:19.09-50297(us) 2438190 * Initialize      (srpc_rpc_backend.cc:97): SrpcRpcBackend initialized on 127.0.0.1:31007 (listening on 0.0.0.0:31007)
20260909-09:19.09-50318(us) 2438190 * FastTransport   (fasttransport.cc:147): FastTransport initialized with srpc/rpc backend on 127.0.0.1:31007
20260909-09:19.09-50374(us) 2438190 * Initialize      (srpc_rpc_backend.cc:97): SrpcRpcBackend initialized on 127.0.0.1:31011 (listening on 0.0.0.0:31011)
20260909-09:19.09-50398(us) 2438190 * FastTransport   (fasttransport.cc:147): FastTransport initialized with srpc/rpc backend on 127.0.0.1:31011
20260909-09:19.09-50430(us) 2438190 * Initialize      (srpc_rpc_backend.cc:66): SrpcRpcBackend::Initialize: poll_thread_worker_ created, is_some=1
20260909-09:19.09-50531(us) 2438190 * Initialize      (srpc_rpc_backend.cc:97): SrpcRpcBackend initialized on 127.0.0.1:31008 (listening on 0.0.0.0:31008)
20260909-09:19.09-50566(us) 2438190 * FastTransport   (fasttransport.cc:147): FastTransport initialized with srpc/rpc backend on 127.0.0.1:31008
20260909-09:19.09-50602(us) 2438190 * ParseNewFormat  (configuration.cc:102): Using new configuration format
20260909-09:19.09-50655(us) 2438190 * ParseNewFormat  (configuration.cc:162): Loaded 1 sites in 1 shards
20260909-09:19.09-50798(us) 2438190 * Initialize      (srpc_rpc_backend.cc:66): SrpcRpcBackend::Initialize: poll_thread_worker_ created, is_some=1
20260909-09:19.09-50918(us) 2438190 * Initialize      (srpc_rpc_backend.cc:97): SrpcRpcBackend initialized on 127.0.0.1:31015 (listening on 0.0.0.0:31015)
20260909-09:19.09-50946(us) 2438190 * FastTransport   (fasttransport.cc:147): FastTransport initialized with srpc/rpc backend on 127.0.0.1:31015
20260909-09:19.09-50971(us) 2438190 * Initialize      (srpc_rpc_backend.cc:66): SrpcRpcBackend::Initialize: poll_thread_worker_ created, is_some=1
20260909-09:19.09-51024(us) 2438190 * ParseNewFormat  (configuration.cc:102): Using new configuration format
20260909-09:19.09-51067(us) 2438190 * Initialize      (srpc_rpc_backend.cc:66): SrpcRpcBackend::Initialize: poll_thread_worker_ created, is_some=1
20260909-09:19.09-51123(us) 2438190 * ParseNewFormat  (configuration.cc:162): Loaded 1 sites in 1 shards
20260909-09:19.09-51151(us) 2438190 * Initialize      (srpc_rpc_backend.cc:66): SrpcRpcBackend::Initialize: poll_thread_worker_ created, is_some=1
20260909-09:19.09-51181(us) 2438190 * Initialize      (srpc_rpc_backend.cc:97): SrpcRpcBackend initialized on 127.0.0.1:31012 (listening on 0.0.0.0:31012)
20260909-09:19.09-51263(us) 2438190 * FastTransport   (fasttransport.cc:147): FastTransport initialized with srpc/rpc backend on 127.0.0.1:31012
20260909-09:19.09-51314(us) 2438190 * Initialize      (srpc_rpc_backend.cc:97): SrpcRpcBackend initialized on 127.0.0.1:31014 (listening on 0.0.0.0:31014)
20260909-09:19.09-51344(us) 2438190 * FastTransport   (fasttransport.cc:147): FastTransport initialized with srpc/rpc backend on 127.0.0.1:31014
20260909-09:19.09-51375(us) 2438190 * Initialize      (srpc_rpc_backend.cc:66): SrpcRpcBackend::Initialize: poll_thread_worker_ created, is_some=1
20260909-09:19.09-51431(us) 2438190 * Initialize      (srpc_rpc_backend.cc:97): SrpcRpcBackend initialized on 127.0.0.1:31013 (listening on 0.0.0.0:31013)
20260909-09:19.09-51455(us) 2438190 * ParseNewFormat  (configuration.cc:102): Using new configuration format
20260909-09:19.09-51491(us) 2438190 * FastTransport   (fasttransport.cc:147): FastTransport initialized with srpc/rpc backend on 127.0.0.1:31013
20260909-09:19.09-51511(us) 2438190 * ParseNewFormat  (configuration.cc:162): Loaded 1 sites in 1 shards
20260909-09:19.09-51544(us) 2438190 * ParseNewFormat  (configuration.cc:102): Using new configuration format
20260909-09:19.09-51579(us) 2438190 * Initialize      (srpc_rpc_backend.cc:97): SrpcRpcBackend initialized on 127.0.0.1:31006 (listening on 0.0.0.0:31006)
20260909-09:19.09-51611(us) 2438190 * FastTransport   (fasttransport.cc:147): FastTransport initialized with srpc/rpc backend on 127.0.0.1:31006
20260909-09:19.09-51635(us) 2438190 * ParseNewFormat  (configuration.cc:162): Loaded 1 sites in 1 shards
20260909-09:19.09-51665(us) 2438190 * ParseNewFormat  (configuration.cc:102): Using new configuration format
20260909-09:19.09-51704(us) 2438190 * ParseNewFormat  (configuration.cc:162): Loaded 1 sites in 1 shards
20260909-09:19.09-51785(us) 2438190 * ParseNewFormat  (configuration.cc:102): Using new configuration format
20260909-09:19.09-51854(us) 2438190 * ParseNewFormat  (configuration.cc:162): Loaded 1 sites in 1 shards
20260909-09:19.09-51976(us) 2438190 * ParseNewFormat  (configuration.cc:102): Using new configuration format
20260909-09:19.09-52009(us) 2438190 * ParseNewFormat  (configuration.cc:102): Using new configuration format
20260909-09:19.09-52041(us) 2438190 * ParseNewFormat  (configuration.cc:162): Loaded 1 sites in 1 shards
20260909-09:19.09-52069(us) 2438190 * ParseNewFormat  (configuration.cc:162): Loaded 1 sites in 1 shards
20260909-09:19.09-52263(us) 2438190 * ParseNewFormat  (configuration.cc:102): Using new configuration format
20260909-09:19.09-52313(us) 2438190 * ParseNewFormat  (configuration.cc:162): Loaded 1 sites in 1 shards
20260909-09:19.09-52862(us) 2438190 * ParseNewFormat  (configuration.cc:102): Using new configuration format
20260909-09:19.09-52912(us) 2438190 * ParseNewFormat  (configuration.cc:162): Loaded 1 sites in 1 shards
20260909-09:19.09-55865(us) 2438190 ! run             (bench.cc:645):     TPCC_BENCH_MEASURE_START
20260909-09:19.09-55913(us) 2438190 ! run             (bench.cc:653):     start the running time, runTime:10
20260909-09:19.09-55941(us) 2438190 ! run             (bench.cc:665):     runtime time left:10000 ms, bool:1
20260909-09:19.10-64380(us) 2438190 ! run             (bench.cc:665):     runtime time left:9000 ms, bool:1
20260909-09:19.11-72031(us) 2438190 ! run             (bench.cc:665):     runtime time left:8000 ms, bool:1
20260909-09:19.12-79324(us) 2438190 ! run             (bench.cc:665):     runtime time left:7000 ms, bool:1
20260909-09:19.13-88571(us) 2438190 ! run             (bench.cc:665):     runtime time left:6000 ms, bool:1
20260909-09:19.14-99660(us) 2438190 ! run             (bench.cc:665):     runtime time left:5000 ms, bool:1
20260909-09:19.15-108721(us) 2438190 ! run             (bench.cc:665):     runtime time left:4000 ms, bool:1
20260909-09:19.16-119739(us) 2438190 ! run             (bench.cc:665):     runtime time left:3000 ms, bool:1
20260909-09:19.17-130429(us) 2438190 ! run             (bench.cc:665):     runtime time left:2000 ms, bool:1
20260909-09:19.18-141101(us) 2438190 ! run             (bench.cc:665):     runtime time left:1000 ms, bool:1
20260909-09:19.19-152728(us) 2438190 ! run             (bench.cc:678):     runtime_plus:0
[SHUTDOWN] Setting running=false to stop database worker threads
[SHUTDOWN] Calling first stop() to stop client transports
20260909-09:19.19-152807(us) 2438190 * PrintStats      (srpc_rpc_backend.cc:686): SrpcRpcBackend request stats: msg_size_req_sent: 0 bytes, counter: 0, avg: 0.000000
20260909-09:19.19-152875(us) 2438190 * PrintStats      (srpc_rpc_backend.cc:686): SrpcRpcBackend request stats: msg_size_req_sent: 0 bytes, counter: 0, avg: 0.000000
20260909-09:19.19-152950(us) 2438190 * PrintStats      (srpc_rpc_backend.cc:686): SrpcRpcBackend request stats: msg_size_req_sent: 0 bytes, counter: 0, avg: 0.000000
20260909-09:19.19-152994(us) 2438190 * PrintStats      (srpc_rpc_backend.cc:686): SrpcRpcBackend request stats: msg_size_req_sent: 0 bytes, counter: 0, avg: 0.000000
20260909-09:19.19-153045(us) 2438190 * PrintStats      (srpc_rpc_backend.cc:686): SrpcRpcBackend request stats: msg_size_req_sent: 0 bytes, counter: 0, avg: 0.000000
20260909-09:19.19-153073(us) 2438190 * PrintStats      (srpc_rpc_backend.cc:686): SrpcRpcBackend request stats: msg_size_req_sent: 0 bytes, counter: 0, avg: 0.000000
20260909-09:19.19-153125(us) 2438190 * PrintStats      (srpc_rpc_backend.cc:686): SrpcRpcBackend request stats: msg_size_req_sent: 0 bytes, counter: 0, avg: 0.000000
20260909-09:19.19-153176(us) 2438190 * PrintStats      (srpc_rpc_backend.cc:686): SrpcRpcBackend request stats: msg_size_req_sent: 0 bytes, counter: 0, avg: 0.000000
20260909-09:19.19-153224(us) 2438190 * PrintStats      (srpc_rpc_backend.cc:686): SrpcRpcBackend request stats: msg_size_req_sent: 0 bytes, counter: 0, avg: 0.000000
20260909-09:19.19-153288(us) 2438190 * PrintStats      (srpc_rpc_backend.cc:686): SrpcRpcBackend request stats: msg_size_req_sent: 0 bytes, counter: 0, avg: 0.000000
20260909-09:19.19-153336(us) 2438190 * PrintStats      (srpc_rpc_backend.cc:686): SrpcRpcBackend request stats: msg_size_req_sent: 0 bytes, counter: 0, avg: 0.000000
20260909-09:19.19-153385(us) 2438190 * PrintStats      (srpc_rpc_backend.cc:686): SrpcRpcBackend request stats: msg_size_req_sent: 0 bytes, counter: 0, avg: 0.000000
20260909-09:19.19-153428(us) 2438190 * PrintStats      (srpc_rpc_backend.cc:686): SrpcRpcBackend request stats: msg_size_req_sent: 0 bytes, counter: 0, avg: 0.000000
20260909-09:19.19-153501(us) 2438190 * PrintStats      (srpc_rpc_backend.cc:686): SrpcRpcBackend request stats: msg_size_req_sent: 0 bytes, counter: 0, avg: 0.000000
20260909-09:19.19-153550(us) 2438190 * PrintStats      (srpc_rpc_backend.cc:686): SrpcRpcBackend request stats: msg_size_req_sent: 0 bytes, counter: 0, avg: 0.000000
20260909-09:19.19-153583(us) 2438190 * PrintStats      (srpc_rpc_backend.cc:686): SrpcRpcBackend request stats: msg_size_req_sent: 0 bytes, counter: 0, avg: 0.000000
20260909-09:19.19-153629(us) 2438190 ! stop            (bench.cc:496):     stop all rpc clients. set stop=false
20260909-09:19.19-153650(us) 2438190 * Stop            (srpc_rpc_backend.cc:593): SrpcRpcBackend::Stop: BEGIN - Setting stop flag
20260909-09:19.19-153664(us) 2438190 * Stop            (srpc_rpc_backend.cc:596): SrpcRpcBackend::Stop: Waiting for event loop to exit...
20260909-09:19.19-153679(us) 2438190 * Stop            (srpc_rpc_backend.cc:612): SrpcRpcBackend::Stop: Event loop exited successfully
20260909-09:19.19-153692(us) 2438190 * Stop            (srpc_rpc_backend.cc:616): SrpcRpcBackend::Stop: Signaling 0 request queues to stop
20260909-09:19.19-153715(us) 2438190 * Stop            (srpc_rpc_backend.cc:624): SrpcRpcBackend::Stop: Signaling 0 response queues to stop
20260909-09:19.19-153728(us) 2438190 * Stop            (srpc_rpc_backend.cc:635): SrpcRpcBackend::Stop: Server cleanup deferred to destructor
20260909-09:19.19-153741(us) 2438190 * Stop            (srpc_rpc_backend.cc:638): SrpcRpcBackend::Stop: Closing client connections
20260909-09:19.19-153754(us) 2438190 * Stop            (srpc_rpc_backend.cc:642): SrpcRpcBackend::Stop: Found 0 client connections to close
20260909-09:19.19-153767(us) 2438190 * Stop            (srpc_rpc_backend.cc:662): SrpcRpcBackend::Stop: Closed 0 client connections
20260909-09:19.19-153780(us) 2438190 * Stop            (srpc_rpc_backend.cc:675): SrpcRpcBackend stats: msg_size_resp_sent: 0 bytes, counter: 0, avg: 0.000000
20260909-09:19.19-153794(us) 2438190 * Stop            (srpc_rpc_backend.cc:676): SrpcRpcBackend::Stop: END
20260909-09:19.19-153814(us) 2438190 * Stop            (srpc_rpc_backend.cc:593): SrpcRpcBackend::Stop: BEGIN - Setting stop flag
20260909-09:19.19-153839(us) 2438190 * Stop            (srpc_rpc_backend.cc:596): SrpcRpcBackend::Stop: Waiting for event loop to exit...
20260909-09:19.19-153856(us) 2438190 * Stop            (srpc_rpc_backend.cc:612): SrpcRpcBackend::Stop: Event loop exited successfully
20260909-09:19.19-153872(us) 2438190 * Stop            (srpc_rpc_backend.cc:616): SrpcRpcBackend::Stop: Signaling 0 request queues to stop
20260909-09:19.19-153885(us) 2438190 * Stop            (srpc_rpc_backend.cc:624): SrpcRpcBackend::Stop: Signaling 0 response queues to stop
20260909-09:19.19-153897(us) 2438190 * Stop            (srpc_rpc_backend.cc:635): SrpcRpcBackend::Stop: Server cleanup deferred to destructor
20260909-09:19.19-153911(us) 2438190 * Stop            (srpc_rpc_backend.cc:638): SrpcRpcBackend::Stop: Closing client connections
20260909-09:19.19-153927(us) 2438190 * Stop            (srpc_rpc_backend.cc:642): SrpcRpcBackend::Stop: Found 0 client connections to close
20260909-09:19.19-153945(us) 2438190 * Stop            (srpc_rpc_backend.cc:662): SrpcRpcBackend::Stop: Closed 0 client connections
20260909-09:19.19-153958(us) 2438190 * Stop            (srpc_rpc_backend.cc:675): SrpcRpcBackend stats: msg_size_resp_sent: 0 bytes, counter: 0, avg: 0.000000
20260909-09:19.19-153972(us) 2438190 * Stop            (srpc_rpc_backend.cc:676): SrpcRpcBackend::Stop: END
20260909-09:19.19-153990(us) 2438190 * Stop            (srpc_rpc_backend.cc:593): SrpcRpcBackend::Stop: BEGIN - Setting stop flag
20260909-09:19.19-154004(us) 2438190 * Stop            (srpc_rpc_backend.cc:596): SrpcRpcBackend::Stop: Waiting for event loop to exit...
20260909-09:19.19-154017(us) 2438190 * Stop            (srpc_rpc_backend.cc:612): SrpcRpcBackend::Stop: Event loop exited successfully
20260909-09:19.19-154034(us) 2438190 * Stop            (srpc_rpc_backend.cc:616): SrpcRpcBackend::Stop: Signaling 0 request queues to stop
20260909-09:19.19-154051(us) 2438190 * Stop            (srpc_rpc_backend.cc:624): SrpcRpcBackend::Stop: Signaling 0 response queues to stop
20260909-09:19.19-154068(us) 2438190 * Stop            (srpc_rpc_backend.cc:635): SrpcRpcBackend::Stop: Server cleanup deferred to destructor
20260909-09:19.19-154082(us) 2438190 * Stop            (srpc_rpc_backend.cc:638): SrpcRpcBackend::Stop: Closing client connections
20260909-09:19.19-154096(us) 2438190 * Stop            (srpc_rpc_backend.cc:642): SrpcRpcBackend::Stop: Found 0 client connections to close
20260909-09:19.19-154112(us) 2438190 * Stop            (srpc_rpc_backend.cc:662): SrpcRpcBackend::Stop: Closed 0 client connections
20260909-09:19.19-154126(us) 2438190 * Stop            (srpc_rpc_backend.cc:675): SrpcRpcBackend stats: msg_size_resp_sent: 0 bytes, counter: 0, avg: 0.000000
20260909-09:19.19-154139(us) 2438190 * Stop            (srpc_rpc_backend.cc:676): SrpcRpcBackend::Stop: END
20260909-09:19.19-154158(us) 2438190 * Stop            (srpc_rpc_backend.cc:593): SrpcRpcBackend::Stop: BEGIN - Setting stop flag
20260909-09:19.19-154172(us) 2438190 * Stop            (srpc_rpc_backend.cc:596): SrpcRpcBackend::Stop: Waiting for event loop to exit...
20260909-09:19.19-154185(us) 2438190 * Stop            (srpc_rpc_backend.cc:612): SrpcRpcBackend::Stop: Event loop exited successfully
20260909-09:19.19-154197(us) 2438190 * Stop            (srpc_rpc_backend.cc:616): SrpcRpcBackend::Stop: Signaling 0 request queues to stop
20260909-09:19.19-154211(us) 2438190 * Stop            (srpc_rpc_backend.cc:624): SrpcRpcBackend::Stop: Signaling 0 response queues to stop
20260909-09:19.19-154227(us) 2438190 * Stop            (srpc_rpc_backend.cc:635): SrpcRpcBackend::Stop: Server cleanup deferred to destructor
20260909-09:19.19-154244(us) 2438190 * Stop            (srpc_rpc_backend.cc:638): SrpcRpcBackend::Stop: Closing client connections
20260909-09:19.19-154260(us) 2438190 * Stop            (srpc_rpc_backend.cc:642): SrpcRpcBackend::Stop: Found 0 client connections to close
20260909-09:19.19-154274(us) 2438190 * Stop            (srpc_rpc_backend.cc:662): SrpcRpcBackend::Stop: Closed 0 client connections
20260909-09:19.19-154287(us) 2438190 * Stop            (srpc_rpc_backend.cc:675): SrpcRpcBackend stats: msg_size_resp_sent: 0 bytes, counter: 0, avg: 0.000000
20260909-09:19.19-154304(us) 2438190 * Stop            (srpc_rpc_backend.cc:676): SrpcRpcBackend::Stop: END
20260909-09:19.19-154319(us) 2438190 * Stop            (srpc_rpc_backend.cc:593): SrpcRpcBackend::Stop: BEGIN - Setting stop flag
20260909-09:19.19-154336(us) 2438190 * Stop            (srpc_rpc_backend.cc:596): SrpcRpcBackend::Stop: Waiting for event loop to exit...
20260909-09:19.19-154354(us) 2438190 * Stop            (srpc_rpc_backend.cc:612): SrpcRpcBackend::Stop: Event loop exited successfully
20260909-09:19.19-154370(us) 2438190 * Stop            (srpc_rpc_backend.cc:616): SrpcRpcBackend::Stop: Signaling 0 request queues to stop
20260909-09:19.19-154387(us) 2438190 * Stop            (srpc_rpc_backend.cc:624): SrpcRpcBackend::Stop: Signaling 0 response queues to stop
20260909-09:19.19-154400(us) 2438190 * Stop            (srpc_rpc_backend.cc:635): SrpcRpcBackend::Stop: Server cleanup deferred to destructor
20260909-09:19.19-154413(us) 2438190 * Stop            (srpc_rpc_backend.cc:638): SrpcRpcBackend::Stop: Closing client connections
20260909-09:19.19-154430(us) 2438190 * Stop            (srpc_rpc_backend.cc:642): SrpcRpcBackend::Stop: Found 0 client connections to close
20260909-09:19.19-154444(us) 2438190 * Stop            (srpc_rpc_backend.cc:662): SrpcRpcBackend::Stop: Closed 0 client connections
20260909-09:19.19-154457(us) 2438190 * Stop            (srpc_rpc_backend.cc:675): SrpcRpcBackend stats: msg_size_resp_sent: 0 bytes, counter: 0, avg: 0.000000
20260909-09:19.19-154475(us) 2438190 * Stop            (srpc_rpc_backend.cc:676): SrpcRpcBackend::Stop: END
20260909-09:19.19-154490(us) 2438190 * Stop            (srpc_rpc_backend.cc:593): SrpcRpcBackend::Stop: BEGIN - Setting stop flag
20260909-09:19.19-154507(us) 2438190 * Stop            (srpc_rpc_backend.cc:596): SrpcRpcBackend::Stop: Waiting for event loop to exit...
20260909-09:19.19-154523(us) 2438190 * Stop            (srpc_rpc_backend.cc:612): SrpcRpcBackend::Stop: Event loop exited successfully
20260909-09:19.19-154540(us) 2438190 * Stop            (srpc_rpc_backend.cc:616): SrpcRpcBackend::Stop: Signaling 0 request queues to stop
20260909-09:19.19-154554(us) 2438190 * Stop            (srpc_rpc_backend.cc:624): SrpcRpcBackend::Stop: Signaling 0 response queues to stop
20260909-09:19.19-154566(us) 2438190 * Stop            (srpc_rpc_backend.cc:635): SrpcRpcBackend::Stop: Server cleanup deferred to destructor
20260909-09:19.19-154584(us) 2438190 * Stop            (srpc_rpc_backend.cc:638): SrpcRpcBackend::Stop: Closing client connections
20260909-09:19.19-154600(us) 2438190 * Stop            (srpc_rpc_backend.cc:642): SrpcRpcBackend::Stop: Found 0 client connections to close
20260909-09:19.19-154614(us) 2438190 * Stop            (srpc_rpc_backend.cc:662): SrpcRpcBackend::Stop: Closed 0 client connections
20260909-09:19.19-154627(us) 2438190 * Stop            (srpc_rpc_backend.cc:675): SrpcRpcBackend stats: msg_size_resp_sent: 0 bytes, counter: 0, avg: 0.000000
20260909-09:19.19-154645(us) 2438190 * Stop            (srpc_rpc_backend.cc:676): SrpcRpcBackend::Stop: END
20260909-09:19.19-154660(us) 2438190 * Stop            (srpc_rpc_backend.cc:593): SrpcRpcBackend::Stop: BEGIN - Setting stop flag
20260909-09:19.19-154677(us) 2438190 * Stop            (srpc_rpc_backend.cc:596): SrpcRpcBackend::Stop: Waiting for event loop to exit...
20260909-09:19.19-154694(us) 2438190 * Stop            (srpc_rpc_backend.cc:612): SrpcRpcBackend::Stop: Event loop exited successfully
20260909-09:19.19-154708(us) 2438190 * Stop            (srpc_rpc_backend.cc:616): SrpcRpcBackend::Stop: Signaling 0 request queues to stop
20260909-09:19.19-154720(us) 2438190 * Stop            (srpc_rpc_backend.cc:624): SrpcRpcBackend::Stop: Signaling 0 response queues to stop
20260909-09:19.19-154738(us) 2438190 * Stop            (srpc_rpc_backend.cc:635): SrpcRpcBackend::Stop: Server cleanup deferred to destructor
20260909-09:19.19-154751(us) 2438190 * Stop            (srpc_rpc_backend.cc:638): SrpcRpcBackend::Stop: Closing client connections
20260909-09:19.19-154764(us) 2438190 * Stop            (srpc_rpc_backend.cc:642): SrpcRpcBackend::Stop: Found 0 client connections to close
20260909-09:19.19-154781(us) 2438190 * Stop            (srpc_rpc_backend.cc:662): SrpcRpcBackend::Stop: Closed 0 client connections
20260909-09:19.19-154795(us) 2438190 * Stop            (srpc_rpc_backend.cc:675): SrpcRpcBackend stats: msg_size_resp_sent: 0 bytes, counter: 0, avg: 0.000000
20260909-09:19.19-154808(us) 2438190 * Stop            (srpc_rpc_backend.cc:676): SrpcRpcBackend::Stop: END
20260909-09:19.19-154826(us) 2438190 * Stop            (srpc_rpc_backend.cc:593): SrpcRpcBackend::Stop: BEGIN - Setting stop flag
20260909-09:19.19-154847(us) 2438190 * Stop            (srpc_rpc_backend.cc:596): SrpcRpcBackend::Stop: Waiting for event loop to exit...
20260909-09:19.19-154860(us) 2438190 * Stop            (srpc_rpc_backend.cc:612): SrpcRpcBackend::Stop: Event loop exited successfully
20260909-09:19.19-154873(us) 2438190 * Stop            (srpc_rpc_backend.cc:616): SrpcRpcBackend::Stop: Signaling 0 request queues to stop
20260909-09:19.19-154886(us) 2438190 * Stop            (srpc_rpc_backend.cc:624): SrpcRpcBackend::Stop: Signaling 0 response queues to stop
20260909-09:19.19-154899(us) 2438190 * Stop            (srpc_rpc_backend.cc:635): SrpcRpcBackend::Stop: Server cleanup deferred to destructor
20260909-09:19.19-154917(us) 2438190 * Stop            (srpc_rpc_backend.cc:638): SrpcRpcBackend::Stop: Closing client connections
20260909-09:19.19-154934(us) 2438190 * Stop            (srpc_rpc_backend.cc:642): SrpcRpcBackend::Stop: Found 0 client connections to close
20260909-09:19.19-154951(us) 2438190 * Stop            (srpc_rpc_backend.cc:662): SrpcRpcBackend::Stop: Closed 0 client connections
20260909-09:19.19-154965(us) 2438190 * Stop            (srpc_rpc_backend.cc:675): SrpcRpcBackend stats: msg_size_resp_sent: 0 bytes, counter: 0, avg: 0.000000
20260909-09:19.19-154978(us) 2438190 * Stop            (srpc_rpc_backend.cc:676): SrpcRpcBackend::Stop: END
20260909-09:19.19-154997(us) 2438190 * Stop            (srpc_rpc_backend.cc:593): SrpcRpcBackend::Stop: BEGIN - Setting stop flag
20260909-09:19.19-155011(us) 2438190 * Stop            (srpc_rpc_backend.cc:596): SrpcRpcBackend::Stop: Waiting for event loop to exit...
20260909-09:19.19-155029(us) 2438190 * Stop            (srpc_rpc_backend.cc:612): SrpcRpcBackend::Stop: Event loop exited successfully
20260909-09:19.19-155045(us) 2438190 * Stop            (srpc_rpc_backend.cc:616): SrpcRpcBackend::Stop: Signaling 0 request queues to stop
20260909-09:19.19-155062(us) 2438190 * Stop            (srpc_rpc_backend.cc:624): SrpcRpcBackend::Stop: Signaling 0 response queues to stop
20260909-09:19.19-155075(us) 2438190 * Stop            (srpc_rpc_backend.cc:635): SrpcRpcBackend::Stop: Server cleanup deferred to destructor
20260909-09:19.19-155088(us) 2438190 * Stop            (srpc_rpc_backend.cc:638): SrpcRpcBackend::Stop: Closing client connections
20260909-09:19.19-155105(us) 2438190 * Stop            (srpc_rpc_backend.cc:642): SrpcRpcBackend::Stop: Found 0 client connections to close
20260909-09:19.19-155123(us) 2438190 * Stop            (srpc_rpc_backend.cc:662): SrpcRpcBackend::Stop: Closed 0 client connections
20260909-09:19.19-155137(us) 2438190 * Stop            (srpc_rpc_backend.cc:675): SrpcRpcBackend stats: msg_size_resp_sent: 0 bytes, counter: 0, avg: 0.000000
20260909-09:19.19-155151(us) 2438190 * Stop            (srpc_rpc_backend.cc:676): SrpcRpcBackend::Stop: END
20260909-09:19.19-155169(us) 2438190 * Stop            (srpc_rpc_backend.cc:593): SrpcRpcBackend::Stop: BEGIN - Setting stop flag
20260909-09:19.19-155182(us) 2438190 * Stop            (srpc_rpc_backend.cc:596): SrpcRpcBackend::Stop: Waiting for event loop to exit...
20260909-09:19.19-155200(us) 2438190 * Stop            (srpc_rpc_backend.cc:612): SrpcRpcBackend::Stop: Event loop exited successfully
20260909-09:19.19-155217(us) 2438190 * Stop            (srpc_rpc_backend.cc:616): SrpcRpcBackend::Stop: Signaling 0 request queues to stop
20260909-09:19.19-155234(us) 2438190 * Stop            (srpc_rpc_backend.cc:624): SrpcRpcBackend::Stop: Signaling 0 response queues to stop
20260909-09:19.19-155250(us) 2438190 * Stop            (srpc_rpc_backend.cc:635): SrpcRpcBackend::Stop: Server cleanup deferred to destructor
20260909-09:19.19-155264(us) 2438190 * Stop            (srpc_rpc_backend.cc:638): SrpcRpcBackend::Stop: Closing client connections
20260909-09:19.19-155276(us) 2438190 * Stop            (srpc_rpc_backend.cc:642): SrpcRpcBackend::Stop: Found 0 client connections to close
20260909-09:19.19-155290(us) 2438190 * Stop            (srpc_rpc_backend.cc:662): SrpcRpcBackend::Stop: Closed 0 client connections
20260909-09:19.19-155302(us) 2438190 * Stop            (srpc_rpc_backend.cc:675): SrpcRpcBackend stats: msg_size_resp_sent: 0 bytes, counter: 0, avg: 0.000000
20260909-09:19.19-155315(us) 2438190 * Stop            (srpc_rpc_backend.cc:676): SrpcRpcBackend::Stop: END
20260909-09:19.19-155332(us) 2438190 * Stop            (srpc_rpc_backend.cc:593): SrpcRpcBackend::Stop: BEGIN - Setting stop flag
20260909-09:19.19-155350(us) 2438190 * Stop            (srpc_rpc_backend.cc:596): SrpcRpcBackend::Stop: Waiting for event loop to exit...
20260909-09:19.19-155366(us) 2438190 * Stop            (srpc_rpc_backend.cc:612): SrpcRpcBackend::Stop: Event loop exited successfully
20260909-09:19.19-155380(us) 2438190 * Stop            (srpc_rpc_backend.cc:616): SrpcRpcBackend::Stop: Signaling 0 request queues to stop
20260909-09:19.19-155392(us) 2438190 * Stop            (srpc_rpc_backend.cc:624): SrpcRpcBackend::Stop: Signaling 0 response queues to stop
20260909-09:19.19-155408(us) 2438190 * Stop            (srpc_rpc_backend.cc:635): SrpcRpcBackend::Stop: Server cleanup deferred to destructor
20260909-09:19.19-155420(us) 2438190 * Stop            (srpc_rpc_backend.cc:638): SrpcRpcBackend::Stop: Closing client connections
20260909-09:19.19-155436(us) 2438190 * Stop            (srpc_rpc_backend.cc:642): SrpcRpcBackend::Stop: Found 0 client connections to close
20260909-09:19.19-155448(us) 2438190 * Stop            (srpc_rpc_backend.cc:662): SrpcRpcBackend::Stop: Closed 0 client connections
20260909-09:19.19-155466(us) 2438190 * Stop            (srpc_rpc_backend.cc:675): SrpcRpcBackend stats: msg_size_resp_sent: 0 bytes, counter: 0, avg: 0.000000
20260909-09:19.19-155483(us) 2438190 * Stop            (srpc_rpc_backend.cc:676): SrpcRpcBackend::Stop: END
20260909-09:19.19-155497(us) 2438190 * Stop            (srpc_rpc_backend.cc:593): SrpcRpcBackend::Stop: BEGIN - Setting stop flag
20260909-09:19.19-155513(us) 2438190 * Stop            (srpc_rpc_backend.cc:596): SrpcRpcBackend::Stop: Waiting for event loop to exit...
20260909-09:19.19-155525(us) 2438190 * Stop            (srpc_rpc_backend.cc:612): SrpcRpcBackend::Stop: Event loop exited successfully
20260909-09:19.19-155542(us) 2438190 * Stop            (srpc_rpc_backend.cc:616): SrpcRpcBackend::Stop: Signaling 0 request queues to stop
20260909-09:19.19-155559(us) 2438190 * Stop            (srpc_rpc_backend.cc:624): SrpcRpcBackend::Stop: Signaling 0 response queues to stop
20260909-09:19.19-155573(us) 2438190 * Stop            (srpc_rpc_backend.cc:635): SrpcRpcBackend::Stop: Server cleanup deferred to destructor
20260909-09:19.19-155586(us) 2438190 * Stop            (srpc_rpc_backend.cc:638): SrpcRpcBackend::Stop: Closing client connections
20260909-09:19.19-155603(us) 2438190 * Stop            (srpc_rpc_backend.cc:642): SrpcRpcBackend::Stop: Found 0 client connections to close
20260909-09:19.19-155620(us) 2438190 * Stop            (srpc_rpc_backend.cc:662): SrpcRpcBackend::Stop: Closed 0 client connections
20260909-09:19.19-155637(us) 2438190 * Stop            (srpc_rpc_backend.cc:675): SrpcRpcBackend stats: msg_size_resp_sent: 0 bytes, counter: 0, avg: 0.000000
20260909-09:19.19-155654(us) 2438190 * Stop            (srpc_rpc_backend.cc:676): SrpcRpcBackend::Stop: END
20260909-09:19.19-155669(us) 2438190 * Stop            (srpc_rpc_backend.cc:593): SrpcRpcBackend::Stop: BEGIN - Setting stop flag
20260909-09:19.19-155686(us) 2438190 * Stop            (srpc_rpc_backend.cc:596): SrpcRpcBackend::Stop: Waiting for event loop to exit...
20260909-09:19.19-155704(us) 2438190 * Stop            (srpc_rpc_backend.cc:612): SrpcRpcBackend::Stop: Event loop exited successfully
20260909-09:19.19-155720(us) 2438190 * Stop            (srpc_rpc_backend.cc:616): SrpcRpcBackend::Stop: Signaling 0 request queues to stop
20260909-09:19.19-155733(us) 2438190 * Stop            (srpc_rpc_backend.cc:624): SrpcRpcBackend::Stop: Signaling 0 response queues to stop
20260909-09:19.19-155746(us) 2438190 * Stop            (srpc_rpc_backend.cc:635): SrpcRpcBackend::Stop: Server cleanup deferred to destructor
20260909-09:19.19-155759(us) 2438190 * Stop            (srpc_rpc_backend.cc:638): SrpcRpcBackend::Stop: Closing client connections
20260909-09:19.19-155775(us) 2438190 * Stop            (srpc_rpc_backend.cc:642): SrpcRpcBackend::Stop: Found 0 client connections to close
20260909-09:19.19-155791(us) 2438190 * Stop            (srpc_rpc_backend.cc:662): SrpcRpcBackend::Stop: Closed 0 client connections
20260909-09:19.19-155808(us) 2438190 * Stop            (srpc_rpc_backend.cc:675): SrpcRpcBackend stats: msg_size_resp_sent: 0 bytes, counter: 0, avg: 0.000000
20260909-09:19.19-155822(us) 2438190 * Stop            (srpc_rpc_backend.cc:676): SrpcRpcBackend::Stop: END
20260909-09:19.19-155847(us) 2438190 * Stop            (srpc_rpc_backend.cc:593): SrpcRpcBackend::Stop: BEGIN - Setting stop flag
20260909-09:19.19-155861(us) 2438190 * Stop            (srpc_rpc_backend.cc:596): SrpcRpcBackend::Stop: Waiting for event loop to exit...
20260909-09:19.19-155877(us) 2438190 * Stop            (srpc_rpc_backend.cc:612): SrpcRpcBackend::Stop: Event loop exited successfully
20260909-09:19.19-155891(us) 2438190 * Stop            (srpc_rpc_backend.cc:616): SrpcRpcBackend::Stop: Signaling 0 request queues to stop
20260909-09:19.19-155903(us) 2438190 * Stop            (srpc_rpc_backend.cc:624): SrpcRpcBackend::Stop: Signaling 0 response queues to stop
20260909-09:19.19-155920(us) 2438190 * Stop            (srpc_rpc_backend.cc:635): SrpcRpcBackend::Stop: Server cleanup deferred to destructor
20260909-09:19.19-155937(us) 2438190 * Stop            (srpc_rpc_backend.cc:638): SrpcRpcBackend::Stop: Closing client connections
20260909-09:19.19-155952(us) 2438190 * Stop            (srpc_rpc_backend.cc:642): SrpcRpcBackend::Stop: Found 0 client connections to close
20260909-09:19.19-155968(us) 2438190 * Stop            (srpc_rpc_backend.cc:662): SrpcRpcBackend::Stop: Closed 0 client connections
20260909-09:19.19-155984(us) 2438190 * Stop            (srpc_rpc_backend.cc:675): SrpcRpcBackend stats: msg_size_resp_sent: 0 bytes, counter: 0, avg: 0.000000
20260909-09:19.19-155998(us) 2438190 * Stop            (srpc_rpc_backend.cc:676): SrpcRpcBackend::Stop: END
20260909-09:19.19-156015(us) 2438190 * Stop            (srpc_rpc_backend.cc:593): SrpcRpcBackend::Stop: BEGIN - Setting stop flag
20260909-09:19.19-156029(us) 2438190 * Stop            (srpc_rpc_backend.cc:596): SrpcRpcBackend::Stop: Waiting for event loop to exit...
20260909-09:19.19-156045(us) 2438190 * Stop            (srpc_rpc_backend.cc:612): SrpcRpcBackend::Stop: Event loop exited successfully
20260909-09:19.19-156060(us) 2438190 * Stop            (srpc_rpc_backend.cc:616): SrpcRpcBackend::Stop: Signaling 0 request queues to stop
20260909-09:19.19-156072(us) 2438190 * Stop            (srpc_rpc_backend.cc:624): SrpcRpcBackend::Stop: Signaling 0 response queues to stop
20260909-09:19.19-156089(us) 2438190 * Stop            (srpc_rpc_backend.cc:635): SrpcRpcBackend::Stop: Server cleanup deferred to destructor
20260909-09:19.19-156101(us) 2438190 * Stop            (srpc_rpc_backend.cc:638): SrpcRpcBackend::Stop: Closing client connections
20260909-09:19.19-156117(us) 2438190 * Stop            (srpc_rpc_backend.cc:642): SrpcRpcBackend::Stop: Found 0 client connections to close
20260909-09:19.19-156129(us) 2438190 * Stop            (srpc_rpc_backend.cc:662): SrpcRpcBackend::Stop: Closed 0 client connections
20260909-09:19.19-156143(us) 2438190 * Stop            (srpc_rpc_backend.cc:675): SrpcRpcBackend stats: msg_size_resp_sent: 0 bytes, counter: 0, avg: 0.000000
20260909-09:19.19-156160(us) 2438190 * Stop            (srpc_rpc_backend.cc:676): SrpcRpcBackend::Stop: END
20260909-09:19.19-156175(us) 2438190 * Stop            (srpc_rpc_backend.cc:593): SrpcRpcBackend::Stop: BEGIN - Setting stop flag
20260909-09:19.19-156192(us) 2438190 * Stop            (srpc_rpc_backend.cc:596): SrpcRpcBackend::Stop: Waiting for event loop to exit...
20260909-09:19.19-156207(us) 2438190 * Stop            (srpc_rpc_backend.cc:612): SrpcRpcBackend::Stop: Event loop exited successfully
20260909-09:19.19-156219(us) 2438190 * Stop            (srpc_rpc_backend.cc:616): SrpcRpcBackend::Stop: Signaling 0 request queues to stop
20260909-09:19.19-156232(us) 2438190 * Stop            (srpc_rpc_backend.cc:624): SrpcRpcBackend::Stop: Signaling 0 response queues to stop
20260909-09:19.19-156249(us) 2438190 * Stop            (srpc_rpc_backend.cc:635): SrpcRpcBackend::Stop: Server cleanup deferred to destructor
20260909-09:19.19-156265(us) 2438190 * Stop            (srpc_rpc_backend.cc:638): SrpcRpcBackend::Stop: Closing client connections
20260909-09:19.19-156282(us) 2438190 * Stop            (srpc_rpc_backend.cc:642): SrpcRpcBackend::Stop: Found 0 client connections to close
20260909-09:19.19-156296(us) 2438190 * Stop            (srpc_rpc_backend.cc:662): SrpcRpcBackend::Stop: Closed 0 client connections
20260909-09:19.19-156308(us) 2438190 * Stop            (srpc_rpc_backend.cc:675): SrpcRpcBackend stats: msg_size_resp_sent: 0 bytes, counter: 0, avg: 0.000000
20260909-09:19.19-156322(us) 2438190 * Stop            (srpc_rpc_backend.cc:676): SrpcRpcBackend::Stop: END
[SHUTDOWN] First stop() completed
[SHUTDOWN] Joining 16 worker threads
[SHUTDOWN] Joining worker 0
20260909-09:19.20-152972(us) 2438190 * Stop            (srpc_rpc_backend.cc:589): SrpcRpcBackend::Stop: Already stopped, returning
20260909-09:19.20-153026(us) 2438190 * Shutdown        (srpc_rpc_backend.cc:112): SrpcRpcBackend::Shutdown: About to delete server
20260909-09:19.20-153050(us) 2438190 * Shutdown        (srpc_rpc_backend.cc:116): SrpcRpcBackend::Shutdown: Server pointer is valid, deleting...
20260909-09:19.20-153081(us) 2438190 * Stop            (srpc_rpc_backend.cc:589): SrpcRpcBackend::Stop: Already stopped, returning
20260909-09:19.20-153136(us) 2438190 * Shutdown        (srpc_rpc_backend.cc:112): SrpcRpcBackend::Shutdown: About to delete server
20260909-09:19.20-153160(us) 2438190 * Stop            (srpc_rpc_backend.cc:589): SrpcRpcBackend::Stop: Already stopped, returning
20260909-09:19.20-153209(us) 2438190 * Shutdown        (srpc_rpc_backend.cc:112): SrpcRpcBackend::Shutdown: About to delete server
20260909-09:19.20-153241(us) 2438190 * Stop            (srpc_rpc_backend.cc:589): SrpcRpcBackend::Stop: Already stopped, returning
20260909-09:19.20-153281(us) 2438190 * Shutdown        (srpc_rpc_backend.cc:112): SrpcRpcBackend::Shutdown: About to delete server
20260909-09:19.20-153301(us) 2438190 * Stop            (srpc_rpc_backend.cc:589): SrpcRpcBackend::Stop: Already stopped, returning
20260909-09:19.20-153345(us) 2438190 * Shutdown        (srpc_rpc_backend.cc:112): SrpcRpcBackend::Shutdown: About to delete server
20260909-09:19.20-153368(us) 2438190 * Stop            (srpc_rpc_backend.cc:589): SrpcRpcBackend::Stop: Already stopped, returning
20260909-09:19.20-153409(us) 2438190 * Shutdown        (srpc_rpc_backend.cc:116): SrpcRpcBackend::Shutdown: Server pointer is valid, deleting...
20260909-09:19.20-153458(us) 2438190 * Shutdown        (srpc_rpc_backend.cc:120): SrpcRpcBackend::Shutdown: Server deleted successfully
20260909-09:19.20-153478(us) 2438190 * Shutdown        (srpc_rpc_backend.cc:132): SrpcRpcBackend::Shutdown: About to shutdown poll_thread_worker_
20260909-09:19.20-153500(us) 2438190 * Shutdown        (srpc_rpc_backend.cc:136): SrpcRpcBackend::Shutdown: poll_thread_worker_ is valid, calling shutdown()
20260909-09:19.20-153527(us) 2438190 * Stop            (srpc_rpc_backend.cc:589): SrpcRpcBackend::Stop: Already stopped, returning
20260909-09:19.20-153554(us) 2438190 * Shutdown        (srpc_rpc_backend.cc:112): SrpcRpcBackend::Shutdown: About to delete server
20260909-09:19.20-153572(us) 2438190 * Shutdown        (srpc_rpc_backend.cc:116): SrpcRpcBackend::Shutdown: Server pointer is valid, deleting...
20260909-09:19.20-153604(us) 2438190 * Shutdown        (srpc_rpc_backend.cc:120): SrpcRpcBackend::Shutdown: Server deleted successfully
20260909-09:19.20-153623(us) 2438190 * Shutdown        (srpc_rpc_backend.cc:132): SrpcRpcBackend::Shutdown: About to shutdown poll_thread_worker_
20260909-09:19.20-153638(us) 2438190 * Shutdown        (srpc_rpc_backend.cc:136): SrpcRpcBackend::Shutdown: poll_thread_worker_ is valid, calling shutdown()
20260909-09:19.20-153665(us) 2438190 * Shutdown        (srpc_rpc_backend.cc:112): SrpcRpcBackend::Shutdown: About to delete server
20260909-09:19.20-153717(us) 2438190 * Shutdown        (srpc_rpc_backend.cc:116): SrpcRpcBackend::Shutdown: Server pointer is valid, deleting...
20260909-09:19.20-153750(us) 2438190 * Shutdown        (srpc_rpc_backend.cc:120): SrpcRpcBackend::Shutdown: Server deleted successfully
20260909-09:19.20-153772(us) 2438190 * Shutdown        (srpc_rpc_backend.cc:132): SrpcRpcBackend::Shutdown: About to shutdown poll_thread_worker_
20260909-09:19.20-153793(us) 2438190 * Shutdown        (srpc_rpc_backend.cc:136): SrpcRpcBackend::Shutdown: poll_thread_worker_ is valid, calling shutdown()
20260909-09:19.20-153826(us) 2438190 * Stop            (srpc_rpc_backend.cc:589): SrpcRpcBackend::Stop: Already stopped, returning
20260909-09:19.20-153867(us) 2438190 * Shutdown        (srpc_rpc_backend.cc:112): SrpcRpcBackend::Shutdown: About to delete server
20260909-09:19.20-153887(us) 2438190 * Shutdown        (srpc_rpc_backend.cc:116): SrpcRpcBackend::Shutdown: Server pointer is valid, deleting...
20260909-09:19.20-153919(us) 2438190 * Shutdown        (srpc_rpc_backend.cc:120): SrpcRpcBackend::Shutdown: Server deleted successfully
20260909-09:19.20-153942(us) 2438190 * Shutdown        (srpc_rpc_backend.cc:132): SrpcRpcBackend::Shutdown: About to shutdown poll_thread_worker_
20260909-09:19.20-153969(us) 2438190 * Shutdown        (srpc_rpc_backend.cc:136): SrpcRpcBackend::Shutdown: poll_thread_worker_ is valid, calling shutdown()
20260909-09:19.20-154025(us) 2438190 * Stop            (srpc_rpc_backend.cc:589): SrpcRpcBackend::Stop: Already stopped, returning
20260909-09:19.20-154065(us) 2438190 * Shutdown        (srpc_rpc_backend.cc:112): SrpcRpcBackend::Shutdown: About to delete server
20260909-09:19.20-154084(us) 2438190 * Shutdown        (srpc_rpc_backend.cc:116): SrpcRpcBackend::Shutdown: Server pointer is valid, deleting...
20260909-09:19.20-154114(us) 2438190 * Shutdown        (srpc_rpc_backend.cc:120): SrpcRpcBackend::Shutdown: Server deleted successfully
20260909-09:19.20-154128(us) 2438190 * Shutdown        (srpc_rpc_backend.cc:132): SrpcRpcBackend::Shutdown: About to shutdown poll_thread_worker_
20260909-09:19.20-154143(us) 2438190 * Shutdown        (srpc_rpc_backend.cc:136): SrpcRpcBackend::Shutdown: poll_thread_worker_ is valid, calling shutdown()
20260909-09:19.20-154170(us) 2438190 * Stop            (srpc_rpc_backend.cc:589): SrpcRpcBackend::Stop: Already stopped, returning
20260909-09:19.20-154213(us) 2438190 * Shutdown        (srpc_rpc_backend.cc:112): SrpcRpcBackend::Shutdown: About to delete server
20260909-09:19.20-154237(us) 2438190 * Shutdown        (srpc_rpc_backend.cc:116): SrpcRpcBackend::Shutdown: Server pointer is valid, deleting...
20260909-09:19.20-154265(us) 2438190 * Shutdown        (srpc_rpc_backend.cc:120): SrpcRpcBackend::Shutdown: Server deleted successfully
20260909-09:19.20-154290(us) 2438190 * Shutdown        (srpc_rpc_backend.cc:132): SrpcRpcBackend::Shutdown: About to shutdown poll_thread_worker_
20260909-09:19.20-154312(us) 2438190 * Shutdown        (srpc_rpc_backend.cc:136): SrpcRpcBackend::Shutdown: poll_thread_worker_ is valid, calling shutdown()
20260909-09:19.20-154350(us) 2438190 * Stop            (srpc_rpc_backend.cc:589): SrpcRpcBackend::Stop: Already stopped, returning
20260909-09:19.20-154399(us) 2438190 * Shutdown        (srpc_rpc_backend.cc:112): SrpcRpcBackend::Shutdown: About to delete server
20260909-09:19.20-154432(us) 2438190 * Shutdown        (srpc_rpc_backend.cc:116): SrpcRpcBackend::Shutdown: Server pointer is valid, deleting...
20260909-09:19.20-154462(us) 2438190 * Shutdown        (srpc_rpc_backend.cc:120): SrpcRpcBackend::Shutdown: Server deleted successfully
20260909-09:19.20-154486(us) 2438190 * Shutdown        (srpc_rpc_backend.cc:132): SrpcRpcBackend::Shutdown: About to shutdown poll_thread_worker_
20260909-09:19.20-154514(us) 2438190 * Shutdown        (srpc_rpc_backend.cc:138): SrpcRpcBackend::Shutdown: poll_thread_worker_->shutdown() completed
20260909-09:19.20-154564(us) 2438190 * Shutdown        (srpc_rpc_backend.cc:140): SrpcRpcBackend::Shutdown: poll_thread_worker_ reset to None
20260909-09:19.20-154585(us) 2438190 * Shutdown        (srpc_rpc_backend.cc:145): SrpcRpcBackend::Shutdown: Shutdown sequence completed, destructor will now exit
20260909-09:19.20-154601(us) 2438190 * ~SrpcRpcBackend (srpc_rpc_backend.cc:52): SrpcRpcBackend::~SrpcRpcBackend: START destructor
20260909-09:19.20-154618(us) 2438190 * Stop            (srpc_rpc_backend.cc:589): SrpcRpcBackend::Stop: Already stopped, returning
20260909-09:19.20-154634(us) 2438190 * Shutdown        (srpc_rpc_backend.cc:112): SrpcRpcBackend::Shutdown: About to delete server
20260909-09:19.20-154654(us) 2438190 * Shutdown        (srpc_rpc_backend.cc:129): SrpcRpcBackend::Shutdown: Server pointer is null, skipping deletion
20260909-09:19.20-154672(us) 2438190 * Shutdown        (srpc_rpc_backend.cc:132): SrpcRpcBackend::Shutdown: About to shutdown poll_thread_worker_
20260909-09:19.20-154686(us) 2438190 * Shutdown        (srpc_rpc_backend.cc:142): SrpcRpcBackend::Shutdown: poll_thread_worker_ is null, skipping shutdown
20260909-09:19.20-154701(us) 2438190 * Shutdown        (srpc_rpc_backend.cc:145): SrpcRpcBackend::Shutdown: Shutdown sequence completed, destructor will now exit
20260909-09:19.20-154716(us) 2438190 * ~SrpcRpcBackend (srpc_rpc_backend.cc:54): SrpcRpcBackend::~SrpcRpcBackend: Shutdown() completed
20260909-09:19.20-154766(us) 2438190 * Shutdown        (srpc_rpc_backend.cc:136): SrpcRpcBackend::Shutdown: poll_thread_worker_ is valid, calling shutdown()
20260909-09:19.20-154890(us) 2438190 * Stop            (srpc_rpc_backend.cc:589): SrpcRpcBackend::Stop: Already stopped, returning
20260909-09:19.20-154937(us) 2438190 * Shutdown        (srpc_rpc_backend.cc:112): SrpcRpcBackend::Shutdown: About to delete server
20260909-09:19.20-154961(us) 2438190 * Shutdown        (srpc_rpc_backend.cc:116): SrpcRpcBackend::Shutdown: Server pointer is valid, deleting...
20260909-09:19.20-154992(us) 2438190 * Shutdown        (srpc_rpc_backend.cc:120): SrpcRpcBackend::Shutdown: Server deleted successfully
20260909-09:19.20-155016(us) 2438190 * Shutdown        (srpc_rpc_backend.cc:132): SrpcRpcBackend::Shutdown: About to shutdown poll_thread_worker_
20260909-09:19.20-155041(us) 2438190 * Shutdown        (srpc_rpc_backend.cc:136): SrpcRpcBackend::Shutdown: poll_thread_worker_ is valid, calling shutdown()
20260909-09:19.20-155074(us) 2438190 * Shutdown        (srpc_rpc_backend.cc:116): SrpcRpcBackend::Shutdown: Server pointer is valid, deleting...
20260909-09:19.20-155101(us) 2438190 * Shutdown        (srpc_rpc_backend.cc:120): SrpcRpcBackend::Shutdown: Server deleted successfully
20260909-09:19.20-155122(us) 2438190 * Shutdown        (srpc_rpc_backend.cc:132): SrpcRpcBackend::Shutdown: About to shutdown poll_thread_worker_
20260909-09:19.20-155137(us) 2438190 * Shutdown        (srpc_rpc_backend.cc:136): SrpcRpcBackend::Shutdown: poll_thread_worker_ is valid, calling shutdown()
20260909-09:19.20-155170(us) 2438190 * Shutdown        (srpc_rpc_backend.cc:116): SrpcRpcBackend::Shutdown: Server pointer is valid, deleting...
20260909-09:19.20-155216(us) 2438190 * Shutdown        (srpc_rpc_backend.cc:120): SrpcRpcBackend::Shutdown: Server deleted successfully
20260909-09:19.20-155240(us) 2438190 * Shutdown        (srpc_rpc_backend.cc:132): SrpcRpcBackend::Shutdown: About to shutdown poll_thread_worker_
20260909-09:19.20-155261(us) 2438190 * Shutdown        (srpc_rpc_backend.cc:138): SrpcRpcBackend::Shutdown: poll_thread_worker_->shutdown() completed
20260909-09:19.20-155282(us) 2438190 * Stop            (srpc_rpc_backend.cc:589): SrpcRpcBackend::Stop: Already stopped, returning
20260909-09:19.20-155327(us) 2438190 * Shutdown        (srpc_rpc_backend.cc:112): SrpcRpcBackend::Shutdown: About to delete server
20260909-09:19.20-155350(us) 2438190 * Shutdown        (srpc_rpc_backend.cc:116): SrpcRpcBackend::Shutdown: Server pointer is valid, deleting...
20260909-09:19.20-155366(us) 2438190 * Shutdown        (srpc_rpc_backend.cc:140): SrpcRpcBackend::Shutdown: poll_thread_worker_ reset to None
20260909-09:19.20-155386(us) 2438190 * Shutdown        (srpc_rpc_backend.cc:145): SrpcRpcBackend::Shutdown: Shutdown sequence completed, destructor will now exit
20260909-09:19.20-155411(us) 2438190 * ~SrpcRpcBackend (srpc_rpc_backend.cc:52): SrpcRpcBackend::~SrpcRpcBackend: START destructor
20260909-09:19.20-155429(us) 2438190 * Stop            (srpc_rpc_backend.cc:589): SrpcRpcBackend::Stop: Already stopped, returning
20260909-09:19.20-155445(us) 2438190 * Shutdown        (srpc_rpc_backend.cc:112): SrpcRpcBackend::Shutdown: About to delete server
20260909-09:19.20-155463(us) 2438190 * Shutdown        (srpc_rpc_backend.cc:129): SrpcRpcBackend::Shutdown: Server pointer is null, skipping deletion
20260909-09:19.20-155486(us) 2438190 * Shutdown        (srpc_rpc_backend.cc:132): SrpcRpcBackend::Shutdown: About to shutdown poll_thread_worker_
20260909-09:19.20-155516(us) 2438190 * Shutdown        (srpc_rpc_backend.cc:142): SrpcRpcBackend::Shutdown: poll_thread_worker_ is null, skipping shutdown
20260909-09:19.20-155535(us) 2438190 * Shutdown        (srpc_rpc_backend.cc:145): SrpcRpcBackend::Shutdown: Shutdown sequence completed, destructor will now exit
20260909-09:19.20-155556(us) 2438190 * ~SrpcRpcBackend (srpc_rpc_backend.cc:54): SrpcRpcBackend::~SrpcRpcBackend: Shutdown() completed
20260909-09:19.20-155590(us) 2438190 * Stop            (srpc_rpc_backend.cc:589): SrpcRpcBackend::Stop: Already stopped, returning
20260909-09:19.20-155624(us) 2438190 * Shutdown        (srpc_rpc_backend.cc:112): SrpcRpcBackend::Shutdown: About to delete server
20260909-09:19.20-155644(us) 2438190 * Shutdown        (srpc_rpc_backend.cc:116): SrpcRpcBackend::Shutdown: Server pointer is valid, deleting...
20260909-09:19.20-155664(us) 2438190 * Shutdown        (srpc_rpc_backend.cc:120): SrpcRpcBackend::Shutdown: Server deleted successfully
20260909-09:19.20-155690(us) 2438190 * Shutdown        (srpc_rpc_backend.cc:132): SrpcRpcBackend::Shutdown: About to shutdown poll_thread_worker_
20260909-09:19.20-155706(us) 2438190 * Shutdown        (srpc_rpc_backend.cc:136): SrpcRpcBackend::Shutdown: poll_thread_worker_ is valid, calling shutdown()
20260909-09:19.20-155731(us) 2438190 * Shutdown        (srpc_rpc_backend.cc:116): SrpcRpcBackend::Shutdown: Server pointer is valid, deleting...
20260909-09:19.20-155776(us) 2438190 * Shutdown        (srpc_rpc_backend.cc:120): SrpcRpcBackend::Shutdown: Server deleted successfully
20260909-09:19.20-155804(us) 2438190 * Shutdown        (srpc_rpc_backend.cc:132): SrpcRpcBackend::Shutdown: About to shutdown poll_thread_worker_
20260909-09:19.20-155826(us) 2438190 * Shutdown        (srpc_rpc_backend.cc:136): SrpcRpcBackend::Shutdown: poll_thread_worker_ is valid, calling shutdown()
20260909-09:19.20-155875(us) 2438190 * Shutdown        (srpc_rpc_backend.cc:138): SrpcRpcBackend::Shutdown: poll_thread_worker_->shutdown() completed
20260909-09:19.20-155919(us) 2438190 * Shutdown        (srpc_rpc_backend.cc:136): SrpcRpcBackend::Shutdown: poll_thread_worker_ is valid, calling shutdown()
20260909-09:19.20-155968(us) 2438190 * Shutdown        (srpc_rpc_backend.cc:138): SrpcRpcBackend::Shutdown: poll_thread_worker_->shutdown() completed
20260909-09:19.20-156011(us) 2438190 * Shutdown        (srpc_rpc_backend.cc:138): SrpcRpcBackend::Shutdown: poll_thread_worker_->shutdown() completed
20260909-09:19.20-156049(us) 2438190 * Shutdown        (srpc_rpc_backend.cc:140): SrpcRpcBackend::Shutdown: poll_thread_worker_ reset to None
20260909-09:19.20-156077(us) 2438190 * Shutdown        (srpc_rpc_backend.cc:145): SrpcRpcBackend::Shutdown: Shutdown sequence completed, destructor will now exit
20260909-09:19.20-156100(us) 2438190 * ~SrpcRpcBackend (srpc_rpc_backend.cc:52): SrpcRpcBackend::~SrpcRpcBackend: START destructor
20260909-09:19.20-156128(us) 2438190 * Stop            (srpc_rpc_backend.cc:589): SrpcRpcBackend::Stop: Already stopped, returning
20260909-09:19.20-156148(us) 2438190 * Shutdown        (srpc_rpc_backend.cc:112): SrpcRpcBackend::Shutdown: About to delete server
20260909-09:19.20-156172(us) 2438190 * Shutdown        (srpc_rpc_backend.cc:129): SrpcRpcBackend::Shutdown: Server pointer is null, skipping deletion
20260909-09:19.20-156201(us) 2438190 * Shutdown        (srpc_rpc_backend.cc:132): SrpcRpcBackend::Shutdown: About to shutdown poll_thread_worker_
20260909-09:19.20-156226(us) 2438190 * Shutdown        (srpc_rpc_backend.cc:142): SrpcRpcBackend::Shutdown: poll_thread_worker_ is null, skipping shutdown
20260909-09:19.20-156247(us) 2438190 * Shutdown        (srpc_rpc_backend.cc:145): SrpcRpcBackend::Shutdown: Shutdown sequence completed, destructor will now exit
20260909-09:19.20-156275(us) 2438190 * ~SrpcRpcBackend (srpc_rpc_backend.cc:54): SrpcRpcBackend::~SrpcRpcBackend: Shutdown() completed
20260909-09:19.20-156306(us) 2438190 * Shutdown        (srpc_rpc_backend.cc:140): SrpcRpcBackend::Shutdown: poll_thread_worker_ reset to None
20260909-09:19.20-156329(us) 2438190 * Shutdown        (srpc_rpc_backend.cc:145): SrpcRpcBackend::Shutdown: Shutdown sequence completed, destructor will now exit
20260909-09:19.20-156352(us) 2438190 * ~SrpcRpcBackend (srpc_rpc_backend.cc:52): SrpcRpcBackend::~SrpcRpcBackend: START destructor
20260909-09:19.20-156369(us) 2438190 * Stop            (srpc_rpc_backend.cc:589): SrpcRpcBackend::Stop: Already stopped, returning
20260909-09:19.20-156387(us) 2438190 * Shutdown        (srpc_rpc_backend.cc:112): SrpcRpcBackend::Shutdown: About to delete server
20260909-09:19.20-156403(us) 2438190 * Shutdown        (srpc_rpc_backend.cc:129): SrpcRpcBackend::Shutdown: Server pointer is null, skipping deletion
20260909-09:19.20-156418(us) 2438190 * Shutdown        (srpc_rpc_backend.cc:132): SrpcRpcBackend::Shutdown: About to shutdown poll_thread_worker_
20260909-09:19.20-156431(us) 2438190 * Shutdown        (srpc_rpc_backend.cc:142): SrpcRpcBackend::Shutdown: poll_thread_worker_ is null, skipping shutdown
20260909-09:19.20-156446(us) 2438190 * Shutdown        (srpc_rpc_backend.cc:145): SrpcRpcBackend::Shutdown: Shutdown sequence completed, destructor will now exit
20260909-09:19.20-156472(us) 2438190 * ~SrpcRpcBackend (srpc_rpc_backend.cc:54): SrpcRpcBackend::~SrpcRpcBackend: Shutdown() completed
20260909-09:19.20-156572(us) 2438190 * Stop            (srpc_rpc_backend.cc:589): SrpcRpcBackend::Stop: Already stopped, returning
20260909-09:19.20-156591(us) 2438190 * Shutdown        (srpc_rpc_backend.cc:112): SrpcRpcBackend::Shutdown: About to delete server
20260909-09:19.20-156606(us) 2438190 * Shutdown        (srpc_rpc_backend.cc:116): SrpcRpcBackend::Shutdown: Server pointer is valid, deleting...
20260909-09:19.20-156640(us) 2438190 * Shutdown        (srpc_rpc_backend.cc:120): SrpcRpcBackend::Shutdown: Server deleted successfully
20260909-09:19.20-156656(us) 2438190 * Shutdown        (srpc_rpc_backend.cc:132): SrpcRpcBackend::Shutdown: About to shutdown poll_thread_worker_
20260909-09:19.20-156675(us) 2438190 * Shutdown        (srpc_rpc_backend.cc:136): SrpcRpcBackend::Shutdown: poll_thread_worker_ is valid, calling shutdown()
20260909-09:19.20-156702(us) 2438190 * Shutdown        (srpc_rpc_backend.cc:120): SrpcRpcBackend::Shutdown: Server deleted successfully
20260909-09:19.20-156737(us) 2438190 * Shutdown        (srpc_rpc_backend.cc:132): SrpcRpcBackend::Shutdown: About to shutdown poll_thread_worker_
20260909-09:19.20-156763(us) 2438190 * Shutdown        (srpc_rpc_backend.cc:136): SrpcRpcBackend::Shutdown: poll_thread_worker_ is valid, calling shutdown()
20260909-09:19.20-156795(us) 2438190 * Stop            (srpc_rpc_backend.cc:589): SrpcRpcBackend::Stop: Already stopped, returning
20260909-09:19.20-156848(us) 2438190 * Shutdown        (srpc_rpc_backend.cc:112): SrpcRpcBackend::Shutdown: About to delete server
20260909-09:19.20-156877(us) 2438190 * Shutdown        (srpc_rpc_backend.cc:116): SrpcRpcBackend::Shutdown: Server pointer is valid, deleting...
20260909-09:19.20-156908(us) 2438190 * Shutdown        (srpc_rpc_backend.cc:120): SrpcRpcBackend::Shutdown: Server deleted successfully
20260909-09:19.20-156936(us) 2438190 * Shutdown        (srpc_rpc_backend.cc:132): SrpcRpcBackend::Shutdown: About to shutdown poll_thread_worker_
20260909-09:19.20-156961(us) 2438190 * Shutdown        (srpc_rpc_backend.cc:136): SrpcRpcBackend::Shutdown: poll_thread_worker_ is valid, calling shutdown()
20260909-09:19.20-157002(us) 2438190 * Shutdown        (srpc_rpc_backend.cc:138): SrpcRpcBackend::Shutdown: poll_thread_worker_->shutdown() completed
20260909-09:19.20-157063(us) 2438190 * Shutdown        (srpc_rpc_backend.cc:138): SrpcRpcBackend::Shutdown: poll_thread_worker_->shutdown() completed
20260909-09:19.20-157129(us) 2438190 * Shutdown        (srpc_rpc_backend.cc:140): SrpcRpcBackend::Shutdown: poll_thread_worker_ reset to None
20260909-09:19.20-157169(us) 2438190 * Shutdown        (srpc_rpc_backend.cc:140): SrpcRpcBackend::Shutdown: poll_thread_worker_ reset to None
20260909-09:19.20-157199(us) 2438190 * Shutdown        (srpc_rpc_backend.cc:145): SrpcRpcBackend::Shutdown: Shutdown sequence completed, destructor will now exit
20260909-09:19.20-157223(us) 2438190 * ~SrpcRpcBackend (srpc_rpc_backend.cc:52): SrpcRpcBackend::~SrpcRpcBackend: START destructor
20260909-09:19.20-157247(us) 2438190 * Stop            (srpc_rpc_backend.cc:589): SrpcRpcBackend::Stop: Already stopped, returning
20260909-09:19.20-157271(us) 2438190 * Shutdown        (srpc_rpc_backend.cc:112): SrpcRpcBackend::Shutdown: About to delete server
20260909-09:19.20-157291(us) 2438190 * Shutdown        (srpc_rpc_backend.cc:129): SrpcRpcBackend::Shutdown: Server pointer is null, skipping deletion
20260909-09:19.20-157312(us) 2438190 * Shutdown        (srpc_rpc_backend.cc:132): SrpcRpcBackend::Shutdown: About to shutdown poll_thread_worker_
20260909-09:19.20-157334(us) 2438190 * Shutdown        (srpc_rpc_backend.cc:142): SrpcRpcBackend::Shutdown: poll_thread_worker_ is null, skipping shutdown
[SHUTDOWN] Worker 20260909-09:19.20-157358(us) 2438190 * Shutdown        (srpc_rpc_backend.cc:145): SrpcRpcBackend::Shutdown: Shutdown sequence completed, destructor will now exit
20260909-09:19.20-157380(us) 2438190 0 joined
* ~SrpcRpcBackend (srpc_rpc_backend.cc:54): SrpcRpcBackend::~SrpcRpcBackend: Shutdown() completed
[SHUTDOWN] Joining worker 1
20260909-09:19.20-157441(us) 2438190 * Shutdown        (srpc_rpc_backend.cc:138): SrpcRpcBackend::Shutdown: poll_thread_worker_->shutdown() completed
20260909-09:19.20-157479(us) 2438190 * Shutdown        (srpc_rpc_backend.cc:145): SrpcRpcBackend::Shutdown: Shutdown sequence completed, destructor will now exit
20260909-09:19.20-157509(us) 2438190 * Shutdown        (srpc_rpc_backend.cc:140): SrpcRpcBackend::Shutdown: poll_thread_worker_ reset to None
20260909-09:19.20-157530(us) 2438190 * Shutdown        (srpc_rpc_backend.cc:145): SrpcRpcBackend::Shutdown: Shutdown sequence completed, destructor will now exit
20260909-09:19.20-157558(us) 2438190 * ~SrpcRpcBackend (srpc_rpc_backend.cc:52): SrpcRpcBackend::~SrpcRpcBackend: START destructor
20260909-09:19.20-157577(us) 2438190 * Stop            (srpc_rpc_backend.cc:589): SrpcRpcBackend::Stop: Already stopped, returning
20260909-09:19.20-157596(us) 2438190 * Shutdown        (srpc_rpc_backend.cc:112): SrpcRpcBackend::Shutdown: About to delete server
20260909-09:19.20-157619(us) 2438190 * Shutdown        (srpc_rpc_backend.cc:129): SrpcRpcBackend::Shutdown: Server pointer is null, skipping deletion
20260909-09:19.20-157637(us) 2438190 * Shutdown        (srpc_rpc_backend.cc:132): SrpcRpcBackend::Shutdown: About to shutdown poll_thread_worker_
20260909-09:19.20-157655(us) 2438190 * Shutdown        (srpc_rpc_backend.cc:142): SrpcRpcBackend::Shutdown: poll_thread_worker_ is null, skipping shutdown
20260909-09:19.20-157671(us) 2438190 * Shutdown        (srpc_rpc_backend.cc:145): SrpcRpcBackend::Shutdown: Shutdown sequence completed, destructor will now exit
20260909-09:19.20-157691(us) 2438190 * ~SrpcRpcBackend (srpc_rpc_backend.cc:54): SrpcRpcBackend::~SrpcRpcBackend: Shutdown() completed
20260909-09:19.20-157714(us) 2438190 * Shutdown        (srpc_rpc_backend.cc:120): SrpcRpcBackend::Shutdown: Server deleted successfully
20260909-09:19.20-157759(us) 2438190 * Shutdown        (srpc_rpc_backend.cc:132): SrpcRpcBackend::Shutdown: About to shutdown poll_thread_worker_
20260909-09:19.20-157788(us) 2438190 * Shutdown        (srpc_rpc_backend.cc:136): SrpcRpcBackend::Shutdown: poll_thread_worker_ is valid, calling shutdown()
20260909-09:19.20-157817(us) 2438190 * Shutdown        (srpc_rpc_backend.cc:138): SrpcRpcBackend::Shutdown: poll_thread_worker_->shutdown() completed
20260909-09:19.20-157871(us) 2438190 * Shutdown        (srpc_rpc_backend.cc:140): SrpcRpcBackend::Shutdown: poll_thread_worker_ reset to None
20260909-09:19.20-157907(us) 2438190 * Shutdown        (srpc_rpc_backend.cc:145): SrpcRpcBackend::Shutdown: Shutdown sequence completed, destructor will now exit
20260909-09:19.20-157931(us) 2438190 * ~SrpcRpcBackend (srpc_rpc_backend.cc:52): SrpcRpcBackend::~SrpcRpcBackend: START destructor
20260909-09:19.20-157963(us) 2438190 * Stop            (srpc_rpc_backend.cc:589): SrpcRpcBackend::Stop: Already stopped, returning
20260909-09:19.20-157987(us) 2438190 * Shutdown        (srpc_rpc_backend.cc:112): SrpcRpcBackend::Shutdown: About to delete server
20260909-09:19.20-158010(us) 2438190 * Shutdown        (srpc_rpc_backend.cc:129): SrpcRpcBackend::Shutdown: Server pointer is null, skipping deletion
20260909-09:19.20-158035(us) 2438190 * Shutdown        (srpc_rpc_backend.cc:132): SrpcRpcBackend::Shutdown: About to shutdown poll_thread_worker_
20260909-09:19.20-158062(us) 2438190 * Shutdown        (srpc_rpc_backend.cc:142): SrpcRpcBackend::Shutdown: poll_thread_worker_ is null, skipping shutdown
20260909-09:19.20-158091(us) 2438190 * Shutdown        (srpc_rpc_backend.cc:138): SrpcRpcBackend::Shutdown: poll_thread_worker_->shutdown() completed
20260909-09:19.20-158129(us) 2438190 * Shutdown        (srpc_rpc_backend.cc:138): SrpcRpcBackend::Shutdown: poll_thread_worker_->shutdown() completed
20260909-09:19.20-158159(us) 2438190 * Shutdown        (srpc_rpc_backend.cc:140): SrpcRpcBackend::Shutdown: poll_thread_worker_ reset to None
20260909-09:19.20-158186(us) 2438190 * Shutdown        (srpc_rpc_backend.cc:140): SrpcRpcBackend::Shutdown: poll_thread_worker_ reset to None
20260909-09:19.20-158205(us) 2438190 * Shutdown        (srpc_rpc_backend.cc:145): SrpcRpcBackend::Shutdown: Shutdown sequence completed, destructor will now exit
20260909-09:19.20-158224(us) 2438190 * ~SrpcRpcBackend (srpc_rpc_backend.cc:52): SrpcRpcBackend::~SrpcRpcBackend: START destructor
20260909-09:19.20-158244(us) 2438190 * Stop            (srpc_rpc_backend.cc:589): SrpcRpcBackend::Stop: Already stopped, returning
20260909-09:19.20-158261(us) 2438190 * Shutdown        (srpc_rpc_backend.cc:112): SrpcRpcBackend::Shutdown: About to delete server
20260909-09:19.20-158276(us) 2438190 * Shutdown        (srpc_rpc_backend.cc:129): SrpcRpcBackend::Shutdown: Server pointer is null, skipping deletion
20260909-09:19.20-158298(us) 2438190 * Shutdown        (srpc_rpc_backend.cc:132): SrpcRpcBackend::Shutdown: About to shutdown poll_thread_worker_
20260909-09:19.20-158322(us) 2438190 * Shutdown        (srpc_rpc_backend.cc:142): SrpcRpcBackend::Shutdown: poll_thread_worker_ is null, skipping shutdown
20260909-09:19.20-158341(us) 2438190 * Shutdown        (srpc_rpc_backend.cc:145): SrpcRpcBackend::Shutdown: Shutdown sequence completed, destructor will now exit
20260909-09:19.20-158361(us) 2438190 * ~SrpcRpcBackend (srpc_rpc_backend.cc:54): SrpcRpcBackend::~SrpcRpcBackend: Shutdown() completed
20260909-09:19.20-158386(us) 2438190 * Shutdown        (srpc_rpc_backend.cc:138): SrpcRpcBackend::Shutdown: poll_thread_worker_->shutdown() completed
20260909-09:19.20-158437(us) 2438190 * Shutdown        (srpc_rpc_backend.cc:145): SrpcRpcBackend::Shutdown: Shutdown sequence completed, destructor will now exit
20260909-09:19.20-158461(us) 2438190 * ~SrpcRpcBackend (srpc_rpc_backend.cc:52): SrpcRpcBackend::~SrpcRpcBackend: START destructor
20260909-09:19.20-158485(us) 2438190 * Stop            (srpc_rpc_backend.cc:589): SrpcRpcBackend::Stop: Already stopped, returning
20260909-09:19.20-158511(us) 2438190 * Shutdown        (srpc_rpc_backend.cc:112): SrpcRpcBackend::Shutdown: About to delete server
20260909-09:19.20-158535(us) 2438190 * Shutdown        (srpc_rpc_backend.cc:129): SrpcRpcBackend::Shutdown: Server pointer is null, skipping deletion
20260909-09:19.20-158552(us) 2438190 * Shutdown        (srpc_rpc_backend.cc:132): SrpcRpcBackend::Shutdown: About to shutdown poll_thread_worker_
20260909-09:19.20-158572(us) 2438190 * Shutdown        (srpc_rpc_backend.cc:142): SrpcRpcBackend::Shutdown: poll_thread_worker_ is null, skipping shutdown
20260909-09:19.20-158594(us) 2438190 * Shutdown        (srpc_rpc_backend.cc:145): SrpcRpcBackend::Shutdown: Shutdown sequence completed, destructor will now exit
20260909-09:19.20-158613(us) 2438190 * ~SrpcRpcBackend (srpc_rpc_backend.cc:54): SrpcRpcBackend::~SrpcRpcBackend: Shutdown() completed
20260909-09:19.20-158642(us) 2438190 * ~SrpcRpcBackend (srpc_rpc_backend.cc:52): SrpcRpcBackend::~SrpcRpcBackend: START destructor
20260909-09:19.20-158676(us) 2438190 * Stop            (srpc_rpc_backend.cc:589): SrpcRpcBackend::Stop: Already stopped, returning
20260909-09:19.20-158697(us) 2438190 * Shutdown        (srpc_rpc_backend.cc:112): SrpcRpcBackend::Shutdown: About to delete server
20260909-09:19.20-158721(us) 2438190 * Shutdown        (srpc_rpc_backend.cc:129): SrpcRpcBackend::Shutdown: Server pointer is null, skipping deletion
20260909-09:19.20-158739(us) 2438190 * Shutdown        (srpc_rpc_backend.cc:132): SrpcRpcBackend::Shutdown: About to shutdown poll_thread_worker_
20260909-09:19.20-158755(us) 2438190 * Shutdown        (srpc_rpc_backend.cc:142): SrpcRpcBackend::Shutdown: poll_thread_worker_ is null, skipping shutdown
20260909-09:19.20-158772(us) 2438190 * Shutdown        (srpc_rpc_backend.cc:145): SrpcRpcBackend::Shutdown: Shutdown sequence completed, destructor will now exit
20260909-09:19.20-158790(us) 2438190 * ~SrpcRpcBackend (srpc_rpc_backend.cc:54): SrpcRpcBackend::~SrpcRpcBackend: Shutdown() completed
20260909-09:19.20-158824(us) 2438190 * Shutdown        (srpc_rpc_backend.cc:138): SrpcRpcBackend::Shutdown: poll_thread_worker_->shutdown() completed
20260909-09:19.20-158880(us) 2438190 * Shutdown        (srpc_rpc_backend.cc:138): SrpcRpcBackend::Shutdown: poll_thread_worker_->shutdown() completed
20260909-09:19.20-158925(us) 2438190 * Shutdown        (srpc_rpc_backend.cc:138): SrpcRpcBackend::Shutdown: poll_thread_worker_->shutdown() completed
20260909-09:19.20-158999(us) 2438190 * Shutdown        (srpc_rpc_backend.cc:140): SrpcRpcBackend::Shutdown: poll_thread_worker_ reset to None
20260909-09:19.20-159040(us) 2438190 * Shutdown        (srpc_rpc_backend.cc:145): SrpcRpcBackend::Shutdown: Shutdown sequence completed, destructor will now exit
20260909-09:19.20-159065(us) 2438190 * ~SrpcRpcBackend (srpc_rpc_backend.cc:52): SrpcRpcBackend::~SrpcRpcBackend: START destructor
20260909-09:19.20-159094(us) 2438190 * Stop            (srpc_rpc_backend.cc:589): SrpcRpcBackend::Stop: Already stopped, returning
20260909-09:19.20-159124(us) 2438190 * Shutdown        (srpc_rpc_backend.cc:112): SrpcRpcBackend::Shutdown: About to delete server
20260909-09:19.20-159155(us) 2438190 * Shutdown        (srpc_rpc_backend.cc:129): SrpcRpcBackend::Shutdown: Server pointer is null, skipping deletion
20260909-09:19.20-159178(us) 2438190 * Shutdown        (srpc_rpc_backend.cc:132): SrpcRpcBackend::Shutdown: About to shutdown poll_thread_worker_
20260909-09:19.20-159200(us) 2438190 * Shutdown        (srpc_rpc_backend.cc:142): SrpcRpcBackend::Shutdown: poll_thread_worker_ is null, skipping shutdown
20260909-09:19.20-159223(us) 2438190 * Shutdown        (srpc_rpc_backend.cc:145): SrpcRpcBackend::Shutdown: Shutdown sequence completed, destructor will now exit
20260909-09:19.20-159249(us) 2438190 * ~SrpcRpcBackend (srpc_rpc_backend.cc:54): SrpcRpcBackend::~SrpcRpcBackend: Shutdown() completed
20260909-09:19.20-159281(us) 2438190 * Shutdown        (srpc_rpc_backend.cc:140): SrpcRpcBackend::Shutdown: poll_thread_worker_ reset to None
20260909-09:19.20-159309(us) 2438190 * Shutdown        (srpc_rpc_backend.cc:145): SrpcRpcBackend::Shutdown: Shutdown sequence completed, destructor will now exit
20260909-09:19.20-159326(us) 2438190 * ~SrpcRpcBackend (srpc_rpc_backend.cc:52): SrpcRpcBackend::~SrpcRpcBackend: START destructor
20260909-09:19.20-159344(us) 2438190 * Stop            (srpc_rpc_backend.cc:589): SrpcRpcBackend::Stop: Already stopped, returning
20260909-09:19.20-159363(us) 2438190 * Shutdown        (srpc_rpc_backend.cc:112): SrpcRpcBackend::Shutdown: About to delete server
20260909-09:19.20-159382(us) 2438190 * Shutdown        (srpc_rpc_backend.cc:129): SrpcRpcBackend::Shutdown: Server pointer is null, skipping deletion
20260909-09:19.20-159404(us) 2438190 * Shutdown        (srpc_rpc_backend.cc:132): SrpcRpcBackend::Shutdown: About to shutdown poll_thread_worker_
20260909-09:19.20-159428(us) 2438190 * Shutdown        (srpc_rpc_backend.cc:142): SrpcRpcBackend::Shutdown: poll_thread_worker_ is null, skipping shutdown
20260909-09:19.20-159450(us) 2438190 * Shutdown        (srpc_rpc_backend.cc:145): SrpcRpcBackend::Shutdown: Shutdown sequence completed, destructor will now exit
20260909-09:19.20-159472(us) 2438190 * ~SrpcRpcBackend (srpc_rpc_backend.cc:54): SrpcRpcBackend::~SrpcRpcBackend: Shutdown() completed
20260909-09:19.20-159500(us) 2438190 * Shutdown        (srpc_rpc_backend.cc:140): SrpcRpcBackend::Shutdown: poll_thread_worker_ reset to None
20260909-09:19.20-159527(us) 2438190 * Shutdown        (srpc_rpc_backend.cc:145): SrpcRpcBackend::Shutdown: Shutdown sequence completed, destructor will now exit
20260909-09:19.20-159546(us) 2438190 * ~SrpcRpcBackend (srpc_rpc_backend.cc:52): SrpcRpcBackend::~SrpcRpcBackend: START destructor
20260909-09:19.20-159565(us) 2438190 * Stop            (srpc_rpc_backend.cc:589): SrpcRpcBackend::Stop: Already stopped, returning
20260909-09:19.20-159589(us) 2438190 * Shutdown        (srpc_rpc_backend.cc:112): SrpcRpcBackend::Shutdown: About to delete server
20260909-09:19.20-159608(us) 2438190 * Shutdown        (srpc_rpc_backend.cc:129): SrpcRpcBackend::Shutdown: Server pointer is null, skipping deletion
20260909-09:19.20-159630(us) 2438190 * Shutdown        (srpc_rpc_backend.cc:132): SrpcRpcBackend::Shutdown: About to shutdown poll_thread_worker_
20260909-09:19.20-159653(us) 2438190 * Shutdown        (srpc_rpc_backend.cc:142): SrpcRpcBackend::Shutdown: poll_thread_worker_ is null, skipping shutdown
20260909-09:19.20-159676(us) 2438190 * Shutdown        (srpc_rpc_backend.cc:145): SrpcRpcBackend::Shutdown: Shutdown sequence completed, destructor will now exit
20260909-09:19.20-159697(us) 2438190 * ~SrpcRpcBackend (srpc_rpc_backend.cc:54): SrpcRpcBackend::~SrpcRpcBackend: Shutdown() completed
20260909-09:19.20-159728(us) 2438190 * Shutdown        (srpc_rpc_backend.cc:140): SrpcRpcBackend::Shutdown: poll_thread_worker_ reset to None
20260909-09:19.20-159771(us) 2438190 * Shutdown        (srpc_rpc_backend.cc:145): SrpcRpcBackend::Shutdown: Shutdown sequence completed, destructor will now exit
[SHUTDOWN] Worker 20260909-09:19.20-159801(us) 2438190 * ~SrpcRpcBackend (srpc_rpc_backend.cc:52): SrpcRpcBackend::~SrpcRpcBackend: START destructor
1 joined
[SHUTDOWN] Joining worker 2
20260909-09:19.20-159879(us) 2438190 * Stop            (srpc_rpc_backend.cc:589): SrpcRpcBackend::Stop: Already stopped, returning
20260909-09:19.20-159946(us) 2438190 * Shutdown        (srpc_rpc_backend.cc:112): SrpcRpcBackend::Shutdown: About to delete server
20260909-09:19.20-159974(us) 2438190 * Shutdown        (srpc_rpc_backend.cc:129): SrpcRpcBackend::Shutdown: Server pointer is null, skipping deletion
20260909-09:19.20-159999(us) 2438190 * Shutdown        (srpc_rpc_backend.cc:132): SrpcRpcBackend::Shutdown: About to shutdown poll_thread_worker_
20260909-09:19.20-160023(us) 2438190 * Shutdown        (srpc_rpc_backend.cc:142): SrpcRpcBackend::Shutdown: poll_thread_worker_ is null, skipping shutdown
20260909-09:19.20-160054(us) 2438190 * Shutdown        (srpc_rpc_backend.cc:145): SrpcRpcBackend::Shutdown: Shutdown sequence completed, destructor will now exit
20260909-09:19.20-160076(us) 2438190 * ~SrpcRpcBackend (srpc_rpc_backend.cc:54): SrpcRpcBackend::~SrpcRpcBackend: Shutdown() completed
20260909-09:19.20-160105(us) 2438190 * Shutdown        (srpc_rpc_backend.cc:138): SrpcRpcBackend::Shutdown: poll_thread_worker_->shutdown() completed
20260909-09:19.20-160143(us) 2438190 * Shutdown        (srpc_rpc_backend.cc:145): SrpcRpcBackend::Shutdown: Shutdown sequence completed, destructor will now exit
20260909-09:19.20-160193(us) 2438190 * ~SrpcRpcBackend (srpc_rpc_backend.cc:54): SrpcRpcBackend::~SrpcRpcBackend: Shutdown() completed
20260909-09:19.20-160237(us) 2438190 * Shutdown        (srpc_rpc_backend.cc:140): SrpcRpcBackend::Shutdown: poll_thread_worker_ reset to None
20260909-09:19.20-160265(us) 2438190 * Shutdown        (srpc_rpc_backend.cc:145): SrpcRpcBackend::Shutdown: Shutdown sequence completed, destructor will now exit
20260909-09:19.20-160287(us) 2438190 * ~SrpcRpcBackend (srpc_rpc_backend.cc:52): SrpcRpcBackend::~SrpcRpcBackend: START destructor
20260909-09:19.20-160306(us) 2438190 * Stop            (srpc_rpc_backend.cc:589): SrpcRpcBackend::Stop: Already stopped, returning
20260909-09:19.20-160325(us) 2438190 * Shutdown        (srpc_rpc_backend.cc:112): SrpcRpcBackend::Shutdown: About to delete server
20260909-09:19.20-160347(us) 2438190 * Shutdown        (srpc_rpc_backend.cc:129): SrpcRpcBackend::Shutdown: Server pointer is null, skipping deletion
20260909-09:19.20-160367(us) 2438190 * Shutdown        (srpc_rpc_backend.cc:132): SrpcRpcBackend::Shutdown: About to shutdown poll_thread_worker_
20260909-09:19.20-160394(us) 2438190 * Shutdown        (srpc_rpc_backend.cc:142): SrpcRpcBackend::Shutdown: poll_thread_worker_ is null, skipping shutdown
20260909-09:19.20-160424(us) 2438190 * Shutdown        (srpc_rpc_backend.cc:145): SrpcRpcBackend::Shutdown: Shutdown sequence completed, destructor will now exit
20260909-09:19.20-160444(us) 2438190 * ~SrpcRpcBackend (srpc_rpc_backend.cc:54): SrpcRpcBackend::~SrpcRpcBackend: Shutdown() completed
20260909-09:19.20-160474(us) 2438190 * Shutdown        (srpc_rpc_backend.cc:140): SrpcRpcBackend::Shutdown: poll_thread_worker_ reset to None
20260909-09:19.20-160498(us) 2438190 * Shutdown        (srpc_rpc_backend.cc:145): SrpcRpcBackend::Shutdown: Shutdown sequence completed, destructor will now exit
20260909-09:19.20-160514(us) 2438190 * ~SrpcRpcBackend (srpc_rpc_backend.cc:52): SrpcRpcBackend::~SrpcRpcBackend: START destructor
20260909-09:19.20-160532(us) 2438190 * Stop            (srpc_rpc_backend.cc:589): SrpcRpcBackend::Stop: Already stopped, returning
20260909-09:19.20-160547(us) 2438190 * Shutdown        (srpc_rpc_backend.cc:112): SrpcRpcBackend::Shutdown: About to delete server
20260909-09:19.20-160565(us) 2438190 * Shutdown        (srpc_rpc_backend.cc:129): SrpcRpcBackend::Shutdown: Server pointer is null, skipping deletion
20260909-09:19.20-160583(us) 2438190 * Shutdown        (srpc_rpc_backend.cc:132): SrpcRpcBackend::Shutdown: About to shutdown poll_thread_worker_
20260909-09:19.20-160608(us) 2438190 * Shutdown        (srpc_rpc_backend.cc:142): SrpcRpcBackend::Shutdown: poll_thread_worker_ is null, skipping shutdown
20260909-09:19.20-160629(us) 2438190 * Shutdown        (srpc_rpc_backend.cc:145): SrpcRpcBackend::Shutdown: Shutdown sequence completed, destructor will now exit
20260909-09:19.20-160653(us) 2438190 * ~SrpcRpcBackend (srpc_rpc_backend.cc:54): SrpcRpcBackend::~SrpcRpcBackend: Shutdown() completed
[SHUTDOWN] Worker 2 joined
[SHUTDOWN] Joining worker 3
[SHUTDOWN] Worker 3 joined
[SHUTDOWN] Joining worker 4
[SHUTDOWN] Worker 4 joined
[SHUTDOWN] Joining worker 5
[SHUTDOWN] Worker 5 joined
[SHUTDOWN] Joining worker 6
[SHUTDOWN] Worker 6 joined
[SHUTDOWN] Joining worker 7
[SHUTDOWN] Worker 7 joined
[SHUTDOWN] Joining worker 8
[SHUTDOWN] Worker 8 joined
[SHUTDOWN] Joining worker 9
[SHUTDOWN] Worker 9 joined
[SHUTDOWN] Joining worker 10
[SHUTDOWN] Worker 10 joined
[SHUTDOWN] Joining worker 11
[SHUTDOWN] Worker 11 joined
[SHUTDOWN] Joining worker 12
[SHUTDOWN] Worker 12 joined
[SHUTDOWN] Joining worker 13
[SHUTDOWN] Worker 13 joined
[SHUTDOWN] Joining worker 14
[SHUTDOWN] Worker 14 joined
[SHUTDOWN] Joining worker 15
[SHUTDOWN] Worker 15 joined
[SHUTDOWN] All workers joined
[SHUTDOWN] Calling stop_rpc_server()
[STOP_SERVER] Stopping 2 server transports
[STOP_SERVER] Stopping server transport 0
20260909-09:19.20-161934(us) 2438190 * Stop            (srpc_rpc_backend.cc:593): SrpcRpcBackend::Stop: BEGIN - Setting stop flag
20260909-09:19.20-161965(us) 2438190 * Stop            (srpc_rpc_backend.cc:596): SrpcRpcBackend::Stop: Waiting for event loop to exit...
20260909-09:19.20-161994(us) 2438190 * RunEventLoop    (srpc_rpc_backend.cc:577): SrpcRpcBackend::RunEventLoop: Stop flag detected, exiting event loop
20260909-09:19.20-162024(us) 2438190 * RunEventLoop    (srpc_rpc_backend.cc:581): SrpcRpcBackend::RunEventLoop: Exited cleanly
20260909-09:19.20-162043(us) 2438190 * rpc_server      (rpc_setup.cc:126): the rpc_server is terminated on shardIdx:0, alpha:0!
20260909-09:19.20-172058(us) 2438190 * Stop            (srpc_rpc_backend.cc:612): SrpcRpcBackend::Stop: Event loop exited successfully
20260909-09:19.20-172096(us) 2438190 * Stop            (srpc_rpc_backend.cc:616): SrpcRpcBackend::Stop: Signaling 0 request queues to stop
20260909-09:19.20-172117(us) 2438190 * Stop            (srpc_rpc_backend.cc:624): SrpcRpcBackend::Stop: Signaling 0 response queues to stop
20260909-09:19.20-172140(us) 2438190 * Stop            (srpc_rpc_backend.cc:635): SrpcRpcBackend::Stop: Server cleanup deferred to destructor
20260909-09:19.20-172158(us) 2438190 * Stop            (srpc_rpc_backend.cc:638): SrpcRpcBackend::Stop: Closing client connections
20260909-09:19.20-172175(us) 2438190 * Stop            (srpc_rpc_backend.cc:642): SrpcRpcBackend::Stop: Found 0 client connections to close
20260909-09:19.20-172196(us) 2438190 * Stop            (srpc_rpc_backend.cc:662): SrpcRpcBackend::Stop: Closed 0 client connections
20260909-09:19.20-172214(us) 2438190 * Stop            (srpc_rpc_backend.cc:675): SrpcRpcBackend stats: msg_size_resp_sent: 0 bytes, counter: 0, avg: 0.000000
20260909-09:19.20-172238(us) 2438190 * Stop            (srpc_rpc_backend.cc:676): SrpcRpcBackend::Stop: END
[STOP_SERVER] Server transport 0 stopped
[STOP_SERVER] Stopping server transport 1
20260909-09:19.20-172276(us) 2438190 * Stop            (srpc_rpc_backend.cc:593): SrpcRpcBackend::Stop: BEGIN - Setting stop flag
20260909-09:19.20-172295(us) 2438190 * Stop            (srpc_rpc_backend.cc:596): SrpcRpcBackend::Stop: Waiting for event loop to exit...
20260909-09:19.20-172424(us) 2438190 * RunEventLoop    (srpc_rpc_backend.cc:577): SrpcRpcBackend::RunEventLoop: Stop flag detected, exiting event loop
20260909-09:19.20-172450(us) 2438190 * RunEventLoop    (srpc_rpc_backend.cc:581): SrpcRpcBackend::RunEventLoop: Exited cleanly
20260909-09:19.20-172464(us) 2438190 * rpc_server      (rpc_setup.cc:126): the rpc_server is terminated on shardIdx:0, alpha:1!
20260909-09:19.20-182414(us) 2438190 * Stop            (srpc_rpc_backend.cc:612): SrpcRpcBackend::Stop: Event loop exited successfully
20260909-09:19.20-182455(us) 2438190 * Stop            (srpc_rpc_backend.cc:616): SrpcRpcBackend::Stop: Signaling 0 request queues to stop
20260909-09:19.20-182474(us) 2438190 * Stop            (srpc_rpc_backend.cc:624): SrpcRpcBackend::Stop: Signaling 0 response queues to stop
20260909-09:19.20-182492(us) 2438190 * Stop            (srpc_rpc_backend.cc:635): SrpcRpcBackend::Stop: Server cleanup deferred to destructor
20260909-09:19.20-182508(us) 2438190 * Stop            (srpc_rpc_backend.cc:638): SrpcRpcBackend::Stop: Closing client connections
20260909-09:19.20-182526(us) 2438190 * Stop            (srpc_rpc_backend.cc:642): SrpcRpcBackend::Stop: Found 0 client connections to close
20260909-09:19.20-182543(us) 2438190 * Stop            (srpc_rpc_backend.cc:662): SrpcRpcBackend::Stop: Closed 0 client connections
20260909-09:19.20-182559(us) 2438190 * Stop            (srpc_rpc_backend.cc:675): SrpcRpcBackend stats: msg_size_resp_sent: 0 bytes, counter: 0, avg: 0.000000
20260909-09:19.20-182579(us) 2438190 * Stop            (srpc_rpc_backend.cc:676): SrpcRpcBackend::Stop: END
[STOP_SERVER] Server transport 1 stopped
20260909-09:19.20-182746(us) 2438190 * Stop            (srpc_rpc_backend.cc:589): SrpcRpcBackend::Stop: Already stopped, returning
20260909-09:19.20-182766(us) 2438190 * Shutdown        (srpc_rpc_backend.cc:112): SrpcRpcBackend::Shutdown: About to delete server
20260909-09:19.20-182784(us) 2438190 * Shutdown        (srpc_rpc_backend.cc:116): SrpcRpcBackend::Shutdown: Server pointer is valid, deleting...
20260909-09:19.20-182808(us) 2438190 * Shutdown        (srpc_rpc_backend.cc:120): SrpcRpcBackend::Shutdown: Server deleted successfully
20260909-09:19.20-182825(us) 2438190 * Shutdown        (srpc_rpc_backend.cc:132): SrpcRpcBackend::Shutdown: About to shutdown poll_thread_worker_
20260909-09:19.20-182861(us) 2438190 * Shutdown        (srpc_rpc_backend.cc:136): SrpcRpcBackend::Shutdown: poll_thread_worker_ is valid, calling shutdown()
20260909-09:19.20-183467(us) 2438190 * Shutdown        (srpc_rpc_backend.cc:138): SrpcRpcBackend::Shutdown: poll_thread_worker_->shutdown() completed
20260909-09:19.20-183504(us) 2438190 * Shutdown        (srpc_rpc_backend.cc:140): SrpcRpcBackend::Shutdown: poll_thread_worker_ reset to None
20260909-09:19.20-183521(us) 2438190 * Shutdown        (srpc_rpc_backend.cc:145): SrpcRpcBackend::Shutdown: Shutdown sequence completed, destructor will now exit
20260909-09:19.20-183539(us) 2438190 * ~SrpcRpcBackend (srpc_rpc_backend.cc:52): SrpcRpcBackend::~SrpcRpcBackend: START destructor
20260909-09:19.20-183556(us) 2438190 * Stop            (srpc_rpc_backend.cc:589): SrpcRpcBackend::Stop: Already stopped, returning
20260909-09:19.20-183574(us) 2438190 * Shutdown        (srpc_rpc_backend.cc:112): SrpcRpcBackend::Shutdown: About to delete server
20260909-09:19.20-183591(us) 2438190 * Shutdown        (srpc_rpc_backend.cc:129): SrpcRpcBackend::Shutdown: Server pointer is null, skipping deletion
20260909-09:19.20-183608(us) 2438190 * Shutdown        (srpc_rpc_backend.cc:132): SrpcRpcBackend::Shutdown: About to shutdown poll_thread_worker_
20260909-09:19.20-183625(us) 2438190 * Shutdown        (srpc_rpc_backend.cc:142): SrpcRpcBackend::Shutdown: poll_thread_worker_ is null, skipping shutdown
20260909-09:19.20-183647(us) 2438190 * Shutdown        (srpc_rpc_backend.cc:145): SrpcRpcBackend::Shutdown: Shutdown sequence completed, destructor will now exit
20260909-09:19.20-183668(us) 2438190 * ~SrpcRpcBackend (srpc_rpc_backend.cc:54): SrpcRpcBackend::~SrpcRpcBackend: Shutdown() completed
20260909-09:19.20-183726(us) 2438190 * Stop            (srpc_rpc_backend.cc:589): SrpcRpcBackend::Stop: Already stopped, returning
20260909-09:19.20-183746(us) 2438190 * Shutdown        (srpc_rpc_backend.cc:112): SrpcRpcBackend::Shutdown: About to delete server
20260909-09:19.20-183765(us) 2438190 * Shutdown        (srpc_rpc_backend.cc:116): SrpcRpcBackend::Shutdown: Server pointer is valid, deleting...
20260909-09:19.20-183785(us) 2438190 * Shutdown        (srpc_rpc_backend.cc:120): SrpcRpcBackend::Shutdown: Server deleted successfully
20260909-09:19.20-183803(us) 2438190 * Shutdown        (srpc_rpc_backend.cc:132): SrpcRpcBackend::Shutdown: About to shutdown poll_thread_worker_
20260909-09:19.20-183824(us) 2438190 * Shutdown        (srpc_rpc_backend.cc:136): SrpcRpcBackend::Shutdown: poll_thread_worker_ is valid, calling shutdown()
20260909-09:19.20-184264(us) 2438190 * Shutdown        (srpc_rpc_backend.cc:138): SrpcRpcBackend::Shutdown: poll_thread_worker_->shutdown() completed
20260909-09:19.20-184300(us) 2438190 * Shutdown        (srpc_rpc_backend.cc:140): SrpcRpcBackend::Shutdown: poll_thread_worker_ reset to None
20260909-09:19.20-184317(us) 2438190 * Shutdown        (srpc_rpc_backend.cc:145): SrpcRpcBackend::Shutdown: Shutdown sequence completed, destructor will now exit
20260909-09:19.20-184334(us) 2438190 * ~SrpcRpcBackend (srpc_rpc_backend.cc:52): SrpcRpcBackend::~SrpcRpcBackend: START destructor
20260909-09:19.20-184351(us) 2438190 * Stop            (srpc_rpc_backend.cc:589): SrpcRpcBackend::Stop: Already stopped, returning
20260909-09:19.20-184368(us) 2438190 * Shutdown        (srpc_rpc_backend.cc:112): SrpcRpcBackend::Shutdown: About to delete server
20260909-09:19.20-184385(us) 2438190 * Shutdown        (srpc_rpc_backend.cc:129): SrpcRpcBackend::Shutdown: Server pointer is null, skipping deletion
20260909-09:19.20-184403(us) 2438190 * Shutdown        (srpc_rpc_backend.cc:132): SrpcRpcBackend::Shutdown: About to shutdown poll_thread_worker_
20260909-09:19.20-184428(us) 2438190 * Shutdown        (srpc_rpc_backend.cc:142): SrpcRpcBackend::Shutdown: poll_thread_worker_ is null, skipping shutdown
20260909-09:19.20-184454(us) 2438190 * Shutdown        (srpc_rpc_backend.cc:145): SrpcRpcBackend::Shutdown: Shutdown sequence completed, destructor will now exit
20260909-09:19.20-184480(us) 2438190 * ~SrpcRpcBackend (srpc_rpc_backend.cc:54): SrpcRpcBackend::~SrpcRpcBackend: Shutdown() completed
[STOP_SERVER] All server transports stopped
[SHUTDOWN] stop_rpc_server() completed
[SHUTDOWN] Calling second stop()
20260909-09:19.20-184553(us) 2438190 ! stop            (bench.cc:496):     stop all rpc clients. set stop=false
[SHUTDOWN] Second stop() completed
20260909-09:19.20-184577(us) 2438190 ! run             (bench.cc:731):     TPCC_BENCH_MEASURE_END
[SHUTDOWN] Calling do_txn_finish()
[SHUTDOWN] do_txn_finish() completed
--- n_commits per partition ---
 par_id: 0, n_commits: 566492
 par_id: 1, n_commits: 540583
 par_id: 2, n_commits: 533066
 par_id: 3, n_commits: 526901
 par_id: 4, n_commits: 547564
 par_id: 5, n_commits: 533464
 par_id: 6, n_commits: 529170
 par_id: 7, n_commits: 547746
 par_id: 8, n_commits: 542134
 par_id: 9, n_commits: 523310
 par_id: 10, n_commits: 526607
 par_id: 11, n_commits: 502123
 par_id: 12, n_commits: 543077
 par_id: 13, n_commits: 541554
 par_id: 14, n_commits: 527097
 par_id: 15, n_commits: 546571
--- benchmark statistics ---
runtime: 10.1289 sec
memory delta: 5214.68 MB
n_commits: 8577459
latency_numer_us: 156443833
latency_numer_us_remote: 0
memory delta rate: 514.834 MB/sec
logical memory delta: 543.954 MB
logical memory delta rate: 53.7034 MB/sec
agg_nosync_throughput: 846850 ops/sec
avg_nosync_per_core_throughput: 52928.1 ops/sec/core
agg_throughput: 846834 ops/sec
avg_per_core_throughput: 52927.1 ops/sec/core
agg_persist_throughput: 846834 ops/sec
avg_per_core_persist_throughput: 52927.1 ops/sec/core
avg_latency: 0.0182389 ms
avg_persist_latency: 0 ms
agg_abort_rate: 85.3996 aborts/sec
avg_per_core_abort_rate: 5.33747 aborts/sec/core
  NewOrder_local_commit_latency: 0.0220056 ms
  NewOrder_local_abort_latency: 0.0959115 ms
  NewOrder_local_abort_ratio: 0.000140651
  Payment_local_commit_latency: 0.00738911 ms
  Payment_local_abort_latency: 0.0474619 ms
  Payment_local_abort_ratio: 9.21723e-06
  Delivery_local_commit_latency: 0.0800304 ms
  Delivery_local_abort_latency: 0 ms
  Delivery_local_abort_ratio: 0
  OrderStatus_local_commit_latency: 0.010053 ms
  OrderStatus_local_abort_latency: 0.0555925 ms
  OrderStatus_local_abort_ratio: 5.85218e-06
  StockLevel_local_commit_latency: 0.0511669 ms
  StockLevel_local_abort_latency: 0.0830893 ms
  StockLevel_local_abort_ratio: 0.000832269
  NewOrder_remote_ratio: 0 %
  NewOrder_remote_abort_ratio: 0 %
  NewOrder_remote_commit_latency: 0 ms
  NewOrder_remote_abort_latency: 0 ms
  Payment_remote_ratio: 0 %
  Payment_remote_abort_ratio: 0 %
  Payment_remote_commit_latency: 0 ms
  Payment_remote_abort_latency: 0 ms
--- system counters (for benchmark) ---
--- perf counters (if enabled, for benchmark) ---
--- allocator stats ---
[SiloRuntime 0] ncpus=16
[SiloRuntime 0] cpu=0 fully_faulted?=0 remaining=144703488 bytes
[SiloRuntime 0] cpu=1 fully_faulted?=0 remaining=148897792 bytes
[SiloRuntime 0] cpu=2 fully_faulted?=0 remaining=150994944 bytes
[SiloRuntime 0] cpu=3 fully_faulted?=0 remaining=153092096 bytes
[SiloRuntime 0] cpu=4 fully_faulted?=0 remaining=148897792 bytes
[SiloRuntime 0] cpu=5 fully_faulted?=0 remaining=150994944 bytes
[SiloRuntime 0] cpu=6 fully_faulted?=0 remaining=153092096 bytes
[SiloRuntime 0] cpu=7 fully_faulted?=0 remaining=148897792 bytes
[SiloRuntime 0] cpu=8 fully_faulted?=0 remaining=150994944 bytes
[SiloRuntime 0] cpu=9 fully_faulted?=0 remaining=153092096 bytes
[SiloRuntime 0] cpu=10 fully_faulted?=0 remaining=153092096 bytes
[SiloRuntime 0] cpu=11 fully_faulted?=0 remaining=157286400 bytes
[SiloRuntime 0] cpu=12 fully_faulted?=0 remaining=150994944 bytes
[SiloRuntime 0] cpu=13 fully_faulted?=0 remaining=150994944 bytes
[SiloRuntime 0] cpu=14 fully_faulted?=0 remaining=153092096 bytes
[SiloRuntime 0] cpu=15 fully_faulted?=0 remaining=132120576 bytes
---------------------------------------
--- system counters for n_commits ---
[STOP_SERVER] Stopping 0 server transports
[STOP_SERVER] All server transports stopped
