20260909-09:21.58-836289(us) 2439594 * ParseNewFormat  (configuration.cc:102): Using new configuration format
20260909-09:21.58-836438(us) 2439594 * ParseNewFormat  (configuration.cc:162): Loaded 1 sites in 1 shards
20260909-09:21.58-836471(us) 2439594 * handle_new_config_format (dbtest.cc:368):    Site local_s0: shard=0, replica_idx=0, is_leader=1, cluster=localhost
SiloRuntime[0]::InitializeAllocator()
  hugepgsize: 2097152
  mmap() region [0x72731aa00000, 0x72741ac00000)
  runtime0 cpu0 owns [0x72731aa00000, 0x72732aa00000)
  runtime0 cpu1 owns [0x72732aa00000, 0x72733aa00000)
  runtime0 cpu2 owns [0x72733aa00000, 0x72734aa00000)
  runtime0 cpu3 owns [0x72734aa00000, 0x72735aa00000)
  runtime0 cpu4 owns [0x72735aa00000, 0x72736aa00000)
  runtime0 cpu5 owns [0x72736aa00000, 0x72737aa00000)
  runtime0 cpu6 owns [0x72737aa00000, 0x72738aa00000)
  runtime0 cpu7 owns [0x72738aa00000, 0x72739aa00000)
  runtime0 cpu8 owns [0x72739aa00000, 0x7273aaa00000)
  runtime0 cpu9 owns [0x7273aaa00000, 0x7273baa00000)
  runtime0 cpu10 owns [0x7273baa00000, 0x7273caa00000)
  runtime0 cpu11 owns [0x7273caa00000, 0x7273daa00000)
  runtime0 cpu12 owns [0x7273daa00000, 0x7273eaa00000)
  runtime0 cpu13 owns [0x7273eaa00000, 0x7273faa00000)
  runtime0 cpu14 owns [0x7273faa00000, 0x72740aa00000)
  runtime0 cpu15 owns [0x72740aa00000, 0x72741aa00000)
Database Benchmark:
  pid: 2439594
settings:
  num-cpus    : 128
  num-threads : 16
  shardIndex  : 0
  paxos_proc_name  : localhost
  nshards     : 1
  is_micro    : 0
  is_replicated : 0
  storage_engine : cpp
  var-encode  : yes
  allocator   : jemalloc
system properties:
  tuple_prefetch          : no
  btree_node_prefetch     : yes
tpcc settings:
  cross_partition_transactions : 1
  read_only_snapshots          : 1
  partition_locks              : 0
  separate_tree_per_partition  : 1
  new_order_remote_item_pct    : 1
  new_order_fast_id_gen        : 1
  uniform_item_dist            : 0
  order_status_scan_hack       : 0
  workload_mix                 : [45, 43, 4, 4, 4]
20260909-09:21.58-840708(us) 2439594 * ParseNewFormat  (configuration.cc:102): Using new configuration format
20260909-09:21.58-840791(us) 2439594 * ParseNewFormat  (configuration.cc:162): Loaded 1 sites in 1 shards
20260909-09:21.58-841131(us) 2439594 * ParseNewFormat  (configuration.cc:102): Using new configuration format
20260909-09:21.58-841221(us) 2439594 * ParseNewFormat  (configuration.cc:162): Loaded 1 sites in 1 shards
20260909-09:21.58-841265(us) 2439594 * Initialize      (srpc_rpc_backend.cc:66): SrpcRpcBackend::Initialize: poll_thread_worker_ created, is_some=1
20260909-09:21.58-841462(us) 2439594 * Initialize      (srpc_rpc_backend.cc:97): SrpcRpcBackend initialized on 127.0.0.1:31022 (listening on 0.0.0.0:31022)
20260909-09:21.58-841485(us) 2439594 * FastTransport   (fasttransport.cc:147): FastTransport initialized with srpc/rpc backend on 127.0.0.1:31022
20260909-09:21.58-841504(us) 2439594 * RunEventLoop    (srpc_rpc_backend.cc:516): SrpcRpcBackend::RunEventLoop: Starting event loop
20260909-09:21.58-841541(us) 2439594 * Initialize      (srpc_rpc_backend.cc:66): SrpcRpcBackend::Initialize: poll_thread_worker_ created, is_some=1
20260909-09:21.58-841673(us) 2439594 * Initialize      (srpc_rpc_backend.cc:97): SrpcRpcBackend initialized on 127.0.0.1:31021 (listening on 0.0.0.0:31021)
20260909-09:21.58-841701(us) 2439594 * FastTransport   (fasttransport.cc:147): FastTransport initialized with srpc/rpc backend on 127.0.0.1:31021
20260909-09:21.58-841723(us) 2439594 * RunEventLoop    (srpc_rpc_backend.cc:516): SrpcRpcBackend::RunEventLoop: Starting event loop
20260909-09:21.58-845071(us) 2439594 ! run             (bench.cc:519):     # of loaders size:6
20260909-09:21.58-846438(us) 2439594 * benchmark_thread_init (mbta_wrapper.hh:1811): thread_init: thread_id=0, shard_index=0, getShardIndex=0, loader=1
20260909-09:21.58-846550(us) 2439594 * benchmark_thread_init (mbta_wrapper.hh:1811): thread_init: thread_id=1, shard_index=0, getShardIndex=0, loader=1
20260909-09:21.58-846599(us) 2439594 * benchmark_thread_init (mbta_wrapper.hh:1811): thread_init: thread_id=2, shard_index=0, getShardIndex=0, loader=1
PinToWarehouseId(): coreid=2 pinned to whse=1 (partid=0)
[INFO] finished loading warehouse
[INFO]   * average warehouse record length: 97 bytes
20260909-09:21.58-846875(us) 2439594 * benchmark_thread_init (mbta_wrapper.hh:1811): thread_init: thread_id=3, shard_index=0, getShardIndex=0, loader=1
PinToWarehouseId(): coreid=3 pinned to whse=1 (partid=0)
PinToWarehouseId(): coreid=3 pinned to whse=2 (partid=1)
PinToWarehouseId(): coreid=3 pinned to whse=3 (partid=2)
PinToWarehouseId(): coreid=3 pinned to whse=4 (partid=3)
PinToWarehouseId(): coreid=3 pinned to whse=5 (partid=4)
PinToWarehouseId(): coreid=3 pinned to whse=6 (partid=5)
PinToWarehouseId(): coreid=3 pinned to whse=7 (partid=6)
PinToWarehouseId(): coreid=3 pinned to whse=8 (partid=7)
20260909-09:21.58-847398(us) 2439594 * benchmark_thread_init (mbta_wrapper.hh:1811): thread_init: thread_id=4, shard_index=0, getShardIndex=0, loader=1
PinToWarehouseId(): coreid=3 pinned to whse=9 (partid=8)
num batches: 30
PinToWarehouseId(): coreid=4 pinned to whse=1 (partid=0)
PinToWarehouseId(): coreid=3 pinned to whse=10 (partid=9)
PinToWarehouseId(): coreid=3 pinned to whse=11 (partid=10)
PinToWarehouseId(): coreid=3 pinned to whse=12 (partid=11)
20260909-09:21.58-847698(us) 2439594 * benchmark_thread_init (mbta_wrapper.hh:1811): thread_init: thread_id=5, shard_index=0, getShardIndex=0, loader=1
PinToWarehouseId(): coreid=3 pinned to whse=13 (partid=12)
PinToWarehouseId(): coreid=5 pinned to whse=1 (partid=0)
PinToWarehouseId(): coreid=3 pinned to whse=14 (partid=13)
PinToWarehouseId(): coreid=3 pinned to whse=15 (partid=14)
PinToWarehouseId(): coreid=3 pinned to whse=16 (partid=15)
[INFO] finished loading district
[INFO]   * average district record length: 99 bytes
PinToWarehouseId(): coreid=5 pinned to whse=2 (partid=1)
[INFO] finished loading item
[INFO]   * average item record length: 84.1739 bytes
PinToWarehouseId(): coreid=4 pinned to whse=2 (partid=1)
PinToWarehouseId(): coreid=5 pinned to whse=3 (partid=2)
PinToWarehouseId(): coreid=5 pinned to whse=4 (partid=3)
PinToWarehouseId(): coreid=4 pinned to whse=3 (partid=2)
PinToWarehouseId(): coreid=5 pinned to whse=5 (partid=4)
PinToWarehouseId(): coreid=5 pinned to whse=6 (partid=5)
PinToWarehouseId(): coreid=4 pinned to whse=4 (partid=3)
PinToWarehouseId(): coreid=5 pinned to whse=7 (partid=6)
PinToWarehouseId(): coreid=2 pinned to whse=2 (partid=1)
PinToWarehouseId(): coreid=5 pinned to whse=8 (partid=7)
PinToWarehouseId(): coreid=4 pinned to whse=5 (partid=4)
PinToWarehouseId(): coreid=5 pinned to whse=9 (partid=8)
PinToWarehouseId(): coreid=5 pinned to whse=10 (partid=9)
PinToWarehouseId(): coreid=4 pinned to whse=6 (partid=5)
PinToWarehouseId(): coreid=5 pinned to whse=11 (partid=10)
PinToWarehouseId(): coreid=5 pinned to whse=12 (partid=11)
PinToWarehouseId(): coreid=4 pinned to whse=7 (partid=6)
PinToWarehouseId(): coreid=5 pinned to whse=13 (partid=12)
PinToWarehouseId(): coreid=5 pinned to whse=14 (partid=13)
PinToWarehouseId(): coreid=4 pinned to whse=8 (partid=7)
PinToWarehouseId(): coreid=2 pinned to whse=3 (partid=2)
PinToWarehouseId(): coreid=5 pinned to whse=15 (partid=14)
PinToWarehouseId(): coreid=5 pinned to whse=16 (partid=15)
PinToWarehouseId(): coreid=4 pinned to whse=9 (partid=8)
[INFO] finished loading order
[INFO]   * average order_line record length: 11.2927 bytes
[INFO]   * average oorder record length: 7.9446 bytes
[INFO]   * average new_order record length: 12 bytes
PinToWarehouseId(): coreid=4 pinned to whse=10 (partid=9)
PinToWarehouseId(): coreid=4 pinned to whse=11 (partid=10)
PinToWarehouseId(): coreid=2 pinned to whse=4 (partid=3)
PinToWarehouseId(): coreid=4 pinned to whse=12 (partid=11)
PinToWarehouseId(): coreid=4 pinned to whse=13 (partid=12)
PinToWarehouseId(): coreid=4 pinned to whse=14 (partid=13)
PinToWarehouseId(): coreid=4 pinned to whse=15 (partid=14)
PinToWarehouseId(): coreid=2 pinned to whse=5 (partid=4)
PinToWarehouseId(): coreid=4 pinned to whse=16 (partid=15)
[INFO] finished loading customer
[INFO]   * average customer record length: 153.983 bytes 
PinToWarehouseId(): coreid=2 pinned to whse=6 (partid=5)
PinToWarehouseId(): coreid=2 pinned to whse=7 (partid=6)
PinToWarehouseId(): coreid=2 pinned to whse=8 (partid=7)
PinToWarehouseId(): coreid=2 pinned to whse=9 (partid=8)
PinToWarehouseId(): coreid=2 pinned to whse=10 (partid=9)
PinToWarehouseId(): coreid=2 pinned to whse=11 (partid=10)
PinToWarehouseId(): coreid=2 pinned to whse=12 (partid=11)
PinToWarehouseId(): coreid=2 pinned to whse=13 (partid=12)
PinToWarehouseId(): coreid=2 pinned to whse=14 (partid=13)
PinToWarehouseId(): coreid=2 pinned to whse=15 (partid=14)
PinToWarehouseId(): coreid=2 pinned to whse=16 (partid=15)
[INFO] finished loading stock
[INFO]   * average stock record length: 8 bytes
timed region dataloading took 20546.3 ms
DB size: 1784.1 MB
[0, 0, 0] txns persisted in loading phase
20260909-09:22.19-391431(us) 2439594 ! run             (bench.cc:578):     # of nthreads:16
starting benchmark...
tpcc: worker id 128 => warehouses [1, 2)
tpcc: worker id 129 => warehouses [2, 3)
tpcc: worker id 130 => warehouses [3, 4)
tpcc: worker id 131 => warehouses [4, 5)
tpcc: worker id 132 => warehouses [5, 6)
tpcc: worker id 133 => warehouses [6, 7)
tpcc: worker id 134 => warehouses [7, 8)
tpcc: worker id 135 => warehouses [8, 9)
tpcc: worker id 136 => warehouses [9, 10)
tpcc: worker id 137 => warehouses [10, 11)
tpcc: worker id 138 => warehouses [11, 12)
tpcc: worker id 139 => warehouses [12, 13)
tpcc: worker id 140 => warehouses [13, 14)
tpcc: worker id 141 => warehouses [14, 15)
tpcc: worker id 142 => warehouses [15, 16)
tpcc: worker id 143 => warehouses [16, 17)
20260909-09:22.19-402423(us) 2439594 * benchmark_thread_init (mbta_wrapper.hh:1811): thread_init: thread_id=6, shard_index=0, getShardIndex=0, loader=0
20260909-09:22.19-402688(us) 2439594 * benchmark_thread_init (mbta_wrapper.hh:1811): thread_init: thread_id=7, shard_index=0, getShardIndex=0, loader=0
20260909-09:22.19-402751(us) 2439594 * benchmark_thread_init (mbta_wrapper.hh:1811): thread_init: thread_id=8, shard_index=0, getShardIndex=0, loader=0
20260909-09:22.19-402841(us) 2439594 * benchmark_thread_init (mbta_wrapper.hh:1811): thread_init: thread_id=9, shard_index=0, getShardIndex=0, loader=0
20260909-09:22.19-403076(us) 2439594 * benchmark_thread_init (mbta_wrapper.hh:1811): thread_init: thread_id=10, shard_index=0, getShardIndex=0, loader=0
20260909-09:22.19-403334(us) 2439594 * benchmark_thread_init (mbta_wrapper.hh:1811): thread_init: thread_id=11, shard_index=0, getShardIndex=0, loader=0
20260909-09:22.19-403508(us) 2439594 * ParseNewFormat  (configuration.cc:102): Using new configuration format
20260909-09:22.19-403569(us) 2439594 * ParseNewFormat  (configuration.cc:162): Loaded 1 sites in 1 shards
20260909-09:22.19-403644(us) 2439594 * ParseNewFormat  (configuration.cc:102): Using new configuration format
20260909-09:22.19-403722(us) 2439594 * ParseNewFormat  (configuration.cc:162): Loaded 1 sites in 1 shards
20260909-09:22.19-403867(us) 2439594 * ParseNewFormat  (configuration.cc:102): Using new configuration format
20260909-09:22.19-403933(us) 2439594 * ParseNewFormat  (configuration.cc:162): Loaded 1 sites in 1 shards
20260909-09:22.19-403975(us) 2439594 * benchmark_thread_init (mbta_wrapper.hh:1811): thread_init: thread_id=12, shard_index=0, getShardIndex=0, loader=0
20260909-09:22.19-404050(us) 2439594 * benchmark_thread_init (mbta_wrapper.hh:1811): thread_init: thread_id=13, shard_index=0, getShardIndex=0, loader=0
20260909-09:22.19-404226(us) 2439594 * benchmark_thread_init (mbta_wrapper.hh:1811): thread_init: thread_id=14, shard_index=0, getShardIndex=0, loader=0
20260909-09:22.19-404285(us) 2439594 * ParseNewFormat  (configuration.cc:102): Using new configuration format
20260909-09:22.19-404380(us) 2439594 * ParseNewFormat  (configuration.cc:162): Loaded 1 sites in 1 shards
20260909-09:22.19-404426(us) 2439594 * ParseNewFormat  (configuration.cc:102): Using new configuration format
20260909-09:22.19-404487(us) 2439594 * ParseNewFormat  (configuration.cc:102): Using new configuration format
20260909-09:22.19-404527(us) 2439594 * ParseNewFormat  (configuration.cc:102): Using new configuration format
20260909-09:22.19-404581(us) 2439594 * ParseNewFormat  (configuration.cc:162): Loaded 1 sites in 1 shards
20260909-09:22.19-404615(us) 2439594 * ParseNewFormat  (configuration.cc:102): Using new configuration format
20260909-09:22.19-404674(us) 2439594 * ParseNewFormat  (configuration.cc:162): Loaded 1 sites in 1 shards
20260909-09:22.19-404709(us) 2439594 * ParseNewFormat  (configuration.cc:162): Loaded 1 sites in 1 shards
20260909-09:22.19-404750(us) 2439594 * ParseNewFormat  (configuration.cc:102): Using new configuration format
20260909-09:22.19-404857(us) 2439594 * ParseNewFormat  (configuration.cc:162): Loaded 1 sites in 1 shards
20260909-09:22.19-404929(us) 2439594 * ParseNewFormat  (configuration.cc:102): Using new configuration format
20260909-09:22.19-404983(us) 2439594 * ParseNewFormat  (configuration.cc:102): Using new configuration format
20260909-09:22.19-405042(us) 2439594 * ParseNewFormat  (configuration.cc:162): Loaded 1 sites in 1 shards
20260909-09:22.19-405098(us) 2439594 * benchmark_thread_init (mbta_wrapper.hh:1811): thread_init: thread_id=15, shard_index=0, getShardIndex=0, loader=0
20260909-09:22.19-405147(us) 2439594 * ParseNewFormat  (configuration.cc:102): Using new configuration format
20260909-09:22.19-405224(us) 2439594 * ParseNewFormat  (configuration.cc:162): Loaded 1 sites in 1 shards
20260909-09:22.19-405315(us) 2439594 * ParseNewFormat  (configuration.cc:162): Loaded 1 sites in 1 shards
20260909-09:22.19-405378(us) 2439594 * ParseNewFormat  (configuration.cc:102): Using new configuration format
20260909-09:22.19-405426(us) 2439594 * Initialize      (srpc_rpc_backend.cc:66): SrpcRpcBackend::Initialize: poll_thread_worker_ created, is_some=1
20260909-09:22.19-405468(us) 2439594 * ParseNewFormat  (configuration.cc:162): Loaded 1 sites in 1 shards
20260909-09:22.19-405510(us) 2439594 * benchmark_thread_init (mbta_wrapper.hh:1811): thread_init: thread_id=17, shard_index=0, getShardIndex=0, loader=0
20260909-09:22.19-405575(us) 2439594 * ParseNewFormat  (configuration.cc:102): Using new configuration format
20260909-09:22.19-405621(us) 2439594 * ParseNewFormat  (configuration.cc:162): Loaded 1 sites in 1 shards
20260909-09:22.19-405647(us) 2439594 * Initialize      (srpc_rpc_backend.cc:66): SrpcRpcBackend::Initialize: poll_thread_worker_ created, is_some=1
20260909-09:22.19-405698(us) 2439594 * Initialize      (srpc_rpc_backend.cc:66): SrpcRpcBackend::Initialize: poll_thread_worker_ created, is_some=1
20260909-09:22.19-405748(us) 2439594 * ParseNewFormat  (configuration.cc:162): Loaded 1 sites in 1 shards
20260909-09:22.19-405792(us) 2439594 * Initialize      (srpc_rpc_backend.cc:97): SrpcRpcBackend initialized on 127.0.0.1:31000 (listening on 0.0.0.0:31000)
20260909-09:22.19-405813(us) 2439594 * Initialize      (srpc_rpc_backend.cc:66): SrpcRpcBackend::Initialize: poll_thread_worker_ created, is_some=1
20260909-09:22.19-405875(us) 2439594 * benchmark_thread_init (mbta_wrapper.hh:1811): thread_init: thread_id=18, shard_index=0, getShardIndex=0, loader=0
20260909-09:22.19-405938(us) 2439594 * benchmark_thread_init (mbta_wrapper.hh:1811): thread_init: thread_id=16, shard_index=0, getShardIndex=0, loader=0
20260909-09:22.19-406004(us) 2439594 * benchmark_thread_init (mbta_wrapper.hh:1811): thread_init: thread_id=19, shard_index=0, getShardIndex=0, loader=0
20260909-09:22.19-406041(us) 2439594 * Initialize      (srpc_rpc_backend.cc:97): SrpcRpcBackend initialized on 127.0.0.1:31003 (listening on 0.0.0.0:31003)
20260909-09:22.19-406084(us) 2439594 * FastTransport   (fasttransport.cc:147): FastTransport initialized with srpc/rpc backend on 127.0.0.1:31003
20260909-09:22.19-406116(us) 2439594 * ParseNewFormat  (configuration.cc:102): Using new configuration format
20260909-09:22.19-406165(us) 2439594 * ParseNewFormat  (configuration.cc:162): Loaded 1 sites in 1 shards
20260909-09:22.19-406305(us) 2439594 * ParseNewFormat  (configuration.cc:102): Using new configuration format
20260909-09:22.19-406349(us) 2439594 * ParseNewFormat  (configuration.cc:162): Loaded 1 sites in 1 shards
20260909-09:22.19-406399(us) 2439594 * ParseNewFormat  (configuration.cc:102): Using new configuration format
20260909-09:22.19-406436(us) 2439594 * Initialize      (srpc_rpc_backend.cc:97): SrpcRpcBackend initialized on 127.0.0.1:31001 (listening on 0.0.0.0:31001)
20260909-09:22.19-406461(us) 2439594 * FastTransport   (fasttransport.cc:147): FastTransport initialized with srpc/rpc backend on 127.0.0.1:31001
20260909-09:22.19-406479(us) 2439594 * ParseNewFormat  (configuration.cc:102): Using new configuration format
20260909-09:22.19-406536(us) 2439594 * Initialize      (srpc_rpc_backend.cc:66): SrpcRpcBackend::Initialize: poll_thread_worker_ created, is_some=1
20260909-09:22.19-406578(us) 2439594 * benchmark_thread_init (mbta_wrapper.hh:1811): thread_init: thread_id=20, shard_index=0, getShardIndex=0, loader=0
20260909-09:22.19-406643(us) 2439594 * FastTransport   (fasttransport.cc:147): FastTransport initialized with srpc/rpc backend on 127.0.0.1:31000
20260909-09:22.19-406684(us) 2439594 * ParseNewFormat  (configuration.cc:102): Using new configuration format
20260909-09:22.19-406739(us) 2439594 * ParseNewFormat  (configuration.cc:162): Loaded 1 sites in 1 shards
20260909-09:22.19-406786(us) 2439594 * ParseNewFormat  (configuration.cc:162): Loaded 1 sites in 1 shards
20260909-09:22.19-406820(us) 2439594 * ParseNewFormat  (configuration.cc:102): Using new configuration format
20260909-09:22.19-406875(us) 2439594 * ParseNewFormat  (configuration.cc:162): Loaded 1 sites in 1 shards
20260909-09:22.19-406913(us) 2439594 * Initialize      (srpc_rpc_backend.cc:97): SrpcRpcBackend initialized on 127.0.0.1:31004 (listening on 0.0.0.0:31004)
20260909-09:22.19-406939(us) 2439594 * FastTransport   (fasttransport.cc:147): FastTransport initialized with srpc/rpc backend on 127.0.0.1:31004
20260909-09:22.19-406956(us) 2439594 * ParseNewFormat  (configuration.cc:102): Using new configuration format
20260909-09:22.19-406993(us) 2439594 * Initialize      (srpc_rpc_backend.cc:97): SrpcRpcBackend initialized on 127.0.0.1:31002 (listening on 0.0.0.0:31002)
20260909-09:22.19-407020(us) 2439594 * FastTransport   (fasttransport.cc:147): FastTransport initialized with srpc/rpc backend on 127.0.0.1:31002
20260909-09:22.19-407043(us) 2439594 * ParseNewFormat  (configuration.cc:162): Loaded 1 sites in 1 shards
20260909-09:22.19-407073(us) 2439594 * ParseNewFormat  (configuration.cc:102): Using new configuration format
20260909-09:22.19-407117(us) 2439594 * ParseNewFormat  (configuration.cc:102): Using new configuration format
20260909-09:22.19-407165(us) 2439594 * Initialize      (srpc_rpc_backend.cc:66): SrpcRpcBackend::Initialize: poll_thread_worker_ created, is_some=1
20260909-09:22.19-407226(us) 2439594 * ParseNewFormat  (configuration.cc:102): Using new configuration format
20260909-09:22.19-407263(us) 2439594 * ParseNewFormat  (configuration.cc:162): Loaded 1 sites in 1 shards
20260909-09:22.19-407290(us) 2439594 * Initialize      (srpc_rpc_backend.cc:97): SrpcRpcBackend initialized on 127.0.0.1:31008 (listening on 0.0.0.0:31008)
20260909-09:22.19-407317(us) 2439594 * FastTransport   (fasttransport.cc:147): FastTransport initialized with srpc/rpc backend on 127.0.0.1:31008
20260909-09:22.19-407351(us) 2439594 * ParseNewFormat  (configuration.cc:162): Loaded 1 sites in 1 shards
20260909-09:22.19-407396(us) 2439594 * benchmark_thread_init (mbta_wrapper.hh:1811): thread_init: thread_id=21, shard_index=0, getShardIndex=0, loader=0
20260909-09:22.19-407434(us) 2439594 * Initialize      (srpc_rpc_backend.cc:66): SrpcRpcBackend::Initialize: poll_thread_worker_ created, is_some=1
20260909-09:22.19-407485(us) 2439594 * ParseNewFormat  (configuration.cc:162): Loaded 1 sites in 1 shards
20260909-09:22.19-407513(us) 2439594 * Initialize      (srpc_rpc_backend.cc:97): SrpcRpcBackend initialized on 127.0.0.1:31007 (listening on 0.0.0.0:31007)
20260909-09:22.19-407536(us) 2439594 * FastTransport   (fasttransport.cc:147): FastTransport initialized with srpc/rpc backend on 127.0.0.1:31007
20260909-09:22.19-407573(us) 2439594 * Initialize      (srpc_rpc_backend.cc:66): SrpcRpcBackend::Initialize: poll_thread_worker_ created, is_some=1
20260909-09:22.19-407616(us) 2439594 * ParseNewFormat  (configuration.cc:102): Using new configuration format
20260909-09:22.19-407650(us) 2439594 * Initialize      (srpc_rpc_backend.cc:97): SrpcRpcBackend initialized on 127.0.0.1:31006 (listening on 0.0.0.0:31006)
20260909-09:22.19-407671(us) 2439594 * ParseNewFormat  (configuration.cc:162): Loaded 1 sites in 1 shards
20260909-09:22.19-407705(us) 2439594 * ParseNewFormat  (configuration.cc:102): Using new configuration format
20260909-09:22.19-407740(us) 2439594 * ParseNewFormat  (configuration.cc:162): Loaded 1 sites in 1 shards
20260909-09:22.19-407771(us) 2439594 * ParseNewFormat  (configuration.cc:102): Using new configuration format
20260909-09:22.19-407842(us) 2439594 * FastTransport   (fasttransport.cc:147): FastTransport initialized with srpc/rpc backend on 127.0.0.1:31006
20260909-09:22.19-407884(us) 2439594 * ParseNewFormat  (configuration.cc:102): Using new configuration format
20260909-09:22.19-407922(us) 2439594 * ParseNewFormat  (configuration.cc:162): Loaded 1 sites in 1 shards
20260909-09:22.19-407943(us) 2439594 * ParseNewFormat  (configuration.cc:162): Loaded 1 sites in 1 shards
20260909-09:22.19-407969(us) 2439594 * ParseNewFormat  (configuration.cc:102): Using new configuration format
20260909-09:22.19-407996(us) 2439594 * ParseNewFormat  (configuration.cc:162): Loaded 1 sites in 1 shards
20260909-09:22.19-408021(us) 2439594 * ParseNewFormat  (configuration.cc:162): Loaded 1 sites in 1 shards
20260909-09:22.19-408178(us) 2439594 * ParseNewFormat  (configuration.cc:102): Using new configuration format
20260909-09:22.19-408218(us) 2439594 * ParseNewFormat  (configuration.cc:162): Loaded 1 sites in 1 shards
20260909-09:22.19-408670(us) 2439594 * ParseNewFormat  (configuration.cc:102): Using new configuration format
20260909-09:22.19-408700(us) 2439594 * ParseNewFormat  (configuration.cc:162): Loaded 1 sites in 1 shards
20260909-09:22.19-429128(us) 2439594 * Initialize      (srpc_rpc_backend.cc:66): SrpcRpcBackend::Initialize: poll_thread_worker_ created, is_some=1
20260909-09:22.19-429202(us) 2439594 * Initialize      (srpc_rpc_backend.cc:97): SrpcRpcBackend initialized on 127.0.0.1:31005 (listening on 0.0.0.0:31005)
20260909-09:22.19-429221(us) 2439594 * FastTransport   (fasttransport.cc:147): FastTransport initialized with srpc/rpc backend on 127.0.0.1:31005
20260909-09:22.19-429237(us) 2439594 * Initialize      (srpc_rpc_backend.cc:66): SrpcRpcBackend::Initialize: poll_thread_worker_ created, is_some=1
20260909-09:22.19-429310(us) 2439594 * Initialize      (srpc_rpc_backend.cc:97): SrpcRpcBackend initialized on 127.0.0.1:31010 (listening on 0.0.0.0:31010)
20260909-09:22.19-429328(us) 2439594 * FastTransport   (fasttransport.cc:147): FastTransport initialized with srpc/rpc backend on 127.0.0.1:31010
20260909-09:22.19-429359(us) 2439594 * Initialize      (srpc_rpc_backend.cc:66): SrpcRpcBackend::Initialize: poll_thread_worker_ created, is_some=1
20260909-09:22.19-429428(us) 2439594 * Initialize      (srpc_rpc_backend.cc:97): SrpcRpcBackend initialized on 127.0.0.1:31013 (listening on 0.0.0.0:31013)
20260909-09:22.19-429449(us) 2439594 * FastTransport   (fasttransport.cc:147): FastTransport initialized with srpc/rpc backend on 127.0.0.1:31013
20260909-09:22.19-429476(us) 2439594 * Initialize      (srpc_rpc_backend.cc:66): SrpcRpcBackend::Initialize: poll_thread_worker_ created, is_some=1
20260909-09:22.19-429567(us) 2439594 * Initialize      (srpc_rpc_backend.cc:97): SrpcRpcBackend initialized on 127.0.0.1:31014 (listening on 0.0.0.0:31014)
20260909-09:22.19-429587(us) 2439594 * FastTransport   (fasttransport.cc:147): FastTransport initialized with srpc/rpc backend on 127.0.0.1:31014
20260909-09:22.19-429657(us) 2439594 * ParseNewFormat  (configuration.cc:102): Using new configuration format
20260909-09:22.19-429696(us) 2439594 * ParseNewFormat  (configuration.cc:102): Using new configuration format
20260909-09:22.19-429735(us) 2439594 * ParseNewFormat  (configuration.cc:162): Loaded 1 sites in 1 shards
20260909-09:22.19-429765(us) 2439594 * ParseNewFormat  (configuration.cc:162): Loaded 1 sites in 1 shards
20260909-09:22.19-429802(us) 2439594 * ParseNewFormat  (configuration.cc:102): Using new configuration format
20260909-09:22.19-429882(us) 2439594 * ParseNewFormat  (configuration.cc:162): Loaded 1 sites in 1 shards
20260909-09:22.19-429910(us) 2439594 * ParseNewFormat  (configuration.cc:102): Using new configuration format
20260909-09:22.19-429943(us) 2439594 * ParseNewFormat  (configuration.cc:102): Using new configuration format
20260909-09:22.19-429981(us) 2439594 * ParseNewFormat  (configuration.cc:102): Using new configuration format
20260909-09:22.19-430017(us) 2439594 * Initialize      (srpc_rpc_backend.cc:66): SrpcRpcBackend::Initialize: poll_thread_worker_ created, is_some=1
20260909-09:22.19-430038(us) 2439594 * ParseNewFormat  (configuration.cc:162): Loaded 1 sites in 1 shards
20260909-09:22.19-430067(us) 2439594 * ParseNewFormat  (configuration.cc:102): Using new configuration format
20260909-09:22.19-430101(us) 2439594 * ParseNewFormat  (configuration.cc:102): Using new configuration format
20260909-09:22.19-430136(us) 2439594 * ParseNewFormat  (configuration.cc:102): Using new configuration format
20260909-09:22.19-430165(us) 2439594 * ParseNewFormat  (configuration.cc:162): Loaded 1 sites in 1 shards
20260909-09:22.19-430196(us) 2439594 * ParseNewFormat  (configuration.cc:102): Using new configuration format
20260909-09:22.19-430235(us) 2439594 * ParseNewFormat  (configuration.cc:162): Loaded 1 sites in 1 shards
20260909-09:22.19-430393(us) 2439594 * ParseNewFormat  (configuration.cc:102): Using new configuration format
20260909-09:22.19-430427(us) 2439594 * ParseNewFormat  (configuration.cc:162): Loaded 1 sites in 1 shards
20260909-09:22.19-430473(us) 2439594 * Initialize      (srpc_rpc_backend.cc:66): SrpcRpcBackend::Initialize: poll_thread_worker_ created, is_some=1
20260909-09:22.19-430530(us) 2439594 * Initialize      (srpc_rpc_backend.cc:97): SrpcRpcBackend initialized on 127.0.0.1:31012 (listening on 0.0.0.0:31012)
20260909-09:22.19-430548(us) 2439594 * FastTransport   (fasttransport.cc:147): FastTransport initialized with srpc/rpc backend on 127.0.0.1:31012
20260909-09:22.19-430594(us) 2439594 * ParseNewFormat  (configuration.cc:102): Using new configuration format
20260909-09:22.19-430637(us) 2439594 * ParseNewFormat  (configuration.cc:162): Loaded 1 sites in 1 shards
20260909-09:22.19-430680(us) 2439594 * ParseNewFormat  (configuration.cc:102): Using new configuration format
20260909-09:22.19-430713(us) 2439594 * ParseNewFormat  (configuration.cc:162): Loaded 1 sites in 1 shards
20260909-09:22.19-430761(us) 2439594 * Initialize      (srpc_rpc_backend.cc:97): SrpcRpcBackend initialized on 127.0.0.1:31011 (listening on 0.0.0.0:31011)
20260909-09:22.19-430782(us) 2439594 * FastTransport   (fasttransport.cc:147): FastTransport initialized with srpc/rpc backend on 127.0.0.1:31011
20260909-09:22.19-430846(us) 2439594 * ParseNewFormat  (configuration.cc:162): Loaded 1 sites in 1 shards
20260909-09:22.19-430873(us) 2439594 * ParseNewFormat  (configuration.cc:162): Loaded 1 sites in 1 shards
20260909-09:22.19-430901(us) 2439594 * ParseNewFormat  (configuration.cc:162): Loaded 1 sites in 1 shards
20260909-09:22.19-430935(us) 2439594 * ParseNewFormat  (configuration.cc:162): Loaded 1 sites in 1 shards
20260909-09:22.19-430984(us) 2439594 * Initialize      (srpc_rpc_backend.cc:66): SrpcRpcBackend::Initialize: poll_thread_worker_ created, is_some=1
20260909-09:22.19-431039(us) 2439594 * Initialize      (srpc_rpc_backend.cc:97): SrpcRpcBackend initialized on 127.0.0.1:31009 (listening on 0.0.0.0:31009)
20260909-09:22.19-431057(us) 2439594 * FastTransport   (fasttransport.cc:147): FastTransport initialized with srpc/rpc backend on 127.0.0.1:31009
20260909-09:22.19-431149(us) 2439594 * Initialize      (srpc_rpc_backend.cc:66): SrpcRpcBackend::Initialize: poll_thread_worker_ created, is_some=1
20260909-09:22.19-431206(us) 2439594 * Initialize      (srpc_rpc_backend.cc:97): SrpcRpcBackend initialized on 127.0.0.1:31015 (listening on 0.0.0.0:31015)
20260909-09:22.19-431225(us) 2439594 * FastTransport   (fasttransport.cc:147): FastTransport initialized with srpc/rpc backend on 127.0.0.1:31015
20260909-09:22.19-433973(us) 2439594 * ParseNewFormat  (configuration.cc:102): Using new configuration format
20260909-09:22.19-434011(us) 2439594 * ParseNewFormat  (configuration.cc:162): Loaded 1 sites in 1 shards
20260909-09:22.19-434188(us) 2439594 * ParseNewFormat  (configuration.cc:102): Using new configuration format
20260909-09:22.19-434220(us) 2439594 * ParseNewFormat  (configuration.cc:162): Loaded 1 sites in 1 shards
20260909-09:22.19-434505(us) 2439594 * ParseNewFormat  (configuration.cc:102): Using new configuration format
20260909-09:22.19-434541(us) 2439594 * ParseNewFormat  (configuration.cc:102): Using new configuration format
20260909-09:22.19-434576(us) 2439594 * ParseNewFormat  (configuration.cc:162): Loaded 1 sites in 1 shards
20260909-09:22.19-434649(us) 2439594 * ParseNewFormat  (configuration.cc:162): Loaded 1 sites in 1 shards
20260909-09:22.19-440857(us) 2439594 ! run             (bench.cc:645):     TPCC_BENCH_MEASURE_START
20260909-09:22.19-440899(us) 2439594 ! run             (bench.cc:653):     start the running time, runTime:10
20260909-09:22.19-440921(us) 2439594 ! run             (bench.cc:665):     runtime time left:10000 ms, bool:1
20260909-09:22.20-451922(us) 2439594 ! run             (bench.cc:665):     runtime time left:9000 ms, bool:1
20260909-09:22.21-458824(us) 2439594 ! run             (bench.cc:665):     runtime time left:8000 ms, bool:1
20260909-09:22.22-468990(us) 2439594 ! run             (bench.cc:665):     runtime time left:7000 ms, bool:1
20260909-09:22.23-478318(us) 2439594 ! run             (bench.cc:665):     runtime time left:6000 ms, bool:1
20260909-09:22.24-488163(us) 2439594 ! run             (bench.cc:665):     runtime time left:5000 ms, bool:1
20260909-09:22.25-499074(us) 2439594 ! run             (bench.cc:665):     runtime time left:4000 ms, bool:1
20260909-09:22.26-509414(us) 2439594 ! run             (bench.cc:665):     runtime time left:3000 ms, bool:1
20260909-09:22.27-519175(us) 2439594 ! run             (bench.cc:665):     runtime time left:2000 ms, bool:1
20260909-09:22.28-530152(us) 2439594 ! run             (bench.cc:665):     runtime time left:1000 ms, bool:1
20260909-09:22.29-539796(us) 2439594 ! run             (bench.cc:678):     runtime_plus:0
[SHUTDOWN] Setting running=false to stop database worker threads
[SHUTDOWN] Calling first stop() to stop client transports
20260909-09:22.29-539879(us) 2439594 ! stop            (bench.cc:496):     stop all rpc clients. set stop=false
20260909-09:22.29-539900(us) 2439594 * PrintStats      (srpc_rpc_backend.cc:686): SrpcRpcBackend request stats: msg_size_req_sent: 0 bytes, counter: 0, avg: 0.000000
20260909-09:22.29-539969(us) 2439594 * PrintStats      (srpc_rpc_backend.cc:686): SrpcRpcBackend request stats: msg_size_req_sent: 0 bytes, counter: 0, avg: 0.000000
20260909-09:22.29-540019(us) 2439594 * PrintStats      (srpc_rpc_backend.cc:686): SrpcRpcBackend request stats: msg_size_req_sent: 0 bytes, counter: 0, avg: 0.000000
20260909-09:22.29-540096(us) 2439594 * PrintStats      (srpc_rpc_backend.cc:686): SrpcRpcBackend request stats: msg_size_req_sent: 0 bytes, counter: 0, avg: 0.000000
20260909-09:22.29-540141(us) 2439594 * PrintStats      (srpc_rpc_backend.cc:686): SrpcRpcBackend request stats: msg_size_req_sent: 0 bytes, counter: 0, avg: 0.000000
20260909-09:22.29-540216(us) 2439594 * PrintStats      (srpc_rpc_backend.cc:686): SrpcRpcBackend request stats: msg_size_req_sent: 0 bytes, counter: 0, avg: 0.000000
20260909-09:22.29-540263(us) 2439594 * PrintStats      (srpc_rpc_backend.cc:686): SrpcRpcBackend request stats: msg_size_req_sent: 0 bytes, counter: 0, avg: 0.000000
20260909-09:22.29-540309(us) 2439594 * PrintStats      (srpc_rpc_backend.cc:686): SrpcRpcBackend request stats: msg_size_req_sent: 0 bytes, counter: 0, avg: 0.000000
20260909-09:22.29-540378(us) 2439594 * PrintStats      (srpc_rpc_backend.cc:686): SrpcRpcBackend request stats: msg_size_req_sent: 0 bytes, counter: 0, avg: 0.000000
20260909-09:22.29-540410(us) 2439594 * PrintStats      (srpc_rpc_backend.cc:686): SrpcRpcBackend request stats: msg_size_req_sent: 0 bytes, counter: 0, avg: 0.000000
20260909-09:22.29-540454(us) 2439594 * PrintStats      (srpc_rpc_backend.cc:686): SrpcRpcBackend request stats: msg_size_req_sent: 0 bytes, counter: 0, avg: 0.000000
20260909-09:22.29-540503(us) 2439594 * Stop            (srpc_rpc_backend.cc:593): SrpcRpcBackend::Stop: BEGIN - Setting stop flag
20260909-09:22.29-540529(us) 2439594 * Stop            (srpc_rpc_backend.cc:596): SrpcRpcBackend::Stop: Waiting for event loop to exit...
20260909-09:22.29-540544(us) 2439594 * Stop            (srpc_rpc_backend.cc:612): SrpcRpcBackend::Stop: Event loop exited successfully
20260909-09:22.29-540560(us) 2439594 * Stop            (srpc_rpc_backend.cc:616): SrpcRpcBackend::Stop: Signaling 0 request queues to stop
20260909-09:22.29-540575(us) 2439594 * Stop            (srpc_rpc_backend.cc:624): SrpcRpcBackend::Stop: Signaling 0 response queues to stop
20260909-09:22.29-540596(us) 2439594 * Stop            (srpc_rpc_backend.cc:635): SrpcRpcBackend::Stop: Server cleanup deferred to destructor
20260909-09:22.29-540612(us) 2439594 * Stop            (srpc_rpc_backend.cc:638): SrpcRpcBackend::Stop: Closing client connections
20260909-09:22.29-540628(us) 2439594 * Stop            (srpc_rpc_backend.cc:642): SrpcRpcBackend::Stop: Found 0 client connections to close
20260909-09:22.29-540644(us) 2439594 * Stop            (srpc_rpc_backend.cc:662): SrpcRpcBackend::Stop: Closed 0 client connections
20260909-09:22.29-540660(us) 2439594 * Stop            (srpc_rpc_backend.cc:675): SrpcRpcBackend stats: msg_size_resp_sent: 0 bytes, counter: 0, avg: 0.000000
20260909-09:22.29-540683(us) 2439594 * Stop            (srpc_rpc_backend.cc:676): SrpcRpcBackend::Stop: END
20260909-09:22.29-540700(us) 2439594 * Stop            (srpc_rpc_backend.cc:593): SrpcRpcBackend::Stop: BEGIN - Setting stop flag
20260909-09:22.29-540718(us) 2439594 * Stop            (srpc_rpc_backend.cc:596): SrpcRpcBackend::Stop: Waiting for event loop to exit...
20260909-09:22.29-540732(us) 2439594 * Stop            (srpc_rpc_backend.cc:612): SrpcRpcBackend::Stop: Event loop exited successfully
20260909-09:22.29-540752(us) 2439594 * Stop            (srpc_rpc_backend.cc:616): SrpcRpcBackend::Stop: Signaling 0 request queues to stop
20260909-09:22.29-540768(us) 2439594 * Stop            (srpc_rpc_backend.cc:624): SrpcRpcBackend::Stop: Signaling 0 response queues to stop
20260909-09:22.29-540784(us) 2439594 * Stop            (srpc_rpc_backend.cc:635): SrpcRpcBackend::Stop: Server cleanup deferred to destructor
20260909-09:22.29-540799(us) 2439594 * Stop            (srpc_rpc_backend.cc:638): SrpcRpcBackend::Stop: Closing client connections
20260909-09:22.29-540815(us) 2439594 * Stop            (srpc_rpc_backend.cc:642): SrpcRpcBackend::Stop: Found 0 client connections to close
20260909-09:22.29-540843(us) 2439594 * Stop            (srpc_rpc_backend.cc:662): SrpcRpcBackend::Stop: Closed 0 client connections
20260909-09:22.29-540859(us) 2439594 * Stop            (srpc_rpc_backend.cc:675): SrpcRpcBackend stats: msg_size_resp_sent: 0 bytes, counter: 0, avg: 0.000000
20260909-09:22.29-540874(us) 2439594 * Stop            (srpc_rpc_backend.cc:676): SrpcRpcBackend::Stop: END
20260909-09:22.29-540889(us) 2439594 * Stop            (srpc_rpc_backend.cc:593): SrpcRpcBackend::Stop: BEGIN - Setting stop flag
20260909-09:22.29-540907(us) 2439594 * Stop            (srpc_rpc_backend.cc:596): SrpcRpcBackend::Stop: Waiting for event loop to exit...
20260909-09:22.29-540923(us) 2439594 * Stop            (srpc_rpc_backend.cc:612): SrpcRpcBackend::Stop: Event loop exited successfully
20260909-09:22.29-540938(us) 2439594 * Stop            (srpc_rpc_backend.cc:616): SrpcRpcBackend::Stop: Signaling 0 request queues to stop
20260909-09:22.29-540956(us) 2439594 * Stop            (srpc_rpc_backend.cc:624): SrpcRpcBackend::Stop: Signaling 0 response queues to stop
20260909-09:22.29-540972(us) 2439594 * Stop            (srpc_rpc_backend.cc:635): SrpcRpcBackend::Stop: Server cleanup deferred to destructor
20260909-09:22.29-540987(us) 2439594 * Stop            (srpc_rpc_backend.cc:638): SrpcRpcBackend::Stop: Closing client connections
20260909-09:22.29-541003(us) 2439594 * Stop            (srpc_rpc_backend.cc:642): SrpcRpcBackend::Stop: Found 0 client connections to close
20260909-09:22.29-541018(us) 2439594 * Stop            (srpc_rpc_backend.cc:662): SrpcRpcBackend::Stop: Closed 0 client connections
20260909-09:22.29-541034(us) 2439594 * Stop            (srpc_rpc_backend.cc:675): SrpcRpcBackend stats: msg_size_resp_sent: 0 bytes, counter: 0, avg: 0.000000
20260909-09:22.29-541049(us) 2439594 * Stop            (srpc_rpc_backend.cc:676): SrpcRpcBackend::Stop: END
20260909-09:22.29-541066(us) 2439594 * Stop            (srpc_rpc_backend.cc:593): SrpcRpcBackend::Stop: BEGIN - Setting stop flag
20260909-09:22.29-541081(us) 2439594 * Stop            (srpc_rpc_backend.cc:596): SrpcRpcBackend::Stop: Waiting for event loop to exit...
20260909-09:22.29-541097(us) 2439594 * Stop            (srpc_rpc_backend.cc:612): SrpcRpcBackend::Stop: Event loop exited successfully
20260909-09:22.29-541113(us) 2439594 * Stop            (srpc_rpc_backend.cc:616): SrpcRpcBackend::Stop: Signaling 0 request queues to stop
20260909-09:22.29-541129(us) 2439594 * Stop            (srpc_rpc_backend.cc:624): SrpcRpcBackend::Stop: Signaling 0 response queues to stop
20260909-09:22.29-541144(us) 2439594 * Stop            (srpc_rpc_backend.cc:635): SrpcRpcBackend::Stop: Server cleanup deferred to destructor
20260909-09:22.29-541159(us) 2439594 * Stop            (srpc_rpc_backend.cc:638): SrpcRpcBackend::Stop: Closing client connections
20260909-09:22.29-541174(us) 2439594 * Stop            (srpc_rpc_backend.cc:642): SrpcRpcBackend::Stop: Found 0 client connections to close
20260909-09:22.29-541190(us) 2439594 * Stop            (srpc_rpc_backend.cc:662): SrpcRpcBackend::Stop: Closed 0 client connections
20260909-09:22.29-541205(us) 2439594 * Stop            (srpc_rpc_backend.cc:675): SrpcRpcBackend stats: msg_size_resp_sent: 0 bytes, counter: 0, avg: 0.000000
20260909-09:22.29-541221(us) 2439594 * Stop            (srpc_rpc_backend.cc:676): SrpcRpcBackend::Stop: END
20260909-09:22.29-541238(us) 2439594 * Stop            (srpc_rpc_backend.cc:593): SrpcRpcBackend::Stop: BEGIN - Setting stop flag
20260909-09:22.29-541253(us) 2439594 * Stop            (srpc_rpc_backend.cc:596): SrpcRpcBackend::Stop: Waiting for event loop to exit...
20260909-09:22.29-541269(us) 2439594 * Stop            (srpc_rpc_backend.cc:612): SrpcRpcBackend::Stop: Event loop exited successfully
20260909-09:22.29-541284(us) 2439594 * Stop            (srpc_rpc_backend.cc:616): SrpcRpcBackend::Stop: Signaling 0 request queues to stop
20260909-09:22.29-541300(us) 2439594 * Stop            (srpc_rpc_backend.cc:624): SrpcRpcBackend::Stop: Signaling 0 response queues to stop
20260909-09:22.29-541315(us) 2439594 * Stop            (srpc_rpc_backend.cc:635): SrpcRpcBackend::Stop: Server cleanup deferred to destructor
20260909-09:22.29-541330(us) 2439594 * Stop            (srpc_rpc_backend.cc:638): SrpcRpcBackend::Stop: Closing client connections
20260909-09:22.29-541346(us) 2439594 * Stop            (srpc_rpc_backend.cc:642): SrpcRpcBackend::Stop: Found 0 client connections to close
20260909-09:22.29-541362(us) 2439594 * Stop            (srpc_rpc_backend.cc:662): SrpcRpcBackend::Stop: Closed 0 client connections
20260909-09:22.29-541377(us) 2439594 * Stop            (srpc_rpc_backend.cc:675): SrpcRpcBackend stats: msg_size_resp_sent: 0 bytes, counter: 0, avg: 0.000000
20260909-09:22.29-541393(us) 2439594 * Stop            (srpc_rpc_backend.cc:676): SrpcRpcBackend::Stop: END
20260909-09:22.29-541409(us) 2439594 * Stop            (srpc_rpc_backend.cc:593): SrpcRpcBackend::Stop: BEGIN - Setting stop flag
20260909-09:22.29-541425(us) 2439594 * Stop            (srpc_rpc_backend.cc:596): SrpcRpcBackend::Stop: Waiting for event loop to exit...
20260909-09:22.29-541440(us) 2439594 * Stop            (srpc_rpc_backend.cc:612): SrpcRpcBackend::Stop: Event loop exited successfully
20260909-09:22.29-541456(us) 2439594 * Stop            (srpc_rpc_backend.cc:616): SrpcRpcBackend::Stop: Signaling 0 request queues to stop
20260909-09:22.29-541473(us) 2439594 * Stop            (srpc_rpc_backend.cc:624): SrpcRpcBackend::Stop: Signaling 0 response queues to stop
20260909-09:22.29-541489(us) 2439594 * Stop            (srpc_rpc_backend.cc:635): SrpcRpcBackend::Stop: Server cleanup deferred to destructor
20260909-09:22.29-541505(us) 2439594 * Stop            (srpc_rpc_backend.cc:638): SrpcRpcBackend::Stop: Closing client connections
20260909-09:22.29-541520(us) 2439594 * Stop            (srpc_rpc_backend.cc:642): SrpcRpcBackend::Stop: Found 0 client connections to close
20260909-09:22.29-541537(us) 2439594 * Stop            (srpc_rpc_backend.cc:662): SrpcRpcBackend::Stop: Closed 0 client connections
20260909-09:22.29-541552(us) 2439594 * Stop            (srpc_rpc_backend.cc:675): SrpcRpcBackend stats: msg_size_resp_sent: 0 bytes, counter: 0, avg: 0.000000
20260909-09:22.29-541569(us) 2439594 * Stop            (srpc_rpc_backend.cc:676): SrpcRpcBackend::Stop: END
20260909-09:22.29-541584(us) 2439594 * Stop            (srpc_rpc_backend.cc:593): SrpcRpcBackend::Stop: BEGIN - Setting stop flag
20260909-09:22.29-541599(us) 2439594 * Stop            (srpc_rpc_backend.cc:596): SrpcRpcBackend::Stop: Waiting for event loop to exit...
20260909-09:22.29-541616(us) 2439594 * Stop            (srpc_rpc_backend.cc:612): SrpcRpcBackend::Stop: Event loop exited successfully
20260909-09:22.29-541629(us) 2439594 * Stop            (srpc_rpc_backend.cc:616): SrpcRpcBackend::Stop: Signaling 0 request queues to stop
20260909-09:22.29-541648(us) 2439594 * Stop            (srpc_rpc_backend.cc:624): SrpcRpcBackend::Stop: Signaling 0 response queues to stop
20260909-09:22.29-541664(us) 2439594 * Stop            (srpc_rpc_backend.cc:635): SrpcRpcBackend::Stop: Server cleanup deferred to destructor
20260909-09:22.29-541679(us) 2439594 * Stop            (srpc_rpc_backend.cc:638): SrpcRpcBackend::Stop: Closing client connections
20260909-09:22.29-541698(us) 2439594 * Stop            (srpc_rpc_backend.cc:642): SrpcRpcBackend::Stop: Found 0 client connections to close
20260909-09:22.29-541716(us) 2439594 * Stop            (srpc_rpc_backend.cc:662): SrpcRpcBackend::Stop: Closed 0 client connections
20260909-09:22.29-541730(us) 2439594 * Stop            (srpc_rpc_backend.cc:675): SrpcRpcBackend stats: msg_size_resp_sent: 0 bytes, counter: 0, avg: 0.000000
20260909-09:22.29-541749(us) 2439594 * Stop            (srpc_rpc_backend.cc:676): SrpcRpcBackend::Stop: END
20260909-09:22.29-541766(us) 2439594 * Stop            (srpc_rpc_backend.cc:593): SrpcRpcBackend::Stop: BEGIN - Setting stop flag
20260909-09:22.29-541782(us) 2439594 * Stop            (srpc_rpc_backend.cc:596): SrpcRpcBackend::Stop: Waiting for event loop to exit...
20260909-09:22.29-541797(us) 2439594 * Stop            (srpc_rpc_backend.cc:612): SrpcRpcBackend::Stop: Event loop exited successfully
20260909-09:22.29-541812(us) 2439594 * Stop            (srpc_rpc_backend.cc:616): SrpcRpcBackend::Stop: Signaling 0 request queues to stop
20260909-09:22.29-541828(us) 2439594 * Stop            (srpc_rpc_backend.cc:624): SrpcRpcBackend::Stop: Signaling 0 response queues to stop
20260909-09:22.29-541852(us) 2439594 * Stop            (srpc_rpc_backend.cc:635): SrpcRpcBackend::Stop: Server cleanup deferred to destructor
20260909-09:22.29-541868(us) 2439594 * Stop            (srpc_rpc_backend.cc:638): SrpcRpcBackend::Stop: Closing client connections
20260909-09:22.29-541883(us) 2439594 * Stop            (srpc_rpc_backend.cc:642): SrpcRpcBackend::Stop: Found 0 client connections to close
20260909-09:22.29-541898(us) 2439594 * Stop            (srpc_rpc_backend.cc:662): SrpcRpcBackend::Stop: Closed 0 client connections
20260909-09:22.29-541913(us) 2439594 * Stop            (srpc_rpc_backend.cc:675): SrpcRpcBackend stats: msg_size_resp_sent: 0 bytes, counter: 0, avg: 0.000000
20260909-09:22.29-541932(us) 2439594 * Stop            (srpc_rpc_backend.cc:676): SrpcRpcBackend::Stop: END
20260909-09:22.29-541949(us) 2439594 * Stop            (srpc_rpc_backend.cc:593): SrpcRpcBackend::Stop: BEGIN - Setting stop flag
20260909-09:22.29-541965(us) 2439594 * Stop            (srpc_rpc_backend.cc:596): SrpcRpcBackend::Stop: Waiting for event loop to exit...
20260909-09:22.29-541980(us) 2439594 * Stop            (srpc_rpc_backend.cc:612): SrpcRpcBackend::Stop: Event loop exited successfully
20260909-09:22.29-541995(us) 2439594 * Stop            (srpc_rpc_backend.cc:616): SrpcRpcBackend::Stop: Signaling 0 request queues to stop
20260909-09:22.29-542011(us) 2439594 * Stop            (srpc_rpc_backend.cc:624): SrpcRpcBackend::Stop: Signaling 0 response queues to stop
20260909-09:22.29-542027(us) 2439594 * Stop            (srpc_rpc_backend.cc:635): SrpcRpcBackend::Stop: Server cleanup deferred to destructor
20260909-09:22.29-542042(us) 2439594 * Stop            (srpc_rpc_backend.cc:638): SrpcRpcBackend::Stop: Closing client connections
20260909-09:22.29-542057(us) 2439594 * Stop            (srpc_rpc_backend.cc:642): SrpcRpcBackend::Stop: Found 0 client connections to close
20260909-09:22.29-542073(us) 2439594 * Stop            (srpc_rpc_backend.cc:662): SrpcRpcBackend::Stop: Closed 0 client connections
20260909-09:22.29-542088(us) 2439594 * Stop            (srpc_rpc_backend.cc:675): SrpcRpcBackend stats: msg_size_resp_sent: 0 bytes, counter: 0, avg: 0.000000
20260909-09:22.29-542105(us) 2439594 * Stop            (srpc_rpc_backend.cc:676): SrpcRpcBackend::Stop: END
20260909-09:22.29-542120(us) 2439594 * Stop            (srpc_rpc_backend.cc:593): SrpcRpcBackend::Stop: BEGIN - Setting stop flag
20260909-09:22.29-542135(us) 2439594 * Stop            (srpc_rpc_backend.cc:596): SrpcRpcBackend::Stop: Waiting for event loop to exit...
20260909-09:22.29-542153(us) 2439594 * Stop            (srpc_rpc_backend.cc:612): SrpcRpcBackend::Stop: Event loop exited successfully
20260909-09:22.29-542168(us) 2439594 * Stop            (srpc_rpc_backend.cc:616): SrpcRpcBackend::Stop: Signaling 0 request queues to stop
20260909-09:22.29-542186(us) 2439594 * Stop            (srpc_rpc_backend.cc:624): SrpcRpcBackend::Stop: Signaling 0 response queues to stop
20260909-09:22.29-542201(us) 2439594 * Stop            (srpc_rpc_backend.cc:635): SrpcRpcBackend::Stop: Server cleanup deferred to destructor
20260909-09:22.29-542218(us) 2439594 * Stop            (srpc_rpc_backend.cc:638): SrpcRpcBackend::Stop: Closing client connections
20260909-09:22.29-542234(us) 2439594 * Stop            (srpc_rpc_backend.cc:642): SrpcRpcBackend::Stop: Found 0 client connections to close
20260909-09:22.29-542250(us) 2439594 * Stop            (srpc_rpc_backend.cc:662): SrpcRpcBackend::Stop: Closed 0 client connections
20260909-09:22.29-542265(us) 2439594 * Stop            (srpc_rpc_backend.cc:675): SrpcRpcBackend stats: msg_size_resp_sent: 0 bytes, counter: 0, avg: 0.000000
20260909-09:22.29-542281(us) 2439594 * Stop            (srpc_rpc_backend.cc:676): SrpcRpcBackend::Stop: END
20260909-09:22.29-542297(us) 2439594 * Stop            (srpc_rpc_backend.cc:593): SrpcRpcBackend::Stop: BEGIN - Setting stop flag
20260909-09:22.29-542312(us) 2439594 * Stop            (srpc_rpc_backend.cc:596): SrpcRpcBackend::Stop: Waiting for event loop to exit...
20260909-09:22.29-542328(us) 2439594 * Stop            (srpc_rpc_backend.cc:612): SrpcRpcBackend::Stop: Event loop exited successfully
20260909-09:22.29-542343(us) 2439594 * Stop            (srpc_rpc_backend.cc:616): SrpcRpcBackend::Stop: Signaling 0 request queues to stop
20260909-09:22.29-542359(us) 2439594 * Stop            (srpc_rpc_backend.cc:624): SrpcRpcBackend::Stop: Signaling 0 response queues to stop
20260909-09:22.29-542376(us) 2439594 * Stop            (srpc_rpc_backend.cc:635): SrpcRpcBackend::Stop: Server cleanup deferred to destructor
20260909-09:22.29-542392(us) 2439594 * Stop            (srpc_rpc_backend.cc:638): SrpcRpcBackend::Stop: Closing client connections
20260909-09:22.29-542409(us) 2439594 * Stop            (srpc_rpc_backend.cc:642): SrpcRpcBackend::Stop: Found 0 client connections to close
20260909-09:22.29-542425(us) 2439594 * Stop            (srpc_rpc_backend.cc:662): SrpcRpcBackend::Stop: Closed 0 client connections
20260909-09:22.29-542443(us) 2439594 * Stop            (srpc_rpc_backend.cc:675): SrpcRpcBackend stats: msg_size_resp_sent: 0 bytes, counter: 0, avg: 0.000000
20260909-09:22.29-542458(us) 2439594 * Stop            (srpc_rpc_backend.cc:676): SrpcRpcBackend::Stop: END
20260909-09:22.29-542475(us) 2439594 * Stop            (srpc_rpc_backend.cc:593): SrpcRpcBackend::Stop: BEGIN - Setting stop flag
20260909-09:22.29-542491(us) 2439594 * Stop            (srpc_rpc_backend.cc:596): SrpcRpcBackend::Stop: Waiting for event loop to exit...
20260909-09:22.29-542506(us) 2439594 * Stop            (srpc_rpc_backend.cc:612): SrpcRpcBackend::Stop: Event loop exited successfully
20260909-09:22.29-542521(us) 2439594 * Stop            (srpc_rpc_backend.cc:616): SrpcRpcBackend::Stop: Signaling 0 request queues to stop
20260909-09:22.29-542536(us) 2439594 * Stop            (srpc_rpc_backend.cc:624): SrpcRpcBackend::Stop: Signaling 0 response queues to stop
20260909-09:22.29-542552(us) 2439594 * Stop            (srpc_rpc_backend.cc:635): SrpcRpcBackend::Stop: Server cleanup deferred to destructor
20260909-09:22.29-542567(us) 2439594 * Stop            (srpc_rpc_backend.cc:638): SrpcRpcBackend::Stop: Closing client connections
20260909-09:22.29-542582(us) 2439594 * Stop            (srpc_rpc_backend.cc:642): SrpcRpcBackend::Stop: Found 0 client connections to close
20260909-09:22.29-542599(us) 2439594 * Stop            (srpc_rpc_backend.cc:662): SrpcRpcBackend::Stop: Closed 0 client connections
20260909-09:22.29-542615(us) 2439594 * Stop            (srpc_rpc_backend.cc:675): SrpcRpcBackend stats: msg_size_resp_sent: 0 bytes, counter: 0, avg: 0.000000
20260909-09:22.29-542633(us) 2439594 * Stop            (srpc_rpc_backend.cc:676): SrpcRpcBackend::Stop: END
20260909-09:22.29-542650(us) 2439594 * Stop            (srpc_rpc_backend.cc:593): SrpcRpcBackend::Stop: BEGIN - Setting stop flag
20260909-09:22.29-542666(us) 2439594 * Stop            (srpc_rpc_backend.cc:596): SrpcRpcBackend::Stop: Waiting for event loop to exit...
20260909-09:22.29-542681(us) 2439594 * Stop            (srpc_rpc_backend.cc:612): SrpcRpcBackend::Stop: Event loop exited successfully
20260909-09:22.29-542696(us) 2439594 * Stop            (srpc_rpc_backend.cc:616): SrpcRpcBackend::Stop: Signaling 0 request queues to stop
20260909-09:22.29-542711(us) 2439594 * Stop            (srpc_rpc_backend.cc:624): SrpcRpcBackend::Stop: Signaling 0 response queues to stop
20260909-09:22.29-542728(us) 2439594 * Stop            (srpc_rpc_backend.cc:635): SrpcRpcBackend::Stop: Server cleanup deferred to destructor
20260909-09:22.29-542743(us) 2439594 * Stop            (srpc_rpc_backend.cc:638): SrpcRpcBackend::Stop: Closing client connections
20260909-09:22.29-542758(us) 2439594 * Stop            (srpc_rpc_backend.cc:642): SrpcRpcBackend::Stop: Found 0 client connections to close
20260909-09:22.29-542774(us) 2439594 * Stop            (srpc_rpc_backend.cc:662): SrpcRpcBackend::Stop: Closed 0 client connections
20260909-09:22.29-542792(us) 2439594 * Stop            (srpc_rpc_backend.cc:675): SrpcRpcBackend stats: msg_size_resp_sent: 0 bytes, counter: 0, avg: 0.000000
20260909-09:22.29-542808(us) 2439594 * Stop            (srpc_rpc_backend.cc:676): SrpcRpcBackend::Stop: END
20260909-09:22.29-542824(us) 2439594 * Stop            (srpc_rpc_backend.cc:593): SrpcRpcBackend::Stop: BEGIN - Setting stop flag
20260909-09:22.29-542847(us) 2439594 * Stop            (srpc_rpc_backend.cc:596): SrpcRpcBackend::Stop: Waiting for event loop to exit...
20260909-09:22.29-542862(us) 2439594 * Stop            (srpc_rpc_backend.cc:612): SrpcRpcBackend::Stop: Event loop exited successfully
20260909-09:22.29-542876(us) 2439594 * Stop            (srpc_rpc_backend.cc:616): SrpcRpcBackend::Stop: Signaling 0 request queues to stop
20260909-09:22.29-542894(us) 2439594 * Stop            (srpc_rpc_backend.cc:624): SrpcRpcBackend::Stop: Signaling 0 response queues to stop
20260909-09:22.29-542909(us) 2439594 * Stop            (srpc_rpc_backend.cc:635): SrpcRpcBackend::Stop: Server cleanup deferred to destructor
20260909-09:22.29-542927(us) 2439594 * Stop            (srpc_rpc_backend.cc:638): SrpcRpcBackend::Stop: Closing client connections
20260909-09:22.29-542943(us) 2439594 * Stop            (srpc_rpc_backend.cc:642): SrpcRpcBackend::Stop: Found 0 client connections to close
20260909-09:22.29-542958(us) 2439594 * Stop            (srpc_rpc_backend.cc:662): SrpcRpcBackend::Stop: Closed 0 client connections
20260909-09:22.29-542974(us) 2439594 * Stop            (srpc_rpc_backend.cc:675): SrpcRpcBackend stats: msg_size_resp_sent: 0 bytes, counter: 0, avg: 0.000000
20260909-09:22.29-542990(us) 2439594 * Stop            (srpc_rpc_backend.cc:676): SrpcRpcBackend::Stop: END
20260909-09:22.29-543007(us) 2439594 * Stop            (srpc_rpc_backend.cc:593): SrpcRpcBackend::Stop: BEGIN - Setting stop flag
20260909-09:22.29-543022(us) 2439594 * Stop            (srpc_rpc_backend.cc:596): SrpcRpcBackend::Stop: Waiting for event loop to exit...
20260909-09:22.29-543037(us) 2439594 * Stop            (srpc_rpc_backend.cc:612): SrpcRpcBackend::Stop: Event loop exited successfully
20260909-09:22.29-543053(us) 2439594 * Stop            (srpc_rpc_backend.cc:616): SrpcRpcBackend::Stop: Signaling 0 request queues to stop
20260909-09:22.29-543068(us) 2439594 * Stop            (srpc_rpc_backend.cc:624): SrpcRpcBackend::Stop: Signaling 0 response queues to stop
20260909-09:22.29-543084(us) 2439594 * Stop            (srpc_rpc_backend.cc:635): SrpcRpcBackend::Stop: Server cleanup deferred to destructor
20260909-09:22.29-543099(us) 2439594 * Stop            (srpc_rpc_backend.cc:638): SrpcRpcBackend::Stop: Closing client connections
20260909-09:22.29-543114(us) 2439594 * Stop            (srpc_rpc_backend.cc:642): SrpcRpcBackend::Stop: Found 0 client connections to close
20260909-09:22.29-543130(us) 2439594 * Stop            (srpc_rpc_backend.cc:662): SrpcRpcBackend::Stop: Closed 0 client connections
20260909-09:22.29-543145(us) 2439594 * Stop            (srpc_rpc_backend.cc:675): SrpcRpcBackend stats: msg_size_resp_sent: 0 bytes, counter: 0, avg: 0.000000
20260909-09:22.29-543161(us) 2439594 * Stop            (srpc_rpc_backend.cc:676): SrpcRpcBackend::Stop: END
20260909-09:22.29-543177(us) 2439594 * Stop            (srpc_rpc_backend.cc:593): SrpcRpcBackend::Stop: BEGIN - Setting stop flag
20260909-09:22.29-543193(us) 2439594 * Stop            (srpc_rpc_backend.cc:596): SrpcRpcBackend::Stop: Waiting for event loop to exit...
20260909-09:22.29-543208(us) 2439594 * Stop            (srpc_rpc_backend.cc:612): SrpcRpcBackend::Stop: Event loop exited successfully
20260909-09:22.29-543226(us) 2439594 * Stop            (srpc_rpc_backend.cc:616): SrpcRpcBackend::Stop: Signaling 0 request queues to stop
20260909-09:22.29-543241(us) 2439594 * Stop            (srpc_rpc_backend.cc:624): SrpcRpcBackend::Stop: Signaling 0 response queues to stop
20260909-09:22.29-543259(us) 2439594 * Stop            (srpc_rpc_backend.cc:635): SrpcRpcBackend::Stop: Server cleanup deferred to destructor
20260909-09:22.29-543274(us) 2439594 * Stop            (srpc_rpc_backend.cc:638): SrpcRpcBackend::Stop: Closing client connections
20260909-09:22.29-543290(us) 2439594 * Stop            (srpc_rpc_backend.cc:642): SrpcRpcBackend::Stop: Found 0 client connections to close
20260909-09:22.29-543305(us) 2439594 * Stop            (srpc_rpc_backend.cc:662): SrpcRpcBackend::Stop: Closed 0 client connections
20260909-09:22.29-543321(us) 2439594 * Stop            (srpc_rpc_backend.cc:675): SrpcRpcBackend stats: msg_size_resp_sent: 0 bytes, counter: 0, avg: 0.000000
20260909-09:22.29-543337(us) 2439594 * Stop            (srpc_rpc_backend.cc:676): SrpcRpcBackend::Stop: END
[SHUTDOWN] First stop() completed
[SHUTDOWN] Joining 16 worker threads
[SHUTDOWN] Joining worker 0
20260909-09:22.29-543359(us) 2439594 * PrintStats      (srpc_rpc_backend.cc:686): SrpcRpcBackend request stats: msg_size_req_sent: 0 bytes, counter: 0, avg: 0.000000
20260909-09:22.29-543404(us) 2439594 * PrintStats      (srpc_rpc_backend.cc:686): SrpcRpcBackend request stats: msg_size_req_sent: 0 bytes, counter: 0, avg: 0.000000
20260909-09:22.29-543447(us) 2439594 * PrintStats      (srpc_rpc_backend.cc:686): SrpcRpcBackend request stats: msg_size_req_sent: 0 bytes, counter: 0, avg: 0.000000
20260909-09:22.29-543496(us) 2439594 * PrintStats      (srpc_rpc_backend.cc:686): SrpcRpcBackend request stats: msg_size_req_sent: 0 bytes, counter: 0, avg: 0.000000
20260909-09:22.29-543524(us) 2439594 * PrintStats      (srpc_rpc_backend.cc:686): SrpcRpcBackend request stats: msg_size_req_sent: 0 bytes, counter: 0, avg: 0.000000
20260909-09:22.30-546994(us) 2439594 * Stop            (srpc_rpc_backend.cc:589): SrpcRpcBackend::Stop: Already stopped, returning
20260909-09:22.30-547040(us) 2439594 * Shutdown        (srpc_rpc_backend.cc:112): SrpcRpcBackend::Shutdown: About to delete server
20260909-09:22.30-547056(us) 2439594 * Shutdown        (srpc_rpc_backend.cc:116): SrpcRpcBackend::Shutdown: Server pointer is valid, deleting...
20260909-09:22.30-547084(us) 2439594 * Shutdown        (srpc_rpc_backend.cc:120): SrpcRpcBackend::Shutdown: Server deleted successfully
20260909-09:22.30-547099(us) 2439594 * Shutdown        (srpc_rpc_backend.cc:132): SrpcRpcBackend::Shutdown: About to shutdown poll_thread_worker_
20260909-09:22.30-547113(us) 2439594 * Shutdown        (srpc_rpc_backend.cc:136): SrpcRpcBackend::Shutdown: poll_thread_worker_ is valid, calling shutdown()
20260909-09:22.30-547999(us) 2439594 * Shutdown        (srpc_rpc_backend.cc:138): SrpcRpcBackend::Shutdown: poll_thread_worker_->shutdown() completed
20260909-09:22.30-548031(us) 2439594 * Shutdown        (srpc_rpc_backend.cc:140): SrpcRpcBackend::Shutdown: poll_thread_worker_ reset to None
20260909-09:22.30-548046(us) 2439594 * Shutdown        (srpc_rpc_backend.cc:145): SrpcRpcBackend::Shutdown: Shutdown sequence completed, destructor will now exit
20260909-09:22.30-548060(us) 2439594 * ~SrpcRpcBackend (srpc_rpc_backend.cc:52): SrpcRpcBackend::~SrpcRpcBackend: START destructor
20260909-09:22.30-548074(us) 2439594 * Stop            (srpc_rpc_backend.cc:589): SrpcRpcBackend::Stop: Already stopped, returning
20260909-09:22.30-548089(us) 2439594 * Shutdown        (srpc_rpc_backend.cc:112): SrpcRpcBackend::Shutdown: About to delete server
20260909-09:22.30-548103(us) 2439594 * Shutdown        (srpc_rpc_backend.cc:129): SrpcRpcBackend::Shutdown: Server pointer is null, skipping deletion
20260909-09:22.30-548122(us) 2439594 * Shutdown        (srpc_rpc_backend.cc:132): SrpcRpcBackend::Shutdown: About to shutdown poll_thread_worker_
20260909-09:22.30-548137(us) 2439594 * Shutdown        (srpc_rpc_backend.cc:142): SrpcRpcBackend::Shutdown: poll_thread_worker_ is null, skipping shutdown
20260909-09:22.30-548151(us) 2439594 * Shutdown        (srpc_rpc_backend.cc:145): SrpcRpcBackend::Shutdown: Shutdown sequence completed, destructor will now exit
20260909-09:22.30-548166(us) 2439594 * ~SrpcRpcBackend (srpc_rpc_backend.cc:54): SrpcRpcBackend::~SrpcRpcBackend: Shutdown() completed
20260909-09:22.30-551125(us) 2439594 * Stop            (srpc_rpc_backend.cc:589): SrpcRpcBackend::Stop: Already stopped, returning
20260909-09:22.30-551182(us) 2439594 * Shutdown        (srpc_rpc_backend.cc:112): SrpcRpcBackend::Shutdown: About to delete server
20260909-09:22.30-551203(us) 2439594 * Shutdown        (srpc_rpc_backend.cc:116): SrpcRpcBackend::Shutdown: Server pointer is valid, deleting...
20260909-09:22.30-551232(us) 2439594 * Shutdown        (srpc_rpc_backend.cc:120): SrpcRpcBackend::Shutdown: Server deleted successfully
20260909-09:22.30-551250(us) 2439594 * Shutdown        (srpc_rpc_backend.cc:132): SrpcRpcBackend::Shutdown: About to shutdown poll_thread_worker_
20260909-09:22.30-551269(us) 2439594 * Shutdown        (srpc_rpc_backend.cc:136): SrpcRpcBackend::Shutdown: poll_thread_worker_ is valid, calling shutdown()
20260909-09:22.30-552020(us) 2439594 * Shutdown        (srpc_rpc_backend.cc:138): SrpcRpcBackend::Shutdown: poll_thread_worker_->shutdown() completed
20260909-09:22.30-552074(us) 2439594 * Shutdown        (srpc_rpc_backend.cc:140): SrpcRpcBackend::Shutdown: poll_thread_worker_ reset to None
20260909-09:22.30-552105(us) 2439594 * Shutdown        (srpc_rpc_backend.cc:145): SrpcRpcBackend::Shutdown: Shutdown sequence completed, destructor will now exit
20260909-09:22.30-552124(us) 2439594 * ~SrpcRpcBackend (srpc_rpc_backend.cc:52): SrpcRpcBackend::~SrpcRpcBackend: START destructor
20260909-09:22.30-552143(us) 2439594 * Stop            (srpc_rpc_backend.cc:589): SrpcRpcBackend::Stop: Already stopped, returning
20260909-09:22.30-552161(us) 2439594 * Shutdown        (srpc_rpc_backend.cc:112): SrpcRpcBackend::Shutdown: About to delete server
20260909-09:22.30-552181(us) 2439594 * Shutdown        (srpc_rpc_backend.cc:129): SrpcRpcBackend::Shutdown: Server pointer is null, skipping deletion
20260909-09:22.30-552201(us) 2439594 * Shutdown        (srpc_rpc_backend.cc:132): SrpcRpcBackend::Shutdown: About to shutdown poll_thread_worker_
20260909-09:22.30-552219(us) 2439594 * Shutdown        (srpc_rpc_backend.cc:142): SrpcRpcBackend::Shutdown: poll_thread_worker_ is null, skipping shutdown
20260909-09:22.30-552239(us) 2439594 * Shutdown        (srpc_rpc_backend.cc:145): SrpcRpcBackend::Shutdown: Shutdown sequence completed, destructor will now exit
20260909-09:22.30-552258(us) 2439594 * ~SrpcRpcBackend (srpc_rpc_backend.cc:54): SrpcRpcBackend::~SrpcRpcBackend: Shutdown() completed
20260909-09:22.30-554327(us) 2439594 * Stop            (srpc_rpc_backend.cc:589): SrpcRpcBackend::Stop: Already stopped, returning
20260909-09:22.30-554371(us) 2439594 * Shutdown        (srpc_rpc_backend.cc:112): SrpcRpcBackend::Shutdown: About to delete server
20260909-09:22.30-554387(us) 2439594 * Shutdown        (srpc_rpc_backend.cc:116): SrpcRpcBackend::Shutdown: Server pointer is valid, deleting...
20260909-09:22.30-554408(us) 2439594 * Shutdown        (srpc_rpc_backend.cc:120): SrpcRpcBackend::Shutdown: Server deleted successfully
20260909-09:22.30-554423(us) 2439594 * Shutdown        (srpc_rpc_backend.cc:132): SrpcRpcBackend::Shutdown: About to shutdown poll_thread_worker_
20260909-09:22.30-554438(us) 2439594 * Shutdown        (srpc_rpc_backend.cc:136): SrpcRpcBackend::Shutdown: poll_thread_worker_ is valid, calling shutdown()
20260909-09:22.30-554573(us) 2439594 * Stop            (srpc_rpc_backend.cc:589): SrpcRpcBackend::Stop: Already stopped, returning
20260909-09:22.30-554649(us) 2439594 * Shutdown        (srpc_rpc_backend.cc:112): SrpcRpcBackend::Shutdown: About to delete server
20260909-09:22.30-554666(us) 2439594 * Shutdown        (srpc_rpc_backend.cc:116): SrpcRpcBackend::Shutdown: Server pointer is valid, deleting...
20260909-09:22.30-554692(us) 2439594 * Stop            (srpc_rpc_backend.cc:589): SrpcRpcBackend::Stop: Already stopped, returning
20260909-09:22.30-554742(us) 2439594 * Shutdown        (srpc_rpc_backend.cc:112): SrpcRpcBackend::Shutdown: About to delete server
20260909-09:22.30-554762(us) 2439594 * Shutdown        (srpc_rpc_backend.cc:116): SrpcRpcBackend::Shutdown: Server pointer is valid, deleting...
20260909-09:22.30-554788(us) 2439594 * Shutdown        (srpc_rpc_backend.cc:120): SrpcRpcBackend::Shutdown: Server deleted successfully
20260909-09:22.30-554809(us) 2439594 * Shutdown        (srpc_rpc_backend.cc:132): SrpcRpcBackend::Shutdown: About to shutdown poll_thread_worker_
20260909-09:22.30-554827(us) 2439594 * Shutdown        (srpc_rpc_backend.cc:136): SrpcRpcBackend::Shutdown: poll_thread_worker_ is valid, calling shutdown()
20260909-09:22.30-554861(us) 2439594 * Stop            (srpc_rpc_backend.cc:589): SrpcRpcBackend::Stop: Already stopped, returning
20260909-09:22.30-554897(us) 2439594 * Shutdown        (srpc_rpc_backend.cc:112): SrpcRpcBackend::Shutdown: About to delete server
20260909-09:22.30-554915(us) 2439594 * Shutdown        (srpc_rpc_backend.cc:116): SrpcRpcBackend::Shutdown: Server pointer is valid, deleting...
20260909-09:22.30-554934(us) 2439594 * Shutdown        (srpc_rpc_backend.cc:120): SrpcRpcBackend::Shutdown: Server deleted successfully
20260909-09:22.30-554953(us) 2439594 * Shutdown        (srpc_rpc_backend.cc:132): SrpcRpcBackend::Shutdown: About to shutdown poll_thread_worker_
20260909-09:22.30-555003(us) 2439594 * Shutdown        (srpc_rpc_backend.cc:136): SrpcRpcBackend::Shutdown: poll_thread_worker_ is valid, calling shutdown()
20260909-09:22.30-555025(us) 2439594 * Shutdown        (srpc_rpc_backend.cc:120): SrpcRpcBackend::Shutdown: Server deleted successfully
20260909-09:22.30-555046(us) 2439594 * Shutdown        (srpc_rpc_backend.cc:132): SrpcRpcBackend::Shutdown: About to shutdown poll_thread_worker_
20260909-09:22.30-555067(us) 2439594 * Shutdown        (srpc_rpc_backend.cc:136): SrpcRpcBackend::Shutdown: poll_thread_worker_ is valid, calling shutdown()
20260909-09:22.30-555095(us) 2439594 * Stop            (srpc_rpc_backend.cc:589): SrpcRpcBackend::Stop: Already stopped, returning
20260909-09:22.30-555137(us) 2439594 * Shutdown        (srpc_rpc_backend.cc:112): SrpcRpcBackend::Shutdown: About to delete server
20260909-09:22.30-555157(us) 2439594 * Shutdown        (srpc_rpc_backend.cc:116): SrpcRpcBackend::Shutdown: Server pointer is valid, deleting...
20260909-09:22.30-555179(us) 2439594 * Shutdown        (srpc_rpc_backend.cc:120): SrpcRpcBackend::Shutdown: Server deleted successfully
20260909-09:22.30-555195(us) 2439594 * Shutdown        (srpc_rpc_backend.cc:132): SrpcRpcBackend::Shutdown: About to shutdown poll_thread_worker_
20260909-09:22.30-555220(us) 2439594 * Shutdown        (srpc_rpc_backend.cc:136): SrpcRpcBackend::Shutdown: poll_thread_worker_ is valid, calling shutdown()
20260909-09:22.30-555433(us) 2439594 * Shutdown        (srpc_rpc_backend.cc:138): SrpcRpcBackend::Shutdown: poll_thread_worker_->shutdown() completed
20260909-09:22.30-555468(us) 2439594 * Shutdown        (srpc_rpc_backend.cc:140): SrpcRpcBackend::Shutdown: poll_thread_worker_ reset to None
20260909-09:22.30-555482(us) 2439594 * Shutdown        (srpc_rpc_backend.cc:145): SrpcRpcBackend::Shutdown: Shutdown sequence completed, destructor will now exit
20260909-09:22.30-555496(us) 2439594 * ~SrpcRpcBackend (srpc_rpc_backend.cc:52): SrpcRpcBackend::~SrpcRpcBackend: START destructor
20260909-09:22.30-555510(us) 2439594 * Stop            (srpc_rpc_backend.cc:589): SrpcRpcBackend::Stop: Already stopped, returning
20260909-09:22.30-555534(us) 2439594 * Shutdown        (srpc_rpc_backend.cc:112): SrpcRpcBackend::Shutdown: About to delete server
20260909-09:22.30-555550(us) 2439594 * Shutdown        (srpc_rpc_backend.cc:129): SrpcRpcBackend::Shutdown: Server pointer is null, skipping deletion
20260909-09:22.30-555575(us) 2439594 * Shutdown        (srpc_rpc_backend.cc:132): SrpcRpcBackend::Shutdown: About to shutdown poll_thread_worker_
20260909-09:22.30-555589(us) 2439594 * Shutdown        (srpc_rpc_backend.cc:142): SrpcRpcBackend::Shutdown: poll_thread_worker_ is null, skipping shutdown
20260909-09:22.30-555606(us) 2439594 * Shutdown        (srpc_rpc_backend.cc:145): SrpcRpcBackend::Shutdown: Shutdown sequence completed, destructor will now exit
20260909-09:22.30-555630(us) 2439594 * ~SrpcRpcBackend (srpc_rpc_backend.cc:54): SrpcRpcBackend::~SrpcRpcBackend: Shutdown() completed
20260909-09:22.30-555657(us) 2439594 * Stop            (srpc_rpc_backend.cc:589): SrpcRpcBackend::Stop: Already stopped, returning
20260909-09:22.30-556167(us) 2439594 * Shutdown        (srpc_rpc_backend.cc:112): SrpcRpcBackend::Shutdown: About to delete server
20260909-09:22.30-556193(us) 2439594 * Shutdown        (srpc_rpc_backend.cc:138): SrpcRpcBackend::Shutdown: poll_thread_worker_->shutdown() completed
20260909-09:22.30-556232(us) 2439594 * Stop            (srpc_rpc_backend.cc:589): SrpcRpcBackend::Stop: Already stopped, returning
20260909-09:22.30-556282(us) 2439594 * Shutdown        (srpc_rpc_backend.cc:112): SrpcRpcBackend::Shutdown: About to delete server
20260909-09:22.30-556318(us) 2439594 * Shutdown        (srpc_rpc_backend.cc:116): SrpcRpcBackend::Shutdown: Server pointer is valid, deleting...
20260909-09:22.30-556355(us) 2439594 * Shutdown        (srpc_rpc_backend.cc:116): SrpcRpcBackend::Shutdown: Server pointer is valid, deleting...
20260909-09:22.30-556388(us) 2439594 * Shutdown        (srpc_rpc_backend.cc:120): SrpcRpcBackend::Shutdown: Server deleted successfully
20260909-09:22.30-556413(us) 2439594 * Shutdown        (srpc_rpc_backend.cc:132): SrpcRpcBackend::Shutdown: About to shutdown poll_thread_worker_
20260909-09:22.30-556442(us) 2439594 * Shutdown        (srpc_rpc_backend.cc:136): SrpcRpcBackend::Shutdown: poll_thread_worker_ is valid, calling shutdown()
20260909-09:22.30-556483(us) 2439594 * Stop            (srpc_rpc_backend.cc:589): SrpcRpcBackend::Stop: Already stopped, returning
20260909-09:22.30-556516(us) 2439594 * Shutdown        (srpc_rpc_backend.cc:112): SrpcRpcBackend::Shutdown: About to delete server
20260909-09:22.30-556549(us) 2439594 * Shutdown        (srpc_rpc_backend.cc:116): SrpcRpcBackend::Shutdown: Server pointer is valid, deleting...
20260909-09:22.30-556576(us) 2439594 * Shutdown        (srpc_rpc_backend.cc:120): SrpcRpcBackend::Shutdown: Server deleted successfully
20260909-09:22.30-556601(us) 2439594 * Shutdown        (srpc_rpc_backend.cc:132): SrpcRpcBackend::Shutdown: About to shutdown poll_thread_worker_
20260909-09:22.30-556636(us) 2439594 * Shutdown        (srpc_rpc_backend.cc:136): SrpcRpcBackend::Shutdown: poll_thread_worker_ is valid, calling shutdown()
20260909-09:22.30-556728(us) 2439594 * Shutdown        (srpc_rpc_backend.cc:120): SrpcRpcBackend::Shutdown: Server deleted successfully
20260909-09:22.30-556754(us) 2439594 * Shutdown        (srpc_rpc_backend.cc:132): SrpcRpcBackend::Shutdown: About to shutdown poll_thread_worker_
20260909-09:22.30-556779(us) 2439594 * Shutdown        (srpc_rpc_backend.cc:136): SrpcRpcBackend::Shutdown: poll_thread_worker_ is valid, calling shutdown()
20260909-09:22.30-556816(us) 2439594 * Stop            (srpc_rpc_backend.cc:589): SrpcRpcBackend::Stop: Already stopped, returning
20260909-09:22.30-556889(us) 2439594 * Shutdown        (srpc_rpc_backend.cc:112): SrpcRpcBackend::Shutdown: About to delete server
20260909-09:22.30-556921(us) 2439594 * Shutdown        (srpc_rpc_backend.cc:116): SrpcRpcBackend::Shutdown: Server pointer is valid, deleting...
20260909-09:22.30-556959(us) 2439594 * Shutdown        (srpc_rpc_backend.cc:120): SrpcRpcBackend::Shutdown: Server deleted successfully
20260909-09:22.30-556986(us) 2439594 * Shutdown        (srpc_rpc_backend.cc:132): SrpcRpcBackend::Shutdown: About to shutdown poll_thread_worker_
20260909-09:22.30-557012(us) 2439594 * Shutdown        (srpc_rpc_backend.cc:136): SrpcRpcBackend::Shutdown: poll_thread_worker_ is valid, calling shutdown()
20260909-09:22.30-557045(us) 2439594 * Shutdown        (srpc_rpc_backend.cc:140): SrpcRpcBackend::Shutdown: poll_thread_worker_ reset to None
20260909-09:22.30-557083(us) 2439594 * Shutdown        (srpc_rpc_backend.cc:145): SrpcRpcBackend::Shutdown: Shutdown sequence completed, destructor will now exit
20260909-09:22.30-557119(us) 2439594 * ~SrpcRpcBackend (srpc_rpc_backend.cc:52): SrpcRpcBackend::~SrpcRpcBackend: START destructor
20260909-09:22.30-557146(us) 2439594 * Stop            (srpc_rpc_backend.cc:589): SrpcRpcBackend::Stop: Already stopped, returning
20260909-09:22.30-557172(us) 2439594 * Shutdown        (srpc_rpc_backend.cc:112): SrpcRpcBackend::Shutdown: About to delete server
20260909-09:22.30-557196(us) 2439594 * Shutdown        (srpc_rpc_backend.cc:129): SrpcRpcBackend::Shutdown: Server pointer is null, skipping deletion
20260909-09:22.30-557220(us) 2439594 * Shutdown        (srpc_rpc_backend.cc:132): SrpcRpcBackend::Shutdown: About to shutdown poll_thread_worker_
20260909-09:22.30-557242(us) 2439594 * Shutdown        (srpc_rpc_backend.cc:142): SrpcRpcBackend::Shutdown: poll_thread_worker_ is null, skipping shutdown
20260909-09:22.30-557266(us) 2439594 * Shutdown        (srpc_rpc_backend.cc:145): SrpcRpcBackend::Shutdown: Shutdown sequence completed, destructor will now exit
20260909-09:22.30-557288(us) 2439594 * ~SrpcRpcBackend (srpc_rpc_backend.cc:54): SrpcRpcBackend::~SrpcRpcBackend: Shutdown() completed
20260909-09:22.30-557326(us) 2439594 * Shutdown        (srpc_rpc_backend.cc:138): SrpcRpcBackend::Shutdown: poll_thread_worker_->shutdown() completed
20260909-09:22.30-557380(us) 2439594 * Shutdown        (srpc_rpc_backend.cc:140): SrpcRpcBackend::Shutdown: poll_thread_worker_ reset to None
20260909-09:22.30-557399(us) 2439594 * Shutdown        (srpc_rpc_backend.cc:145): SrpcRpcBackend::Shutdown: Shutdown sequence completed, destructor will now exit
20260909-09:22.30-557415(us) 2439594 * ~SrpcRpcBackend (srpc_rpc_backend.cc:52): SrpcRpcBackend::~SrpcRpcBackend: START destructor
20260909-09:22.30-557433(us) 2439594 * Stop            (srpc_rpc_backend.cc:589): SrpcRpcBackend::Stop: Already stopped, returning
20260909-09:22.30-557453(us) 2439594 * Shutdown        (srpc_rpc_backend.cc:112): SrpcRpcBackend::Shutdown: About to delete server
20260909-09:22.30-557473(us) 2439594 * Shutdown        (srpc_rpc_backend.cc:129): SrpcRpcBackend::Shutdown: Server pointer is null, skipping deletion
20260909-09:22.30-557493(us) 2439594 * Shutdown        (srpc_rpc_backend.cc:132): SrpcRpcBackend::Shutdown: About to shutdown poll_thread_worker_
20260909-09:22.30-557513(us) 2439594 * Shutdown        (srpc_rpc_backend.cc:142): SrpcRpcBackend::Shutdown: poll_thread_worker_ is null, skipping shutdown
20260909-09:22.30-557530(us) 2439594 * Shutdown        (srpc_rpc_backend.cc:145): SrpcRpcBackend::Shutdown: Shutdown sequence completed, destructor will now exit
20260909-09:22.30-557546(us) 2439594 * ~SrpcRpcBackend (srpc_rpc_backend.cc:54): SrpcRpcBackend::~SrpcRpcBackend: Shutdown() completed
20260909-09:22.30-557670(us) 2439594 * Shutdown        (srpc_rpc_backend.cc:138): SrpcRpcBackend::Shutdown: poll_thread_worker_->shutdown() completed
20260909-09:22.30-557714(us) 2439594 * Shutdown        (srpc_rpc_backend.cc:140): SrpcRpcBackend::Shutdown: poll_thread_worker_ reset to None
20260909-09:22.30-557732(us) 2439594 * Shutdown        (srpc_rpc_backend.cc:145): SrpcRpcBackend::Shutdown: Shutdown sequence completed, destructor will now exit
20260909-09:22.30-557750(us) 2439594 * ~SrpcRpcBackend (srpc_rpc_backend.cc:52): SrpcRpcBackend::~SrpcRpcBackend: START destructor
20260909-09:22.30-557775(us) 2439594 * Stop            (srpc_rpc_backend.cc:589): SrpcRpcBackend::Stop: Already stopped, returning
20260909-09:22.30-557795(us) 2439594 * Shutdown        (srpc_rpc_backend.cc:112): SrpcRpcBackend::Shutdown: About to delete server
20260909-09:22.30-557814(us) 2439594 * Shutdown        (srpc_rpc_backend.cc:129): SrpcRpcBackend::Shutdown: Server pointer is null, skipping deletion
20260909-09:22.30-557852(us) 2439594 * Shutdown        (srpc_rpc_backend.cc:132): SrpcRpcBackend::Shutdown: About to shutdown poll_thread_worker_
20260909-09:22.30-557868(us) 2439594 * Shutdown        (srpc_rpc_backend.cc:142): SrpcRpcBackend::Shutdown: poll_thread_worker_ is null, skipping shutdown
20260909-09:22.30-557892(us) 2439594 * Shutdown        (srpc_rpc_backend.cc:145): SrpcRpcBackend::Shutdown: Shutdown sequence completed, destructor will now exit
20260909-09:22.30-557910(us) 2439594 * ~SrpcRpcBackend (srpc_rpc_backend.cc:54): SrpcRpcBackend::~SrpcRpcBackend: Shutdown() completed
20260909-09:22.30-557936(us) 2439594 * Shutdown        (srpc_rpc_backend.cc:138): SrpcRpcBackend::Shutdown: poll_thread_worker_->shutdown() completed
20260909-09:22.30-557990(us) 2439594 * Shutdown        (srpc_rpc_backend.cc:140): SrpcRpcBackend::Shutdown: poll_thread_worker_ reset to None
20260909-09:22.30-558011(us) 2439594 * Shutdown        (srpc_rpc_backend.cc:145): SrpcRpcBackend::Shutdown: Shutdown sequence completed, destructor will now exit
20260909-09:22.30-558034(us) 2439594 * ~SrpcRpcBackend (srpc_rpc_backend.cc:52): SrpcRpcBackend::~SrpcRpcBackend: START destructor
20260909-09:22.30-558055(us) 2439594 * Stop            (srpc_rpc_backend.cc:589): SrpcRpcBackend::Stop: Already stopped, returning
20260909-09:22.30-558079(us) 2439594 * Shutdown        (srpc_rpc_backend.cc:112): SrpcRpcBackend::Shutdown: About to delete server
20260909-09:22.30-558099(us) 2439594 * Shutdown        (srpc_rpc_backend.cc:129): SrpcRpcBackend::Shutdown: Server pointer is null, skipping deletion
20260909-09:22.30-558123(us) 2439594 * Shutdown        (srpc_rpc_backend.cc:132): SrpcRpcBackend::Shutdown: About to shutdown poll_thread_worker_
20260909-09:22.30-558147(us) 2439594 * Shutdown        (srpc_rpc_backend.cc:142): SrpcRpcBackend::Shutdown: poll_thread_worker_ is null, skipping shutdown
20260909-09:22.30-558170(us) 2439594 * Shutdown        (srpc_rpc_backend.cc:145): SrpcRpcBackend::Shutdown: Shutdown sequence completed, destructor will now exit
20260909-09:22.30-558191(us) 2439594 * ~SrpcRpcBackend (srpc_rpc_backend.cc:54): SrpcRpcBackend::~SrpcRpcBackend: Shutdown() completed
20260909-09:22.30-558224(us) 2439594 * Shutdown        (srpc_rpc_backend.cc:138): SrpcRpcBackend::Shutdown: poll_thread_worker_->shutdown() completed
20260909-09:22.30-558274(us) 2439594 * Shutdown        (srpc_rpc_backend.cc:140): SrpcRpcBackend::Shutdown: poll_thread_worker_ reset to None
20260909-09:22.30-558299(us) 2439594 * Shutdown        (srpc_rpc_backend.cc:145): SrpcRpcBackend::Shutdown: Shutdown sequence completed, destructor will now exit
20260909-09:22.30-558328(us) 2439594 * ~SrpcRpcBackend (srpc_rpc_backend.cc:52): SrpcRpcBackend::~SrpcRpcBackend: START destructor
20260909-09:22.30-558359(us) 2439594 * Stop            (srpc_rpc_backend.cc:589): SrpcRpcBackend::Stop: Already stopped, returning
20260909-09:22.30-558388(us) 2439594 * Shutdown        (srpc_rpc_backend.cc:112): SrpcRpcBackend::Shutdown: About to delete server
20260909-09:22.30-558420(us) 2439594 * Shutdown        (srpc_rpc_backend.cc:129): SrpcRpcBackend::Shutdown: Server pointer is null, skipping deletion
20260909-09:22.30-558458(us) 2439594 * Shutdown        (srpc_rpc_backend.cc:132): SrpcRpcBackend::Shutdown: About to shutdown poll_thread_worker_
20260909-09:22.30-558495(us) 2439594 * Shutdown        (srpc_rpc_backend.cc:142): SrpcRpcBackend::Shutdown: poll_thread_worker_ is null, skipping shutdown
20260909-09:22.30-558531(us) 2439594 * Shutdown        (srpc_rpc_backend.cc:145): SrpcRpcBackend::Shutdown: Shutdown sequence completed, destructor will now exit
20260909-09:22.30-558563(us) 2439594 * ~SrpcRpcBackend (srpc_rpc_backend.cc:54): SrpcRpcBackend::~SrpcRpcBackend: Shutdown() completed
20260909-09:22.30-558609(us) 2439594 * Shutdown        (srpc_rpc_backend.cc:138): SrpcRpcBackend::Shutdown: poll_thread_worker_->shutdown() completed
20260909-09:22.30-558715(us) 2439594 * Shutdown        (srpc_rpc_backend.cc:140): SrpcRpcBackend::Shutdown: poll_thread_worker_ reset to None
20260909-09:22.30-558759(us) 2439594 * Shutdown        (srpc_rpc_backend.cc:145): SrpcRpcBackend::Shutdown: Shutdown sequence completed, destructor will now exit
20260909-09:22.30-558797(us) 2439594 * ~SrpcRpcBackend (srpc_rpc_backend.cc:52): SrpcRpcBackend::~SrpcRpcBackend: START destructor
20260909-09:22.30-558854(us) 2439594 * Stop            (srpc_rpc_backend.cc:589): SrpcRpcBackend::Stop: Already stopped, returning
20260909-09:22.30-558893(us) 2439594 * Shutdown        (srpc_rpc_backend.cc:112): SrpcRpcBackend::Shutdown: About to delete server
20260909-09:22.30-558930(us) 2439594 * Shutdown        (srpc_rpc_backend.cc:129): SrpcRpcBackend::Shutdown: Server pointer is null, skipping deletion
20260909-09:22.30-558973(us) 2439594 * Shutdown        (srpc_rpc_backend.cc:132): SrpcRpcBackend::Shutdown: About to shutdown poll_thread_worker_
20260909-09:22.30-559008(us) 2439594 * Shutdown        (srpc_rpc_backend.cc:142): SrpcRpcBackend::Shutdown: poll_thread_worker_ is null, skipping shutdown
20260909-09:22.30-559043(us) 2439594 * Shutdown        (srpc_rpc_backend.cc:145): SrpcRpcBackend::Shutdown: Shutdown sequence completed, destructor will now exit
20260909-09:22.30-559077(us) 2439594 * ~SrpcRpcBackend (srpc_rpc_backend.cc:54): SrpcRpcBackend::~SrpcRpcBackend: Shutdown() completed
20260909-09:22.30-559493(us) 2439594 * Shutdown        (srpc_rpc_backend.cc:138): SrpcRpcBackend::Shutdown: poll_thread_worker_->shutdown() completed
20260909-09:22.30-559581(us) 2439594 * Shutdown        (srpc_rpc_backend.cc:140): SrpcRpcBackend::Shutdown: poll_thread_worker_ reset to None
20260909-09:22.30-559619(us) 2439594 * Shutdown        (srpc_rpc_backend.cc:145): SrpcRpcBackend::Shutdown: Shutdown sequence completed, destructor will now exit
20260909-09:22.30-559651(us) 2439594 * ~SrpcRpcBackend (srpc_rpc_backend.cc:52): SrpcRpcBackend::~SrpcRpcBackend: START destructor
20260909-09:22.30-559677(us) 2439594 * Stop            (srpc_rpc_backend.cc:589): SrpcRpcBackend::Stop: Already stopped, returning
20260909-09:22.30-559697(us) 2439594 * Shutdown        (srpc_rpc_backend.cc:112): SrpcRpcBackend::Shutdown: About to delete server
20260909-09:22.30-559717(us) 2439594 * Shutdown        (srpc_rpc_backend.cc:129): SrpcRpcBackend::Shutdown: Server pointer is null, skipping deletion
20260909-09:22.30-559755(us) 2439594 * Shutdown        (srpc_rpc_backend.cc:132): SrpcRpcBackend::Shutdown: About to shutdown poll_thread_worker_
20260909-09:22.30-559780(us) 2439594 * Shutdown        (srpc_rpc_backend.cc:142): SrpcRpcBackend::Shutdown: poll_thread_worker_ is null, skipping shutdown
20260909-09:22.30-559808(us) 2439594 * Shutdown        (srpc_rpc_backend.cc:145): SrpcRpcBackend::Shutdown: Shutdown sequence completed, destructor will now exit
20260909-09:22.30-559872(us) 2439594 * ~SrpcRpcBackend (srpc_rpc_backend.cc:54): SrpcRpcBackend::~SrpcRpcBackend: Shutdown() completed
20260909-09:22.30-559915(us) 2439594 * Shutdown        (srpc_rpc_backend.cc:138): SrpcRpcBackend::Shutdown: poll_thread_worker_->shutdown() completed
20260909-09:22.30-560009(us) 2439594 * Shutdown        (srpc_rpc_backend.cc:140): SrpcRpcBackend::Shutdown: poll_thread_worker_ reset to None
20260909-09:22.30-560049(us) 2439594 * Shutdown        (srpc_rpc_backend.cc:145): SrpcRpcBackend::Shutdown: Shutdown sequence completed, destructor will now exit
20260909-09:22.30-560085(us) 2439594 * ~SrpcRpcBackend (srpc_rpc_backend.cc:52): SrpcRpcBackend::~SrpcRpcBackend: START destructor
20260909-09:22.30-560127(us) 2439594 * Stop            (srpc_rpc_backend.cc:589): SrpcRpcBackend::Stop: Already stopped, returning
20260909-09:22.30-560163(us) 2439594 * Shutdown        (srpc_rpc_backend.cc:112): SrpcRpcBackend::Shutdown: About to delete server
20260909-09:22.30-560202(us) 2439594 * Shutdown        (srpc_rpc_backend.cc:129): SrpcRpcBackend::Shutdown: Server pointer is null, skipping deletion
20260909-09:22.30-560239(us) 2439594 * Shutdown        (srpc_rpc_backend.cc:132): SrpcRpcBackend::Shutdown: About to shutdown poll_thread_worker_
20260909-09:22.30-560273(us) 2439594 * Shutdown        (srpc_rpc_backend.cc:142): SrpcRpcBackend::Shutdown: poll_thread_worker_ is null, skipping shutdown
20260909-09:22.30-560311(us) 2439594 * Shutdown        (srpc_rpc_backend.cc:145): SrpcRpcBackend::Shutdown: Shutdown sequence completed, destructor will now exit
20260909-09:22.30-560351(us) 2439594 * ~SrpcRpcBackend (srpc_rpc_backend.cc:54): SrpcRpcBackend::~SrpcRpcBackend: Shutdown() completed
20260909-09:22.30-564808(us) 2439594 * Stop            (srpc_rpc_backend.cc:589): SrpcRpcBackend::Stop: Already stopped, returning
20260909-09:22.30-564864(us) 2439594 * Shutdown        (srpc_rpc_backend.cc:112): SrpcRpcBackend::Shutdown: About to delete server
20260909-09:22.30-564884(us) 2439594 * Shutdown        (srpc_rpc_backend.cc:116): SrpcRpcBackend::Shutdown: Server pointer is valid, deleting...
20260909-09:22.30-564908(us) 2439594 * Shutdown        (srpc_rpc_backend.cc:120): SrpcRpcBackend::Shutdown: Server deleted successfully
20260909-09:22.30-564934(us) 2439594 * Shutdown        (srpc_rpc_backend.cc:132): SrpcRpcBackend::Shutdown: About to shutdown poll_thread_worker_
20260909-09:22.30-564958(us) 2439594 * Shutdown        (srpc_rpc_backend.cc:136): SrpcRpcBackend::Shutdown: poll_thread_worker_ is valid, calling shutdown()
20260909-09:22.30-565855(us) 2439594 * Shutdown        (srpc_rpc_backend.cc:138): SrpcRpcBackend::Shutdown: poll_thread_worker_->shutdown() completed
20260909-09:22.30-565897(us) 2439594 * Shutdown        (srpc_rpc_backend.cc:140): SrpcRpcBackend::Shutdown: poll_thread_worker_ reset to None
20260909-09:22.30-565916(us) 2439594 * Shutdown        (srpc_rpc_backend.cc:145): SrpcRpcBackend::Shutdown: Shutdown sequence completed, destructor will now exit
20260909-09:22.30-565939(us) 2439594 * ~SrpcRpcBackend (srpc_rpc_backend.cc:52): SrpcRpcBackend::~SrpcRpcBackend: START destructor
20260909-09:22.30-565959(us) 2439594 * Stop            (srpc_rpc_backend.cc:589): SrpcRpcBackend::Stop: Already stopped, returning
20260909-09:22.30-565982(us) 2439594 * Shutdown        (srpc_rpc_backend.cc:112): SrpcRpcBackend::Shutdown: About to delete server
20260909-09:22.30-566002(us) 2439594 * Shutdown        (srpc_rpc_backend.cc:129): SrpcRpcBackend::Shutdown: Server pointer is null, skipping deletion
20260909-09:22.30-566026(us) 2439594 * Shutdown        (srpc_rpc_backend.cc:132): SrpcRpcBackend::Shutdown: About to shutdown poll_thread_worker_
20260909-09:22.30-566045(us) 2439594 * Shutdown        (srpc_rpc_backend.cc:142): SrpcRpcBackend::Shutdown: poll_thread_worker_ is null, skipping shutdown
20260909-09:22.30-566069(us) 2439594 * Shutdown        (srpc_rpc_backend.cc:145): SrpcRpcBackend::Shutdown: Shutdown sequence completed, destructor will now exit
20260909-09:22.30-566088(us) 2439594 * ~SrpcRpcBackend (srpc_rpc_backend.cc:54): SrpcRpcBackend::~SrpcRpcBackend: Shutdown() completed
20260909-09:22.30-571015(us) 2439594 * Stop            (srpc_rpc_backend.cc:589): SrpcRpcBackend::Stop: Already stopped, returning
20260909-09:22.30-571054(us) 2439594 * Shutdown        (srpc_rpc_backend.cc:112): SrpcRpcBackend::Shutdown: About to delete server
20260909-09:22.30-571070(us) 2439594 * Shutdown        (srpc_rpc_backend.cc:116): SrpcRpcBackend::Shutdown: Server pointer is valid, deleting...
20260909-09:22.30-571090(us) 2439594 * Shutdown        (srpc_rpc_backend.cc:120): SrpcRpcBackend::Shutdown: Server deleted successfully
20260909-09:22.30-571106(us) 2439594 * Shutdown        (srpc_rpc_backend.cc:132): SrpcRpcBackend::Shutdown: About to shutdown poll_thread_worker_
20260909-09:22.30-571120(us) 2439594 * Shutdown        (srpc_rpc_backend.cc:136): SrpcRpcBackend::Shutdown: poll_thread_worker_ is valid, calling shutdown()
20260909-09:22.30-572416(us) 2439594 * Shutdown        (srpc_rpc_backend.cc:138): SrpcRpcBackend::Shutdown: poll_thread_worker_->shutdown() completed
20260909-09:22.30-572448(us) 2439594 * Shutdown        (srpc_rpc_backend.cc:140): SrpcRpcBackend::Shutdown: poll_thread_worker_ reset to None
20260909-09:22.30-572462(us) 2439594 * Shutdown        (srpc_rpc_backend.cc:145): SrpcRpcBackend::Shutdown: Shutdown sequence completed, destructor will now exit
20260909-09:22.30-572476(us) 2439594 * ~SrpcRpcBackend (srpc_rpc_backend.cc:52): SrpcRpcBackend::~SrpcRpcBackend: START destructor
20260909-09:22.30-572490(us) 2439594 * Stop            (srpc_rpc_backend.cc:589): SrpcRpcBackend::Stop: Already stopped, returning
20260909-09:22.30-572505(us) 2439594 * Shutdown        (srpc_rpc_backend.cc:112): SrpcRpcBackend::Shutdown: About to delete server
20260909-09:22.30-572520(us) 2439594 * Shutdown        (srpc_rpc_backend.cc:129): SrpcRpcBackend::Shutdown: Server pointer is null, skipping deletion
20260909-09:22.30-572538(us) 2439594 * Shutdown        (srpc_rpc_backend.cc:132): SrpcRpcBackend::Shutdown: About to shutdown poll_thread_worker_
20260909-09:22.30-572552(us) 2439594 * Shutdown        (srpc_rpc_backend.cc:142): SrpcRpcBackend::Shutdown: poll_thread_worker_ is null, skipping shutdown
20260909-09:22.30-572567(us) 2439594 * Shutdown        (srpc_rpc_backend.cc:145): SrpcRpcBackend::Shutdown: Shutdown sequence completed, destructor will now exit
20260909-09:22.30-572585(us) 2439594 * ~SrpcRpcBackend (srpc_rpc_backend.cc:54): SrpcRpcBackend::~SrpcRpcBackend: Shutdown() completed
20260909-09:22.30-572667(us) 2439594 * Stop            (srpc_rpc_backend.cc:589): SrpcRpcBackend::Stop: Already stopped, returning
20260909-09:22.30-572720(us) 2439594 * Shutdown        (srpc_rpc_backend.cc:112): SrpcRpcBackend::Shutdown: About to delete server
20260909-09:22.30-572748(us) 2439594 * Shutdown        (srpc_rpc_backend.cc:116): SrpcRpcBackend::Shutdown: Server pointer is valid, deleting...
20260909-09:22.30-572784(us) 2439594 * Shutdown        (srpc_rpc_backend.cc:120): SrpcRpcBackend::Shutdown: Server deleted successfully
20260909-09:22.30-572812(us) 2439594 * Shutdown        (srpc_rpc_backend.cc:132): SrpcRpcBackend::Shutdown: About to shutdown poll_thread_worker_
20260909-09:22.30-572851(us) 2439594 * Shutdown        (srpc_rpc_backend.cc:136): SrpcRpcBackend::Shutdown: poll_thread_worker_ is valid, calling shutdown()
20260909-09:22.30-573266(us) 2439594 * Stop            (srpc_rpc_backend.cc:589): SrpcRpcBackend::Stop: Already stopped, returning
20260909-09:22.30-573331(us) 2439594 * Shutdown        (srpc_rpc_backend.cc:112): SrpcRpcBackend::Shutdown: About to delete server
20260909-09:22.30-573353(us) 2439594 * Shutdown        (srpc_rpc_backend.cc:116): SrpcRpcBackend::Shutdown: Server pointer is valid, deleting...
20260909-09:22.30-573384(us) 2439594 * Shutdown        (srpc_rpc_backend.cc:120): SrpcRpcBackend::Shutdown: Server deleted successfully
20260909-09:22.30-573410(us) 2439594 * Shutdown        (srpc_rpc_backend.cc:132): SrpcRpcBackend::Shutdown: About to shutdown poll_thread_worker_
20260909-09:22.30-573439(us) 2439594 * Shutdown        (srpc_rpc_backend.cc:136): SrpcRpcBackend::Shutdown: poll_thread_worker_ is valid, calling shutdown()
20260909-09:22.30-573478(us) 2439594 * Stop            (srpc_rpc_backend.cc:589): SrpcRpcBackend::Stop: Already stopped, returning
20260909-09:22.30-573547(us) 2439594 * Shutdown        (srpc_rpc_backend.cc:112): SrpcRpcBackend::Shutdown: About to delete server
20260909-09:22.30-573578(us) 2439594 * Shutdown        (srpc_rpc_backend.cc:116): SrpcRpcBackend::Shutdown: Server pointer is valid, deleting...
20260909-09:22.30-573607(us) 2439594 * Shutdown        (srpc_rpc_backend.cc:120): SrpcRpcBackend::Shutdown: Server deleted successfully
20260909-09:22.30-573628(us) 2439594 * Shutdown        (srpc_rpc_backend.cc:132): SrpcRpcBackend::Shutdown: About to shutdown poll_thread_worker_
[SHUTDOWN] Worker 20260909-09:22.30-573659(us) 2439594 * Shutdown        (srpc_rpc_backend.cc:136): SrpcRpcBackend::Shutdown: poll_thread_worker_ is valid, calling shutdown()
0 joined
[SHUTDOWN] Joining worker 1
[SHUTDOWN] Worker 1 joined
[SHUTDOWN] Joining worker 2
20260909-09:22.30-573911(us) 2439594 * Shutdown        (srpc_rpc_backend.cc:138): SrpcRpcBackend::Shutdown: poll_thread_worker_->shutdown() completed
20260909-09:22.30-573960(us) 2439594 [SHUTDOWN] Worker 2 joined
[SHUTDOWN] Joining worker 3
* Shutdown        (srpc_rpc_backend.cc:140): SrpcRpcBackend::Shutdown: poll_thread_worker_ reset to None
20260909-09:22.30-574011(us) 2439594 * Shutdown        (srpc_rpc_backend.cc:145): SrpcRpcBackend::Shutdown: Shutdown sequence completed, destructor will now exit
20260909-09:22.30-574033(us) 2439594 * ~SrpcRpcBackend (srpc_rpc_backend.cc:52): SrpcRpcBackend::~SrpcRpcBackend: START destructor
20260909-09:22.30-574055(us) 2439594 * Stop            (srpc_rpc_backend.cc:589): SrpcRpcBackend::Stop: Already stopped, returning
[SHUTDOWN] Worker 3 joined
[SHUTDOWN] Joining worker 4
20260909-09:22.30-574076(us) 2439594 * Shutdown        (srpc_rpc_backend.cc:112): SrpcRpcBackend::Shutdown: About to delete server
20260909-09:22.30-574126(us) 2439594 * Shutdown        (srpc_rpc_backend.cc:129): SrpcRpcBackend::Shutdown: Server pointer is null, skipping deletion
[SHUTDOWN] Worker 4 joined
[SHUTDOWN] Joining worker 20260909-09:22.30-574148(us) 2439594 * Shutdown        (srpc_rpc_backend.cc:132): SrpcRpcBackend::Shutdown: About to shutdown poll_thread_worker_
5
20260909-09:22.30-574185(us) 2439594 * Shutdown        (srpc_rpc_backend.cc:142): SrpcRpcBackend::Shutdown: poll_thread_worker_ is null, skipping shutdown
20260909-09:22.30-574203(us) 2439594 * Shutdown        (srpc_rpc_backend.cc:145): SrpcRpcBackend::Shutdown: Shutdown sequence completed, destructor will now exit
20260909-09:22.30-574221(us) 2439594 * ~SrpcRpcBackend (srpc_rpc_backend.cc:54): SrpcRpcBackend::~SrpcRpcBackend: Shutdown() completed
[SHUTDOWN] Worker 5 joined
[SHUTDOWN] Joining worker 6
[SHUTDOWN] Worker 6 joined
[SHUTDOWN] Joining worker 7
20260909-09:22.30-574746(us) 2439594 * Shutdown        (srpc_rpc_backend.cc:138): SrpcRpcBackend::Shutdown: poll_thread_worker_->shutdown() completed
20260909-09:22.30-574840(us) 2439594 * Shutdown        (srpc_rpc_backend.cc:140): SrpcRpcBackend::Shutdown: poll_thread_worker_ reset to None
20260909-09:22.30-574869(us) 2439594 * Shutdown        (srpc_rpc_backend.cc:145): SrpcRpcBackend::Shutdown: Shutdown sequence completed, destructor will now exit
20260909-09:22.30-574896(us) 2439594 * ~SrpcRpcBackend (srpc_rpc_backend.cc:52): SrpcRpcBackend::~SrpcRpcBackend: START destructor
20260909-09:22.30-574929(us) 2439594 * Stop            (srpc_rpc_backend.cc:589): SrpcRpcBackend::Stop: Already stopped, returning
20260909-09:22.30-574961(us) 2439594 * Shutdown        (srpc_rpc_backend.cc:138): SrpcRpcBackend::Shutdown: poll_thread_worker_->shutdown() completed
20260909-09:22.30-575010(us) 2439594 * Shutdown        (srpc_rpc_backend.cc:112): SrpcRpcBackend::Shutdown: About to delete server
20260909-09:22.30-575053(us) 2439594 * Shutdown        (srpc_rpc_backend.cc:129): SrpcRpcBackend::Shutdown: Server pointer is null, skipping deletion
20260909-09:22.30-575084(us) 2439594 * Shutdown        (srpc_rpc_backend.cc:132): SrpcRpcBackend::Shutdown: About to shutdown poll_thread_worker_
20260909-09:22.30-575119(us) 2439594 * Shutdown        (srpc_rpc_backend.cc:142): SrpcRpcBackend::Shutdown: poll_thread_worker_ is null, skipping shutdown
20260909-09:22.30-575152(us) 2439594 * Shutdown        (srpc_rpc_backend.cc:145): SrpcRpcBackend::Shutdown: Shutdown sequence completed, destructor will now exit
20260909-09:22.30-575184(us) 2439594 * ~SrpcRpcBackend (srpc_rpc_backend.cc:54): SrpcRpcBackend::~SrpcRpcBackend: Shutdown() completed
20260909-09:22.30-575226(us) 2439594 * Shutdown        (srpc_rpc_backend.cc:140): SrpcRpcBackend::Shutdown: poll_thread_worker_ reset to None
20260909-09:22.30-575260(us) 2439594 * Shutdown        (srpc_rpc_backend.cc:145): SrpcRpcBackend::Shutdown: Shutdown sequence completed, destructor will now exit
20260909-09:22.30-575287(us) 2439594 * ~SrpcRpcBackend (srpc_rpc_backend.cc:52): SrpcRpcBackend::~SrpcRpcBackend: START destructor
20260909-09:22.30-575313(us) 2439594 * Stop            (srpc_rpc_backend.cc:589): SrpcRpcBackend::Stop: Already stopped, returning
20260909-09:22.30-575339(us) 2439594 * Shutdown        (srpc_rpc_backend.cc:112): SrpcRpcBackend::Shutdown: About to delete server
20260909-09:22.30-575368(us) 2439594 * Shutdown        (srpc_rpc_backend.cc:129): SrpcRpcBackend::Shutdown: Server pointer is null, skipping deletion
20260909-09:22.30-575399(us) 2439594 * Shutdown        (srpc_rpc_backend.cc:132): SrpcRpcBackend::Shutdown: About to shutdown poll_thread_worker_
20260909-09:22.30-575429(us) 2439594 * Shutdown        (srpc_rpc_backend.cc:142): SrpcRpcBackend::Shutdown: poll_thread_worker_ is null, skipping shutdown
20260909-09:22.30-575461(us) 2439594 * Shutdown        (srpc_rpc_backend.cc:145): SrpcRpcBackend::Shutdown: Shutdown sequence completed, destructor will now exit
20260909-09:22.30-575491(us) 2439594 * ~SrpcRpcBackend (srpc_rpc_backend.cc:54): SrpcRpcBackend::~SrpcRpcBackend: Shutdown() completed
[SHUTDOWN] Worker 7 joined
[SHUTDOWN] Joining worker 8
[SHUTDOWN] Worker 8 joined
[SHUTDOWN] Joining worker 9
[SHUTDOWN] Worker 9 joined
[SHUTDOWN] Joining worker 10
[SHUTDOWN] Worker 10 joined
[SHUTDOWN] Joining worker 11
[SHUTDOWN] Worker 11 joined
[SHUTDOWN] Joining worker 12
[SHUTDOWN] Worker 12 joined
[SHUTDOWN] Joining worker 13
[SHUTDOWN] Worker 13 joined
[SHUTDOWN] Joining worker 14
[SHUTDOWN] Worker 14 joined
[SHUTDOWN] Joining worker 15
[SHUTDOWN] Worker 15 joined
[SHUTDOWN] All workers joined
[SHUTDOWN] Calling stop_rpc_server()
[STOP_SERVER] Stopping 2 server transports
[STOP_SERVER] Stopping server transport 0
20260909-09:22.30-577137(us) 2439594 * Stop            (srpc_rpc_backend.cc:593): SrpcRpcBackend::Stop: BEGIN - Setting stop flag
20260909-09:22.30-577166(us) 2439594 * Stop            (srpc_rpc_backend.cc:596): SrpcRpcBackend::Stop: Waiting for event loop to exit...
20260909-09:22.30-577252(us) 2439594 * RunEventLoop    (srpc_rpc_backend.cc:577): SrpcRpcBackend::RunEventLoop: Stop flag detected, exiting event loop
20260909-09:22.30-577286(us) 2439594 * RunEventLoop    (srpc_rpc_backend.cc:581): SrpcRpcBackend::RunEventLoop: Exited cleanly
20260909-09:22.30-577307(us) 2439594 * rpc_server      (rpc_setup.cc:126): the rpc_server is terminated on shardIdx:0, alpha:0!
20260909-09:22.30-587256(us) 2439594 * Stop            (srpc_rpc_backend.cc:612): SrpcRpcBackend::Stop: Event loop exited successfully
20260909-09:22.30-587281(us) 2439594 * Stop            (srpc_rpc_backend.cc:616): SrpcRpcBackend::Stop: Signaling 0 request queues to stop
20260909-09:22.30-587299(us) 2439594 * Stop            (srpc_rpc_backend.cc:624): SrpcRpcBackend::Stop: Signaling 0 response queues to stop
20260909-09:22.30-587316(us) 2439594 * Stop            (srpc_rpc_backend.cc:635): SrpcRpcBackend::Stop: Server cleanup deferred to destructor
20260909-09:22.30-587333(us) 2439594 * Stop            (srpc_rpc_backend.cc:638): SrpcRpcBackend::Stop: Closing client connections
20260909-09:22.30-587351(us) 2439594 * Stop            (srpc_rpc_backend.cc:642): SrpcRpcBackend::Stop: Found 0 client connections to close
20260909-09:22.30-587368(us) 2439594 * Stop            (srpc_rpc_backend.cc:662): SrpcRpcBackend::Stop: Closed 0 client connections
20260909-09:22.30-587393(us) 2439594 * Stop            (srpc_rpc_backend.cc:675): SrpcRpcBackend stats: msg_size_resp_sent: 0 bytes, counter: 0, avg: 0.000000
20260909-09:22.30-587419(us) 2439594 * Stop            (srpc_rpc_backend.cc:676): SrpcRpcBackend::Stop: END
[STOP_SERVER] Server transport 0 stopped
[STOP_SERVER] Stopping server transport 1
20260909-09:22.30-587455(us) 2439594 * Stop            (srpc_rpc_backend.cc:593): SrpcRpcBackend::Stop: BEGIN - Setting stop flag
20260909-09:22.30-587474(us) 2439594 * Stop            (srpc_rpc_backend.cc:596): SrpcRpcBackend::Stop: Waiting for event loop to exit...
20260909-09:22.30-587508(us) 2439594 * RunEventLoop    (srpc_rpc_backend.cc:577): SrpcRpcBackend::RunEventLoop: Stop flag detected, exiting event loop
20260909-09:22.30-587537(us) 2439594 * RunEventLoop    (srpc_rpc_backend.cc:581): SrpcRpcBackend::RunEventLoop: Exited cleanly
20260909-09:22.30-587552(us) 2439594 * rpc_server      (rpc_setup.cc:126): the rpc_server is terminated on shardIdx:0, alpha:1!
20260909-09:22.30-597569(us) 2439594 * Stop            (srpc_rpc_backend.cc:612): SrpcRpcBackend::Stop: Event loop exited successfully
20260909-09:22.30-597592(us) 2439594 * Stop            (srpc_rpc_backend.cc:616): SrpcRpcBackend::Stop: Signaling 0 request queues to stop
20260909-09:22.30-597609(us) 2439594 * Stop            (srpc_rpc_backend.cc:624): SrpcRpcBackend::Stop: Signaling 0 response queues to stop
20260909-09:22.30-597626(us) 2439594 * Stop            (srpc_rpc_backend.cc:635): SrpcRpcBackend::Stop: Server cleanup deferred to destructor
20260909-09:22.30-597643(us) 2439594 * Stop            (srpc_rpc_backend.cc:638): SrpcRpcBackend::Stop: Closing client connections
20260909-09:22.30-597661(us) 2439594 * Stop            (srpc_rpc_backend.cc:642): SrpcRpcBackend::Stop: Found 0 client connections to close
20260909-09:22.30-597683(us) 2439594 * Stop            (srpc_rpc_backend.cc:662): SrpcRpcBackend::Stop: Closed 0 client connections
20260909-09:22.30-597704(us) 2439594 * Stop            (srpc_rpc_backend.cc:675): SrpcRpcBackend stats: msg_size_resp_sent: 0 bytes, counter: 0, avg: 0.000000
20260909-09:22.30-597725(us) 2439594 * Stop            (srpc_rpc_backend.cc:676): SrpcRpcBackend::Stop: END
[STOP_SERVER] Server transport 1 stopped
20260909-09:22.30-597870(us) 2439594 * Stop            (srpc_rpc_backend.cc:589): SrpcRpcBackend::Stop: Already stopped, returning
20260909-09:22.30-597893(us) 2439594 * Shutdown        (srpc_rpc_backend.cc:112): SrpcRpcBackend::Shutdown: About to delete server
20260909-09:22.30-597910(us) 2439594 * Shutdown        (srpc_rpc_backend.cc:116): SrpcRpcBackend::Shutdown: Server pointer is valid, deleting...
20260909-09:22.30-597934(us) 2439594 * Shutdown        (srpc_rpc_backend.cc:120): SrpcRpcBackend::Shutdown: Server deleted successfully
20260909-09:22.30-597954(us) 2439594 * Shutdown        (srpc_rpc_backend.cc:132): SrpcRpcBackend::Shutdown: About to shutdown poll_thread_worker_
20260909-09:22.30-597971(us) 2439594 * Shutdown        (srpc_rpc_backend.cc:136): SrpcRpcBackend::Shutdown: poll_thread_worker_ is valid, calling shutdown()
20260909-09:22.30-598917(us) 2439594 * Shutdown        (srpc_rpc_backend.cc:138): SrpcRpcBackend::Shutdown: poll_thread_worker_->shutdown() completed
20260909-09:22.30-598953(us) 2439594 * Shutdown        (srpc_rpc_backend.cc:140): SrpcRpcBackend::Shutdown: poll_thread_worker_ reset to None
20260909-09:22.30-598972(us) 2439594 * Shutdown        (srpc_rpc_backend.cc:145): SrpcRpcBackend::Shutdown: Shutdown sequence completed, destructor will now exit
20260909-09:22.30-598989(us) 2439594 * ~SrpcRpcBackend (srpc_rpc_backend.cc:52): SrpcRpcBackend::~SrpcRpcBackend: START destructor
20260909-09:22.30-599010(us) 2439594 * Stop            (srpc_rpc_backend.cc:589): SrpcRpcBackend::Stop: Already stopped, returning
20260909-09:22.30-599031(us) 2439594 * Shutdown        (srpc_rpc_backend.cc:112): SrpcRpcBackend::Shutdown: About to delete server
20260909-09:22.30-599052(us) 2439594 * Shutdown        (srpc_rpc_backend.cc:129): SrpcRpcBackend::Shutdown: Server pointer is null, skipping deletion
20260909-09:22.30-599070(us) 2439594 * Shutdown        (srpc_rpc_backend.cc:132): SrpcRpcBackend::Shutdown: About to shutdown poll_thread_worker_
20260909-09:22.30-599092(us) 2439594 * Shutdown        (srpc_rpc_backend.cc:142): SrpcRpcBackend::Shutdown: poll_thread_worker_ is null, skipping shutdown
20260909-09:22.30-599112(us) 2439594 * Shutdown        (srpc_rpc_backend.cc:145): SrpcRpcBackend::Shutdown: Shutdown sequence completed, destructor will now exit
20260909-09:22.30-599133(us) 2439594 * ~SrpcRpcBackend (srpc_rpc_backend.cc:54): SrpcRpcBackend::~SrpcRpcBackend: Shutdown() completed
20260909-09:22.30-599187(us) 2439594 * Stop            (srpc_rpc_backend.cc:589): SrpcRpcBackend::Stop: Already stopped, returning
20260909-09:22.30-599206(us) 2439594 * Shutdown        (srpc_rpc_backend.cc:112): SrpcRpcBackend::Shutdown: About to delete server
20260909-09:22.30-599223(us) 2439594 * Shutdown        (srpc_rpc_backend.cc:116): SrpcRpcBackend::Shutdown: Server pointer is valid, deleting...
20260909-09:22.30-599248(us) 2439594 * Shutdown        (srpc_rpc_backend.cc:120): SrpcRpcBackend::Shutdown: Server deleted successfully
20260909-09:22.30-599267(us) 2439594 * Shutdown        (srpc_rpc_backend.cc:132): SrpcRpcBackend::Shutdown: About to shutdown poll_thread_worker_
20260909-09:22.30-599287(us) 2439594 * Shutdown        (srpc_rpc_backend.cc:136): SrpcRpcBackend::Shutdown: poll_thread_worker_ is valid, calling shutdown()
20260909-09:22.30-600172(us) 2439594 * Shutdown        (srpc_rpc_backend.cc:138): SrpcRpcBackend::Shutdown: poll_thread_worker_->shutdown() completed
20260909-09:22.30-600209(us) 2439594 * Shutdown        (srpc_rpc_backend.cc:140): SrpcRpcBackend::Shutdown: poll_thread_worker_ reset to None
20260909-09:22.30-600228(us) 2439594 * Shutdown        (srpc_rpc_backend.cc:145): SrpcRpcBackend::Shutdown: Shutdown sequence completed, destructor will now exit
20260909-09:22.30-600246(us) 2439594 * ~SrpcRpcBackend (srpc_rpc_backend.cc:52): SrpcRpcBackend::~SrpcRpcBackend: START destructor
20260909-09:22.30-600267(us) 2439594 * Stop            (srpc_rpc_backend.cc:589): SrpcRpcBackend::Stop: Already stopped, returning
20260909-09:22.30-600288(us) 2439594 * Shutdown        (srpc_rpc_backend.cc:112): SrpcRpcBackend::Shutdown: About to delete server
20260909-09:22.30-600308(us) 2439594 * Shutdown        (srpc_rpc_backend.cc:129): SrpcRpcBackend::Shutdown: Server pointer is null, skipping deletion
20260909-09:22.30-600326(us) 2439594 * Shutdown        (srpc_rpc_backend.cc:132): SrpcRpcBackend::Shutdown: About to shutdown poll_thread_worker_
20260909-09:22.30-600349(us) 2439594 * Shutdown        (srpc_rpc_backend.cc:142): SrpcRpcBackend::Shutdown: poll_thread_worker_ is null, skipping shutdown
20260909-09:22.30-600365(us) 2439594 * Shutdown        (srpc_rpc_backend.cc:145): SrpcRpcBackend::Shutdown: Shutdown sequence completed, destructor will now exit
20260909-09:22.30-600383(us) 2439594 * ~SrpcRpcBackend (srpc_rpc_backend.cc:54): SrpcRpcBackend::~SrpcRpcBackend: Shutdown() completed
[STOP_SERVER] All server transports stopped
[SHUTDOWN] stop_rpc_server() completed
[SHUTDOWN] Calling second stop()
20260909-09:22.30-600449(us) 2439594 ! stop            (bench.cc:496):     stop all rpc clients. set stop=false
[SHUTDOWN] Second stop() completed
20260909-09:22.30-600472(us) 2439594 ! run             (bench.cc:731):     TPCC_BENCH_MEASURE_END
[SHUTDOWN] Calling do_txn_finish()
[SHUTDOWN] do_txn_finish() completed
--- n_commits per partition ---
 par_id: 0, n_commits: 391065
 par_id: 1, n_commits: 420323
 par_id: 2, n_commits: 429179
 par_id: 3, n_commits: 425943
 par_id: 4, n_commits: 427204
 par_id: 5, n_commits: 424594
 par_id: 6, n_commits: 425365
 par_id: 7, n_commits: 419595
 par_id: 8, n_commits: 409193
 par_id: 9, n_commits: 427844
 par_id: 10, n_commits: 427987
 par_id: 11, n_commits: 426022
 par_id: 12, n_commits: 424876
 par_id: 13, n_commits: 423377
 par_id: 14, n_commits: 385710
 par_id: 15, n_commits: 425196
--- benchmark statistics ---
runtime: 10.1598 sec
memory delta: 4729.48 MB
n_commits: 6713473
latency_numer_us: 157565440
latency_numer_us_remote: 0
memory delta rate: 465.511 MB/sec
logical memory delta: 425.756 MB
logical memory delta rate: 41.9061 MB/sec
agg_nosync_throughput: 660803 ops/sec
avg_nosync_per_core_throughput: 41300.2 ops/sec/core
agg_throughput: 660790 ops/sec
avg_per_core_throughput: 41299.4 ops/sec/core
agg_persist_throughput: 660790 ops/sec
avg_per_core_persist_throughput: 41299.4 ops/sec/core
avg_latency: 0.02347 ms
avg_persist_latency: 0 ms
agg_abort_rate: 107.089 aborts/sec
avg_per_core_abort_rate: 6.69307 aborts/sec/core
  NewOrder_local_commit_latency: 0.0260771 ms
  NewOrder_local_abort_latency: 0.0593713 ms
  NewOrder_local_abort_ratio: 0.00010326
  Payment_local_commit_latency: 0.00828269 ms
  Payment_local_abort_latency: 0.0530923 ms
  Payment_local_abort_ratio: 6.57935e-06
  Delivery_local_commit_latency: 0.0990287 ms
  Delivery_local_abort_latency: 0 ms
  Delivery_local_abort_ratio: 0
  OrderStatus_local_commit_latency: 0.00833743 ms
  OrderStatus_local_abort_latency: 0.044702 ms
  OrderStatus_local_abort_ratio: 3.74049e-06
  StockLevel_local_commit_latency: 0.109359 ms
  StockLevel_local_abort_latency: 0.138848 ms
  StockLevel_local_abort_ratio: 0.00281119
  NewOrder_remote_ratio: 0 %
  NewOrder_remote_abort_ratio: 0 %
  NewOrder_remote_commit_latency: 0 ms
  NewOrder_remote_abort_latency: 0 ms
  Payment_remote_ratio: 0 %
  Payment_remote_abort_ratio: 0 %
  Payment_remote_commit_latency: 0 ms
  Payment_remote_abort_latency: 0 ms
--- system counters (for benchmark) ---
--- perf counters (if enabled, for benchmark) ---
--- allocator stats ---
[SiloRuntime 0] ncpus=16
[SiloRuntime 0] cpu=0 fully_faulted?=0 remaining=268435456 bytes
[SiloRuntime 0] cpu=1 fully_faulted?=0 remaining=268435456 bytes
[SiloRuntime 0] cpu=2 fully_faulted?=0 remaining=268435456 bytes
[SiloRuntime 0] cpu=3 fully_faulted?=0 remaining=268435456 bytes
[SiloRuntime 0] cpu=4 fully_faulted?=0 remaining=268435456 bytes
[SiloRuntime 0] cpu=5 fully_faulted?=0 remaining=268435456 bytes
[SiloRuntime 0] cpu=6 fully_faulted?=0 remaining=268435456 bytes
[SiloRuntime 0] cpu=7 fully_faulted?=0 remaining=268435456 bytes
[SiloRuntime 0] cpu=8 fully_faulted?=0 remaining=268435456 bytes
[SiloRuntime 0] cpu=9 fully_faulted?=0 remaining=268435456 bytes
[SiloRuntime 0] cpu=10 fully_faulted?=0 remaining=268435456 bytes
[SiloRuntime 0] cpu=11 fully_faulted?=0 remaining=268435456 bytes
[SiloRuntime 0] cpu=12 fully_faulted?=0 remaining=268435456 bytes
[SiloRuntime 0] cpu=13 fully_faulted?=0 remaining=268435456 bytes
[SiloRuntime 0] cpu=14 fully_faulted?=0 remaining=268435456 bytes
[SiloRuntime 0] cpu=15 fully_faulted?=0 remaining=268435456 bytes
---------------------------------------
--- system counters for n_commits ---
[STOP_SERVER] Stopping 0 server transports
[STOP_SERVER] All server transports stopped
