20260909-09:26.14-931087(us) 2441738 * ParseNewFormat  (configuration.cc:102): Using new configuration format
20260909-09:26.14-931225(us) 2441738 * ParseNewFormat  (configuration.cc:162): Loaded 1 sites in 1 shards
20260909-09:26.14-931258(us) 2441738 * handle_new_config_format (dbtest.cc:368):    Site local_s0: shard=0, replica_idx=0, is_leader=1, cluster=localhost
STO_TPCC_NATIVE_ALLOCATOR configured_bytes=4294967296 scope=native_only rust_heap_excluded=1
SiloRuntime[0]::InitializeAllocator()
  hugepgsize: 2097152
  mmap() region [0x7fa75de00000, 0x7fa85e000000)
  runtime0 cpu0 owns [0x7fa75de00000, 0x7fa77de00000)
  runtime0 cpu1 owns [0x7fa77de00000, 0x7fa79de00000)
  runtime0 cpu2 owns [0x7fa79de00000, 0x7fa7bde00000)
  runtime0 cpu3 owns [0x7fa7bde00000, 0x7fa7dde00000)
  runtime0 cpu4 owns [0x7fa7dde00000, 0x7fa7fde00000)
  runtime0 cpu5 owns [0x7fa7fde00000, 0x7fa81de00000)
  runtime0 cpu6 owns [0x7fa81de00000, 0x7fa83de00000)
  runtime0 cpu7 owns [0x7fa83de00000, 0x7fa85de00000)
Database Benchmark:
  pid: 2441738
settings:
  num-cpus    : 128
  num-threads : 8
  shardIndex  : 0
  paxos_proc_name  : localhost
  nshards     : 1
  is_micro    : 0
  is_replicated : 0
  storage_engine : rust
  var-encode  : yes
  allocator   : jemalloc
system properties:
  tuple_prefetch          : no
  btree_node_prefetch     : yes
tpcc settings:
  cross_partition_transactions : 1
  read_only_snapshots          : 1
  partition_locks              : 0
  separate_tree_per_partition  : 1
  new_order_remote_item_pct    : 1
  new_order_fast_id_gen        : 1
  uniform_item_dist            : 0
  order_status_scan_hack       : 0
  workload_mix                 : [45, 43, 4, 4, 4]
20260909-09:26.14-944134(us) 2441738 * ParseNewFormat  (configuration.cc:102): Using new configuration format
20260909-09:26.14-944229(us) 2441738 * ParseNewFormat  (configuration.cc:162): Loaded 1 sites in 1 shards
20260909-09:26.14-944600(us) 2441738 * Initialize      (srpc_rpc_backend.cc:66): SrpcRpcBackend::Initialize: poll_thread_worker_ created, is_some=1
20260909-09:26.14-944750(us) 2441738 * ParseNewFormat  (configuration.cc:102): Using new configuration format
20260909-09:26.14-944803(us) 2441738 * Initialize      (srpc_rpc_backend.cc:97): SrpcRpcBackend initialized on 127.0.0.1:31013 (listening on 0.0.0.0:31013)
20260909-09:26.14-944826(us) 2441738 * FastTransport   (fasttransport.cc:147): FastTransport initialized with srpc/rpc backend on 127.0.0.1:31013
20260909-09:26.14-944864(us) 2441738 * RunEventLoop    (srpc_rpc_backend.cc:516): SrpcRpcBackend::RunEventLoop: Starting event loop
20260909-09:26.14-944909(us) 2441738 * ParseNewFormat  (configuration.cc:162): Loaded 1 sites in 1 shards
20260909-09:26.14-945191(us) 2441738 * Initialize      (srpc_rpc_backend.cc:66): SrpcRpcBackend::Initialize: poll_thread_worker_ created, is_some=1
20260909-09:26.14-945293(us) 2441738 * Initialize      (srpc_rpc_backend.cc:97): SrpcRpcBackend initialized on 127.0.0.1:31014 (listening on 0.0.0.0:31014)
20260909-09:26.14-945310(us) 2441738 * FastTransport   (fasttransport.cc:147): FastTransport initialized with srpc/rpc backend on 127.0.0.1:31014
20260909-09:26.14-945324(us) 2441738 * RunEventLoop    (srpc_rpc_backend.cc:516): SrpcRpcBackend::RunEventLoop: Starting event loop
20260909-09:26.14-948245(us) 2441738 ! run             (bench.cc:537):     # of loaders size:6
20260909-09:26.14-949253(us) 2441738 * benchmark_thread_init (mbta_wrapper.hh:1811): thread_init: thread_id=0, shard_index=0, getShardIndex=0, loader=1
20260909-09:26.14-949685(us) 2441738 * benchmark_thread_init (mbta_wrapper.hh:1811): thread_init: thread_id=1, shard_index=0, getShardIndex=0, loader=1
20260909-09:26.14-949829(us) 2441738 * benchmark_thread_init (mbta_wrapper.hh:1811): thread_init: thread_id=2, shard_index=0, getShardIndex=0, loader=1
PinToWarehouseId(): coreid=3 pinned to whse=1 (partid=0)
20260909-09:26.14-950383(us) 2441738 * benchmark_thread_init (mbta_wrapper.hh:1811): thread_init: thread_id=3, shard_index=0, getShardIndex=0, loader=1
20260909-09:26.14-950494(us) 2441738 * benchmark_thread_init (mbta_wrapper.hh:1811): thread_init: thread_id=4, shard_index=0, getShardIndex=0, loader=1
20260909-09:26.14-950596(us) 2441738 * benchmark_thread_init (mbta_wrapper.hh:1811): thread_init: thread_id=5, shard_index=0, getShardIndex=0, loader=1
PinToWarehouseId(): coreid=5 pinned to whse=1 (partid=0)
PinToWarehouseId(): coreid=4 pinned to whse=1 (partid=0)
num batches: 30
PinToWarehouseId(): coreid=6 pinned to whse=1 (partid=0)
PinToWarehouseId(): coreid=4 pinned to whse=2 (partid=1)
[INFO] finished loading warehouse
[INFO]   * average warehouse record length: 97 bytes
PinToWarehouseId(): coreid=4 pinned to whse=3 (partid=2)
PinToWarehouseId(): coreid=4 pinned to whse=4 (partid=3)
PinToWarehouseId(): coreid=4 pinned to whse=5 (partid=4)
PinToWarehouseId(): coreid=4 pinned to whse=6 (partid=5)
PinToWarehouseId(): coreid=4 pinned to whse=7 (partid=6)
PinToWarehouseId(): coreid=4 pinned to whse=8 (partid=7)
[INFO] finished loading district
[INFO]   * average district record length: 99 bytes
PinToWarehouseId(): coreid=5 pinned to whse=2 (partid=1)
[INFO] finished loading item
[INFO]   * average item record length: 84.1739 bytes
PinToWarehouseId(): coreid=6 pinned to whse=2 (partid=1)
PinToWarehouseId(): coreid=5 pinned to whse=3 (partid=2)
PinToWarehouseId(): coreid=6 pinned to whse=3 (partid=2)
PinToWarehouseId(): coreid=5 pinned to whse=4 (partid=3)
PinToWarehouseId(): coreid=5 pinned to whse=5 (partid=4)
PinToWarehouseId(): coreid=6 pinned to whse=4 (partid=3)
PinToWarehouseId(): coreid=3 pinned to whse=2 (partid=1)
PinToWarehouseId(): coreid=5 pinned to whse=6 (partid=5)
PinToWarehouseId(): coreid=6 pinned to whse=5 (partid=4)
PinToWarehouseId(): coreid=5 pinned to whse=7 (partid=6)
PinToWarehouseId(): coreid=5 pinned to whse=8 (partid=7)
PinToWarehouseId(): coreid=6 pinned to whse=6 (partid=5)
[INFO] finished loading order
[INFO]   * average order_line record length: 11.2675 bytes
[INFO]   * average oorder record length: 7.9102 bytes
[INFO]   * average new_order record length: 12 bytes
PinToWarehouseId(): coreid=6 pinned to whse=7 (partid=6)
PinToWarehouseId(): coreid=3 pinned to whse=3 (partid=2)
PinToWarehouseId(): coreid=6 pinned to whse=8 (partid=7)
[INFO] finished loading customer
[INFO]   * average customer record length: 153.966 bytes 
PinToWarehouseId(): coreid=3 pinned to whse=4 (partid=3)
PinToWarehouseId(): coreid=3 pinned to whse=5 (partid=4)
PinToWarehouseId(): coreid=3 pinned to whse=6 (partid=5)
PinToWarehouseId(): coreid=3 pinned to whse=7 (partid=6)
PinToWarehouseId(): coreid=3 pinned to whse=8 (partid=7)
[INFO] finished loading stock
[INFO]   * average stock record length: 8 bytes
timed region dataloading took 11095.9 ms
DB size: 1265.21 MB
[0, 0, 0] txns persisted in loading phase
20260909-09:26.26-44197(us) 2441738 ! run             (bench.cc:607):     # of nthreads:8
starting benchmark...
STO_TPCC_CAPACITY phase=load_complete scope=database allocated_registry_bytes=509703656 max_registry_bytes=8589934592 registry_headroom_bytes=8080230936
STO_TPCC_CAPACITY phase=load_complete table=customer_0 retained_records=90000 consumed_record_ids=90000 retained_key_bytes=1080000 allocated_registry_bytes=17856776 max_retained_records=18446744073709551615 max_consumed_record_ids=18446744073709551615 max_retained_key_bytes=18446744073709551615
STO_TPCC_CAPACITY phase=load_complete table=customer_1 retained_records=90000 consumed_record_ids=90000 retained_key_bytes=1080000 allocated_registry_bytes=17856776 max_retained_records=18446744073709551615 max_consumed_record_ids=18446744073709551615 max_retained_key_bytes=18446744073709551615
STO_TPCC_CAPACITY phase=load_complete table=customer_2 retained_records=90000 consumed_record_ids=90000 retained_key_bytes=1080000 allocated_registry_bytes=17856776 max_retained_records=18446744073709551615 max_consumed_record_ids=18446744073709551615 max_retained_key_bytes=18446744073709551615
STO_TPCC_CAPACITY phase=load_complete table=customer_3 retained_records=90000 consumed_record_ids=90000 retained_key_bytes=1080000 allocated_registry_bytes=17856776 max_retained_records=18446744073709551615 max_consumed_record_ids=18446744073709551615 max_retained_key_bytes=18446744073709551615
STO_TPCC_CAPACITY phase=load_complete table=customer_4 retained_records=90000 consumed_record_ids=90000 retained_key_bytes=1080000 allocated_registry_bytes=17856776 max_retained_records=18446744073709551615 max_consumed_record_ids=18446744073709551615 max_retained_key_bytes=18446744073709551615
STO_TPCC_CAPACITY phase=load_complete table=customer_5 retained_records=90000 consumed_record_ids=90000 retained_key_bytes=1080000 allocated_registry_bytes=17856776 max_retained_records=18446744073709551615 max_consumed_record_ids=18446744073709551615 max_retained_key_bytes=18446744073709551615
STO_TPCC_CAPACITY phase=load_complete table=customer_6 retained_records=90000 consumed_record_ids=90000 retained_key_bytes=1080000 allocated_registry_bytes=17856776 max_retained_records=18446744073709551615 max_consumed_record_ids=18446744073709551615 max_retained_key_bytes=18446744073709551615
STO_TPCC_CAPACITY phase=load_complete table=customer_7 retained_records=90000 consumed_record_ids=90000 retained_key_bytes=1080000 allocated_registry_bytes=17856776 max_retained_records=18446744073709551615 max_consumed_record_ids=18446744073709551615 max_retained_key_bytes=18446744073709551615
STO_TPCC_CAPACITY phase=load_complete table=customer_name_idx_0 retained_records=30000 consumed_record_ids=30000 retained_key_bytes=1200000 allocated_registry_bytes=2156376 max_retained_records=18446744073709551615 max_consumed_record_ids=18446744073709551615 max_retained_key_bytes=18446744073709551615
STO_TPCC_CAPACITY phase=load_complete table=customer_name_idx_1 retained_records=30000 consumed_record_ids=30000 retained_key_bytes=1200000 allocated_registry_bytes=2156376 max_retained_records=18446744073709551615 max_consumed_record_ids=18446744073709551615 max_retained_key_bytes=18446744073709551615
STO_TPCC_CAPACITY phase=load_complete table=customer_name_idx_2 retained_records=30000 consumed_record_ids=30000 retained_key_bytes=1200000 allocated_registry_bytes=2156376 max_retained_records=18446744073709551615 max_consumed_record_ids=18446744073709551615 max_retained_key_bytes=18446744073709551615
STO_TPCC_CAPACITY phase=load_complete table=customer_name_idx_3 retained_records=30000 consumed_record_ids=30000 retained_key_bytes=1200000 allocated_registry_bytes=2156376 max_retained_records=18446744073709551615 max_consumed_record_ids=18446744073709551615 max_retained_key_bytes=18446744073709551615
STO_TPCC_CAPACITY phase=load_complete table=customer_name_idx_4 retained_records=30000 consumed_record_ids=30000 retained_key_bytes=1200000 allocated_registry_bytes=2156376 max_retained_records=18446744073709551615 max_consumed_record_ids=18446744073709551615 max_retained_key_bytes=18446744073709551615
STO_TPCC_CAPACITY phase=load_complete table=customer_name_idx_5 retained_records=30000 consumed_record_ids=30000 retained_key_bytes=1200000 allocated_registry_bytes=2156376 max_retained_records=18446744073709551615 max_consumed_record_ids=18446744073709551615 max_retained_key_bytes=18446744073709551615
STO_TPCC_CAPACITY phase=load_complete table=customer_name_idx_6 retained_records=30000 consumed_record_ids=30000 retained_key_bytes=1200000 allocated_registry_bytes=2156376 max_retained_records=18446744073709551615 max_consumed_record_ids=18446744073709551615 max_retained_key_bytes=18446744073709551615
STO_TPCC_CAPACITY phase=load_complete table=customer_name_idx_7 retained_records=30000 consumed_record_ids=30000 retained_key_bytes=1200000 allocated_registry_bytes=2156376 max_retained_records=18446744073709551615 max_consumed_record_ids=18446744073709551615 max_retained_key_bytes=18446744073709551615
STO_TPCC_CAPACITY phase=load_complete table=district_0 retained_records=10 consumed_record_ids=10 retained_key_bytes=80 allocated_registry_bytes=205424 max_retained_records=18446744073709551615 max_consumed_record_ids=18446744073709551615 max_retained_key_bytes=18446744073709551615
STO_TPCC_CAPACITY phase=load_complete table=district_1 retained_records=10 consumed_record_ids=10 retained_key_bytes=80 allocated_registry_bytes=205424 max_retained_records=18446744073709551615 max_consumed_record_ids=18446744073709551615 max_retained_key_bytes=18446744073709551615
STO_TPCC_CAPACITY phase=load_complete table=district_2 retained_records=10 consumed_record_ids=10 retained_key_bytes=80 allocated_registry_bytes=205424 max_retained_records=18446744073709551615 max_consumed_record_ids=18446744073709551615 max_retained_key_bytes=18446744073709551615
STO_TPCC_CAPACITY phase=load_complete table=district_3 retained_records=10 consumed_record_ids=10 retained_key_bytes=80 allocated_registry_bytes=205424 max_retained_records=18446744073709551615 max_consumed_record_ids=18446744073709551615 max_retained_key_bytes=18446744073709551615
STO_TPCC_CAPACITY phase=load_complete table=district_4 retained_records=10 consumed_record_ids=10 retained_key_bytes=80 allocated_registry_bytes=205424 max_retained_records=18446744073709551615 max_consumed_record_ids=18446744073709551615 max_retained_key_bytes=18446744073709551615
STO_TPCC_CAPACITY phase=load_complete table=district_5 retained_records=10 consumed_record_ids=10 retained_key_bytes=80 allocated_registry_bytes=205424 max_retained_records=18446744073709551615 max_consumed_record_ids=18446744073709551615 max_retained_key_bytes=18446744073709551615
STO_TPCC_CAPACITY phase=load_complete table=district_6 retained_records=10 consumed_record_ids=10 retained_key_bytes=80 allocated_registry_bytes=205424 max_retained_records=18446744073709551615 max_consumed_record_ids=18446744073709551615 max_retained_key_bytes=18446744073709551615
STO_TPCC_CAPACITY phase=load_complete table=district_7 retained_records=10 consumed_record_ids=10 retained_key_bytes=80 allocated_registry_bytes=205424 max_retained_records=18446744073709551615 max_consumed_record_ids=18446744073709551615 max_retained_key_bytes=18446744073709551615
STO_TPCC_CAPACITY phase=load_complete table=history_0 retained_records=30000 consumed_record_ids=30000 retained_key_bytes=720000 allocated_registry_bytes=2156376 max_retained_records=18446744073709551615 max_consumed_record_ids=18446744073709551615 max_retained_key_bytes=18446744073709551615
STO_TPCC_CAPACITY phase=load_complete table=history_1 retained_records=30000 consumed_record_ids=30000 retained_key_bytes=720000 allocated_registry_bytes=2156376 max_retained_records=18446744073709551615 max_consumed_record_ids=18446744073709551615 max_retained_key_bytes=18446744073709551615
STO_TPCC_CAPACITY phase=load_complete table=history_2 retained_records=30000 consumed_record_ids=30000 retained_key_bytes=720000 allocated_registry_bytes=2156376 max_retained_records=18446744073709551615 max_consumed_record_ids=18446744073709551615 max_retained_key_bytes=18446744073709551615
STO_TPCC_CAPACITY phase=load_complete table=history_3 retained_records=30000 consumed_record_ids=30000 retained_key_bytes=720000 allocated_registry_bytes=2156376 max_retained_records=18446744073709551615 max_consumed_record_ids=18446744073709551615 max_retained_key_bytes=18446744073709551615
STO_TPCC_CAPACITY phase=load_complete table=history_4 retained_records=30000 consumed_record_ids=30000 retained_key_bytes=720000 allocated_registry_bytes=2156376 max_retained_records=18446744073709551615 max_consumed_record_ids=18446744073709551615 max_retained_key_bytes=18446744073709551615
STO_TPCC_CAPACITY phase=load_complete table=history_5 retained_records=30000 consumed_record_ids=30000 retained_key_bytes=720000 allocated_registry_bytes=2156376 max_retained_records=18446744073709551615 max_consumed_record_ids=18446744073709551615 max_retained_key_bytes=18446744073709551615
STO_TPCC_CAPACITY phase=load_complete table=history_6 retained_records=30000 consumed_record_ids=30000 retained_key_bytes=720000 allocated_registry_bytes=2156376 max_retained_records=18446744073709551615 max_consumed_record_ids=18446744073709551615 max_retained_key_bytes=18446744073709551615
STO_TPCC_CAPACITY phase=load_complete table=history_7 retained_records=30000 consumed_record_ids=30000 retained_key_bytes=720000 allocated_registry_bytes=2156376 max_retained_records=18446744073709551615 max_consumed_record_ids=18446744073709551615 max_retained_key_bytes=18446744073709551615
STO_TPCC_CAPACITY phase=load_complete table=new_order_0 retained_records=9000 consumed_record_ids=9000 retained_key_bytes=108000 allocated_registry_bytes=649024 max_retained_records=18446744073709551615 max_consumed_record_ids=18446744073709551615 max_retained_key_bytes=18446744073709551615
STO_TPCC_CAPACITY phase=load_complete table=new_order_1 retained_records=9000 consumed_record_ids=9000 retained_key_bytes=108000 allocated_registry_bytes=649024 max_retained_records=18446744073709551615 max_consumed_record_ids=18446744073709551615 max_retained_key_bytes=18446744073709551615
STO_TPCC_CAPACITY phase=load_complete table=new_order_2 retained_records=9000 consumed_record_ids=9000 retained_key_bytes=108000 allocated_registry_bytes=649024 max_retained_records=18446744073709551615 max_consumed_record_ids=18446744073709551615 max_retained_key_bytes=18446744073709551615
STO_TPCC_CAPACITY phase=load_complete table=new_order_3 retained_records=9000 consumed_record_ids=9000 retained_key_bytes=108000 allocated_registry_bytes=649024 max_retained_records=18446744073709551615 max_consumed_record_ids=18446744073709551615 max_retained_key_bytes=18446744073709551615
STO_TPCC_CAPACITY phase=load_complete table=new_order_4 retained_records=9000 consumed_record_ids=9000 retained_key_bytes=108000 allocated_registry_bytes=649024 max_retained_records=18446744073709551615 max_consumed_record_ids=18446744073709551615 max_retained_key_bytes=18446744073709551615
STO_TPCC_CAPACITY phase=load_complete table=new_order_5 retained_records=9000 consumed_record_ids=9000 retained_key_bytes=108000 allocated_registry_bytes=649024 max_retained_records=18446744073709551615 max_consumed_record_ids=18446744073709551615 max_retained_key_bytes=18446744073709551615
STO_TPCC_CAPACITY phase=load_complete table=new_order_6 retained_records=9000 consumed_record_ids=9000 retained_key_bytes=108000 allocated_registry_bytes=649024 max_retained_records=18446744073709551615 max_consumed_record_ids=18446744073709551615 max_retained_key_bytes=18446744073709551615
STO_TPCC_CAPACITY phase=load_complete table=new_order_7 retained_records=9000 consumed_record_ids=9000 retained_key_bytes=108000 allocated_registry_bytes=649024 max_retained_records=18446744073709551615 max_consumed_record_ids=18446744073709551615 max_retained_key_bytes=18446744073709551615
STO_TPCC_CAPACITY phase=load_complete table=oorder_0 retained_records=30000 consumed_record_ids=30000 retained_key_bytes=360000 allocated_registry_bytes=2156376 max_retained_records=18446744073709551615 max_consumed_record_ids=18446744073709551615 max_retained_key_bytes=18446744073709551615
STO_TPCC_CAPACITY phase=load_complete table=oorder_1 retained_records=30000 consumed_record_ids=30000 retained_key_bytes=360000 allocated_registry_bytes=2156376 max_retained_records=18446744073709551615 max_consumed_record_ids=18446744073709551615 max_retained_key_bytes=18446744073709551615
STO_TPCC_CAPACITY phase=load_complete table=oorder_2 retained_records=30000 consumed_record_ids=30000 retained_key_bytes=360000 allocated_registry_bytes=2156376 max_retained_records=18446744073709551615 max_consumed_record_ids=18446744073709551615 max_retained_key_bytes=18446744073709551615
STO_TPCC_CAPACITY phase=load_complete table=oorder_3 retained_records=30000 consumed_record_ids=30000 retained_key_bytes=360000 allocated_registry_bytes=2156376 max_retained_records=18446744073709551615 max_consumed_record_ids=18446744073709551615 max_retained_key_bytes=18446744073709551615
STO_TPCC_CAPACITY phase=load_complete table=oorder_4 retained_records=30000 consumed_record_ids=30000 retained_key_bytes=360000 allocated_registry_bytes=2156376 max_retained_records=18446744073709551615 max_consumed_record_ids=18446744073709551615 max_retained_key_bytes=18446744073709551615
STO_TPCC_CAPACITY phase=load_complete table=oorder_5 retained_records=30000 consumed_record_ids=30000 retained_key_bytes=360000 allocated_registry_bytes=2156376 max_retained_records=18446744073709551615 max_consumed_record_ids=18446744073709551615 max_retained_key_bytes=18446744073709551615
STO_TPCC_CAPACITY phase=load_complete table=oorder_6 retained_records=30000 consumed_record_ids=30000 retained_key_bytes=360000 allocated_registry_bytes=2156376 max_retained_records=18446744073709551615 max_consumed_record_ids=18446744073709551615 max_retained_key_bytes=18446744073709551615
STO_TPCC_CAPACITY phase=load_complete table=oorder_7 retained_records=30000 consumed_record_ids=30000 retained_key_bytes=360000 allocated_registry_bytes=2156376 max_retained_records=18446744073709551615 max_consumed_record_ids=18446744073709551615 max_retained_key_bytes=18446744073709551615
STO_TPCC_CAPACITY phase=load_complete table=oorder_c_id_idx_0 retained_records=30000 consumed_record_ids=30000 retained_key_bytes=480000 allocated_registry_bytes=2156376 max_retained_records=18446744073709551615 max_consumed_record_ids=18446744073709551615 max_retained_key_bytes=18446744073709551615
STO_TPCC_CAPACITY phase=load_complete table=oorder_c_id_idx_1 retained_records=30000 consumed_record_ids=30000 retained_key_bytes=480000 allocated_registry_bytes=2156376 max_retained_records=18446744073709551615 max_consumed_record_ids=18446744073709551615 max_retained_key_bytes=18446744073709551615
STO_TPCC_CAPACITY phase=load_complete table=oorder_c_id_idx_2 retained_records=30000 consumed_record_ids=30000 retained_key_bytes=480000 allocated_registry_bytes=2156376 max_retained_records=18446744073709551615 max_consumed_record_ids=18446744073709551615 max_retained_key_bytes=18446744073709551615
STO_TPCC_CAPACITY phase=load_complete table=oorder_c_id_idx_3 retained_records=30000 consumed_record_ids=30000 retained_key_bytes=480000 allocated_registry_bytes=2156376 max_retained_records=18446744073709551615 max_consumed_record_ids=18446744073709551615 max_retained_key_bytes=18446744073709551615
STO_TPCC_CAPACITY phase=load_complete table=oorder_c_id_idx_4 retained_records=30000 consumed_record_ids=30000 retained_key_bytes=480000 allocated_registry_bytes=2156376 max_retained_records=18446744073709551615 max_consumed_record_ids=18446744073709551615 max_retained_key_bytes=18446744073709551615
STO_TPCC_CAPACITY phase=load_complete table=oorder_c_id_idx_5 retained_records=30000 consumed_record_ids=30000 retained_key_bytes=480000 allocated_registry_bytes=2156376 max_retained_records=18446744073709551615 max_consumed_record_ids=18446744073709551615 max_retained_key_bytes=18446744073709551615
STO_TPCC_CAPACITY phase=load_complete table=oorder_c_id_idx_6 retained_records=30000 consumed_record_ids=30000 retained_key_bytes=480000 allocated_registry_bytes=2156376 max_retained_records=18446744073709551615 max_consumed_record_ids=18446744073709551615 max_retained_key_bytes=18446744073709551615
STO_TPCC_CAPACITY phase=load_complete table=oorder_c_id_idx_7 retained_records=30000 consumed_record_ids=30000 retained_key_bytes=480000 allocated_registry_bytes=2156376 max_retained_records=18446744073709551615 max_consumed_record_ids=18446744073709551615 max_retained_key_bytes=18446744073709551615
STO_TPCC_CAPACITY phase=load_complete table=order_line_0 retained_records=299560 consumed_record_ids=299560 retained_key_bytes=4792960 allocated_registry_bytes=21049824 max_retained_records=18446744073709551615 max_consumed_record_ids=18446744073709551615 max_retained_key_bytes=18446744073709551615
STO_TPCC_CAPACITY phase=load_complete table=order_line_1 retained_records=300029 consumed_record_ids=300029 retained_key_bytes=4800464 allocated_registry_bytes=21049824 max_retained_records=18446744073709551615 max_consumed_record_ids=18446744073709551615 max_retained_key_bytes=18446744073709551615
STO_TPCC_CAPACITY phase=load_complete table=order_line_2 retained_records=300826 consumed_record_ids=300826 retained_key_bytes=4813216 allocated_registry_bytes=21121560 max_retained_records=18446744073709551615 max_consumed_record_ids=18446744073709551615 max_retained_key_bytes=18446744073709551615
STO_TPCC_CAPACITY phase=load_complete table=order_line_3 retained_records=300078 consumed_record_ids=300078 retained_key_bytes=4801248 allocated_registry_bytes=21121560 max_retained_records=18446744073709551615 max_consumed_record_ids=18446744073709551615 max_retained_key_bytes=18446744073709551615
STO_TPCC_CAPACITY phase=load_complete table=order_line_4 retained_records=299993 consumed_record_ids=299993 retained_key_bytes=4799888 allocated_registry_bytes=21049824 max_retained_records=18446744073709551615 max_consumed_record_ids=18446744073709551615 max_retained_key_bytes=18446744073709551615
STO_TPCC_CAPACITY phase=load_complete table=order_line_5 retained_records=299158 consumed_record_ids=299158 retained_key_bytes=4786528 allocated_registry_bytes=21049824 max_retained_records=18446744073709551615 max_consumed_record_ids=18446744073709551615 max_retained_key_bytes=18446744073709551615
STO_TPCC_CAPACITY phase=load_complete table=order_line_6 retained_records=299682 consumed_record_ids=299682 retained_key_bytes=4794912 allocated_registry_bytes=21049824 max_retained_records=18446744073709551615 max_consumed_record_ids=18446744073709551615 max_retained_key_bytes=18446744073709551615
STO_TPCC_CAPACITY phase=load_complete table=order_line_7 retained_records=299597 consumed_record_ids=299597 retained_key_bytes=4793552 allocated_registry_bytes=21049824 max_retained_records=18446744073709551615 max_consumed_record_ids=18446744073709551615 max_retained_key_bytes=18446744073709551615
STO_TPCC_CAPACITY phase=load_complete table=stock_0 retained_records=100000 consumed_record_ids=100999 retained_key_bytes=800000 allocated_registry_bytes=7111536 max_retained_records=18446744073709551615 max_consumed_record_ids=18446744073709551615 max_retained_key_bytes=18446744073709551615
STO_TPCC_CAPACITY phase=load_complete table=stock_1 retained_records=100000 consumed_record_ids=100999 retained_key_bytes=800000 allocated_registry_bytes=7111536 max_retained_records=18446744073709551615 max_consumed_record_ids=18446744073709551615 max_retained_key_bytes=18446744073709551615
STO_TPCC_CAPACITY phase=load_complete table=stock_2 retained_records=100000 consumed_record_ids=100999 retained_key_bytes=800000 allocated_registry_bytes=7111536 max_retained_records=18446744073709551615 max_consumed_record_ids=18446744073709551615 max_retained_key_bytes=18446744073709551615
STO_TPCC_CAPACITY phase=load_complete table=stock_3 retained_records=100000 consumed_record_ids=100999 retained_key_bytes=800000 allocated_registry_bytes=7111536 max_retained_records=18446744073709551615 max_consumed_record_ids=18446744073709551615 max_retained_key_bytes=18446744073709551615
STO_TPCC_CAPACITY phase=load_complete table=stock_4 retained_records=100000 consumed_record_ids=100999 retained_key_bytes=800000 allocated_registry_bytes=7111536 max_retained_records=18446744073709551615 max_consumed_record_ids=18446744073709551615 max_retained_key_bytes=18446744073709551615
STO_TPCC_CAPACITY phase=load_complete table=stock_5 retained_records=100000 consumed_record_ids=100999 retained_key_bytes=800000 allocated_registry_bytes=7111536 max_retained_records=18446744073709551615 max_consumed_record_ids=18446744073709551615 max_retained_key_bytes=18446744073709551615
STO_TPCC_CAPACITY phase=load_complete table=stock_6 retained_records=100000 consumed_record_ids=100999 retained_key_bytes=800000 allocated_registry_bytes=7111536 max_retained_records=18446744073709551615 max_consumed_record_ids=18446744073709551615 max_retained_key_bytes=18446744073709551615
STO_TPCC_CAPACITY phase=load_complete table=stock_7 retained_records=100000 consumed_record_ids=100999 retained_key_bytes=800000 allocated_registry_bytes=7111536 max_retained_records=18446744073709551615 max_consumed_record_ids=18446744073709551615 max_retained_key_bytes=18446744073709551615
STO_TPCC_CAPACITY phase=load_complete table=stock_data_0 retained_records=100000 consumed_record_ids=100999 retained_key_bytes=800000 allocated_registry_bytes=7111536 max_retained_records=18446744073709551615 max_consumed_record_ids=18446744073709551615 max_retained_key_bytes=18446744073709551615
STO_TPCC_CAPACITY phase=load_complete table=stock_data_1 retained_records=100000 consumed_record_ids=100999 retained_key_bytes=800000 allocated_registry_bytes=7111536 max_retained_records=18446744073709551615 max_consumed_record_ids=18446744073709551615 max_retained_key_bytes=18446744073709551615
STO_TPCC_CAPACITY phase=load_complete table=stock_data_2 retained_records=100000 consumed_record_ids=100999 retained_key_bytes=800000 allocated_registry_bytes=7111536 max_retained_records=18446744073709551615 max_consumed_record_ids=18446744073709551615 max_retained_key_bytes=18446744073709551615
STO_TPCC_CAPACITY phase=load_complete table=stock_data_3 retained_records=100000 consumed_record_ids=100999 retained_key_bytes=800000 allocated_registry_bytes=7111536 max_retained_records=18446744073709551615 max_consumed_record_ids=18446744073709551615 max_retained_key_bytes=18446744073709551615
STO_TPCC_CAPACITY phase=load_complete table=stock_data_4 retained_records=100000 consumed_record_ids=100999 retained_key_bytes=800000 allocated_registry_bytes=7111536 max_retained_records=18446744073709551615 max_consumed_record_ids=18446744073709551615 max_retained_key_bytes=18446744073709551615
STO_TPCC_CAPACITY phase=load_complete table=stock_data_5 retained_records=100000 consumed_record_ids=100999 retained_key_bytes=800000 allocated_registry_bytes=7111536 max_retained_records=18446744073709551615 max_consumed_record_ids=18446744073709551615 max_retained_key_bytes=18446744073709551615
STO_TPCC_CAPACITY phase=load_complete table=stock_data_6 retained_records=100000 consumed_record_ids=100999 retained_key_bytes=800000 allocated_registry_bytes=7111536 max_retained_records=18446744073709551615 max_consumed_record_ids=18446744073709551615 max_retained_key_bytes=18446744073709551615
STO_TPCC_CAPACITY phase=load_complete table=stock_data_7 retained_records=100000 consumed_record_ids=100999 retained_key_bytes=800000 allocated_registry_bytes=7111536 max_retained_records=18446744073709551615 max_consumed_record_ids=18446744073709551615 max_retained_key_bytes=18446744073709551615
STO_TPCC_CAPACITY phase=load_complete table=warehouse_0 retained_records=1 consumed_record_ids=1 retained_key_bytes=4 allocated_registry_bytes=205424 max_retained_records=18446744073709551615 max_consumed_record_ids=18446744073709551615 max_retained_key_bytes=18446744073709551615
STO_TPCC_CAPACITY phase=load_complete table=warehouse_1 retained_records=1 consumed_record_ids=1 retained_key_bytes=4 allocated_registry_bytes=205424 max_retained_records=18446744073709551615 max_consumed_record_ids=18446744073709551615 max_retained_key_bytes=18446744073709551615
STO_TPCC_CAPACITY phase=load_complete table=warehouse_2 retained_records=1 consumed_record_ids=1 retained_key_bytes=4 allocated_registry_bytes=205424 max_retained_records=18446744073709551615 max_consumed_record_ids=18446744073709551615 max_retained_key_bytes=18446744073709551615
STO_TPCC_CAPACITY phase=load_complete table=warehouse_3 retained_records=1 consumed_record_ids=1 retained_key_bytes=4 allocated_registry_bytes=205424 max_retained_records=18446744073709551615 max_consumed_record_ids=18446744073709551615 max_retained_key_bytes=18446744073709551615
STO_TPCC_CAPACITY phase=load_complete table=warehouse_4 retained_records=1 consumed_record_ids=1 retained_key_bytes=4 allocated_registry_bytes=205424 max_retained_records=18446744073709551615 max_consumed_record_ids=18446744073709551615 max_retained_key_bytes=18446744073709551615
STO_TPCC_CAPACITY phase=load_complete table=warehouse_5 retained_records=1 consumed_record_ids=1 retained_key_bytes=4 allocated_registry_bytes=205424 max_retained_records=18446744073709551615 max_consumed_record_ids=18446744073709551615 max_retained_key_bytes=18446744073709551615
STO_TPCC_CAPACITY phase=load_complete table=warehouse_6 retained_records=1 consumed_record_ids=1 retained_key_bytes=4 allocated_registry_bytes=205424 max_retained_records=18446744073709551615 max_consumed_record_ids=18446744073709551615 max_retained_key_bytes=18446744073709551615
STO_TPCC_CAPACITY phase=load_complete table=warehouse_7 retained_records=1 consumed_record_ids=1 retained_key_bytes=4 allocated_registry_bytes=205424 max_retained_records=18446744073709551615 max_consumed_record_ids=18446744073709551615 max_retained_key_bytes=18446744073709551615
STO_TPCC_CAPACITY phase=load_complete table=item retained_records=100000 consumed_record_ids=100000 retained_key_bytes=400000 allocated_registry_bytes=7039800 max_retained_records=18446744073709551615 max_consumed_record_ids=18446744073709551615 max_retained_key_bytes=18446744073709551615
tpcc: worker id 128 => warehouses [1, 2)
tpcc: worker id 129 => warehouses [2, 3)
tpcc: worker id 130 => warehouses [3, 4)
tpcc: worker id 131 => warehouses [4, 5)
tpcc: worker id 132 => warehouses [5, 6)
tpcc: worker id 133 => warehouses [6, 7)
tpcc: worker id 134 => warehouses [7, 8)
tpcc: worker id 135 => warehouses [8, 9)
20260909-09:26.26-52802(us) 2441738 * benchmark_thread_init (mbta_wrapper.hh:1811): thread_init: thread_id=6, shard_index=0, getShardIndex=0, loader=0
20260909-09:26.26-53216(us) 2441738 * benchmark_thread_init (mbta_wrapper.hh:1811): thread_init: thread_id=7, shard_index=0, getShardIndex=0, loader=0
20260909-09:26.26-53327(us) 2441738 * benchmark_thread_init (mbta_wrapper.hh:1811): thread_init: thread_id=8, shard_index=0, getShardIndex=0, loader=0
20260909-09:26.26-53412(us) 2441738 * benchmark_thread_init (mbta_wrapper.hh:1811): thread_init: thread_id=9, shard_index=0, getShardIndex=0, loader=0
20260909-09:26.26-53550(us) 2441738 * benchmark_thread_init (mbta_wrapper.hh:1811): thread_init: thread_id=10, shard_index=0, getShardIndex=0, loader=0
20260909-09:26.26-53998(us) 2441738 * benchmark_thread_init (mbta_wrapper.hh:1811): thread_init: thread_id=11, shard_index=0, getShardIndex=0, loader=0
20260909-09:26.26-54024(us) 2441738 * ParseNewFormat  (configuration.cc:102): Using new configuration format
20260909-09:26.26-54102(us) 2441738 * ParseNewFormat  (configuration.cc:162): Loaded 1 sites in 1 shards
20260909-09:26.26-54144(us) 2441738 * ParseNewFormat  (configuration.cc:102): Using new configuration format
20260909-09:26.26-54204(us) 2441738 * ParseNewFormat  (configuration.cc:162): Loaded 1 sites in 1 shards
20260909-09:26.26-54252(us) 2441738 * ParseNewFormat  (configuration.cc:102): Using new configuration format
20260909-09:26.26-54324(us) 2441738 * ParseNewFormat  (configuration.cc:162): Loaded 1 sites in 1 shards
20260909-09:26.26-54529(us) 2441738 * ParseNewFormat  (configuration.cc:102): Using new configuration format
20260909-09:26.26-54578(us) 2441738 * ParseNewFormat  (configuration.cc:102): Using new configuration format
20260909-09:26.26-54624(us) 2441738 * ParseNewFormat  (configuration.cc:102): Using new configuration format
20260909-09:26.26-54654(us) 2441738 * ParseNewFormat  (configuration.cc:162): Loaded 1 sites in 1 shards
20260909-09:26.26-54694(us) 2441738 * ParseNewFormat  (configuration.cc:162): Loaded 1 sites in 1 shards
20260909-09:26.26-54734(us) 2441738 * ParseNewFormat  (configuration.cc:102): Using new configuration format
20260909-09:26.26-54758(us) 2441738 * ParseNewFormat  (configuration.cc:162): Loaded 1 sites in 1 shards
20260909-09:26.26-54787(us) 2441738 * ParseNewFormat  (configuration.cc:162): Loaded 1 sites in 1 shards
20260909-09:26.26-54815(us) 2441738 * ParseNewFormat  (configuration.cc:102): Using new configuration format
20260909-09:26.26-54880(us) 2441738 * ParseNewFormat  (configuration.cc:162): Loaded 1 sites in 1 shards
20260909-09:26.26-55095(us) 2441738 * Initialize      (srpc_rpc_backend.cc:66): SrpcRpcBackend::Initialize: poll_thread_worker_ created, is_some=1
20260909-09:26.26-55167(us) 2441738 * ParseNewFormat  (configuration.cc:102): Using new configuration format
20260909-09:26.26-55197(us) 2441738 * Initialize      (srpc_rpc_backend.cc:97): SrpcRpcBackend initialized on 127.0.0.1:31000 (listening on 0.0.0.0:31000)
20260909-09:26.26-55220(us) 2441738 * FastTransport   (fasttransport.cc:147): FastTransport initialized with srpc/rpc backend on 127.0.0.1:31000
20260909-09:26.26-55280(us) 2441738 * Initialize      (srpc_rpc_backend.cc:66): SrpcRpcBackend::Initialize: poll_thread_worker_ created, is_some=1
20260909-09:26.26-55322(us) 2441738 * ParseNewFormat  (configuration.cc:162): Loaded 1 sites in 1 shards
20260909-09:26.26-55407(us) 2441738 * Initialize      (srpc_rpc_backend.cc:97): SrpcRpcBackend initialized on 127.0.0.1:31001 (listening on 0.0.0.0:31001)
20260909-09:26.26-55429(us) 2441738 * FastTransport   (fasttransport.cc:147): FastTransport initialized with srpc/rpc backend on 127.0.0.1:31001
20260909-09:26.26-55461(us) 2441738 * ParseNewFormat  (configuration.cc:102): Using new configuration format
20260909-09:26.26-55518(us) 2441738 * ParseNewFormat  (configuration.cc:162): Loaded 1 sites in 1 shards
20260909-09:26.26-55573(us) 2441738 * Initialize      (srpc_rpc_backend.cc:66): SrpcRpcBackend::Initialize: poll_thread_worker_ created, is_some=1
20260909-09:26.26-55623(us) 2441738 * ParseNewFormat  (configuration.cc:102): Using new configuration format
20260909-09:26.26-55650(us) 2441738 * ParseNewFormat  (configuration.cc:162): Loaded 1 sites in 1 shards
20260909-09:26.26-55681(us) 2441738 * ParseNewFormat  (configuration.cc:102): Using new configuration format
20260909-09:26.26-55735(us) 2441738 * ParseNewFormat  (configuration.cc:162): Loaded 1 sites in 1 shards
20260909-09:26.26-55779(us) 2441738 * Initialize      (srpc_rpc_backend.cc:97): SrpcRpcBackend initialized on 127.0.0.1:31003 (listening on 0.0.0.0:31003)
20260909-09:26.26-55803(us) 2441738 * FastTransport   (fasttransport.cc:147): FastTransport initialized with srpc/rpc backend on 127.0.0.1:31003
20260909-09:26.26-55892(us) 2441738 * ParseNewFormat  (configuration.cc:102): Using new configuration format
20260909-09:26.26-55937(us) 2441738 * ParseNewFormat  (configuration.cc:162): Loaded 1 sites in 1 shards
20260909-09:26.26-55964(us) 2441738 * Initialize      (srpc_rpc_backend.cc:66): SrpcRpcBackend::Initialize: poll_thread_worker_ created, is_some=1
20260909-09:26.26-56056(us) 2441738 * Initialize      (srpc_rpc_backend.cc:97): SrpcRpcBackend initialized on 127.0.0.1:31002 (listening on 0.0.0.0:31002)
20260909-09:26.26-56073(us) 2441738 * FastTransport   (fasttransport.cc:147): FastTransport initialized with srpc/rpc backend on 127.0.0.1:31002
20260909-09:26.26-56098(us) 2441738 * Initialize      (srpc_rpc_backend.cc:66): SrpcRpcBackend::Initialize: poll_thread_worker_ created, is_some=1
20260909-09:26.26-56169(us) 2441738 * Initialize      (srpc_rpc_backend.cc:97): SrpcRpcBackend initialized on 127.0.0.1:31004 (listening on 0.0.0.0:31004)
20260909-09:26.26-56186(us) 2441738 * FastTransport   (fasttransport.cc:147): FastTransport initialized with srpc/rpc backend on 127.0.0.1:31004
20260909-09:26.26-56306(us) 2441738 * Initialize      (srpc_rpc_backend.cc:66): SrpcRpcBackend::Initialize: poll_thread_worker_ created, is_some=1
20260909-09:26.26-56361(us) 2441738 * Initialize      (srpc_rpc_backend.cc:97): SrpcRpcBackend initialized on 127.0.0.1:31005 (listening on 0.0.0.0:31005)
20260909-09:26.26-56378(us) 2441738 * FastTransport   (fasttransport.cc:147): FastTransport initialized with srpc/rpc backend on 127.0.0.1:31005
20260909-09:26.26-56466(us) 2441738 * ParseNewFormat  (configuration.cc:102): Using new configuration format
20260909-09:26.26-56567(us) 2441738 * ParseNewFormat  (configuration.cc:162): Loaded 1 sites in 1 shards
20260909-09:26.26-56717(us) 2441738 * benchmark_thread_init (mbta_wrapper.hh:1811): thread_init: thread_id=12, shard_index=0, getShardIndex=0, loader=0
20260909-09:26.26-56973(us) 2441738 * ParseNewFormat  (configuration.cc:102): Using new configuration format
20260909-09:26.26-57096(us) 2441738 * ParseNewFormat  (configuration.cc:102): Using new configuration format
20260909-09:26.26-57145(us) 2441738 * ParseNewFormat  (configuration.cc:162): Loaded 1 sites in 1 shards
20260909-09:26.26-57263(us) 2441738 * benchmark_thread_init (mbta_wrapper.hh:1811): thread_init: thread_id=13, shard_index=0, getShardIndex=0, loader=0
20260909-09:26.26-57290(us) 2441738 * ParseNewFormat  (configuration.cc:102): Using new configuration format
20260909-09:26.26-57340(us) 2441738 * ParseNewFormat  (configuration.cc:162): Loaded 1 sites in 1 shards
20260909-09:26.26-57519(us) 2441738 * ParseNewFormat  (configuration.cc:102): Using new configuration format
20260909-09:26.26-57548(us) 2441738 * ParseNewFormat  (configuration.cc:162): Loaded 1 sites in 1 shards
20260909-09:26.26-57584(us) 2441738 * ParseNewFormat  (configuration.cc:162): Loaded 1 sites in 1 shards
20260909-09:26.26-57960(us) 2441738 * ParseNewFormat  (configuration.cc:102): Using new configuration format
20260909-09:26.26-58003(us) 2441738 * ParseNewFormat  (configuration.cc:162): Loaded 1 sites in 1 shards
20260909-09:26.26-58205(us) 2441738 * ParseNewFormat  (configuration.cc:102): Using new configuration format
20260909-09:26.26-58251(us) 2441738 * ParseNewFormat  (configuration.cc:162): Loaded 1 sites in 1 shards
20260909-09:26.26-58751(us) 2441738 * ParseNewFormat  (configuration.cc:102): Using new configuration format
20260909-09:26.26-58786(us) 2441738 * ParseNewFormat  (configuration.cc:162): Loaded 1 sites in 1 shards
20260909-09:26.26-58920(us) 2441738 * ParseNewFormat  (configuration.cc:102): Using new configuration format
20260909-09:26.26-58950(us) 2441738 * ParseNewFormat  (configuration.cc:162): Loaded 1 sites in 1 shards
20260909-09:26.26-60962(us) 2441738 * Initialize      (srpc_rpc_backend.cc:66): SrpcRpcBackend::Initialize: poll_thread_worker_ created, is_some=1
20260909-09:26.26-61021(us) 2441738 * Initialize      (srpc_rpc_backend.cc:97): SrpcRpcBackend initialized on 127.0.0.1:31006 (listening on 0.0.0.0:31006)
20260909-09:26.26-61037(us) 2441738 * FastTransport   (fasttransport.cc:147): FastTransport initialized with srpc/rpc backend on 127.0.0.1:31006
20260909-09:26.26-61076(us) 2441738 * Initialize      (srpc_rpc_backend.cc:66): SrpcRpcBackend::Initialize: poll_thread_worker_ created, is_some=1
20260909-09:26.26-61134(us) 2441738 * Initialize      (srpc_rpc_backend.cc:97): SrpcRpcBackend initialized on 127.0.0.1:31007 (listening on 0.0.0.0:31007)
20260909-09:26.26-61151(us) 2441738 * FastTransport   (fasttransport.cc:147): FastTransport initialized with srpc/rpc backend on 127.0.0.1:31007
20260909-09:26.26-61966(us) 2441738 * ParseNewFormat  (configuration.cc:102): Using new configuration format
20260909-09:26.26-62004(us) 2441738 * ParseNewFormat  (configuration.cc:162): Loaded 1 sites in 1 shards
20260909-09:26.26-62170(us) 2441738 * ParseNewFormat  (configuration.cc:102): Using new configuration format
20260909-09:26.26-62207(us) 2441738 * ParseNewFormat  (configuration.cc:162): Loaded 1 sites in 1 shards
20260909-09:26.26-65477(us) 2441738 ! run             (bench.cc:685):     TPCC_BENCH_MEASURE_START
20260909-09:26.26-65498(us) 2441738 ! run             (bench.cc:693):     start the running time, runTime:10
20260909-09:26.26-65512(us) 2441738 ! run             (bench.cc:705):     runtime time left:10000 ms, bool:1
20260909-09:26.27-70962(us) 2441738 ! run             (bench.cc:705):     runtime time left:9000 ms, bool:1
20260909-09:26.28-76786(us) 2441738 ! run             (bench.cc:705):     runtime time left:8000 ms, bool:1
20260909-09:26.29-83790(us) 2441738 ! run             (bench.cc:705):     runtime time left:7000 ms, bool:1
20260909-09:26.30-89822(us) 2441738 ! run             (bench.cc:705):     runtime time left:6000 ms, bool:1
20260909-09:26.31-97067(us) 2441738 ! run             (bench.cc:705):     runtime time left:5000 ms, bool:1
20260909-09:26.32-103103(us) 2441738 ! run             (bench.cc:705):     runtime time left:4000 ms, bool:1
20260909-09:26.33-109356(us) 2441738 ! run             (bench.cc:705):     runtime time left:3000 ms, bool:1
20260909-09:26.34-117162(us) 2441738 ! run             (bench.cc:705):     runtime time left:2000 ms, bool:1
20260909-09:26.35-123224(us) 2441738 ! run             (bench.cc:705):     runtime time left:1000 ms, bool:1
20260909-09:26.36-128896(us) 2441738 ! run             (bench.cc:718):     runtime_plus:0
[SHUTDOWN] Setting running=false to stop database worker threads
[SHUTDOWN] Calling first stop() to stop client transports
20260909-09:26.36-128967(us) 2441738 * PrintStats      (srpc_rpc_backend.cc:686): SrpcRpcBackend request stats: msg_size_req_sent: 0 bytes, counter: 0, avg: 0.000000
20260909-09:26.36-129027(us) 2441738 * PrintStats      (srpc_rpc_backend.cc:686): SrpcRpcBackend request stats: msg_size_req_sent: 0 bytes, counter: 0, avg: 0.000000
20260909-09:26.36-129076(us) 2441738 * PrintStats      (srpc_rpc_backend.cc:686): SrpcRpcBackend request stats: msg_size_req_sent: 0 bytes, counter: 0, avg: 0.000000
20260909-09:26.36-129124(us) 2441738 * PrintStats      (srpc_rpc_backend.cc:686): SrpcRpcBackend request stats: msg_size_req_sent: 0 bytes, counter: 0, avg: 0.000000
20260909-09:26.36-129169(us) 2441738 * PrintStats      (srpc_rpc_backend.cc:686): SrpcRpcBackend request stats: msg_size_req_sent: 0 bytes, counter: 0, avg: 0.000000
20260909-09:26.36-129237(us) 2441738 * PrintStats      (srpc_rpc_backend.cc:686): SrpcRpcBackend request stats: msg_size_req_sent: 0 bytes, counter: 0, avg: 0.000000
20260909-09:26.36-129268(us) 2441738 * PrintStats      (srpc_rpc_backend.cc:686): SrpcRpcBackend request stats: msg_size_req_sent: 0 bytes, counter: 0, avg: 0.000000
20260909-09:26.36-129334(us) 2441738 * PrintStats      (srpc_rpc_backend.cc:686): SrpcRpcBackend request stats: msg_size_req_sent: 0 bytes, counter: 0, avg: 0.000000
20260909-09:26.36-129378(us) 2441738 ! stop            (bench.cc:514):     stop all rpc clients. set stop=false
20260909-09:26.36-129405(us) 2441738 * Stop            (srpc_rpc_backend.cc:593): SrpcRpcBackend::Stop: BEGIN - Setting stop flag
20260909-09:26.36-129418(us) 2441738 * Stop            (srpc_rpc_backend.cc:596): SrpcRpcBackend::Stop: Waiting for event loop to exit...
20260909-09:26.36-129437(us) 2441738 * Stop            (srpc_rpc_backend.cc:612): SrpcRpcBackend::Stop: Event loop exited successfully
20260909-09:26.36-129453(us) 2441738 * Stop            (srpc_rpc_backend.cc:616): SrpcRpcBackend::Stop: Signaling 0 request queues to stop
20260909-09:26.36-129466(us) 2441738 * Stop            (srpc_rpc_backend.cc:624): SrpcRpcBackend::Stop: Signaling 0 response queues to stop
20260909-09:26.36-129486(us) 2441738 * Stop            (srpc_rpc_backend.cc:635): SrpcRpcBackend::Stop: Server cleanup deferred to destructor
20260909-09:26.36-129499(us) 2441738 * Stop            (srpc_rpc_backend.cc:638): SrpcRpcBackend::Stop: Closing client connections
20260909-09:26.36-129518(us) 2441738 * Stop            (srpc_rpc_backend.cc:642): SrpcRpcBackend::Stop: Found 0 client connections to close
20260909-09:26.36-129531(us) 2441738 * Stop            (srpc_rpc_backend.cc:662): SrpcRpcBackend::Stop: Closed 0 client connections
20260909-09:26.36-129551(us) 2441738 * Stop            (srpc_rpc_backend.cc:675): SrpcRpcBackend stats: msg_size_resp_sent: 0 bytes, counter: 0, avg: 0.000000
20260909-09:26.36-129564(us) 2441738 * Stop            (srpc_rpc_backend.cc:676): SrpcRpcBackend::Stop: END
20260909-09:26.36-129584(us) 2441738 * Stop            (srpc_rpc_backend.cc:593): SrpcRpcBackend::Stop: BEGIN - Setting stop flag
20260909-09:26.36-129596(us) 2441738 * Stop            (srpc_rpc_backend.cc:596): SrpcRpcBackend::Stop: Waiting for event loop to exit...
20260909-09:26.36-129615(us) 2441738 * Stop            (srpc_rpc_backend.cc:612): SrpcRpcBackend::Stop: Event loop exited successfully
20260909-09:26.36-129628(us) 2441738 * Stop            (srpc_rpc_backend.cc:616): SrpcRpcBackend::Stop: Signaling 0 request queues to stop
20260909-09:26.36-129648(us) 2441738 * Stop            (srpc_rpc_backend.cc:624): SrpcRpcBackend::Stop: Signaling 0 response queues to stop
20260909-09:26.36-129661(us) 2441738 * Stop            (srpc_rpc_backend.cc:635): SrpcRpcBackend::Stop: Server cleanup deferred to destructor
20260909-09:26.36-129679(us) 2441738 * Stop            (srpc_rpc_backend.cc:638): SrpcRpcBackend::Stop: Closing client connections
20260909-09:26.36-129692(us) 2441738 * Stop            (srpc_rpc_backend.cc:642): SrpcRpcBackend::Stop: Found 0 client connections to close
20260909-09:26.36-129711(us) 2441738 * Stop            (srpc_rpc_backend.cc:662): SrpcRpcBackend::Stop: Closed 0 client connections
20260909-09:26.36-129724(us) 2441738 * Stop            (srpc_rpc_backend.cc:675): SrpcRpcBackend stats: msg_size_resp_sent: 0 bytes, counter: 0, avg: 0.000000
20260909-09:26.36-129741(us) 2441738 * Stop            (srpc_rpc_backend.cc:676): SrpcRpcBackend::Stop: END
20260909-09:26.36-129754(us) 2441738 * Stop            (srpc_rpc_backend.cc:593): SrpcRpcBackend::Stop: BEGIN - Setting stop flag
20260909-09:26.36-129767(us) 2441738 * Stop            (srpc_rpc_backend.cc:596): SrpcRpcBackend::Stop: Waiting for event loop to exit...
20260909-09:26.36-129810(us) 2441738 * Stop            (srpc_rpc_backend.cc:612): SrpcRpcBackend::Stop: Event loop exited successfully
20260909-09:26.36-129823(us) 2441738 * Stop            (srpc_rpc_backend.cc:616): SrpcRpcBackend::Stop: Signaling 0 request queues to stop
20260909-09:26.36-129848(us) 2441738 * Stop            (srpc_rpc_backend.cc:624): SrpcRpcBackend::Stop: Signaling 0 response queues to stop
20260909-09:26.36-129861(us) 2441738 * Stop            (srpc_rpc_backend.cc:635): SrpcRpcBackend::Stop: Server cleanup deferred to destructor
20260909-09:26.36-129873(us) 2441738 * Stop            (srpc_rpc_backend.cc:638): SrpcRpcBackend::Stop: Closing client connections
20260909-09:26.36-129886(us) 2441738 * Stop            (srpc_rpc_backend.cc:642): SrpcRpcBackend::Stop: Found 0 client connections to close
20260909-09:26.36-129899(us) 2441738 * Stop            (srpc_rpc_backend.cc:662): SrpcRpcBackend::Stop: Closed 0 client connections
20260909-09:26.36-129918(us) 2441738 * Stop            (srpc_rpc_backend.cc:675): SrpcRpcBackend stats: msg_size_resp_sent: 0 bytes, counter: 0, avg: 0.000000
20260909-09:26.36-129932(us) 2441738 * Stop            (srpc_rpc_backend.cc:676): SrpcRpcBackend::Stop: END
20260909-09:26.36-129945(us) 2441738 * Stop            (srpc_rpc_backend.cc:593): SrpcRpcBackend::Stop: BEGIN - Setting stop flag
20260909-09:26.36-129958(us) 2441738 * Stop            (srpc_rpc_backend.cc:596): SrpcRpcBackend::Stop: Waiting for event loop to exit...
20260909-09:26.36-129971(us) 2441738 * Stop            (srpc_rpc_backend.cc:612): SrpcRpcBackend::Stop: Event loop exited successfully
20260909-09:26.36-129988(us) 2441738 * Stop            (srpc_rpc_backend.cc:616): SrpcRpcBackend::Stop: Signaling 0 request queues to stop
20260909-09:26.36-130001(us) 2441738 * Stop            (srpc_rpc_backend.cc:624): SrpcRpcBackend::Stop: Signaling 0 response queues to stop
20260909-09:26.36-130019(us) 2441738 * Stop            (srpc_rpc_backend.cc:635): SrpcRpcBackend::Stop: Server cleanup deferred to destructor
20260909-09:26.36-130032(us) 2441738 * Stop            (srpc_rpc_backend.cc:638): SrpcRpcBackend::Stop: Closing client connections
20260909-09:26.36-130045(us) 2441738 * Stop            (srpc_rpc_backend.cc:642): SrpcRpcBackend::Stop: Found 0 client connections to close
20260909-09:26.36-130058(us) 2441738 * Stop            (srpc_rpc_backend.cc:662): SrpcRpcBackend::Stop: Closed 0 client connections
20260909-09:26.36-130076(us) 2441738 * Stop            (srpc_rpc_backend.cc:675): SrpcRpcBackend stats: msg_size_resp_sent: 0 bytes, counter: 0, avg: 0.000000
20260909-09:26.36-130090(us) 2441738 * Stop            (srpc_rpc_backend.cc:676): SrpcRpcBackend::Stop: END
20260909-09:26.36-130108(us) 2441738 * Stop            (srpc_rpc_backend.cc:593): SrpcRpcBackend::Stop: BEGIN - Setting stop flag
20260909-09:26.36-130121(us) 2441738 * Stop            (srpc_rpc_backend.cc:596): SrpcRpcBackend::Stop: Waiting for event loop to exit...
20260909-09:26.36-130137(us) 2441738 * Stop            (srpc_rpc_backend.cc:612): SrpcRpcBackend::Stop: Event loop exited successfully
20260909-09:26.36-130150(us) 2441738 * Stop            (srpc_rpc_backend.cc:616): SrpcRpcBackend::Stop: Signaling 0 request queues to stop
20260909-09:26.36-130168(us) 2441738 * Stop            (srpc_rpc_backend.cc:624): SrpcRpcBackend::Stop: Signaling 0 response queues to stop
20260909-09:26.36-130180(us) 2441738 * Stop            (srpc_rpc_backend.cc:635): SrpcRpcBackend::Stop: Server cleanup deferred to destructor
20260909-09:26.36-130193(us) 2441738 * Stop            (srpc_rpc_backend.cc:638): SrpcRpcBackend::Stop: Closing client connections
20260909-09:26.36-130210(us) 2441738 * Stop            (srpc_rpc_backend.cc:642): SrpcRpcBackend::Stop: Found 0 client connections to close
20260909-09:26.36-130223(us) 2441738 * Stop            (srpc_rpc_backend.cc:662): SrpcRpcBackend::Stop: Closed 0 client connections
20260909-09:26.36-130241(us) 2441738 * Stop            (srpc_rpc_backend.cc:675): SrpcRpcBackend stats: msg_size_resp_sent: 0 bytes, counter: 0, avg: 0.000000
20260909-09:26.36-130258(us) 2441738 * Stop            (srpc_rpc_backend.cc:676): SrpcRpcBackend::Stop: END
20260909-09:26.36-130278(us) 2441738 * Stop            (srpc_rpc_backend.cc:593): SrpcRpcBackend::Stop: BEGIN - Setting stop flag
20260909-09:26.36-130290(us) 2441738 * Stop            (srpc_rpc_backend.cc:596): SrpcRpcBackend::Stop: Waiting for event loop to exit...
20260909-09:26.36-130309(us) 2441738 * Stop            (srpc_rpc_backend.cc:612): SrpcRpcBackend::Stop: Event loop exited successfully
20260909-09:26.36-130322(us) 2441738 * Stop            (srpc_rpc_backend.cc:616): SrpcRpcBackend::Stop: Signaling 0 request queues to stop
20260909-09:26.36-130342(us) 2441738 * Stop            (srpc_rpc_backend.cc:624): SrpcRpcBackend::Stop: Signaling 0 response queues to stop
20260909-09:26.36-130354(us) 2441738 * Stop            (srpc_rpc_backend.cc:635): SrpcRpcBackend::Stop: Server cleanup deferred to destructor
20260909-09:26.36-130368(us) 2441738 * Stop            (srpc_rpc_backend.cc:638): SrpcRpcBackend::Stop: Closing client connections
20260909-09:26.36-130381(us) 2441738 * Stop            (srpc_rpc_backend.cc:642): SrpcRpcBackend::Stop: Found 0 client connections to close
20260909-09:26.36-130399(us) 2441738 * Stop            (srpc_rpc_backend.cc:662): SrpcRpcBackend::Stop: Closed 0 client connections
20260909-09:26.36-130412(us) 2441738 * Stop            (srpc_rpc_backend.cc:675): SrpcRpcBackend stats: msg_size_resp_sent: 0 bytes, counter: 0, avg: 0.000000
20260909-09:26.36-130425(us) 2441738 * Stop            (srpc_rpc_backend.cc:676): SrpcRpcBackend::Stop: END
20260909-09:26.36-130446(us) 2441738 * Stop            (srpc_rpc_backend.cc:593): SrpcRpcBackend::Stop: BEGIN - Setting stop flag
20260909-09:26.36-130458(us) 2441738 * Stop            (srpc_rpc_backend.cc:596): SrpcRpcBackend::Stop: Waiting for event loop to exit...
20260909-09:26.36-130477(us) 2441738 * Stop            (srpc_rpc_backend.cc:612): SrpcRpcBackend::Stop: Event loop exited successfully
20260909-09:26.36-130490(us) 2441738 * Stop            (srpc_rpc_backend.cc:616): SrpcRpcBackend::Stop: Signaling 0 request queues to stop
20260909-09:26.36-130509(us) 2441738 * Stop            (srpc_rpc_backend.cc:624): SrpcRpcBackend::Stop: Signaling 0 response queues to stop
20260909-09:26.36-130522(us) 2441738 * Stop            (srpc_rpc_backend.cc:635): SrpcRpcBackend::Stop: Server cleanup deferred to destructor
20260909-09:26.36-130541(us) 2441738 * Stop            (srpc_rpc_backend.cc:638): SrpcRpcBackend::Stop: Closing client connections
20260909-09:26.36-130554(us) 2441738 * Stop            (srpc_rpc_backend.cc:642): SrpcRpcBackend::Stop: Found 0 client connections to close
20260909-09:26.36-130574(us) 2441738 * Stop            (srpc_rpc_backend.cc:662): SrpcRpcBackend::Stop: Closed 0 client connections
20260909-09:26.36-130587(us) 2441738 * Stop            (srpc_rpc_backend.cc:675): SrpcRpcBackend stats: msg_size_resp_sent: 0 bytes, counter: 0, avg: 0.000000
20260909-09:26.36-130607(us) 2441738 * Stop            (srpc_rpc_backend.cc:676): SrpcRpcBackend::Stop: END
20260909-09:26.36-130620(us) 2441738 * Stop            (srpc_rpc_backend.cc:593): SrpcRpcBackend::Stop: BEGIN - Setting stop flag
20260909-09:26.36-130634(us) 2441738 * Stop            (srpc_rpc_backend.cc:596): SrpcRpcBackend::Stop: Waiting for event loop to exit...
20260909-09:26.36-130647(us) 2441738 * Stop            (srpc_rpc_backend.cc:612): SrpcRpcBackend::Stop: Event loop exited successfully
20260909-09:26.36-130659(us) 2441738 * Stop            (srpc_rpc_backend.cc:616): SrpcRpcBackend::Stop: Signaling 0 request queues to stop
20260909-09:26.36-130679(us) 2441738 * Stop            (srpc_rpc_backend.cc:624): SrpcRpcBackend::Stop: Signaling 0 response queues to stop
20260909-09:26.36-130692(us) 2441738 * Stop            (srpc_rpc_backend.cc:635): SrpcRpcBackend::Stop: Server cleanup deferred to destructor
20260909-09:26.36-130711(us) 2441738 * Stop            (srpc_rpc_backend.cc:638): SrpcRpcBackend::Stop: Closing client connections
20260909-09:26.36-130724(us) 2441738 * Stop            (srpc_rpc_backend.cc:642): SrpcRpcBackend::Stop: Found 0 client connections to close
20260909-09:26.36-130743(us) 2441738 * Stop            (srpc_rpc_backend.cc:662): SrpcRpcBackend::Stop: Closed 0 client connections
20260909-09:26.36-130756(us) 2441738 * Stop            (srpc_rpc_backend.cc:675): SrpcRpcBackend stats: msg_size_resp_sent: 0 bytes, counter: 0, avg: 0.000000
20260909-09:26.36-130776(us) 2441738 * Stop            (srpc_rpc_backend.cc:676): SrpcRpcBackend::Stop: END
[SHUTDOWN] First stop() completed
[SHUTDOWN] Joining 8 worker threads
[SHUTDOWN] Joining worker 0
20260909-09:26.37-129184(us) 2441738 * Stop            (srpc_rpc_backend.cc:589): SrpcRpcBackend::Stop: Already stopped, returning
20260909-09:26.37-129222(us) 2441738 * Shutdown        (srpc_rpc_backend.cc:112): SrpcRpcBackend::Shutdown: About to delete server
20260909-09:26.37-129240(us) 2441738 * Shutdown        (srpc_rpc_backend.cc:116): SrpcRpcBackend::Shutdown: Server pointer is valid, deleting...
20260909-09:26.37-129262(us) 2441738 * Stop            (srpc_rpc_backend.cc:589): SrpcRpcBackend::Stop: Already stopped, returning
20260909-09:26.37-129302(us) 2441738 * Shutdown        (srpc_rpc_backend.cc:112): SrpcRpcBackend::Shutdown: About to delete server
20260909-09:26.37-129334(us) 2441738 * Shutdown        (srpc_rpc_backend.cc:116): SrpcRpcBackend::Shutdown: Server pointer is valid, deleting...
20260909-09:26.37-129358(us) 2441738 * Shutdown        (srpc_rpc_backend.cc:120): SrpcRpcBackend::Shutdown: Server deleted successfully
20260909-09:26.37-129379(us) 2441738 * Shutdown        (srpc_rpc_backend.cc:132): SrpcRpcBackend::Shutdown: About to shutdown poll_thread_worker_
20260909-09:26.37-129402(us) 2441738 * Shutdown        (srpc_rpc_backend.cc:136): SrpcRpcBackend::Shutdown: poll_thread_worker_ is valid, calling shutdown()
20260909-09:26.37-129436(us) 2441738 * Stop            (srpc_rpc_backend.cc:589): SrpcRpcBackend::Stop: Already stopped, returning
20260909-09:26.37-129481(us) 2441738 * Shutdown        (srpc_rpc_backend.cc:112): SrpcRpcBackend::Shutdown: About to delete server
20260909-09:26.37-129506(us) 2441738 * Shutdown        (srpc_rpc_backend.cc:116): SrpcRpcBackend::Shutdown: Server pointer is valid, deleting...
20260909-09:26.37-129534(us) 2441738 * Shutdown        (srpc_rpc_backend.cc:120): SrpcRpcBackend::Shutdown: Server deleted successfully
20260909-09:26.37-129561(us) 2441738 * Shutdown        (srpc_rpc_backend.cc:132): SrpcRpcBackend::Shutdown: About to shutdown poll_thread_worker_
20260909-09:26.37-129584(us) 2441738 * Shutdown        (srpc_rpc_backend.cc:136): SrpcRpcBackend::Shutdown: poll_thread_worker_ is valid, calling shutdown()
20260909-09:26.37-129638(us) 2441738 * Stop            (srpc_rpc_backend.cc:589): SrpcRpcBackend::Stop: Already stopped, returning
20260909-09:26.37-129673(us) 2441738 * Shutdown        (srpc_rpc_backend.cc:112): SrpcRpcBackend::Shutdown: About to delete server
20260909-09:26.37-129693(us) 2441738 * Shutdown        (srpc_rpc_backend.cc:116): SrpcRpcBackend::Shutdown: Server pointer is valid, deleting...
20260909-09:26.37-129717(us) 2441738 * Shutdown        (srpc_rpc_backend.cc:120): SrpcRpcBackend::Shutdown: Server deleted successfully
20260909-09:26.37-129732(us) 2441738 * Shutdown        (srpc_rpc_backend.cc:132): SrpcRpcBackend::Shutdown: About to shutdown poll_thread_worker_
20260909-09:26.37-129751(us) 2441738 * Shutdown        (srpc_rpc_backend.cc:136): SrpcRpcBackend::Shutdown: poll_thread_worker_ is valid, calling shutdown()
20260909-09:26.37-129787(us) 2441738 * Shutdown        (srpc_rpc_backend.cc:120): SrpcRpcBackend::Shutdown: Server deleted successfully
20260909-09:26.37-129822(us) 2441738 * Shutdown        (srpc_rpc_backend.cc:132): SrpcRpcBackend::Shutdown: About to shutdown poll_thread_worker_
20260909-09:26.37-129848(us) 2441738 * Shutdown        (srpc_rpc_backend.cc:136): SrpcRpcBackend::Shutdown: poll_thread_worker_ is valid, calling shutdown()
20260909-09:26.37-129872(us) 2441738 * Stop            (srpc_rpc_backend.cc:589): SrpcRpcBackend::Stop: Already stopped, returning
20260909-09:26.37-129902(us) 2441738 * Shutdown        (srpc_rpc_backend.cc:112): SrpcRpcBackend::Shutdown: About to delete server
20260909-09:26.37-129921(us) 2441738 * Shutdown        (srpc_rpc_backend.cc:116): SrpcRpcBackend::Shutdown: Server pointer is valid, deleting...
20260909-09:26.37-129945(us) 2441738 * Shutdown        (srpc_rpc_backend.cc:120): SrpcRpcBackend::Shutdown: Server deleted successfully
20260909-09:26.37-129968(us) 2441738 * Shutdown        (srpc_rpc_backend.cc:132): SrpcRpcBackend::Shutdown: About to shutdown poll_thread_worker_
20260909-09:26.37-129987(us) 2441738 * Shutdown        (srpc_rpc_backend.cc:136): SrpcRpcBackend::Shutdown: poll_thread_worker_ is valid, calling shutdown()
20260909-09:26.37-130055(us) 2441738 * Stop            (srpc_rpc_backend.cc:589): SrpcRpcBackend::Stop: Already stopped, returning
20260909-09:26.37-130074(us) 2441738 * Shutdown        (srpc_rpc_backend.cc:112): SrpcRpcBackend::Shutdown: About to delete server
20260909-09:26.37-130096(us) 2441738 * Shutdown        (srpc_rpc_backend.cc:116): SrpcRpcBackend::Shutdown: Server pointer is valid, deleting...
20260909-09:26.37-130113(us) 2441738 * Shutdown        (srpc_rpc_backend.cc:120): SrpcRpcBackend::Shutdown: Server deleted successfully
20260909-09:26.37-130127(us) 2441738 * Shutdown        (srpc_rpc_backend.cc:132): SrpcRpcBackend::Shutdown: About to shutdown poll_thread_worker_
20260909-09:26.37-130140(us) 2441738 * Shutdown        (srpc_rpc_backend.cc:136): SrpcRpcBackend::Shutdown: poll_thread_worker_ is valid, calling shutdown()
20260909-09:26.37-130176(us) 2441738 * Stop            (srpc_rpc_backend.cc:589): SrpcRpcBackend::Stop: Already stopped, returning
20260909-09:26.37-130193(us) 2441738 * Shutdown        (srpc_rpc_backend.cc:112): SrpcRpcBackend::Shutdown: About to delete server
20260909-09:26.37-130208(us) 2441738 * Shutdown        (srpc_rpc_backend.cc:116): SrpcRpcBackend::Shutdown: Server pointer is valid, deleting...
20260909-09:26.37-130228(us) 2441738 * Shutdown        (srpc_rpc_backend.cc:120): SrpcRpcBackend::Shutdown: Server deleted successfully
20260909-09:26.37-130252(us) 2441738 * Shutdown        (srpc_rpc_backend.cc:132): SrpcRpcBackend::Shutdown: About to shutdown poll_thread_worker_
20260909-09:26.37-130269(us) 2441738 * Shutdown        (srpc_rpc_backend.cc:136): SrpcRpcBackend::Shutdown: poll_thread_worker_ is valid, calling shutdown()
20260909-09:26.37-130315(us) 2441738 * Stop            (srpc_rpc_backend.cc:589): SrpcRpcBackend::Stop: Already stopped, returning
20260909-09:26.37-130333(us) 2441738 * Shutdown        (srpc_rpc_backend.cc:112): SrpcRpcBackend::Shutdown: About to delete server
20260909-09:26.37-130349(us) 2441738 * Shutdown        (srpc_rpc_backend.cc:116): SrpcRpcBackend::Shutdown: Server pointer is valid, deleting...
20260909-09:26.37-130367(us) 2441738 * Shutdown        (srpc_rpc_backend.cc:120): SrpcRpcBackend::Shutdown: Server deleted successfully
20260909-09:26.37-130383(us) 2441738 * Shutdown        (srpc_rpc_backend.cc:132): SrpcRpcBackend::Shutdown: About to shutdown poll_thread_worker_
20260909-09:26.37-130399(us) 2441738 * Shutdown        (srpc_rpc_backend.cc:136): SrpcRpcBackend::Shutdown: poll_thread_worker_ is valid, calling shutdown()
20260909-09:26.37-130744(us) 2441738 * Shutdown        (srpc_rpc_backend.cc:138): SrpcRpcBackend::Shutdown: poll_thread_worker_->shutdown() completed
20260909-09:26.37-130781(us) 2441738 * Shutdown        (srpc_rpc_backend.cc:138): SrpcRpcBackend::Shutdown: poll_thread_worker_->shutdown() completed
20260909-09:26.37-130807(us) 2441738 * Shutdown        (srpc_rpc_backend.cc:138): SrpcRpcBackend::Shutdown: poll_thread_worker_->shutdown() completed
20260909-09:26.37-130852(us) 2441738 * Shutdown        (srpc_rpc_backend.cc:140): SrpcRpcBackend::Shutdown: poll_thread_worker_ reset to None
20260909-09:26.37-130869(us) 2441738 * Shutdown        (srpc_rpc_backend.cc:145): SrpcRpcBackend::Shutdown: Shutdown sequence completed, destructor will now exit
20260909-09:26.37-130892(us) 2441738 * ~SrpcRpcBackend (srpc_rpc_backend.cc:52): SrpcRpcBackend::~SrpcRpcBackend: START destructor
20260909-09:26.37-130909(us) 2441738 * Stop            (srpc_rpc_backend.cc:589): SrpcRpcBackend::Stop: Already stopped, returning
20260909-09:26.37-130928(us) 2441738 * Shutdown        (srpc_rpc_backend.cc:112): SrpcRpcBackend::Shutdown: About to delete server
20260909-09:26.37-130944(us) 2441738 * Shutdown        (srpc_rpc_backend.cc:129): SrpcRpcBackend::Shutdown: Server pointer is null, skipping deletion
20260909-09:26.37-130962(us) 2441738 * Shutdown        (srpc_rpc_backend.cc:132): SrpcRpcBackend::Shutdown: About to shutdown poll_thread_worker_
20260909-09:26.37-130979(us) 2441738 * Shutdown        (srpc_rpc_backend.cc:142): SrpcRpcBackend::Shutdown: poll_thread_worker_ is null, skipping shutdown
20260909-09:26.37-130994(us) 2441738 * Shutdown        (srpc_rpc_backend.cc:145): SrpcRpcBackend::Shutdown: Shutdown sequence completed, destructor will now exit
20260909-09:26.37-131009(us) 2441738 * ~SrpcRpcBackend (srpc_rpc_backend.cc:54): SrpcRpcBackend::~SrpcRpcBackend: Shutdown() completed
20260909-09:26.37-131035(us) 2441738 * Shutdown        (srpc_rpc_backend.cc:138): SrpcRpcBackend::Shutdown: poll_thread_worker_->shutdown() completed
20260909-09:26.37-131087(us) 2441738 * Shutdown        (srpc_rpc_backend.cc:138): SrpcRpcBackend::Shutdown: poll_thread_worker_->shutdown() completed
20260909-09:26.37-131135(us) 2441738 * Shutdown        (srpc_rpc_backend.cc:140): SrpcRpcBackend::Shutdown: poll_thread_worker_ reset to None
20260909-09:26.37-131161(us) 2441738 * Shutdown        (srpc_rpc_backend.cc:145): SrpcRpcBackend::Shutdown: Shutdown sequence completed, destructor will now exit
20260909-09:26.37-131190(us) 2441738 * ~SrpcRpcBackend (srpc_rpc_backend.cc:52): SrpcRpcBackend::~SrpcRpcBackend: START destructor
20260909-09:26.37-131222(us) 2441738 * Stop            (srpc_rpc_backend.cc:589): SrpcRpcBackend::Stop: Already stopped, returning
20260909-09:26.37-131248(us) 2441738 * Shutdown        (srpc_rpc_backend.cc:112): SrpcRpcBackend::Shutdown: About to delete server
20260909-09:26.37-131275(us) 2441738 * Shutdown        (srpc_rpc_backend.cc:129): SrpcRpcBackend::Shutdown: Server pointer is null, skipping deletion
20260909-09:26.37-131301(us) 2441738 * Shutdown        (srpc_rpc_backend.cc:132): SrpcRpcBackend::Shutdown: About to shutdown poll_thread_worker_
20260909-09:26.37-131328(us) 2441738 * Shutdown        (srpc_rpc_backend.cc:142): SrpcRpcBackend::Shutdown: poll_thread_worker_ is null, skipping shutdown
20260909-09:26.37-131352(us) 2441738 * Shutdown        (srpc_rpc_backend.cc:145): SrpcRpcBackend::Shutdown: Shutdown sequence completed, destructor will now exit
20260909-09:26.37-131375(us) 2441738 * ~SrpcRpcBackend (srpc_rpc_backend.cc:54): SrpcRpcBackend::~SrpcRpcBackend: Shutdown() completed
20260909-09:26.37-131430(us) 2441738 * Shutdown        (srpc_rpc_backend.cc:140): SrpcRpcBackend::Shutdown: poll_thread_worker_ reset to None
20260909-09:26.37-131461(us) 2441738 * Shutdown        (srpc_rpc_backend.cc:145): SrpcRpcBackend::Shutdown: Shutdown sequence completed, destructor will now exit
20260909-09:26.37-131482(us) 2441738 * ~SrpcRpcBackend (srpc_rpc_backend.cc:52): SrpcRpcBackend::~SrpcRpcBackend: START destructor
20260909-09:26.37-131500(us) 2441738 * Stop            (srpc_rpc_backend.cc:589): SrpcRpcBackend::Stop: Already stopped, returning
20260909-09:26.37-131522(us) 2441738 * Shutdown        (srpc_rpc_backend.cc:112): SrpcRpcBackend::Shutdown: About to delete server
20260909-09:26.37-131539(us) 2441738 * Shutdown        (srpc_rpc_backend.cc:129): SrpcRpcBackend::Shutdown: Server pointer is null, skipping deletion
20260909-09:26.37-131561(us) 2441738 * Shutdown        (srpc_rpc_backend.cc:132): SrpcRpcBackend::Shutdown: About to shutdown poll_thread_worker_
20260909-09:26.37-131578(us) 2441738 * Shutdown        (srpc_rpc_backend.cc:142): SrpcRpcBackend::Shutdown: poll_thread_worker_ is null, skipping shutdown
20260909-09:26.37-131593(us) 2441738 * Shutdown        (srpc_rpc_backend.cc:145): SrpcRpcBackend::Shutdown: Shutdown sequence completed, destructor will now exit
20260909-09:26.37-131608(us) 2441738 * ~SrpcRpcBackend (srpc_rpc_backend.cc:54): SrpcRpcBackend::~SrpcRpcBackend: Shutdown() completed
20260909-09:26.37-131631(us) 2441738 * Shutdown        (srpc_rpc_backend.cc:140): SrpcRpcBackend::Shutdown: poll_thread_worker_ reset to None
[SHUTDOWN] Worker 0 joined
[SHUTDOWN] Joining worker 1
20260909-09:26.37-131670(us) 2441738 * Shutdown        (srpc_rpc_backend.cc:145): SrpcRpcBackend::Shutdown: Shutdown sequence completed, destructor will now exit
20260909-09:26.37-131727(us) 2441738 * ~SrpcRpcBackend (srpc_rpc_backend.cc:52): SrpcRpcBackend::~SrpcRpcBackend: START destructor
20260909-09:26.37-131771(us) 2441738 * Stop            (srpc_rpc_backend.cc:589): SrpcRpcBackend::Stop: Already stopped, returning
20260909-09:26.37-131804(us) 2441738 * Shutdown        (srpc_rpc_backend.cc:112): SrpcRpcBackend::Shutdown: About to delete server
20260909-09:26.37-131845(us) 2441738 * Shutdown        (srpc_rpc_backend.cc:129): SrpcRpcBackend::Shutdown: Server pointer is null, skipping deletion
20260909-09:26.37-131871(us) 2441738 * Shutdown        (srpc_rpc_backend.cc:132): SrpcRpcBackend::Shutdown: About to shutdown poll_thread_worker_
20260909-09:26.37-131893(us) 2441738 * Shutdown        (srpc_rpc_backend.cc:142): SrpcRpcBackend::Shutdown: poll_thread_worker_ is null, skipping shutdown
20260909-09:26.37-131922(us) 2441738 * Shutdown        (srpc_rpc_backend.cc:145): SrpcRpcBackend::Shutdown: Shutdown sequence completed, destructor will now exit
20260909-09:26.37-131940(us) 2441738 * ~SrpcRpcBackend (srpc_rpc_backend.cc:54): SrpcRpcBackend::~SrpcRpcBackend: Shutdown() completed
20260909-09:26.37-132056(us) 2441738 * Shutdown        (srpc_rpc_backend.cc:138): SrpcRpcBackend::Shutdown: poll_thread_worker_->shutdown() completed
20260909-09:26.37-132125(us) 2441738 * Shutdown        (srpc_rpc_backend.cc:140): SrpcRpcBackend::Shutdown: poll_thread_worker_ reset to None
20260909-09:26.37-132154(us) 2441738 * Shutdown        (srpc_rpc_backend.cc:145): SrpcRpcBackend::Shutdown: Shutdown sequence completed, destructor will now exit
20260909-09:26.37-132178(us) 2441738 * ~SrpcRpcBackend (srpc_rpc_backend.cc:52): SrpcRpcBackend::~SrpcRpcBackend: START destructor
20260909-09:26.37-132198(us) 2441738 * Stop            (srpc_rpc_backend.cc:589): SrpcRpcBackend::Stop: Already stopped, returning
20260909-09:26.37-132215(us) 2441738 * Shutdown        (srpc_rpc_backend.cc:112): SrpcRpcBackend::Shutdown: About to delete server
20260909-09:26.37-132228(us) 2441738 * Shutdown        (srpc_rpc_backend.cc:129): SrpcRpcBackend::Shutdown: Server pointer is null, skipping deletion
20260909-09:26.37-132244(us) 2441738 * Shutdown        (srpc_rpc_backend.cc:132): SrpcRpcBackend::Shutdown: About to shutdown poll_thread_worker_
20260909-09:26.37-132257(us) 2441738 * Shutdown        (srpc_rpc_backend.cc:142): SrpcRpcBackend::Shutdown: poll_thread_worker_ is null, skipping shutdown
20260909-09:26.37-132272(us) 2441738 * Shutdown        (srpc_rpc_backend.cc:145): SrpcRpcBackend::Shutdown: Shutdown sequence completed, destructor will now exit
20260909-09:26.37-132285(us) 2441738 * ~SrpcRpcBackend (srpc_rpc_backend.cc:54): SrpcRpcBackend::~SrpcRpcBackend: Shutdown() completed
[SHUTDOWN] Worker 1 joined
[SHUTDOWN] Joining worker 2
20260909-09:26.37-132582(us) 2441738 * Shutdown        (srpc_rpc_backend.cc:138): SrpcRpcBackend::Shutdown: poll_thread_worker_->shutdown() completed
20260909-09:26.37-132615(us) 2441738 * Shutdown        (srpc_rpc_backend.cc:140): SrpcRpcBackend::Shutdown: poll_thread_worker_ reset to None
20260909-09:26.37-132644(us) 2441738 * Shutdown        (srpc_rpc_backend.cc:145): SrpcRpcBackend::Shutdown: Shutdown sequence completed, destructor will now exit
20260909-09:26.37-132660(us) 2441738 * Shutdown        (srpc_rpc_backend.cc:138): SrpcRpcBackend::Shutdown: poll_thread_worker_->shutdown() completed
20260909-09:26.37-132683(us) 2441738 * ~SrpcRpcBackend (srpc_rpc_backend.cc:52): SrpcRpcBackend::~SrpcRpcBackend: START destructor
20260909-09:26.37-132702(us) 2441738 * Stop            (srpc_rpc_backend.cc:589): SrpcRpcBackend::Stop: Already stopped, returning
20260909-09:26.37-132719(us) 2441738 * Shutdown        (srpc_rpc_backend.cc:112): SrpcRpcBackend::Shutdown: About to delete server
20260909-09:26.37-132734(us) 2441738 * Shutdown        (srpc_rpc_backend.cc:129): SrpcRpcBackend::Shutdown: Server pointer is null, skipping deletion
20260909-09:26.37-132750(us) 2441738 * Shutdown        (srpc_rpc_backend.cc:132): SrpcRpcBackend::Shutdown: About to shutdown poll_thread_worker_
20260909-09:26.37-132766(us) 2441738 * Shutdown        (srpc_rpc_backend.cc:142): SrpcRpcBackend::Shutdown: poll_thread_worker_ is null, skipping shutdown
20260909-09:26.37-132782(us) 2441738 * Shutdown        (srpc_rpc_backend.cc:145): SrpcRpcBackend::Shutdown: Shutdown sequence completed, destructor will now exit
20260909-09:26.37-132800(us) 2441738 * ~SrpcRpcBackend (srpc_rpc_backend.cc:54): SrpcRpcBackend::~SrpcRpcBackend: Shutdown() completed
20260909-09:26.37-132821(us) 2441738 * Shutdown        (srpc_rpc_backend.cc:140): SrpcRpcBackend::Shutdown: poll_thread_worker_ reset to None
20260909-09:26.37-132857(us) 2441738 * Shutdown        (srpc_rpc_backend.cc:145): SrpcRpcBackend::Shutdown: Shutdown sequence completed, destructor will now exit
20260909-09:26.37-132875(us) 2441738 * ~SrpcRpcBackend (srpc_rpc_backend.cc:52): SrpcRpcBackend::~SrpcRpcBackend: START destructor
20260909-09:26.37-132894(us) 2441738 * Stop            (srpc_rpc_backend.cc:589): SrpcRpcBackend::Stop: Already stopped, returning
20260909-09:26.37-132912(us) 2441738 * Shutdown        (srpc_rpc_backend.cc:112): SrpcRpcBackend::Shutdown: About to delete server
20260909-09:26.37-132942(us) 2441738 * Shutdown        (srpc_rpc_backend.cc:129): SrpcRpcBackend::Shutdown: Server pointer is null, skipping deletion
20260909-09:26.37-132963(us) 2441738 * Shutdown        (srpc_rpc_backend.cc:132): SrpcRpcBackend::Shutdown: About to shutdown poll_thread_worker_
20260909-09:26.37-132986(us) 2441738 * Shutdown        (srpc_rpc_backend.cc:142): SrpcRpcBackend::Shutdown: poll_thread_worker_ is null, skipping shutdown
20260909-09:26.37-133003(us) 2441738 * Shutdown        (srpc_rpc_backend.cc:145): SrpcRpcBackend::Shutdown: Shutdown sequence completed, destructor will now exit
20260909-09:26.37-133016(us) 2441738 * ~SrpcRpcBackend (srpc_rpc_backend.cc:54): SrpcRpcBackend::~SrpcRpcBackend: Shutdown() completed
20260909-09:26.37-133299(us) 2441738 * Shutdown        (srpc_rpc_backend.cc:140): SrpcRpcBackend::Shutdown: poll_thread_worker_ reset to None
20260909-09:26.37-133320(us) 2441738 * Shutdown        (srpc_rpc_backend.cc:145): SrpcRpcBackend::Shutdown: Shutdown sequence completed, destructor will now exit
20260909-09:26.37-133333(us) 2441738 * ~SrpcRpcBackend (srpc_rpc_backend.cc:52): SrpcRpcBackend::~SrpcRpcBackend: START destructor
20260909-09:26.37-133347(us) 2441738 * Stop            (srpc_rpc_backend.cc:589): SrpcRpcBackend::Stop: Already stopped, returning
20260909-09:26.37-133360(us) 2441738 * Shutdown        (srpc_rpc_backend.cc:112): SrpcRpcBackend::Shutdown: About to delete server
20260909-09:26.37-133372(us) 2441738 * Shutdown        (srpc_rpc_backend.cc:129): SrpcRpcBackend::Shutdown: Server pointer is null, skipping deletion
20260909-09:26.37-133385(us) 2441738 * Shutdown        (srpc_rpc_backend.cc:132): SrpcRpcBackend::Shutdown: About to shutdown poll_thread_worker_
20260909-09:26.37-133398(us) 2441738 * Shutdown        (srpc_rpc_backend.cc:142): SrpcRpcBackend::Shutdown: poll_thread_worker_ is null, skipping shutdown
20260909-09:26.37-133411(us) 2441738 * Shutdown        (srpc_rpc_backend.cc:145): SrpcRpcBackend::Shutdown: Shutdown sequence completed, destructor will now exit
20260909-09:26.37-133424(us) 2441738 * ~SrpcRpcBackend (srpc_rpc_backend.cc:54): SrpcRpcBackend::~SrpcRpcBackend: Shutdown() completed
[SHUTDOWN] Worker 2 joined
[SHUTDOWN] Joining worker 3
[SHUTDOWN] Worker 3 joined
[SHUTDOWN] Joining worker 4
[SHUTDOWN] Worker 4 joined
[SHUTDOWN] Joining worker 5
[SHUTDOWN] Worker 5 joined
[SHUTDOWN] Joining worker 6
[SHUTDOWN] Worker 6 joined
[SHUTDOWN] Joining worker 7
[SHUTDOWN] Worker 7 joined
[SHUTDOWN] All workers joined
[SHUTDOWN] Calling stop_rpc_server()
[STOP_SERVER] Stopping 2 server transports
[STOP_SERVER] Stopping server transport 0
20260909-09:26.37-134014(us) 2441738 * Stop            (srpc_rpc_backend.cc:593): SrpcRpcBackend::Stop: BEGIN - Setting stop flag
20260909-09:26.37-134035(us) 2441738 * Stop            (srpc_rpc_backend.cc:596): SrpcRpcBackend::Stop: Waiting for event loop to exit...
20260909-09:26.37-134063(us) 2441738 * RunEventLoop    (srpc_rpc_backend.cc:577): SrpcRpcBackend::RunEventLoop: Stop flag detected, exiting event loop
20260909-09:26.37-134085(us) 2441738 * RunEventLoop    (srpc_rpc_backend.cc:581): SrpcRpcBackend::RunEventLoop: Exited cleanly
20260909-09:26.37-134098(us) 2441738 * rpc_server      (rpc_setup.cc:126): the rpc_server is terminated on shardIdx:0, alpha:0!
20260909-09:26.37-144118(us) 2441738 * Stop            (srpc_rpc_backend.cc:612): SrpcRpcBackend::Stop: Event loop exited successfully
20260909-09:26.37-144134(us) 2441738 * Stop            (srpc_rpc_backend.cc:616): SrpcRpcBackend::Stop: Signaling 0 request queues to stop
20260909-09:26.37-144148(us) 2441738 * Stop            (srpc_rpc_backend.cc:624): SrpcRpcBackend::Stop: Signaling 0 response queues to stop
20260909-09:26.37-144161(us) 2441738 * Stop            (srpc_rpc_backend.cc:635): SrpcRpcBackend::Stop: Server cleanup deferred to destructor
20260909-09:26.37-144174(us) 2441738 * Stop            (srpc_rpc_backend.cc:638): SrpcRpcBackend::Stop: Closing client connections
20260909-09:26.37-144187(us) 2441738 * Stop            (srpc_rpc_backend.cc:642): SrpcRpcBackend::Stop: Found 0 client connections to close
20260909-09:26.37-144199(us) 2441738 * Stop            (srpc_rpc_backend.cc:662): SrpcRpcBackend::Stop: Closed 0 client connections
20260909-09:26.37-144212(us) 2441738 * Stop            (srpc_rpc_backend.cc:675): SrpcRpcBackend stats: msg_size_resp_sent: 0 bytes, counter: 0, avg: 0.000000
20260909-09:26.37-144226(us) 2441738 * Stop            (srpc_rpc_backend.cc:676): SrpcRpcBackend::Stop: END
[STOP_SERVER] Server transport 0 stopped
[STOP_SERVER] Stopping server transport 1
20260909-09:26.37-144254(us) 2441738 * Stop            (srpc_rpc_backend.cc:593): SrpcRpcBackend::Stop: BEGIN - Setting stop flag
20260909-09:26.37-144266(us) 2441738 * Stop            (srpc_rpc_backend.cc:596): SrpcRpcBackend::Stop: Waiting for event loop to exit...
20260909-09:26.37-144376(us) 2441738 * RunEventLoop    (srpc_rpc_backend.cc:577): SrpcRpcBackend::RunEventLoop: Stop flag detected, exiting event loop
20260909-09:26.37-144403(us) 2441738 * RunEventLoop    (srpc_rpc_backend.cc:581): SrpcRpcBackend::RunEventLoop: Exited cleanly
20260909-09:26.37-144418(us) 2441738 * rpc_server      (rpc_setup.cc:126): the rpc_server is terminated on shardIdx:0, alpha:1!
20260909-09:26.37-154351(us) 2441738 * Stop            (srpc_rpc_backend.cc:612): SrpcRpcBackend::Stop: Event loop exited successfully
20260909-09:26.37-154370(us) 2441738 * Stop            (srpc_rpc_backend.cc:616): SrpcRpcBackend::Stop: Signaling 0 request queues to stop
20260909-09:26.37-154384(us) 2441738 * Stop            (srpc_rpc_backend.cc:624): SrpcRpcBackend::Stop: Signaling 0 response queues to stop
20260909-09:26.37-154397(us) 2441738 * Stop            (srpc_rpc_backend.cc:635): SrpcRpcBackend::Stop: Server cleanup deferred to destructor
20260909-09:26.37-154410(us) 2441738 * Stop            (srpc_rpc_backend.cc:638): SrpcRpcBackend::Stop: Closing client connections
20260909-09:26.37-154422(us) 2441738 * Stop            (srpc_rpc_backend.cc:642): SrpcRpcBackend::Stop: Found 0 client connections to close
20260909-09:26.37-154435(us) 2441738 * Stop            (srpc_rpc_backend.cc:662): SrpcRpcBackend::Stop: Closed 0 client connections
20260909-09:26.37-154448(us) 2441738 * Stop            (srpc_rpc_backend.cc:675): SrpcRpcBackend stats: msg_size_resp_sent: 0 bytes, counter: 0, avg: 0.000000
20260909-09:26.37-154462(us) 2441738 * Stop            (srpc_rpc_backend.cc:676): SrpcRpcBackend::Stop: END
[STOP_SERVER] Server transport 1 stopped
20260909-09:26.37-154574(us) 2441738 * Stop            (srpc_rpc_backend.cc:589): SrpcRpcBackend::Stop: Already stopped, returning
20260909-09:26.37-154589(us) 2441738 * Shutdown        (srpc_rpc_backend.cc:112): SrpcRpcBackend::Shutdown: About to delete server
20260909-09:26.37-154603(us) 2441738 * Shutdown        (srpc_rpc_backend.cc:116): SrpcRpcBackend::Shutdown: Server pointer is valid, deleting...
20260909-09:26.37-154620(us) 2441738 * Shutdown        (srpc_rpc_backend.cc:120): SrpcRpcBackend::Shutdown: Server deleted successfully
20260909-09:26.37-154633(us) 2441738 * Shutdown        (srpc_rpc_backend.cc:132): SrpcRpcBackend::Shutdown: About to shutdown poll_thread_worker_
20260909-09:26.37-154645(us) 2441738 * Shutdown        (srpc_rpc_backend.cc:136): SrpcRpcBackend::Shutdown: poll_thread_worker_ is valid, calling shutdown()
20260909-09:26.37-155646(us) 2441738 * Shutdown        (srpc_rpc_backend.cc:138): SrpcRpcBackend::Shutdown: poll_thread_worker_->shutdown() completed
20260909-09:26.37-155676(us) 2441738 * Shutdown        (srpc_rpc_backend.cc:140): SrpcRpcBackend::Shutdown: poll_thread_worker_ reset to None
20260909-09:26.37-155690(us) 2441738 * Shutdown        (srpc_rpc_backend.cc:145): SrpcRpcBackend::Shutdown: Shutdown sequence completed, destructor will now exit
20260909-09:26.37-155705(us) 2441738 * ~SrpcRpcBackend (srpc_rpc_backend.cc:52): SrpcRpcBackend::~SrpcRpcBackend: START destructor
20260909-09:26.37-155722(us) 2441738 * Stop            (srpc_rpc_backend.cc:589): SrpcRpcBackend::Stop: Already stopped, returning
20260909-09:26.37-155737(us) 2441738 * Shutdown        (srpc_rpc_backend.cc:112): SrpcRpcBackend::Shutdown: About to delete server
20260909-09:26.37-155753(us) 2441738 * Shutdown        (srpc_rpc_backend.cc:129): SrpcRpcBackend::Shutdown: Server pointer is null, skipping deletion
20260909-09:26.37-155769(us) 2441738 * Shutdown        (srpc_rpc_backend.cc:132): SrpcRpcBackend::Shutdown: About to shutdown poll_thread_worker_
20260909-09:26.37-155791(us) 2441738 * Shutdown        (srpc_rpc_backend.cc:142): SrpcRpcBackend::Shutdown: poll_thread_worker_ is null, skipping shutdown
20260909-09:26.37-155805(us) 2441738 * Shutdown        (srpc_rpc_backend.cc:145): SrpcRpcBackend::Shutdown: Shutdown sequence completed, destructor will now exit
20260909-09:26.37-155825(us) 2441738 * ~SrpcRpcBackend (srpc_rpc_backend.cc:54): SrpcRpcBackend::~SrpcRpcBackend: Shutdown() completed
20260909-09:26.37-155898(us) 2441738 * Stop            (srpc_rpc_backend.cc:589): SrpcRpcBackend::Stop: Already stopped, returning
20260909-09:26.37-155913(us) 2441738 * Shutdown        (srpc_rpc_backend.cc:112): SrpcRpcBackend::Shutdown: About to delete server
20260909-09:26.37-155926(us) 2441738 * Shutdown        (srpc_rpc_backend.cc:116): SrpcRpcBackend::Shutdown: Server pointer is valid, deleting...
20260909-09:26.37-155941(us) 2441738 * Shutdown        (srpc_rpc_backend.cc:120): SrpcRpcBackend::Shutdown: Server deleted successfully
20260909-09:26.37-155955(us) 2441738 * Shutdown        (srpc_rpc_backend.cc:132): SrpcRpcBackend::Shutdown: About to shutdown poll_thread_worker_
20260909-09:26.37-155968(us) 2441738 * Shutdown        (srpc_rpc_backend.cc:136): SrpcRpcBackend::Shutdown: poll_thread_worker_ is valid, calling shutdown()
20260909-09:26.37-156576(us) 2441738 * Shutdown        (srpc_rpc_backend.cc:138): SrpcRpcBackend::Shutdown: poll_thread_worker_->shutdown() completed
20260909-09:26.37-156603(us) 2441738 * Shutdown        (srpc_rpc_backend.cc:140): SrpcRpcBackend::Shutdown: poll_thread_worker_ reset to None
20260909-09:26.37-156615(us) 2441738 * Shutdown        (srpc_rpc_backend.cc:145): SrpcRpcBackend::Shutdown: Shutdown sequence completed, destructor will now exit
20260909-09:26.37-156628(us) 2441738 * ~SrpcRpcBackend (srpc_rpc_backend.cc:52): SrpcRpcBackend::~SrpcRpcBackend: START destructor
20260909-09:26.37-156641(us) 2441738 * Stop            (srpc_rpc_backend.cc:589): SrpcRpcBackend::Stop: Already stopped, returning
20260909-09:26.37-156654(us) 2441738 * Shutdown        (srpc_rpc_backend.cc:112): SrpcRpcBackend::Shutdown: About to delete server
20260909-09:26.37-156675(us) 2441738 * Shutdown        (srpc_rpc_backend.cc:129): SrpcRpcBackend::Shutdown: Server pointer is null, skipping deletion
20260909-09:26.37-156688(us) 2441738 * Shutdown        (srpc_rpc_backend.cc:132): SrpcRpcBackend::Shutdown: About to shutdown poll_thread_worker_
20260909-09:26.37-156700(us) 2441738 * Shutdown        (srpc_rpc_backend.cc:142): SrpcRpcBackend::Shutdown: poll_thread_worker_ is null, skipping shutdown
20260909-09:26.37-156718(us) 2441738 * Shutdown        (srpc_rpc_backend.cc:145): SrpcRpcBackend::Shutdown: Shutdown sequence completed, destructor will now exit
20260909-09:26.37-156730(us) 2441738 * ~SrpcRpcBackend (srpc_rpc_backend.cc:54): SrpcRpcBackend::~SrpcRpcBackend: Shutdown() completed
[STOP_SERVER] All server transports stopped
[SHUTDOWN] stop_rpc_server() completed
[SHUTDOWN] Calling second stop()
20260909-09:26.37-156784(us) 2441738 ! stop            (bench.cc:514):     stop all rpc clients. set stop=false
[SHUTDOWN] Second stop() completed
20260909-09:26.37-156802(us) 2441738 ! run             (bench.cc:774):     TPCC_BENCH_MEASURE_END
[SHUTDOWN] Calling do_txn_finish()
[SHUTDOWN] do_txn_finish() completed
--- n_commits per partition ---
 par_id: 0, n_commits: 467633
 par_id: 1, n_commits: 573641
 par_id: 2, n_commits: 522543
 par_id: 3, n_commits: 481446
 par_id: 4, n_commits: 583156
 par_id: 5, n_commits: 581408
 par_id: 6, n_commits: 513328
 par_id: 7, n_commits: 477600
STO_TPCC_CAPACITY phase=run_complete scope=database allocated_registry_bytes=2360440488 max_registry_bytes=8589934592 registry_headroom_bytes=6229494104
STO_TPCC_CAPACITY phase=run_complete table=customer_0 retained_records=90000 consumed_record_ids=90000 retained_key_bytes=1080000 allocated_registry_bytes=17856776 max_retained_records=18446744073709551615 max_consumed_record_ids=18446744073709551615 max_retained_key_bytes=18446744073709551615
STO_TPCC_CAPACITY phase=run_complete table=customer_1 retained_records=90000 consumed_record_ids=90000 retained_key_bytes=1080000 allocated_registry_bytes=17856776 max_retained_records=18446744073709551615 max_consumed_record_ids=18446744073709551615 max_retained_key_bytes=18446744073709551615
STO_TPCC_CAPACITY phase=run_complete table=customer_2 retained_records=90000 consumed_record_ids=90000 retained_key_bytes=1080000 allocated_registry_bytes=17856776 max_retained_records=18446744073709551615 max_consumed_record_ids=18446744073709551615 max_retained_key_bytes=18446744073709551615
STO_TPCC_CAPACITY phase=run_complete table=customer_3 retained_records=90000 consumed_record_ids=90000 retained_key_bytes=1080000 allocated_registry_bytes=17856776 max_retained_records=18446744073709551615 max_consumed_record_ids=18446744073709551615 max_retained_key_bytes=18446744073709551615
STO_TPCC_CAPACITY phase=run_complete table=customer_4 retained_records=90000 consumed_record_ids=90000 retained_key_bytes=1080000 allocated_registry_bytes=17856776 max_retained_records=18446744073709551615 max_consumed_record_ids=18446744073709551615 max_retained_key_bytes=18446744073709551615
STO_TPCC_CAPACITY phase=run_complete table=customer_5 retained_records=90000 consumed_record_ids=90000 retained_key_bytes=1080000 allocated_registry_bytes=17856776 max_retained_records=18446744073709551615 max_consumed_record_ids=18446744073709551615 max_retained_key_bytes=18446744073709551615
STO_TPCC_CAPACITY phase=run_complete table=customer_6 retained_records=90000 consumed_record_ids=90000 retained_key_bytes=1080000 allocated_registry_bytes=17856776 max_retained_records=18446744073709551615 max_consumed_record_ids=18446744073709551615 max_retained_key_bytes=18446744073709551615
STO_TPCC_CAPACITY phase=run_complete table=customer_7 retained_records=90000 consumed_record_ids=90000 retained_key_bytes=1080000 allocated_registry_bytes=17856776 max_retained_records=18446744073709551615 max_consumed_record_ids=18446744073709551615 max_retained_key_bytes=18446744073709551615
STO_TPCC_CAPACITY phase=run_complete table=customer_name_idx_0 retained_records=30000 consumed_record_ids=30000 retained_key_bytes=1200000 allocated_registry_bytes=2156376 max_retained_records=18446744073709551615 max_consumed_record_ids=18446744073709551615 max_retained_key_bytes=18446744073709551615
STO_TPCC_CAPACITY phase=run_complete table=customer_name_idx_1 retained_records=30000 consumed_record_ids=30000 retained_key_bytes=1200000 allocated_registry_bytes=2156376 max_retained_records=18446744073709551615 max_consumed_record_ids=18446744073709551615 max_retained_key_bytes=18446744073709551615
STO_TPCC_CAPACITY phase=run_complete table=customer_name_idx_2 retained_records=30000 consumed_record_ids=30000 retained_key_bytes=1200000 allocated_registry_bytes=2156376 max_retained_records=18446744073709551615 max_consumed_record_ids=18446744073709551615 max_retained_key_bytes=18446744073709551615
STO_TPCC_CAPACITY phase=run_complete table=customer_name_idx_3 retained_records=30000 consumed_record_ids=30000 retained_key_bytes=1200000 allocated_registry_bytes=2156376 max_retained_records=18446744073709551615 max_consumed_record_ids=18446744073709551615 max_retained_key_bytes=18446744073709551615
STO_TPCC_CAPACITY phase=run_complete table=customer_name_idx_4 retained_records=30000 consumed_record_ids=30000 retained_key_bytes=1200000 allocated_registry_bytes=2156376 max_retained_records=18446744073709551615 max_consumed_record_ids=18446744073709551615 max_retained_key_bytes=18446744073709551615
STO_TPCC_CAPACITY phase=run_complete table=customer_name_idx_5 retained_records=30000 consumed_record_ids=30000 retained_key_bytes=1200000 allocated_registry_bytes=2156376 max_retained_records=18446744073709551615 max_consumed_record_ids=18446744073709551615 max_retained_key_bytes=18446744073709551615
STO_TPCC_CAPACITY phase=run_complete table=customer_name_idx_6 retained_records=30000 consumed_record_ids=30000 retained_key_bytes=1200000 allocated_registry_bytes=2156376 max_retained_records=18446744073709551615 max_consumed_record_ids=18446744073709551615 max_retained_key_bytes=18446744073709551615
STO_TPCC_CAPACITY phase=run_complete table=customer_name_idx_7 retained_records=30000 consumed_record_ids=30000 retained_key_bytes=1200000 allocated_registry_bytes=2156376 max_retained_records=18446744073709551615 max_consumed_record_ids=18446744073709551615 max_retained_key_bytes=18446744073709551615
STO_TPCC_CAPACITY phase=run_complete table=district_0 retained_records=10 consumed_record_ids=10 retained_key_bytes=80 allocated_registry_bytes=205424 max_retained_records=18446744073709551615 max_consumed_record_ids=18446744073709551615 max_retained_key_bytes=18446744073709551615
STO_TPCC_CAPACITY phase=run_complete table=district_1 retained_records=10 consumed_record_ids=10 retained_key_bytes=80 allocated_registry_bytes=205424 max_retained_records=18446744073709551615 max_consumed_record_ids=18446744073709551615 max_retained_key_bytes=18446744073709551615
STO_TPCC_CAPACITY phase=run_complete table=district_2 retained_records=10 consumed_record_ids=10 retained_key_bytes=80 allocated_registry_bytes=205424 max_retained_records=18446744073709551615 max_consumed_record_ids=18446744073709551615 max_retained_key_bytes=18446744073709551615
STO_TPCC_CAPACITY phase=run_complete table=district_3 retained_records=10 consumed_record_ids=10 retained_key_bytes=80 allocated_registry_bytes=205424 max_retained_records=18446744073709551615 max_consumed_record_ids=18446744073709551615 max_retained_key_bytes=18446744073709551615
STO_TPCC_CAPACITY phase=run_complete table=district_4 retained_records=10 consumed_record_ids=10 retained_key_bytes=80 allocated_registry_bytes=205424 max_retained_records=18446744073709551615 max_consumed_record_ids=18446744073709551615 max_retained_key_bytes=18446744073709551615
STO_TPCC_CAPACITY phase=run_complete table=district_5 retained_records=10 consumed_record_ids=10 retained_key_bytes=80 allocated_registry_bytes=205424 max_retained_records=18446744073709551615 max_consumed_record_ids=18446744073709551615 max_retained_key_bytes=18446744073709551615
STO_TPCC_CAPACITY phase=run_complete table=district_6 retained_records=10 consumed_record_ids=10 retained_key_bytes=80 allocated_registry_bytes=205424 max_retained_records=18446744073709551615 max_consumed_record_ids=18446744073709551615 max_retained_key_bytes=18446744073709551615
STO_TPCC_CAPACITY phase=run_complete table=district_7 retained_records=10 consumed_record_ids=10 retained_key_bytes=80 allocated_registry_bytes=205424 max_retained_records=18446744073709551615 max_consumed_record_ids=18446744073709551615 max_retained_key_bytes=18446744073709551615
STO_TPCC_CAPACITY phase=run_complete table=history_0 retained_records=231290 consumed_record_ids=231290 retained_key_bytes=5550960 allocated_registry_bytes=16229176 max_retained_records=18446744073709551615 max_consumed_record_ids=18446744073709551615 max_retained_key_bytes=18446744073709551615
STO_TPCC_CAPACITY phase=run_complete table=history_1 retained_records=276855 consumed_record_ids=276855 retained_key_bytes=6644520 allocated_registry_bytes=19471632 max_retained_records=18446744073709551615 max_consumed_record_ids=18446744073709551615 max_retained_key_bytes=18446744073709551615
STO_TPCC_CAPACITY phase=run_complete table=history_2 retained_records=254558 consumed_record_ids=254558 retained_key_bytes=6109392 allocated_registry_bytes=17879104 max_retained_records=18446744073709551615 max_consumed_record_ids=18446744073709551615 max_retained_key_bytes=18446744073709551615
STO_TPCC_CAPACITY phase=run_complete table=history_3 retained_records=236772 consumed_record_ids=236772 retained_key_bytes=5682528 allocated_registry_bytes=16659592 max_retained_records=18446744073709551615 max_consumed_record_ids=18446744073709551615 max_retained_key_bytes=18446744073709551615
STO_TPCC_CAPACITY phase=run_complete table=history_4 retained_records=280039 consumed_record_ids=280039 retained_key_bytes=6720936 allocated_registry_bytes=19686840 max_retained_records=18446744073709551615 max_consumed_record_ids=18446744073709551615 max_retained_key_bytes=18446744073709551615
STO_TPCC_CAPACITY phase=run_complete table=history_5 retained_records=280145 consumed_record_ids=280145 retained_key_bytes=6723480 allocated_registry_bytes=19686840 max_retained_records=18446744073709551615 max_consumed_record_ids=18446744073709551615 max_retained_key_bytes=18446744073709551615
STO_TPCC_CAPACITY phase=run_complete table=history_6 retained_records=251045 consumed_record_ids=251045 retained_key_bytes=6025080 allocated_registry_bytes=17663896 max_retained_records=18446744073709551615 max_consumed_record_ids=18446744073709551615 max_retained_key_bytes=18446744073709551615
STO_TPCC_CAPACITY phase=run_complete table=history_7 retained_records=235505 consumed_record_ids=235505 retained_key_bytes=5652120 allocated_registry_bytes=16516120 max_retained_records=18446744073709551615 max_consumed_record_ids=18446744073709551615 max_retained_key_bytes=18446744073709551615
STO_TPCC_CAPACITY phase=run_complete table=new_order_0 retained_records=219383 consumed_record_ids=219383 retained_key_bytes=2632596 allocated_registry_bytes=15440080 max_retained_records=18446744073709551615 max_consumed_record_ids=18446744073709551615 max_retained_key_bytes=18446744073709551615
STO_TPCC_CAPACITY phase=run_complete table=new_order_1 retained_records=266898 consumed_record_ids=266898 retained_key_bytes=3202776 allocated_registry_bytes=18754272 max_retained_records=18446744073709551615 max_consumed_record_ids=18446744073709551615 max_retained_key_bytes=18446744073709551615
STO_TPCC_CAPACITY phase=run_complete table=new_order_2 retained_records=244059 consumed_record_ids=244059 retained_key_bytes=2928708 allocated_registry_bytes=17161744 max_retained_records=18446744073709551615 max_consumed_record_ids=18446744073709551615 max_retained_key_bytes=18446744073709551615
STO_TPCC_CAPACITY phase=run_complete table=new_order_3 retained_records=225766 consumed_record_ids=225766 retained_key_bytes=2709192 allocated_registry_bytes=15870496 max_retained_records=18446744073709551615 max_consumed_record_ids=18446744073709551615 max_retained_key_bytes=18446744073709551615
STO_TPCC_CAPACITY phase=run_complete table=new_order_4 retained_records=272196 consumed_record_ids=272196 retained_key_bytes=3266352 allocated_registry_bytes=19112952 max_retained_records=18446744073709551615 max_consumed_record_ids=18446744073709551615 max_retained_key_bytes=18446744073709551615
STO_TPCC_CAPACITY phase=run_complete table=new_order_5 retained_records=270533 consumed_record_ids=270533 retained_key_bytes=3246396 allocated_registry_bytes=19041216 max_retained_records=18446744073709551615 max_consumed_record_ids=18446744073709551615 max_retained_key_bytes=18446744073709551615
STO_TPCC_CAPACITY phase=run_complete table=new_order_6 retained_records=240159 consumed_record_ids=240159 retained_key_bytes=2881908 allocated_registry_bytes=16874800 max_retained_records=18446744073709551615 max_consumed_record_ids=18446744073709551615 max_retained_key_bytes=18446744073709551615
STO_TPCC_CAPACITY phase=run_complete table=new_order_7 retained_records=223852 consumed_record_ids=223852 retained_key_bytes=2686224 allocated_registry_bytes=15727024 max_retained_records=18446744073709551615 max_consumed_record_ids=18446744073709551615 max_retained_key_bytes=18446744073709551615
STO_TPCC_CAPACITY phase=run_complete table=oorder_0 retained_records=240383 consumed_record_ids=240383 retained_key_bytes=2884596 allocated_registry_bytes=16874800 max_retained_records=18446744073709551615 max_consumed_record_ids=18446744073709551615 max_retained_key_bytes=18446744073709551615
STO_TPCC_CAPACITY phase=run_complete table=oorder_1 retained_records=287898 consumed_record_ids=287898 retained_key_bytes=3454776 allocated_registry_bytes=20260728 max_retained_records=18446744073709551615 max_consumed_record_ids=18446744073709551615 max_retained_key_bytes=18446744073709551615
STO_TPCC_CAPACITY phase=run_complete table=oorder_2 retained_records=265059 consumed_record_ids=265059 retained_key_bytes=3180708 allocated_registry_bytes=18610800 max_retained_records=18446744073709551615 max_consumed_record_ids=18446744073709551615 max_retained_key_bytes=18446744073709551615
STO_TPCC_CAPACITY phase=run_complete table=oorder_3 retained_records=246766 consumed_record_ids=246766 retained_key_bytes=2961192 allocated_registry_bytes=17305216 max_retained_records=18446744073709551615 max_consumed_record_ids=18446744073709551615 max_retained_key_bytes=18446744073709551615
STO_TPCC_CAPACITY phase=run_complete table=oorder_4 retained_records=293196 consumed_record_ids=293196 retained_key_bytes=3518352 allocated_registry_bytes=20619408 max_retained_records=18446744073709551615 max_consumed_record_ids=18446744073709551615 max_retained_key_bytes=18446744073709551615
STO_TPCC_CAPACITY phase=run_complete table=oorder_5 retained_records=291533 consumed_record_ids=291533 retained_key_bytes=3498396 allocated_registry_bytes=20475936 max_retained_records=18446744073709551615 max_consumed_record_ids=18446744073709551615 max_retained_key_bytes=18446744073709551615
STO_TPCC_CAPACITY phase=run_complete table=oorder_6 retained_records=261159 consumed_record_ids=261159 retained_key_bytes=3133908 allocated_registry_bytes=18395592 max_retained_records=18446744073709551615 max_consumed_record_ids=18446744073709551615 max_retained_key_bytes=18446744073709551615
STO_TPCC_CAPACITY phase=run_complete table=oorder_7 retained_records=244852 consumed_record_ids=244852 retained_key_bytes=2938224 allocated_registry_bytes=17233480 max_retained_records=18446744073709551615 max_consumed_record_ids=18446744073709551615 max_retained_key_bytes=18446744073709551615
STO_TPCC_CAPACITY phase=run_complete table=oorder_c_id_idx_0 retained_records=240383 consumed_record_ids=240383 retained_key_bytes=3846128 allocated_registry_bytes=16874800 max_retained_records=18446744073709551615 max_consumed_record_ids=18446744073709551615 max_retained_key_bytes=18446744073709551615
STO_TPCC_CAPACITY phase=run_complete table=oorder_c_id_idx_1 retained_records=287898 consumed_record_ids=287898 retained_key_bytes=4606368 allocated_registry_bytes=20260728 max_retained_records=18446744073709551615 max_consumed_record_ids=18446744073709551615 max_retained_key_bytes=18446744073709551615
STO_TPCC_CAPACITY phase=run_complete table=oorder_c_id_idx_2 retained_records=265059 consumed_record_ids=265059 retained_key_bytes=4240944 allocated_registry_bytes=18610800 max_retained_records=18446744073709551615 max_consumed_record_ids=18446744073709551615 max_retained_key_bytes=18446744073709551615
STO_TPCC_CAPACITY phase=run_complete table=oorder_c_id_idx_3 retained_records=246766 consumed_record_ids=246766 retained_key_bytes=3948256 allocated_registry_bytes=17305216 max_retained_records=18446744073709551615 max_consumed_record_ids=18446744073709551615 max_retained_key_bytes=18446744073709551615
STO_TPCC_CAPACITY phase=run_complete table=oorder_c_id_idx_4 retained_records=293196 consumed_record_ids=293196 retained_key_bytes=4691136 allocated_registry_bytes=20619408 max_retained_records=18446744073709551615 max_consumed_record_ids=18446744073709551615 max_retained_key_bytes=18446744073709551615
STO_TPCC_CAPACITY phase=run_complete table=oorder_c_id_idx_5 retained_records=291533 consumed_record_ids=291533 retained_key_bytes=4664528 allocated_registry_bytes=20475936 max_retained_records=18446744073709551615 max_consumed_record_ids=18446744073709551615 max_retained_key_bytes=18446744073709551615
STO_TPCC_CAPACITY phase=run_complete table=oorder_c_id_idx_6 retained_records=261159 consumed_record_ids=261159 retained_key_bytes=4178544 allocated_registry_bytes=18395592 max_retained_records=18446744073709551615 max_consumed_record_ids=18446744073709551615 max_retained_key_bytes=18446744073709551615
STO_TPCC_CAPACITY phase=run_complete table=oorder_c_id_idx_7 retained_records=244852 consumed_record_ids=244852 retained_key_bytes=3917632 allocated_registry_bytes=17233480 max_retained_records=18446744073709551615 max_consumed_record_ids=18446744073709551615 max_retained_key_bytes=18446744073709551615
STO_TPCC_CAPACITY phase=run_complete table=order_line_0 retained_records=2403594 consumed_record_ids=2403594 retained_key_bytes=38457504 allocated_registry_bytes=168668008 max_retained_records=18446744073709551615 max_consumed_record_ids=18446744073709551615 max_retained_key_bytes=18446744073709551615
STO_TPCC_CAPACITY phase=run_complete table=order_line_1 retained_records=2878772 consumed_record_ids=2878772 retained_key_bytes=46060352 allocated_registry_bytes=201953512 max_retained_records=18446744073709551615 max_consumed_record_ids=18446744073709551615 max_retained_key_bytes=18446744073709551615
STO_TPCC_CAPACITY phase=run_complete table=order_line_2 retained_records=2650005 consumed_record_ids=2650005 retained_key_bytes=42400080 allocated_registry_bytes=185884648 max_retained_records=18446744073709551615 max_consumed_record_ids=18446744073709551615 max_retained_key_bytes=18446744073709551615
STO_TPCC_CAPACITY phase=run_complete table=order_line_3 retained_records=2470775 consumed_record_ids=2470775 retained_key_bytes=39532400 allocated_registry_bytes=173330848 max_retained_records=18446744073709551615 max_consumed_record_ids=18446744073709551615 max_retained_key_bytes=18446744073709551615
STO_TPCC_CAPACITY phase=run_complete table=order_line_4 retained_records=2931564 consumed_record_ids=2931564 retained_key_bytes=46905024 allocated_registry_bytes=205612048 max_retained_records=18446744073709551615 max_consumed_record_ids=18446744073709551615 max_retained_key_bytes=18446744073709551615
STO_TPCC_CAPACITY phase=run_complete table=order_line_5 retained_records=2913371 consumed_record_ids=2913371 retained_key_bytes=46613936 allocated_registry_bytes=204392536 max_retained_records=18446744073709551615 max_consumed_record_ids=18446744073709551615 max_retained_key_bytes=18446744073709551615
STO_TPCC_CAPACITY phase=run_complete table=order_line_6 retained_records=2611730 consumed_record_ids=2611730 retained_key_bytes=41787680 allocated_registry_bytes=183230416 max_retained_records=18446744073709551615 max_consumed_record_ids=18446744073709551615 max_retained_key_bytes=18446744073709551615
STO_TPCC_CAPACITY phase=run_complete table=order_line_7 retained_records=2448588 consumed_record_ids=2448588 retained_key_bytes=39177408 allocated_registry_bytes=171824392 max_retained_records=18446744073709551615 max_consumed_record_ids=18446744073709551615 max_retained_key_bytes=18446744073709551615
STO_TPCC_CAPACITY phase=run_complete table=stock_0 retained_records=100000 consumed_record_ids=100999 retained_key_bytes=800000 allocated_registry_bytes=7111536 max_retained_records=18446744073709551615 max_consumed_record_ids=18446744073709551615 max_retained_key_bytes=18446744073709551615
STO_TPCC_CAPACITY phase=run_complete table=stock_1 retained_records=100000 consumed_record_ids=100999 retained_key_bytes=800000 allocated_registry_bytes=7111536 max_retained_records=18446744073709551615 max_consumed_record_ids=18446744073709551615 max_retained_key_bytes=18446744073709551615
STO_TPCC_CAPACITY phase=run_complete table=stock_2 retained_records=100000 consumed_record_ids=100999 retained_key_bytes=800000 allocated_registry_bytes=7111536 max_retained_records=18446744073709551615 max_consumed_record_ids=18446744073709551615 max_retained_key_bytes=18446744073709551615
STO_TPCC_CAPACITY phase=run_complete table=stock_3 retained_records=100000 consumed_record_ids=100999 retained_key_bytes=800000 allocated_registry_bytes=7111536 max_retained_records=18446744073709551615 max_consumed_record_ids=18446744073709551615 max_retained_key_bytes=18446744073709551615
STO_TPCC_CAPACITY phase=run_complete table=stock_4 retained_records=100000 consumed_record_ids=100999 retained_key_bytes=800000 allocated_registry_bytes=7111536 max_retained_records=18446744073709551615 max_consumed_record_ids=18446744073709551615 max_retained_key_bytes=18446744073709551615
STO_TPCC_CAPACITY phase=run_complete table=stock_5 retained_records=100000 consumed_record_ids=100999 retained_key_bytes=800000 allocated_registry_bytes=7111536 max_retained_records=18446744073709551615 max_consumed_record_ids=18446744073709551615 max_retained_key_bytes=18446744073709551615
STO_TPCC_CAPACITY phase=run_complete table=stock_6 retained_records=100000 consumed_record_ids=100999 retained_key_bytes=800000 allocated_registry_bytes=7111536 max_retained_records=18446744073709551615 max_consumed_record_ids=18446744073709551615 max_retained_key_bytes=18446744073709551615
STO_TPCC_CAPACITY phase=run_complete table=stock_7 retained_records=100000 consumed_record_ids=100999 retained_key_bytes=800000 allocated_registry_bytes=7111536 max_retained_records=18446744073709551615 max_consumed_record_ids=18446744073709551615 max_retained_key_bytes=18446744073709551615
STO_TPCC_CAPACITY phase=run_complete table=stock_data_0 retained_records=100000 consumed_record_ids=100999 retained_key_bytes=800000 allocated_registry_bytes=7111536 max_retained_records=18446744073709551615 max_consumed_record_ids=18446744073709551615 max_retained_key_bytes=18446744073709551615
STO_TPCC_CAPACITY phase=run_complete table=stock_data_1 retained_records=100000 consumed_record_ids=100999 retained_key_bytes=800000 allocated_registry_bytes=7111536 max_retained_records=18446744073709551615 max_consumed_record_ids=18446744073709551615 max_retained_key_bytes=18446744073709551615
STO_TPCC_CAPACITY phase=run_complete table=stock_data_2 retained_records=100000 consumed_record_ids=100999 retained_key_bytes=800000 allocated_registry_bytes=7111536 max_retained_records=18446744073709551615 max_consumed_record_ids=18446744073709551615 max_retained_key_bytes=18446744073709551615
STO_TPCC_CAPACITY phase=run_complete table=stock_data_3 retained_records=100000 consumed_record_ids=100999 retained_key_bytes=800000 allocated_registry_bytes=7111536 max_retained_records=18446744073709551615 max_consumed_record_ids=18446744073709551615 max_retained_key_bytes=18446744073709551615
STO_TPCC_CAPACITY phase=run_complete table=stock_data_4 retained_records=100000 consumed_record_ids=100999 retained_key_bytes=800000 allocated_registry_bytes=7111536 max_retained_records=18446744073709551615 max_consumed_record_ids=18446744073709551615 max_retained_key_bytes=18446744073709551615
STO_TPCC_CAPACITY phase=run_complete table=stock_data_5 retained_records=100000 consumed_record_ids=100999 retained_key_bytes=800000 allocated_registry_bytes=7111536 max_retained_records=18446744073709551615 max_consumed_record_ids=18446744073709551615 max_retained_key_bytes=18446744073709551615
STO_TPCC_CAPACITY phase=run_complete table=stock_data_6 retained_records=100000 consumed_record_ids=100999 retained_key_bytes=800000 allocated_registry_bytes=7111536 max_retained_records=18446744073709551615 max_consumed_record_ids=18446744073709551615 max_retained_key_bytes=18446744073709551615
STO_TPCC_CAPACITY phase=run_complete table=stock_data_7 retained_records=100000 consumed_record_ids=100999 retained_key_bytes=800000 allocated_registry_bytes=7111536 max_retained_records=18446744073709551615 max_consumed_record_ids=18446744073709551615 max_retained_key_bytes=18446744073709551615
STO_TPCC_CAPACITY phase=run_complete table=warehouse_0 retained_records=1 consumed_record_ids=1 retained_key_bytes=4 allocated_registry_bytes=205424 max_retained_records=18446744073709551615 max_consumed_record_ids=18446744073709551615 max_retained_key_bytes=18446744073709551615
STO_TPCC_CAPACITY phase=run_complete table=warehouse_1 retained_records=1 consumed_record_ids=1 retained_key_bytes=4 allocated_registry_bytes=205424 max_retained_records=18446744073709551615 max_consumed_record_ids=18446744073709551615 max_retained_key_bytes=18446744073709551615
STO_TPCC_CAPACITY phase=run_complete table=warehouse_2 retained_records=1 consumed_record_ids=1 retained_key_bytes=4 allocated_registry_bytes=205424 max_retained_records=18446744073709551615 max_consumed_record_ids=18446744073709551615 max_retained_key_bytes=18446744073709551615
STO_TPCC_CAPACITY phase=run_complete table=warehouse_3 retained_records=1 consumed_record_ids=1 retained_key_bytes=4 allocated_registry_bytes=205424 max_retained_records=18446744073709551615 max_consumed_record_ids=18446744073709551615 max_retained_key_bytes=18446744073709551615
STO_TPCC_CAPACITY phase=run_complete table=warehouse_4 retained_records=1 consumed_record_ids=1 retained_key_bytes=4 allocated_registry_bytes=205424 max_retained_records=18446744073709551615 max_consumed_record_ids=18446744073709551615 max_retained_key_bytes=18446744073709551615
STO_TPCC_CAPACITY phase=run_complete table=warehouse_5 retained_records=1 consumed_record_ids=1 retained_key_bytes=4 allocated_registry_bytes=205424 max_retained_records=18446744073709551615 max_consumed_record_ids=18446744073709551615 max_retained_key_bytes=18446744073709551615
STO_TPCC_CAPACITY phase=run_complete table=warehouse_6 retained_records=1 consumed_record_ids=1 retained_key_bytes=4 allocated_registry_bytes=205424 max_retained_records=18446744073709551615 max_consumed_record_ids=18446744073709551615 max_retained_key_bytes=18446744073709551615
STO_TPCC_CAPACITY phase=run_complete table=warehouse_7 retained_records=1 consumed_record_ids=1 retained_key_bytes=4 allocated_registry_bytes=205424 max_retained_records=18446744073709551615 max_consumed_record_ids=18446744073709551615 max_retained_key_bytes=18446744073709551615
STO_TPCC_CAPACITY phase=run_complete table=item retained_records=100000 consumed_record_ids=100000 retained_key_bytes=400000 allocated_registry_bytes=7039800 max_retained_records=18446744073709551615 max_consumed_record_ids=18446744073709551615 max_retained_key_bytes=18446744073709551615
--- benchmark statistics ---
runtime: 10.0914 sec
memory delta: 2591.7 MB
n_commits: 4200755
latency_numer_us: 77957104
latency_numer_us_remote: 0
memory delta rate: 256.823 MB/sec
logical memory delta: 266.456 MB
logical memory delta rate: 26.4043 MB/sec
agg_nosync_throughput: 416275 ops/sec
avg_nosync_per_core_throughput: 52034.3 ops/sec/core
agg_throughput: 416271 ops/sec
avg_per_core_throughput: 52033.8 ops/sec/core
agg_persist_throughput: 416271 ops/sec
avg_per_core_persist_throughput: 52033.8 ops/sec/core
avg_latency: 0.0185579 ms
avg_persist_latency: 0 ms
agg_abort_rate: 42.8087 aborts/sec
avg_per_core_abort_rate: 5.35109 aborts/sec/core
  NewOrder_local_commit_latency: 0.0220884 ms
  NewOrder_local_abort_latency: 0.148544 ms
  NewOrder_local_abort_ratio: 0.000141734
  Payment_local_commit_latency: 0.00738066 ms
  Payment_local_abort_latency: 0.202806 ms
  Payment_local_abort_ratio: 7.75104e-06
  Delivery_local_commit_latency: 0.0840142 ms
  Delivery_local_abort_latency: 0 ms
  Delivery_local_abort_ratio: 0
  OrderStatus_local_commit_latency: 0.0104346 ms
  OrderStatus_local_abort_latency: 0.030391 ms
  OrderStatus_local_abort_ratio: 5.97108e-06
  StockLevel_local_commit_latency: 0.0538687 ms
  StockLevel_local_abort_latency: 0.13228 ms
  StockLevel_local_abort_ratio: 0.000885408
  NewOrder_remote_ratio: 0 %
  NewOrder_remote_abort_ratio: 0 %
  NewOrder_remote_commit_latency: 0 ms
  NewOrder_remote_abort_latency: 0 ms
  Payment_remote_ratio: 0 %
  Payment_remote_abort_ratio: 0 %
  Payment_remote_commit_latency: 0 ms
  Payment_remote_abort_latency: 0 ms
--- system counters (for benchmark) ---
--- perf counters (if enabled, for benchmark) ---
--- allocator stats ---
[SiloRuntime 0] ncpus=8
[SiloRuntime 0] cpu=0 fully_faulted?=0 remaining=427819008 bytes
[SiloRuntime 0] cpu=1 fully_faulted?=0 remaining=411041792 bytes
[SiloRuntime 0] cpu=2 fully_faulted?=0 remaining=419430400 bytes
[SiloRuntime 0] cpu=3 fully_faulted?=0 remaining=427819008 bytes
[SiloRuntime 0] cpu=4 fully_faulted?=0 remaining=411041792 bytes
[SiloRuntime 0] cpu=5 fully_faulted?=0 remaining=413138944 bytes
[SiloRuntime 0] cpu=6 fully_faulted?=0 remaining=423624704 bytes
[SiloRuntime 0] cpu=7 fully_faulted?=0 remaining=417333248 bytes
---------------------------------------
--- system counters for n_commits ---
[STOP_SERVER] Stopping 0 server transports
[STOP_SERVER] All server transports stopped
