20260909-08:10.31-191297(us) 2400260 * ParseNewFormat  (configuration.cc:102): Using new configuration format
20260909-08:10.31-191445(us) 2400260 * ParseNewFormat  (configuration.cc:162): Loaded 1 sites in 1 shards
20260909-08:10.31-191479(us) 2400260 * handle_new_config_format (dbtest.cc:368):    Site local_s0: shard=0, replica_idx=0, is_leader=1, cluster=localhost
SiloRuntime[0]::InitializeAllocator()
  hugepgsize: 2097152
  mmap() region [0x7e011e200000, 0x7e021e400000)
  runtime0 cpu0 owns [0x7e011e200000, 0x7e012e200000)
  runtime0 cpu1 owns [0x7e012e200000, 0x7e013e200000)
  runtime0 cpu2 owns [0x7e013e200000, 0x7e014e200000)
  runtime0 cpu3 owns [0x7e014e200000, 0x7e015e200000)
  runtime0 cpu4 owns [0x7e015e200000, 0x7e016e200000)
  runtime0 cpu5 owns [0x7e016e200000, 0x7e017e200000)
  runtime0 cpu6 owns [0x7e017e200000, 0x7e018e200000)
  runtime0 cpu7 owns [0x7e018e200000, 0x7e019e200000)
  runtime0 cpu8 owns [0x7e019e200000, 0x7e01ae200000)
  runtime0 cpu9 owns [0x7e01ae200000, 0x7e01be200000)
  runtime0 cpu10 owns [0x7e01be200000, 0x7e01ce200000)
  runtime0 cpu11 owns [0x7e01ce200000, 0x7e01de200000)
  runtime0 cpu12 owns [0x7e01de200000, 0x7e01ee200000)
  runtime0 cpu13 owns [0x7e01ee200000, 0x7e01fe200000)
  runtime0 cpu14 owns [0x7e01fe200000, 0x7e020e200000)
  runtime0 cpu15 owns [0x7e020e200000, 0x7e021e200000)
Database Benchmark:
  pid: 2400260
settings:
  num-cpus    : 128
  num-threads : 16
  shardIndex  : 0
  paxos_proc_name  : localhost
  nshards     : 1
  is_micro    : 0
  is_replicated : 0
  storage_engine : cpp
  var-encode  : yes
  allocator   : jemalloc
system properties:
  tuple_prefetch          : no
  btree_node_prefetch     : yes
tpcc settings:
  cross_partition_transactions : 1
  read_only_snapshots          : 1
  partition_locks              : 0
  separate_tree_per_partition  : 1
  new_order_remote_item_pct    : 1
  new_order_fast_id_gen        : 1
  uniform_item_dist            : 0
  order_status_scan_hack       : 0
  workload_mix                 : [45, 43, 4, 4, 4]
20260909-08:10.31-195726(us) 2400260 * ParseNewFormat  (configuration.cc:102): Using new configuration format
20260909-08:10.31-195810(us) 2400260 * ParseNewFormat  (configuration.cc:162): Loaded 1 sites in 1 shards
20260909-08:10.31-196095(us) 2400260 * ParseNewFormat  (configuration.cc:102): Using new configuration format
20260909-08:10.31-196180(us) 2400260 * ParseNewFormat  (configuration.cc:162): Loaded 1 sites in 1 shards
20260909-08:10.31-196223(us) 2400260 * Initialize      (srpc_rpc_backend.cc:66): SrpcRpcBackend::Initialize: poll_thread_worker_ created, is_some=1
20260909-08:10.31-196403(us) 2400260 * Initialize      (srpc_rpc_backend.cc:97): SrpcRpcBackend initialized on 127.0.0.1:31022 (listening on 0.0.0.0:31022)
20260909-08:10.31-196426(us) 2400260 * FastTransport   (fasttransport.cc:147): FastTransport initialized with srpc/rpc backend on 127.0.0.1:31022
20260909-08:10.31-196445(us) 2400260 * RunEventLoop    (srpc_rpc_backend.cc:516): SrpcRpcBackend::RunEventLoop: Starting event loop
20260909-08:10.31-196526(us) 2400260 * Initialize      (srpc_rpc_backend.cc:66): SrpcRpcBackend::Initialize: poll_thread_worker_ created, is_some=1
20260909-08:10.31-196644(us) 2400260 * Initialize      (srpc_rpc_backend.cc:97): SrpcRpcBackend initialized on 127.0.0.1:31021 (listening on 0.0.0.0:31021)
20260909-08:10.31-196669(us) 2400260 * FastTransport   (fasttransport.cc:147): FastTransport initialized with srpc/rpc backend on 127.0.0.1:31021
20260909-08:10.31-196689(us) 2400260 * RunEventLoop    (srpc_rpc_backend.cc:516): SrpcRpcBackend::RunEventLoop: Starting event loop
20260909-08:10.31-200080(us) 2400260 ! run             (bench.cc:537):     # of loaders size:6
20260909-08:10.31-201204(us) 2400260 * benchmark_thread_init (mbta_wrapper.hh:1811): thread_init: thread_id=0, shard_index=0, getShardIndex=0, loader=1
[INFO] finished loading warehouse
[INFO]   * average warehouse record length: 97 bytes
20260909-08:10.31-201565(us) 2400260 * benchmark_thread_init (mbta_wrapper.hh:1811): thread_init: thread_id=1, shard_index=0, getShardIndex=0, loader=1
20260909-08:10.31-201615(us) 2400260 * benchmark_thread_init (mbta_wrapper.hh:1811): thread_init: thread_id=2, shard_index=0, getShardIndex=0, loader=1
PinToWarehouseId(): coreid=2 pinned to whse=1 (partid=0)
20260909-08:10.31-201847(us) 2400260 * benchmark_thread_init (mbta_wrapper.hh:1811): thread_init: thread_id=3, shard_index=0, getShardIndex=0, loader=1
PinToWarehouseId(): coreid=3 pinned to whse=1 (partid=0)
PinToWarehouseId(): coreid=3 pinned to whse=2 (partid=1)
PinToWarehouseId(): coreid=3 pinned to whse=3 (partid=2)
PinToWarehouseId(): coreid=3 pinned to whse=4 (partid=3)
PinToWarehouseId(): coreid=3 pinned to whse=5 (partid=4)
20260909-08:10.31-202228(us) 2400260 * PinToWarehouseId(): coreid=3 pinned to whse=6 (partid=5)
benchmark_thread_init (mbta_wrapper.hh:1811): thread_init: thread_id=4, shard_index=0, getShardIndex=0, loader=1
PinToWarehouseId(): coreid=3 pinned to whse=7 (partid=6)
num batches: 30
PinToWarehouseId(): coreid=4 pinned to whse=1 (partid=0)
PinToWarehouseId(): coreid=3 pinned to whse=8 (partid=7)
PinToWarehouseId(): coreid=3 pinned to whse=9 (partid=8)
PinToWarehouseId(): coreid=3 pinned to whse=10 (partid=9)
PinToWarehouseId(): coreid=3 pinned to whse=11 (partid=1020260909-08:10.31-202561(us) 2400260 * benchmark_thread_init (mbta_wrapper.hh:1811): thread_init: thread_id=5, shard_index=0, getShardIndex=0, loader=1
)
PinToWarehouseId(): coreid=5 pinned to whse=1 (partid=0)
PinToWarehouseId(): coreid=3 pinned to whse=12 (partid=11)
PinToWarehouseId(): coreid=3 pinned to whse=13 (partid=12)
PinToWarehouseId(): coreid=3 pinned to whse=14 (partid=13)
PinToWarehouseId(): coreid=3 pinned to whse=15 (partid=14)
PinToWarehouseId(): coreid=3 pinned to whse=16 (partid=15)
[INFO] finished loading district
[INFO]   * average district record length: 99 bytes
PinToWarehouseId(): coreid=5 pinned to whse=2 (partid=1)
[INFO] finished loading item
[INFO]   * average item record length: 84.1739 bytes
PinToWarehouseId(): coreid=4 pinned to whse=2 (partid=1)
PinToWarehouseId(): coreid=5 pinned to whse=3 (partid=2)
PinToWarehouseId(): coreid=5 pinned to whse=4 (partid=3)
PinToWarehouseId(): coreid=4 pinned to whse=3 (partid=2)
PinToWarehouseId(): coreid=5 pinned to whse=5 (partid=4)
PinToWarehouseId(): coreid=5 pinned to whse=6 (partid=5)
PinToWarehouseId(): coreid=4 pinned to whse=4 (partid=3)
PinToWarehouseId(): coreid=5 pinned to whse=7 (partid=6)
PinToWarehouseId(): coreid=2 pinned to whse=2 (partid=1)
PinToWarehouseId(): coreid=5 pinned to whse=8 (partid=7)
PinToWarehouseId(): coreid=4 pinned to whse=5 (partid=4)
PinToWarehouseId(): coreid=5 pinned to whse=9 (partid=8)
PinToWarehouseId(): coreid=5 pinned to whse=10 (partid=9)
PinToWarehouseId(): coreid=4 pinned to whse=6 (partid=5)
PinToWarehouseId(): coreid=5 pinned to whse=11 (partid=10)
PinToWarehouseId(): coreid=5 pinned to whse=12 (partid=11)
PinToWarehouseId(): coreid=4 pinned to whse=7 (partid=6)
PinToWarehouseId(): coreid=5 pinned to whse=13 (partid=12)
PinToWarehouseId(): coreid=5 pinned to whse=14 (partid=13)
PinToWarehouseId(): coreid=4 pinned to whse=8 (partid=7)
PinToWarehouseId(): coreid=2 pinned to whse=3 (partid=2)
PinToWarehouseId(): coreid=5 pinned to whse=15 (partid=14)
PinToWarehouseId(): coreid=5 pinned to whse=16 (partid=15)
PinToWarehouseId(): coreid=4 pinned to whse=9 (partid=8)
[INFO] finished loading order
[INFO]   * average order_line record length: 11.2927 bytes
[INFO]   * average oorder record length: 7.9446 bytes
[INFO]   * average new_order record length: 12 bytes
PinToWarehouseId(): coreid=4 pinned to whse=10 (partid=9)
PinToWarehouseId(): coreid=4 pinned to whse=11 (partid=10)
PinToWarehouseId(): coreid=2 pinned to whse=4 (partid=3)
PinToWarehouseId(): coreid=4 pinned to whse=12 (partid=11)
PinToWarehouseId(): coreid=4 pinned to whse=13 (partid=12)
PinToWarehouseId(): coreid=4 pinned to whse=14 (partid=13)
PinToWarehouseId(): coreid=4 pinned to whse=15 (partid=14)
PinToWarehouseId(): coreid=2 pinned to whse=5 (partid=4)
PinToWarehouseId(): coreid=4 pinned to whse=16 (partid=15)
[INFO] finished loading customer
[INFO]   * average customer record length: 153.983 bytes 
PinToWarehouseId(): coreid=2 pinned to whse=6 (partid=5)
PinToWarehouseId(): coreid=2 pinned to whse=7 (partid=6)
PinToWarehouseId(): coreid=2 pinned to whse=8 (partid=7)
PinToWarehouseId(): coreid=2 pinned to whse=9 (partid=8)
PinToWarehouseId(): coreid=2 pinned to whse=10 (partid=9)
PinToWarehouseId(): coreid=2 pinned to whse=11 (partid=10)
PinToWarehouseId(): coreid=2 pinned to whse=12 (partid=11)
PinToWarehouseId(): coreid=2 pinned to whse=13 (partid=12)
PinToWarehouseId(): coreid=2 pinned to whse=14 (partid=13)
PinToWarehouseId(): coreid=2 pinned to whse=15 (partid=14)
PinToWarehouseId(): coreid=2 pinned to whse=16 (partid=15)
[INFO] finished loading stock
[INFO]   * average stock record length: 8 bytes
timed region dataloading took 20522.8 ms
DB size: 1803.02 MB
[0, 0, 0] txns persisted in loading phase
20260909-08:10.51-723016(us) 2400260 ! run             (bench.cc:607):     # of nthreads:16
starting benchmark...
tpcc: worker id 128 => warehouses [1, 2)
tpcc: worker id 129 => warehouses [2, 3)
tpcc: worker id 130 => warehouses [3, 4)
tpcc: worker id 131 => warehouses [4, 5)
tpcc: worker id 132 => warehouses [5, 6)
tpcc: worker id 133 => warehouses [6, 7)
tpcc: worker id 134 => warehouses [7, 8)
tpcc: worker id 135 => warehouses [8, 9)
tpcc: worker id 136 => warehouses [9, 10)
tpcc: worker id 137 => warehouses [10, 11)
tpcc: worker id 138 => warehouses [11, 12)
tpcc: worker id 139 => warehouses [12, 13)
tpcc: worker id 140 => warehouses [13, 14)
tpcc: worker id 141 => warehouses [14, 15)
tpcc: worker id 142 => warehouses [15, 16)
tpcc: worker id 143 => warehouses [16, 17)
20260909-08:10.51-734370(us) 2400260 * benchmark_thread_init (mbta_wrapper.hh:1811): thread_init: thread_id=6, shard_index=0, getShardIndex=0, loader=0
20260909-08:10.51-734637(us) 2400260 * benchmark_thread_init (mbta_wrapper.hh:1811): thread_init: thread_id=7, shard_index=0, getShardIndex=0, loader=0
20260909-08:10.51-734705(us) 2400260 * benchmark_thread_init (mbta_wrapper.hh:1811): thread_init: thread_id=9, shard_index=0, getShardIndex=0, loader=0
20260909-08:10.51-734782(us) 2400260 * benchmark_thread_init (mbta_wrapper.hh:1811): thread_init: thread_id=8, shard_index=0, getShardIndex=0, loader=0
20260909-08:10.51-734956(us) 2400260 * benchmark_thread_init (mbta_wrapper.hh:1811): thread_init: thread_id=10, shard_index=0, getShardIndex=0, loader=0
20260909-08:10.51-735174(us) 2400260 * benchmark_thread_init (mbta_wrapper.hh:1811): thread_init: thread_id=11, shard_index=0, getShardIndex=0, loader=0
20260909-08:10.51-735477(us) 2400260 * ParseNewFormat  (configuration.cc:102): Using new configuration format
20260909-08:10.51-735561(us) 2400260 * ParseNewFormat  (configuration.cc:162): Loaded 1 sites in 1 shards
20260909-08:10.51-735676(us) 2400260 * benchmark_thread_init (mbta_wrapper.hh:1811): thread_init: thread_id=12, shard_index=0, getShardIndex=0, loader=0
20260909-08:10.51-735753(us) 2400260 * ParseNewFormat  (configuration.cc:102): Using new configuration format
20260909-08:10.51-735810(us) 2400260 * ParseNewFormat  (configuration.cc:102): Using new configuration format
20260909-08:10.51-735874(us) 2400260 * ParseNewFormat  (configuration.cc:162): Loaded 1 sites in 1 shards
20260909-08:10.51-735919(us) 2400260 * ParseNewFormat  (configuration.cc:162): Loaded 1 sites in 1 shards
20260909-08:10.51-736009(us) 2400260 * ParseNewFormat  (configuration.cc:102): Using new configuration format
20260909-08:10.51-736093(us) 2400260 * ParseNewFormat  (configuration.cc:162): Loaded 1 sites in 1 shards
20260909-08:10.51-736196(us) 2400260 * ParseNewFormat  (configuration.cc:102): Using new configuration format
20260909-08:10.51-736263(us) 2400260 * ParseNewFormat  (configuration.cc:162): Loaded 1 sites in 1 shards
20260909-08:10.51-736305(us) 2400260 * benchmark_thread_init (mbta_wrapper.hh:1811): thread_init: thread_id=13, shard_index=0, getShardIndex=0, loader=0
20260909-08:10.51-736369(us) 2400260 * benchmark_thread_init (mbta_wrapper.hh:1811): thread_init: thread_id=14, shard_index=0, getShardIndex=0, loader=0
20260909-08:10.51-736529(us) 2400260 * ParseNewFormat  (configuration.cc:102): Using new configuration format
20260909-08:10.51-736579(us) 2400260 * ParseNewFormat  (configuration.cc:102): Using new configuration format
20260909-08:10.51-736627(us) 2400260 * ParseNewFormat  (configuration.cc:102): Using new configuration format
20260909-08:10.51-736700(us) 2400260 * ParseNewFormat  (configuration.cc:162): Loaded 1 sites in 1 shards
20260909-08:10.51-736739(us) 2400260 * ParseNewFormat  (configuration.cc:102): Using new configuration format
20260909-08:10.51-736791(us) 2400260 * ParseNewFormat  (configuration.cc:162): Loaded 1 sites in 1 shards
20260909-08:10.51-736857(us) 2400260 * ParseNewFormat  (configuration.cc:162): Loaded 1 sites in 1 shards
20260909-08:10.51-736949(us) 2400260 * benchmark_thread_init (mbta_wrapper.hh:1811): thread_init: thread_id=15, shard_index=0, getShardIndex=0, loader=0
20260909-08:10.51-737055(us) 2400260 * ParseNewFormat  (configuration.cc:102): Using new configuration format
20260909-08:10.51-737135(us) 2400260 * ParseNewFormat  (configuration.cc:162): Loaded 1 sites in 1 shards
20260909-08:10.51-737196(us) 2400260 * ParseNewFormat  (configuration.cc:102): Using new configuration format
20260909-08:10.51-737254(us) 2400260 * ParseNewFormat  (configuration.cc:162): Loaded 1 sites in 1 shards
20260909-08:10.51-737318(us) 2400260 * ParseNewFormat  (configuration.cc:102): Using new configuration format
20260909-08:10.51-737378(us) 2400260 * ParseNewFormat  (configuration.cc:102): Using new configuration format
20260909-08:10.51-737406(us) 2400260 * ParseNewFormat  (configuration.cc:162): Loaded 1 sites in 1 shards
20260909-08:10.51-737446(us) 2400260 * ParseNewFormat  (configuration.cc:162): Loaded 1 sites in 1 shards
20260909-08:10.51-737485(us) 2400260 * Initialize      (srpc_rpc_backend.cc:66): SrpcRpcBackend::Initialize: poll_thread_worker_ created, is_some=1
20260909-08:10.51-737519(us) 2400260 * benchmark_thread_init (mbta_wrapper.hh:1811): thread_init: thread_id=16, shard_index=0, getShardIndex=0, loader=0
20260909-08:10.51-737564(us) 2400260 * Initialize      (srpc_rpc_backend.cc:66): SrpcRpcBackend::Initialize: poll_thread_worker_ created, is_some=1
20260909-08:10.51-737612(us) 2400260 * ParseNewFormat  (configuration.cc:162): Loaded 1 sites in 1 shards
20260909-08:10.51-737643(us) 2400260 * ParseNewFormat  (configuration.cc:102): Using new configuration format
20260909-08:10.51-737700(us) 2400260 * Initialize      (srpc_rpc_backend.cc:97): SrpcRpcBackend initialized on 127.0.0.1:31001 (listening on 0.0.0.0:31001)
20260909-08:10.51-737727(us) 2400260 * ParseNewFormat  (configuration.cc:102): Using new configuration format
20260909-08:10.51-737762(us) 2400260 * Initialize      (srpc_rpc_backend.cc:97): SrpcRpcBackend initialized on 127.0.0.1:31000 (listening on 0.0.0.0:31000)
20260909-08:10.51-737798(us) 2400260 * FastTransport   (fasttransport.cc:147): FastTransport initialized with srpc/rpc backend on 127.0.0.1:31000
20260909-08:10.51-737820(us) 2400260 * Initialize      (srpc_rpc_backend.cc:66): SrpcRpcBackend::Initialize: poll_thread_worker_ created, is_some=1
20260909-08:10.51-737879(us) 2400260 * ParseNewFormat  (configuration.cc:102): Using new configuration format
20260909-08:10.51-737922(us) 2400260 * Initialize      (srpc_rpc_backend.cc:66): SrpcRpcBackend::Initialize: poll_thread_worker_ created, is_some=1
20260909-08:10.51-737963(us) 2400260 * Initialize      (srpc_rpc_backend.cc:97): SrpcRpcBackend initialized on 127.0.0.1:31003 (listening on 0.0.0.0:31003)
20260909-08:10.51-737994(us) 2400260 * ParseNewFormat  (configuration.cc:102): Using new configuration format
20260909-08:10.51-738034(us) 2400260 * ParseNewFormat  (configuration.cc:162): Loaded 1 sites in 1 shards
20260909-08:10.51-738095(us) 2400260 * ParseNewFormat  (configuration.cc:162): Loaded 1 sites in 1 shards
20260909-08:10.51-738143(us) 2400260 * ParseNewFormat  (configuration.cc:162): Loaded 1 sites in 1 shards
20260909-08:10.51-738181(us) 2400260 * ParseNewFormat  (configuration.cc:102): Using new configuration format
20260909-08:10.51-738219(us) 2400260 * Initialize      (srpc_rpc_backend.cc:97): SrpcRpcBackend initialized on 127.0.0.1:31002 (listening on 0.0.0.0:31002)
20260909-08:10.51-738262(us) 2400260 * FastTransport   (fasttransport.cc:147): FastTransport initialized with srpc/rpc backend on 127.0.0.1:31002
20260909-08:10.51-738304(us) 2400260 * benchmark_thread_init (mbta_wrapper.hh:1811): thread_init: thread_id=17, shard_index=0, getShardIndex=0, loader=0
20260909-08:10.51-738349(us) 2400260 * FastTransport   (fasttransport.cc:147): FastTransport initialized with srpc/rpc backend on 127.0.0.1:31003
20260909-08:10.51-738381(us) 2400260 * ParseNewFormat  (configuration.cc:162): Loaded 1 sites in 1 shards
20260909-08:10.51-738430(us) 2400260 * Initialize      (srpc_rpc_backend.cc:66): SrpcRpcBackend::Initialize: poll_thread_worker_ created, is_some=1
20260909-08:10.51-738522(us) 2400260 * Initialize      (srpc_rpc_backend.cc:97): SrpcRpcBackend initialized on 127.0.0.1:31005 (listening on 0.0.0.0:31005)
20260909-08:10.51-738545(us) 2400260 * FastTransport   (fasttransport.cc:147): FastTransport initialized with srpc/rpc backend on 127.0.0.1:31005
20260909-08:10.51-738656(us) 2400260 * FastTransport   (fasttransport.cc:147): FastTransport initialized with srpc/rpc backend on 127.0.0.1:31001
20260909-08:10.51-738695(us) 2400260 * ParseNewFormat  (configuration.cc:102): Using new configuration format
20260909-08:10.51-738750(us) 2400260 * benchmark_thread_init (mbta_wrapper.hh:1811): thread_init: thread_id=19, shard_index=0, getShardIndex=0, loader=0
20260909-08:10.51-738839(us) 2400260 * benchmark_thread_init (mbta_wrapper.hh:1811): thread_init: thread_id=18, shard_index=0, getShardIndex=0, loader=0
20260909-08:10.51-738888(us) 2400260 * Initialize      (srpc_rpc_backend.cc:66): SrpcRpcBackend::Initialize: poll_thread_worker_ created, is_some=1
20260909-08:10.51-738938(us) 2400260 * Initialize      (srpc_rpc_backend.cc:66): SrpcRpcBackend::Initialize: poll_thread_worker_ created, is_some=1
20260909-08:10.51-738986(us) 2400260 * Initialize      (srpc_rpc_backend.cc:97): SrpcRpcBackend initialized on 127.0.0.1:31006 (listening on 0.0.0.0:31006)
20260909-08:10.51-739013(us) 2400260 * FastTransport   (fasttransport.cc:147): FastTransport initialized with srpc/rpc backend on 127.0.0.1:31006
20260909-08:10.51-739045(us) 2400260 * ParseNewFormat  (configuration.cc:102): Using new configuration format
20260909-08:10.51-739088(us) 2400260 * benchmark_thread_init (mbta_wrapper.hh:1811): thread_init: thread_id=20, shard_index=0, getShardIndex=0, loader=0
20260909-08:10.51-739153(us) 2400260 * ParseNewFormat  (configuration.cc:102): Using new configuration format
20260909-08:10.51-739192(us) 2400260 * ParseNewFormat  (configuration.cc:102): Using new configuration format
20260909-08:10.51-739248(us) 2400260 * ParseNewFormat  (configuration.cc:102): Using new configuration format
20260909-08:10.51-739293(us) 2400260 * ParseNewFormat  (configuration.cc:102): Using new configuration format
20260909-08:10.51-739331(us) 2400260 * ParseNewFormat  (configuration.cc:162): Loaded 1 sites in 1 shards
20260909-08:10.51-739373(us) 2400260 * Initialize      (srpc_rpc_backend.cc:97): SrpcRpcBackend initialized on 127.0.0.1:31007 (listening on 0.0.0.0:31007)
20260909-08:10.51-739399(us) 2400260 * FastTransport   (fasttransport.cc:147): FastTransport initialized with srpc/rpc backend on 127.0.0.1:31007
20260909-08:10.51-739430(us) 2400260 * benchmark_thread_init (mbta_wrapper.hh:1811): thread_init: thread_id=21, shard_index=0, getShardIndex=0, loader=0
20260909-08:10.51-739483(us) 2400260 * ParseNewFormat  (configuration.cc:162): Loaded 1 sites in 1 shards
20260909-08:10.51-739519(us) 2400260 * ParseNewFormat  (configuration.cc:102): Using new configuration format
20260909-08:10.51-739561(us) 2400260 * ParseNewFormat  (configuration.cc:162): Loaded 1 sites in 1 shards
20260909-08:10.51-739582(us) 2400260 * ParseNewFormat  (configuration.cc:162): Loaded 1 sites in 1 shards
20260909-08:10.51-739613(us) 2400260 * ParseNewFormat  (configuration.cc:162): Loaded 1 sites in 1 shards
20260909-08:10.51-739642(us) 2400260 * ParseNewFormat  (configuration.cc:102): Using new configuration format
20260909-08:10.51-739668(us) 2400260 * ParseNewFormat  (configuration.cc:162): Loaded 1 sites in 1 shards
20260909-08:10.51-739701(us) 2400260 * ParseNewFormat  (configuration.cc:162): Loaded 1 sites in 1 shards
20260909-08:10.51-739730(us) 2400260 * ParseNewFormat  (configuration.cc:102): Using new configuration format
20260909-08:10.51-739776(us) 2400260 * ParseNewFormat  (configuration.cc:102): Using new configuration format
20260909-08:10.51-739822(us) 2400260 * ParseNewFormat  (configuration.cc:162): Loaded 1 sites in 1 shards
20260909-08:10.51-739923(us) 2400260 * ParseNewFormat  (configuration.cc:102): Using new configuration format
20260909-08:10.51-739992(us) 2400260 * ParseNewFormat  (configuration.cc:162): Loaded 1 sites in 1 shards
20260909-08:10.51-740022(us) 2400260 * ParseNewFormat  (configuration.cc:162): Loaded 1 sites in 1 shards
20260909-08:10.51-740051(us) 2400260 * ParseNewFormat  (configuration.cc:102): Using new configuration format
20260909-08:10.51-740104(us) 2400260 * ParseNewFormat  (configuration.cc:162): Loaded 1 sites in 1 shards
20260909-08:10.51-740223(us) 2400260 * ParseNewFormat  (configuration.cc:102): Using new configuration format
20260909-08:10.51-740285(us) 2400260 * ParseNewFormat  (configuration.cc:162): Loaded 1 sites in 1 shards
20260909-08:10.51-740322(us) 2400260 * ParseNewFormat  (configuration.cc:162): Loaded 1 sites in 1 shards
20260909-08:10.51-740365(us) 2400260 * ParseNewFormat  (configuration.cc:162): Loaded 1 sites in 1 shards
20260909-08:10.51-740937(us) 2400260 * ParseNewFormat  (configuration.cc:102): Using new configuration format
20260909-08:10.51-740987(us) 2400260 * ParseNewFormat  (configuration.cc:102): Using new configuration format
20260909-08:10.51-741039(us) 2400260 * ParseNewFormat  (configuration.cc:162): Loaded 1 sites in 1 shards
20260909-08:10.51-741076(us) 2400260 * ParseNewFormat  (configuration.cc:162): Loaded 1 sites in 1 shards
20260909-08:10.51-741120(us) 2400260 * ParseNewFormat  (configuration.cc:102): Using new configuration format
20260909-08:10.51-741172(us) 2400260 * ParseNewFormat  (configuration.cc:162): Loaded 1 sites in 1 shards
20260909-08:10.51-741365(us) 2400260 * ParseNewFormat  (configuration.cc:102): Using new configuration format
20260909-08:10.51-741414(us) 2400260 * ParseNewFormat  (configuration.cc:162): Loaded 1 sites in 1 shards
20260909-08:10.51-742094(us) 2400260 * ParseNewFormat  (configuration.cc:102): Using new configuration format
20260909-08:10.51-742140(us) 2400260 * ParseNewFormat  (configuration.cc:162): Loaded 1 sites in 1 shards
20260909-08:10.51-761148(us) 2400260 * Initialize      (srpc_rpc_backend.cc:66): SrpcRpcBackend::Initialize: poll_thread_worker_ created, is_some=1
20260909-08:10.51-761225(us) 2400260 * Initialize      (srpc_rpc_backend.cc:97): SrpcRpcBackend initialized on 127.0.0.1:31004 (listening on 0.0.0.0:31004)
20260909-08:10.51-761248(us) 2400260 * FastTransport   (fasttransport.cc:147): FastTransport initialized with srpc/rpc backend on 127.0.0.1:31004
20260909-08:10.51-761275(us) 2400260 * Initialize      (srpc_rpc_backend.cc:66): SrpcRpcBackend::Initialize: poll_thread_worker_ created, is_some=1
20260909-08:10.51-761345(us) 2400260 * Initialize      (srpc_rpc_backend.cc:97): SrpcRpcBackend initialized on 127.0.0.1:31009 (listening on 0.0.0.0:31009)
20260909-08:10.51-761372(us) 2400260 * FastTransport   (fasttransport.cc:147): FastTransport initialized with srpc/rpc backend on 127.0.0.1:31009
20260909-08:10.51-761388(us) 2400260 * Initialize      (srpc_rpc_backend.cc:66): SrpcRpcBackend::Initialize: poll_thread_worker_ created, is_some=1
20260909-08:10.51-761446(us) 2400260 * ParseNewFormat  (configuration.cc:102): Using new configuration format
20260909-08:10.51-761481(us) 2400260 * Initialize      (srpc_rpc_backend.cc:97): SrpcRpcBackend initialized on 127.0.0.1:31013 (listening on 0.0.0.0:31013)
20260909-08:10.51-761504(us) 2400260 * FastTransport   (fasttransport.cc:147): FastTransport initialized with srpc/rpc backend on 127.0.0.1:31013
20260909-08:10.51-761529(us) 2400260 * ParseNewFormat  (configuration.cc:162): Loaded 1 sites in 1 shards
20260909-08:10.51-761583(us) 2400260 * Initialize      (srpc_rpc_backend.cc:66): SrpcRpcBackend::Initialize: poll_thread_worker_ created, is_some=1
20260909-08:10.51-761649(us) 2400260 * Initialize      (srpc_rpc_backend.cc:66): SrpcRpcBackend::Initialize: poll_thread_worker_ created, is_some=1
20260909-08:10.51-761689(us) 2400260 * Initialize      (srpc_rpc_backend.cc:97): SrpcRpcBackend initialized on 127.0.0.1:31014 (listening on 0.0.0.0:31014)
20260909-08:10.51-761716(us) 2400260 * FastTransport   (fasttransport.cc:147): FastTransport initialized with srpc/rpc backend on 127.0.0.1:31014
20260909-08:10.51-761746(us) 2400260 * Initialize      (srpc_rpc_backend.cc:97): SrpcRpcBackend initialized on 127.0.0.1:31008 (listening on 0.0.0.0:31008)
20260909-08:10.51-761768(us) 2400260 * FastTransport   (fasttransport.cc:147): FastTransport initialized with srpc/rpc backend on 127.0.0.1:31008
20260909-08:10.51-761789(us) 2400260 * Initialize      (srpc_rpc_backend.cc:66): SrpcRpcBackend::Initialize: poll_thread_worker_ created, is_some=1
20260909-08:10.51-761908(us) 2400260 * Initialize      (srpc_rpc_backend.cc:97): SrpcRpcBackend initialized on 127.0.0.1:31012 (listening on 0.0.0.0:31012)
20260909-08:10.51-761934(us) 2400260 * FastTransport   (fasttransport.cc:147): FastTransport initialized with srpc/rpc backend on 127.0.0.1:31012
20260909-08:10.51-761964(us) 2400260 * Initialize      (srpc_rpc_backend.cc:66): SrpcRpcBackend::Initialize: poll_thread_worker_ created, is_some=1
20260909-08:10.51-762031(us) 2400260 * Initialize      (srpc_rpc_backend.cc:66): SrpcRpcBackend::Initialize: poll_thread_worker_ created, is_some=1
20260909-08:10.51-762079(us) 2400260 * ParseNewFormat  (configuration.cc:102): Using new configuration format
20260909-08:10.51-762113(us) 2400260 * Initialize      (srpc_rpc_backend.cc:97): SrpcRpcBackend initialized on 127.0.0.1:31010 (listening on 0.0.0.0:31010)
20260909-08:10.51-762133(us) 2400260 * FastTransport   (fasttransport.cc:147): FastTransport initialized with srpc/rpc backend on 127.0.0.1:31010
20260909-08:10.51-762155(us) 2400260 * ParseNewFormat  (configuration.cc:162): Loaded 1 sites in 1 shards
20260909-08:10.51-762186(us) 2400260 * Initialize      (srpc_rpc_backend.cc:97): SrpcRpcBackend initialized on 127.0.0.1:31015 (listening on 0.0.0.0:31015)
20260909-08:10.51-762219(us) 2400260 * FastTransport   (fasttransport.cc:147): FastTransport initialized with srpc/rpc backend on 127.0.0.1:31015
20260909-08:10.51-762313(us) 2400260 * ParseNewFormat  (configuration.cc:102): Using new configuration format
20260909-08:10.51-762355(us) 2400260 * ParseNewFormat  (configuration.cc:102): Using new configuration format
20260909-08:10.51-762386(us) 2400260 * ParseNewFormat  (configuration.cc:102): Using new configuration format
20260909-08:10.51-762423(us) 2400260 * ParseNewFormat  (configuration.cc:162): Loaded 1 sites in 1 shards
20260909-08:10.51-762454(us) 2400260 * ParseNewFormat  (configuration.cc:102): Using new configuration format
20260909-08:10.51-762487(us) 2400260 * ParseNewFormat  (configuration.cc:162): Loaded 1 sites in 1 shards
20260909-08:10.51-762513(us) 2400260 * ParseNewFormat  (configuration.cc:162): Loaded 1 sites in 1 shards
20260909-08:10.51-762540(us) 2400260 * ParseNewFormat  (configuration.cc:162): Loaded 1 sites in 1 shards
20260909-08:10.51-762769(us) 2400260 * Initialize      (srpc_rpc_backend.cc:66): SrpcRpcBackend::Initialize: poll_thread_worker_ created, is_some=1
20260909-08:10.51-762843(us) 2400260 * Initialize      (srpc_rpc_backend.cc:97): SrpcRpcBackend initialized on 127.0.0.1:31011 (listening on 0.0.0.0:31011)
20260909-08:10.51-762859(us) 2400260 * FastTransport   (fasttransport.cc:147): FastTransport initialized with srpc/rpc backend on 127.0.0.1:31011
20260909-08:10.51-763716(us) 2400260 * ParseNewFormat  (configuration.cc:102): Using new configuration format
20260909-08:10.51-763777(us) 2400260 * ParseNewFormat  (configuration.cc:162): Loaded 1 sites in 1 shards
20260909-08:10.51-763818(us) 2400260 * ParseNewFormat  (configuration.cc:102): Using new configuration format
20260909-08:10.51-763863(us) 2400260 * ParseNewFormat  (configuration.cc:102): Using new configuration format
20260909-08:10.51-763898(us) 2400260 * ParseNewFormat  (configuration.cc:102): Using new configuration format
20260909-08:10.51-763932(us) 2400260 * ParseNewFormat  (configuration.cc:162): Loaded 1 sites in 1 shards
20260909-08:10.51-763957(us) 2400260 * ParseNewFormat  (configuration.cc:162): Loaded 1 sites in 1 shards
20260909-08:10.51-763998(us) 2400260 * ParseNewFormat  (configuration.cc:102): Using new configuration format
20260909-08:10.51-764033(us) 2400260 * ParseNewFormat  (configuration.cc:162): Loaded 1 sites in 1 shards
20260909-08:10.51-764120(us) 2400260 * ParseNewFormat  (configuration.cc:162): Loaded 1 sites in 1 shards
20260909-08:10.51-764237(us) 2400260 * ParseNewFormat  (configuration.cc:102): Using new configuration format
20260909-08:10.51-764290(us) 2400260 * ParseNewFormat  (configuration.cc:162): Loaded 1 sites in 1 shards
20260909-08:10.51-767920(us) 2400260 ! run             (bench.cc:685):     TPCC_BENCH_MEASURE_START
20260909-08:10.51-767965(us) 2400260 ! run             (bench.cc:693):     start the running time, runTime:10
20260909-08:10.51-767992(us) 2400260 ! run             (bench.cc:705):     runtime time left:10000 ms, bool:1
20260909-08:10.52-774614(us) 2400260 ! run             (bench.cc:705):     runtime time left:9000 ms, bool:1
20260909-08:10.53-784301(us) 2400260 ! run             (bench.cc:705):     runtime time left:8000 ms, bool:1
20260909-08:10.54-794530(us) 2400260 ! run             (bench.cc:705):     runtime time left:7000 ms, bool:1
20260909-08:10.55-802306(us) 2400260 ! run             (bench.cc:705):     runtime time left:6000 ms, bool:1
20260909-08:10.56-812699(us) 2400260 ! run             (bench.cc:705):     runtime time left:5000 ms, bool:1
20260909-08:10.57-822939(us) 2400260 ! run             (bench.cc:705):     runtime time left:4000 ms, bool:1
20260909-08:10.58-834934(us) 2400260 ! run             (bench.cc:705):     runtime time left:3000 ms, bool:1
20260909-08:10.59-842706(us) 2400260 ! run             (bench.cc:705):     runtime time left:2000 ms, bool:1
20260909-08:11.00-850230(us) 2400260 ! run             (bench.cc:705):     runtime time left:1000 ms, bool:1
20260909-08:11.01-857910(us) 2400260 ! run             (bench.cc:718):     runtime_plus:0
[SHUTDOWN] Setting running=false to stop database worker threads
[SHUTDOWN] Calling first stop() to stop client transports
20260909-08:11.01-857980(us) 2400260 * PrintStats      (srpc_rpc_backend.cc:686): SrpcRpcBackend request stats: msg_size_req_sent: 0 bytes, counter: 0, avg: 0.000000
20260909-08:11.01-858043(us) 2400260 * PrintStats      (srpc_rpc_backend.cc:686): SrpcRpcBackend request stats: msg_size_req_sent: 0 bytes, counter: 0, avg: 0.000000
20260909-08:11.01-858110(us) 2400260 * PrintStats      (srpc_rpc_backend.cc:686): SrpcRpcBackend request stats: msg_size_req_sent: 0 bytes, counter: 0, avg: 0.000000
20260909-08:11.01-858177(us) 2400260 * PrintStats      (srpc_rpc_backend.cc:686): SrpcRpcBackend request stats: msg_size_req_sent: 0 bytes, counter: 0, avg: 0.000000
20260909-08:11.01-858220(us) 2400260 * PrintStats      (srpc_rpc_backend.cc:686): SrpcRpcBackend request stats: msg_size_req_sent: 0 bytes, counter: 0, avg: 0.000000
20260909-08:11.01-858309(us) 2400260 * PrintStats      (srpc_rpc_backend.cc:686): SrpcRpcBackend request stats: msg_size_req_sent: 0 bytes, counter: 0, avg: 0.000000
20260909-08:11.01-858351(us) 2400260 * PrintStats      (srpc_rpc_backend.cc:686): SrpcRpcBackend request stats: msg_size_req_sent: 0 bytes, counter: 0, avg: 0.000000
20260909-08:11.01-858394(us) 2400260 * PrintStats      (srpc_rpc_backend.cc:686): SrpcRpcBackend request stats: msg_size_req_sent: 0 bytes, counter: 0, avg: 0.000000
20260909-08:11.01-858443(us) 2400260 * PrintStats      (srpc_rpc_backend.cc:686): SrpcRpcBackend request stats: msg_size_req_sent: 0 bytes, counter: 0, avg: 0.000000
20260909-08:11.01-858488(us) 2400260 * PrintStats      (srpc_rpc_backend.cc:686): SrpcRpcBackend request stats: msg_size_req_sent: 0 bytes, counter: 0, avg: 0.000000
20260909-08:11.01-858532(us) 2400260 * PrintStats      (srpc_rpc_backend.cc:686): SrpcRpcBackend request stats: msg_size_req_sent: 0 bytes, counter: 0, avg: 0.000000
20260909-08:11.01-858577(us) 2400260 * PrintStats      (srpc_rpc_backend.cc:686): SrpcRpcBackend request stats: msg_size_req_sent: 0 bytes, counter: 0, avg: 0.000000
20260909-08:11.01-858625(us) 2400260 * PrintStats      (srpc_rpc_backend.cc:686): SrpcRpcBackend request stats: msg_size_req_sent: 0 bytes, counter: 0, avg: 0.000000
20260909-08:11.01-858651(us) 2400260 ! stop            (bench.cc:514):     stop all rpc clients. set stop=false
20260909-08:11.01-858676(us) 2400260 * Stop            (srpc_rpc_backend.cc:593): SrpcRpcBackend::Stop: BEGIN - Setting stop flag
20260909-08:11.01-858693(us) 2400260 * Stop            (srpc_rpc_backend.cc:596): SrpcRpcBackend::Stop: Waiting for event loop to exit...
20260909-08:11.01-858707(us) 2400260 * Stop            (srpc_rpc_backend.cc:612): SrpcRpcBackend::Stop: Event loop exited successfully
20260909-08:11.01-858723(us) 2400260 * Stop            (srpc_rpc_backend.cc:616): SrpcRpcBackend::Stop: Signaling 0 request queues to stop
20260909-08:11.01-858737(us) 2400260 * Stop            (srpc_rpc_backend.cc:624): SrpcRpcBackend::Stop: Signaling 0 response queues to stop
20260909-08:11.01-858752(us) 2400260 * Stop            (srpc_rpc_backend.cc:635): SrpcRpcBackend::Stop: Server cleanup deferred to destructor
20260909-08:11.01-858766(us) 2400260 * Stop            (srpc_rpc_backend.cc:638): SrpcRpcBackend::Stop: Closing client connections
20260909-08:11.01-858786(us) 2400260 * Stop            (srpc_rpc_backend.cc:642): SrpcRpcBackend::Stop: Found 0 client connections to close
20260909-08:11.01-858802(us) 2400260 * Stop            (srpc_rpc_backend.cc:662): SrpcRpcBackend::Stop: Closed 0 client connections
20260909-08:11.01-858818(us) 2400260 * Stop            (srpc_rpc_backend.cc:675): SrpcRpcBackend stats: msg_size_resp_sent: 0 bytes, counter: 0, avg: 0.000000
20260909-08:11.01-858844(us) 2400260 * Stop            (srpc_rpc_backend.cc:676): SrpcRpcBackend::Stop: END
20260909-08:11.01-858857(us) 2400260 * Stop            (srpc_rpc_backend.cc:593): SrpcRpcBackend::Stop: BEGIN - Setting stop flag
20260909-08:11.01-858871(us) 2400260 * Stop            (srpc_rpc_backend.cc:596): SrpcRpcBackend::Stop: Waiting for event loop to exit...
20260909-08:11.01-858886(us) 2400260 * Stop            (srpc_rpc_backend.cc:612): SrpcRpcBackend::Stop: Event loop exited successfully
20260909-08:11.01-858900(us) 2400260 * Stop            (srpc_rpc_backend.cc:616): SrpcRpcBackend::Stop: Signaling 0 request queues to stop
20260909-08:11.01-858918(us) 2400260 * Stop            (srpc_rpc_backend.cc:624): SrpcRpcBackend::Stop: Signaling 0 response queues to stop
20260909-08:11.01-858932(us) 2400260 * Stop            (srpc_rpc_backend.cc:635): SrpcRpcBackend::Stop: Server cleanup deferred to destructor
20260909-08:11.01-858947(us) 2400260 * Stop            (srpc_rpc_backend.cc:638): SrpcRpcBackend::Stop: Closing client connections
20260909-08:11.01-858962(us) 2400260 * Stop            (srpc_rpc_backend.cc:642): SrpcRpcBackend::Stop: Found 0 client connections to close
20260909-08:11.01-858980(us) 2400260 * Stop            (srpc_rpc_backend.cc:662): SrpcRpcBackend::Stop: Closed 0 client connections
20260909-08:11.01-858996(us) 2400260 * Stop            (srpc_rpc_backend.cc:675): SrpcRpcBackend stats: msg_size_resp_sent: 0 bytes, counter: 0, avg: 0.000000
20260909-08:11.01-859011(us) 2400260 * Stop            (srpc_rpc_backend.cc:676): SrpcRpcBackend::Stop: END
20260909-08:11.01-859027(us) 2400260 * Stop            (srpc_rpc_backend.cc:593): SrpcRpcBackend::Stop: BEGIN - Setting stop flag
20260909-08:11.01-859043(us) 2400260 * Stop            (srpc_rpc_backend.cc:596): SrpcRpcBackend::Stop: Waiting for event loop to exit...
20260909-08:11.01-859057(us) 2400260 * Stop            (srpc_rpc_backend.cc:612): SrpcRpcBackend::Stop: Event loop exited successfully
20260909-08:11.01-859072(us) 2400260 * Stop            (srpc_rpc_backend.cc:616): SrpcRpcBackend::Stop: Signaling 0 request queues to stop
20260909-08:11.01-859091(us) 2400260 * Stop            (srpc_rpc_backend.cc:624): SrpcRpcBackend::Stop: Signaling 0 response queues to stop
20260909-08:11.01-859106(us) 2400260 * Stop            (srpc_rpc_backend.cc:635): SrpcRpcBackend::Stop: Server cleanup deferred to destructor
20260909-08:11.01-859121(us) 2400260 * Stop            (srpc_rpc_backend.cc:638): SrpcRpcBackend::Stop: Closing client connections
20260909-08:11.01-859140(us) 2400260 * Stop            (srpc_rpc_backend.cc:642): SrpcRpcBackend::Stop: Found 0 client connections to close
20260909-08:11.01-859155(us) 2400260 * Stop            (srpc_rpc_backend.cc:662): SrpcRpcBackend::Stop: Closed 0 client connections
20260909-08:11.01-859170(us) 2400260 * Stop            (srpc_rpc_backend.cc:675): SrpcRpcBackend stats: msg_size_resp_sent: 0 bytes, counter: 0, avg: 0.000000
20260909-08:11.01-859186(us) 2400260 * Stop            (srpc_rpc_backend.cc:676): SrpcRpcBackend::Stop: END
20260909-08:11.01-859202(us) 2400260 * Stop            (srpc_rpc_backend.cc:593): SrpcRpcBackend::Stop: BEGIN - Setting stop flag
20260909-08:11.01-859219(us) 2400260 * Stop            (srpc_rpc_backend.cc:596): SrpcRpcBackend::Stop: Waiting for event loop to exit...
20260909-08:11.01-859233(us) 2400260 * Stop            (srpc_rpc_backend.cc:612): SrpcRpcBackend::Stop: Event loop exited successfully
20260909-08:11.01-859249(us) 2400260 * Stop            (srpc_rpc_backend.cc:616): SrpcRpcBackend::Stop: Signaling 0 request queues to stop
20260909-08:11.01-859267(us) 2400260 * Stop            (srpc_rpc_backend.cc:624): SrpcRpcBackend::Stop: Signaling 0 response queues to stop
20260909-08:11.01-859282(us) 2400260 * Stop            (srpc_rpc_backend.cc:635): SrpcRpcBackend::Stop: Server cleanup deferred to destructor
20260909-08:11.01-859297(us) 2400260 * Stop            (srpc_rpc_backend.cc:638): SrpcRpcBackend::Stop: Closing client connections
20260909-08:11.01-859312(us) 2400260 * Stop            (srpc_rpc_backend.cc:642): SrpcRpcBackend::Stop: Found 0 client connections to close
20260909-08:11.01-859327(us) 2400260 * Stop            (srpc_rpc_backend.cc:662): SrpcRpcBackend::Stop: Closed 0 client connections
20260909-08:11.01-859343(us) 2400260 * Stop            (srpc_rpc_backend.cc:675): SrpcRpcBackend stats: msg_size_resp_sent: 0 bytes, counter: 0, avg: 0.000000
20260909-08:11.01-859358(us) 2400260 * Stop            (srpc_rpc_backend.cc:676): SrpcRpcBackend::Stop: END
20260909-08:11.01-859374(us) 2400260 * Stop            (srpc_rpc_backend.cc:593): SrpcRpcBackend::Stop: BEGIN - Setting stop flag
20260909-08:11.01-859390(us) 2400260 * Stop            (srpc_rpc_backend.cc:596): SrpcRpcBackend::Stop: Waiting for event loop to exit...
20260909-08:11.01-859404(us) 2400260 * Stop            (srpc_rpc_backend.cc:612): SrpcRpcBackend::Stop: Event loop exited successfully
20260909-08:11.01-859419(us) 2400260 * Stop            (srpc_rpc_backend.cc:616): SrpcRpcBackend::Stop: Signaling 0 request queues to stop
20260909-08:11.01-859434(us) 2400260 * Stop            (srpc_rpc_backend.cc:624): SrpcRpcBackend::Stop: Signaling 0 response queues to stop
20260909-08:11.01-859451(us) 2400260 * Stop            (srpc_rpc_backend.cc:635): SrpcRpcBackend::Stop: Server cleanup deferred to destructor
20260909-08:11.01-859466(us) 2400260 * Stop            (srpc_rpc_backend.cc:638): SrpcRpcBackend::Stop: Closing client connections
20260909-08:11.01-859481(us) 2400260 * Stop            (srpc_rpc_backend.cc:642): SrpcRpcBackend::Stop: Found 0 client connections to close
20260909-08:11.01-859496(us) 2400260 * Stop            (srpc_rpc_backend.cc:662): SrpcRpcBackend::Stop: Closed 0 client connections
20260909-08:11.01-859511(us) 2400260 * Stop            (srpc_rpc_backend.cc:675): SrpcRpcBackend stats: msg_size_resp_sent: 0 bytes, counter: 0, avg: 0.000000
20260909-08:11.01-859527(us) 2400260 * Stop            (srpc_rpc_backend.cc:676): SrpcRpcBackend::Stop: END
20260909-08:11.01-859543(us) 2400260 * Stop            (srpc_rpc_backend.cc:593): SrpcRpcBackend::Stop: BEGIN - Setting stop flag
20260909-08:11.01-859558(us) 2400260 * Stop            (srpc_rpc_backend.cc:596): SrpcRpcBackend::Stop: Waiting for event loop to exit...
20260909-08:11.01-859576(us) 2400260 * Stop            (srpc_rpc_backend.cc:612): SrpcRpcBackend::Stop: Event loop exited successfully
20260909-08:11.01-859592(us) 2400260 * Stop            (srpc_rpc_backend.cc:616): SrpcRpcBackend::Stop: Signaling 0 request queues to stop
20260909-08:11.01-859607(us) 2400260 * Stop            (srpc_rpc_backend.cc:624): SrpcRpcBackend::Stop: Signaling 0 response queues to stop
20260909-08:11.01-859623(us) 2400260 * Stop            (srpc_rpc_backend.cc:635): SrpcRpcBackend::Stop: Server cleanup deferred to destructor
20260909-08:11.01-859640(us) 2400260 * Stop            (srpc_rpc_backend.cc:638): SrpcRpcBackend::Stop: Closing client connections
20260909-08:11.01-859655(us) 2400260 * Stop            (srpc_rpc_backend.cc:642): SrpcRpcBackend::Stop: Found 0 client connections to close
20260909-08:11.01-859670(us) 2400260 * Stop            (srpc_rpc_backend.cc:662): SrpcRpcBackend::Stop: Closed 0 client connections
20260909-08:11.01-859688(us) 2400260 * Stop            (srpc_rpc_backend.cc:675): SrpcRpcBackend stats: msg_size_resp_sent: 0 bytes, counter: 0, avg: 0.000000
20260909-08:11.01-859703(us) 2400260 * Stop            (srpc_rpc_backend.cc:676): SrpcRpcBackend::Stop: END
20260909-08:11.01-859719(us) 2400260 * Stop            (srpc_rpc_backend.cc:593): SrpcRpcBackend::Stop: BEGIN - Setting stop flag
20260909-08:11.01-859734(us) 2400260 * Stop            (srpc_rpc_backend.cc:596): SrpcRpcBackend::Stop: Waiting for event loop to exit...
20260909-08:11.01-859752(us) 2400260 * Stop            (srpc_rpc_backend.cc:612): SrpcRpcBackend::Stop: Event loop exited successfully
20260909-08:11.01-859768(us) 2400260 * Stop            (srpc_rpc_backend.cc:616): SrpcRpcBackend::Stop: Signaling 0 request queues to stop
20260909-08:11.01-859785(us) 2400260 * Stop            (srpc_rpc_backend.cc:624): SrpcRpcBackend::Stop: Signaling 0 response queues to stop
20260909-08:11.01-859800(us) 2400260 * Stop            (srpc_rpc_backend.cc:635): SrpcRpcBackend::Stop: Server cleanup deferred to destructor
20260909-08:11.01-859815(us) 2400260 * Stop            (srpc_rpc_backend.cc:638): SrpcRpcBackend::Stop: Closing client connections
20260909-08:11.01-859841(us) 2400260 * Stop            (srpc_rpc_backend.cc:642): SrpcRpcBackend::Stop: Found 0 client connections to close
20260909-08:11.01-859859(us) 2400260 * Stop            (srpc_rpc_backend.cc:662): SrpcRpcBackend::Stop: Closed 0 client connections
20260909-08:11.01-859874(us) 2400260 * Stop            (srpc_rpc_backend.cc:675): SrpcRpcBackend stats: msg_size_resp_sent: 0 bytes, counter: 0, avg: 0.000000
20260909-08:11.01-859890(us) 2400260 * Stop            (srpc_rpc_backend.cc:676): SrpcRpcBackend::Stop: END
20260909-08:11.01-859906(us) 2400260 * Stop            (srpc_rpc_backend.cc:593): SrpcRpcBackend::Stop: BEGIN - Setting stop flag
20260909-08:11.01-859922(us) 2400260 * Stop            (srpc_rpc_backend.cc:596): SrpcRpcBackend::Stop: Waiting for event loop to exit...
20260909-08:11.01-859938(us) 2400260 * Stop            (srpc_rpc_backend.cc:612): SrpcRpcBackend::Stop: Event loop exited successfully
20260909-08:11.01-859954(us) 2400260 * Stop            (srpc_rpc_backend.cc:616): SrpcRpcBackend::Stop: Signaling 0 request queues to stop
20260909-08:11.01-859968(us) 2400260 * Stop            (srpc_rpc_backend.cc:624): SrpcRpcBackend::Stop: Signaling 0 response queues to stop
20260909-08:11.01-859988(us) 2400260 * Stop            (srpc_rpc_backend.cc:635): SrpcRpcBackend::Stop: Server cleanup deferred to destructor
20260909-08:11.01-860003(us) 2400260 * Stop            (srpc_rpc_backend.cc:638): SrpcRpcBackend::Stop: Closing client connections
20260909-08:11.01-860019(us) 2400260 * Stop            (srpc_rpc_backend.cc:642): SrpcRpcBackend::Stop: Found 0 client connections to close
20260909-08:11.01-860034(us) 2400260 * Stop            (srpc_rpc_backend.cc:662): SrpcRpcBackend::Stop: Closed 0 client connections
20260909-08:11.01-860052(us) 2400260 * Stop            (srpc_rpc_backend.cc:675): SrpcRpcBackend stats: msg_size_resp_sent: 0 bytes, counter: 0, avg: 0.000000
20260909-08:11.01-860068(us) 2400260 * Stop            (srpc_rpc_backend.cc:676): SrpcRpcBackend::Stop: END
20260909-08:11.01-860084(us) 2400260 * Stop            (srpc_rpc_backend.cc:593): SrpcRpcBackend::Stop: BEGIN - Setting stop flag
20260909-08:11.01-860105(us) 2400260 * Stop            (srpc_rpc_backend.cc:596): SrpcRpcBackend::Stop: Waiting for event loop to exit...
20260909-08:11.01-860120(us) 2400260 * Stop            (srpc_rpc_backend.cc:612): SrpcRpcBackend::Stop: Event loop exited successfully
20260909-08:11.01-860135(us) 2400260 * Stop            (srpc_rpc_backend.cc:616): SrpcRpcBackend::Stop: Signaling 0 request queues to stop
20260909-08:11.01-860154(us) 2400260 * Stop            (srpc_rpc_backend.cc:624): SrpcRpcBackend::Stop: Signaling 0 response queues to stop
20260909-08:11.01-860169(us) 2400260 * Stop            (srpc_rpc_backend.cc:635): SrpcRpcBackend::Stop: Server cleanup deferred to destructor
20260909-08:11.01-860184(us) 2400260 * Stop            (srpc_rpc_backend.cc:638): SrpcRpcBackend::Stop: Closing client connections
20260909-08:11.01-860202(us) 2400260 * Stop            (srpc_rpc_backend.cc:642): SrpcRpcBackend::Stop: Found 0 client connections to close
20260909-08:11.01-860218(us) 2400260 * Stop            (srpc_rpc_backend.cc:662): SrpcRpcBackend::Stop: Closed 0 client connections
20260909-08:11.01-860233(us) 2400260 * Stop            (srpc_rpc_backend.cc:675): SrpcRpcBackend stats: msg_size_resp_sent: 0 bytes, counter: 0, avg: 0.000000
20260909-08:11.01-860249(us) 2400260 * Stop            (srpc_rpc_backend.cc:676): SrpcRpcBackend::Stop: END
20260909-08:11.01-860265(us) 2400260 * Stop            (srpc_rpc_backend.cc:593): SrpcRpcBackend::Stop: BEGIN - Setting stop flag
20260909-08:11.01-860280(us) 2400260 * Stop            (srpc_rpc_backend.cc:596): SrpcRpcBackend::Stop: Waiting for event loop to exit...
20260909-08:11.01-860296(us) 2400260 * Stop            (srpc_rpc_backend.cc:612): SrpcRpcBackend::Stop: Event loop exited successfully
20260909-08:11.01-860314(us) 2400260 * Stop            (srpc_rpc_backend.cc:616): SrpcRpcBackend::Stop: Signaling 0 request queues to stop
20260909-08:11.01-860329(us) 2400260 * Stop            (srpc_rpc_backend.cc:624): SrpcRpcBackend::Stop: Signaling 0 response queues to stop
20260909-08:11.01-860345(us) 2400260 * Stop            (srpc_rpc_backend.cc:635): SrpcRpcBackend::Stop: Server cleanup deferred to destructor
20260909-08:11.01-860362(us) 2400260 * Stop            (srpc_rpc_backend.cc:638): SrpcRpcBackend::Stop: Closing client connections
20260909-08:11.01-860377(us) 2400260 * Stop            (srpc_rpc_backend.cc:642): SrpcRpcBackend::Stop: Found 0 client connections to close
20260909-08:11.01-860396(us) 2400260 * Stop            (srpc_rpc_backend.cc:662): SrpcRpcBackend::Stop: Closed 0 client connections
20260909-08:11.01-860411(us) 2400260 * Stop            (srpc_rpc_backend.cc:675): SrpcRpcBackend stats: msg_size_resp_sent: 0 bytes, counter: 0, avg: 0.000000
20260909-08:11.01-860429(us) 2400260 * Stop            (srpc_rpc_backend.cc:676): SrpcRpcBackend::Stop: END
20260909-08:11.01-860445(us) 2400260 * Stop            (srpc_rpc_backend.cc:593): SrpcRpcBackend::Stop: BEGIN - Setting stop flag
20260909-08:11.01-860462(us) 2400260 * Stop            (srpc_rpc_backend.cc:596): SrpcRpcBackend::Stop: Waiting for event loop to exit...
20260909-08:11.01-860477(us) 2400260 * Stop            (srpc_rpc_backend.cc:612): SrpcRpcBackend::Stop: Event loop exited successfully
20260909-08:11.01-860495(us) 2400260 * Stop            (srpc_rpc_backend.cc:616): SrpcRpcBackend::Stop: Signaling 0 request queues to stop
20260909-08:11.01-860510(us) 2400260 * Stop            (srpc_rpc_backend.cc:624): SrpcRpcBackend::Stop: Signaling 0 response queues to stop
20260909-08:11.01-860527(us) 2400260 * Stop            (srpc_rpc_backend.cc:635): SrpcRpcBackend::Stop: Server cleanup deferred to destructor
20260909-08:11.01-860543(us) 2400260 * Stop            (srpc_rpc_backend.cc:638): SrpcRpcBackend::Stop: Closing client connections
20260909-08:11.01-860560(us) 2400260 * Stop            (srpc_rpc_backend.cc:642): SrpcRpcBackend::Stop: Found 0 client connections to close
20260909-08:11.01-860576(us) 2400260 * Stop            (srpc_rpc_backend.cc:662): SrpcRpcBackend::Stop: Closed 0 client connections
20260909-08:11.01-860593(us) 2400260 * Stop            (srpc_rpc_backend.cc:675): SrpcRpcBackend stats: msg_size_resp_sent: 0 bytes, counter: 0, avg: 0.000000
20260909-08:11.01-860609(us) 2400260 * Stop            (srpc_rpc_backend.cc:676): SrpcRpcBackend::Stop: END
20260909-08:11.01-860626(us) 2400260 * Stop            (srpc_rpc_backend.cc:593): SrpcRpcBackend::Stop: BEGIN - Setting stop flag
20260909-08:11.01-860641(us) 2400260 * Stop            (srpc_rpc_backend.cc:596): SrpcRpcBackend::Stop: Waiting for event loop to exit...
20260909-08:11.01-860656(us) 2400260 * Stop            (srpc_rpc_backend.cc:612): SrpcRpcBackend::Stop: Event loop exited successfully
20260909-08:11.01-860671(us) 2400260 * Stop            (srpc_rpc_backend.cc:616): SrpcRpcBackend::Stop: Signaling 0 request queues to stop
20260909-08:11.01-860686(us) 2400260 * Stop            (srpc_rpc_backend.cc:624): SrpcRpcBackend::Stop: Signaling 0 response queues to stop
20260909-08:11.01-860701(us) 2400260 * Stop            (srpc_rpc_backend.cc:635): SrpcRpcBackend::Stop: Server cleanup deferred to destructor
20260909-08:11.01-860716(us) 2400260 * Stop            (srpc_rpc_backend.cc:638): SrpcRpcBackend::Stop: Closing client connections
20260909-08:11.01-860731(us) 2400260 * Stop            (srpc_rpc_backend.cc:642): SrpcRpcBackend::Stop: Found 0 client connections to close
20260909-08:11.01-860746(us) 2400260 * Stop            (srpc_rpc_backend.cc:662): SrpcRpcBackend::Stop: Closed 0 client connections
20260909-08:11.01-860760(us) 2400260 * Stop            (srpc_rpc_backend.cc:675): SrpcRpcBackend stats: msg_size_resp_sent: 0 bytes, counter: 0, avg: 0.000000
20260909-08:11.01-860775(us) 2400260 * Stop            (srpc_rpc_backend.cc:676): SrpcRpcBackend::Stop: END
20260909-08:11.01-860796(us) 2400260 * Stop            (srpc_rpc_backend.cc:593): SrpcRpcBackend::Stop: BEGIN - Setting stop flag
20260909-08:11.01-860810(us) 2400260 * Stop            (srpc_rpc_backend.cc:596): SrpcRpcBackend::Stop: Waiting for event loop to exit...
20260909-08:11.01-860824(us) 2400260 * Stop            (srpc_rpc_backend.cc:612): SrpcRpcBackend::Stop: Event loop exited successfully
20260909-08:11.01-860846(us) 2400260 * Stop            (srpc_rpc_backend.cc:616): SrpcRpcBackend::Stop: Signaling 0 request queues to stop
20260909-08:11.01-860860(us) 2400260 * Stop            (srpc_rpc_backend.cc:624): SrpcRpcBackend::Stop: Signaling 0 response queues to stop
20260909-08:11.01-860879(us) 2400260 * Stop            (srpc_rpc_backend.cc:635): SrpcRpcBackend::Stop: Server cleanup deferred to destructor
20260909-08:11.01-860893(us) 2400260 * Stop            (srpc_rpc_backend.cc:638): SrpcRpcBackend::Stop: Closing client connections
20260909-08:11.01-860908(us) 2400260 * Stop            (srpc_rpc_backend.cc:642): SrpcRpcBackend::Stop: Found 0 client connections to close
20260909-08:11.01-860922(us) 2400260 * Stop            (srpc_rpc_backend.cc:662): SrpcRpcBackend::Stop: Closed 0 client connections
20260909-08:11.01-860941(us) 2400260 * Stop            (srpc_rpc_backend.cc:675): SrpcRpcBackend stats: msg_size_resp_sent: 0 bytes, counter: 0, avg: 0.000000
20260909-08:11.01-860956(us) 2400260 * Stop            (srpc_rpc_backend.cc:676): SrpcRpcBackend::Stop: END
20260909-08:11.01-860971(us) 2400260 * Stop            (srpc_rpc_backend.cc:593): SrpcRpcBackend::Stop: BEGIN - Setting stop flag
20260909-08:11.01-860989(us) 2400260 * Stop            (srpc_rpc_backend.cc:596): SrpcRpcBackend::Stop: Waiting for event loop to exit...
20260909-08:11.01-861003(us) 2400260 * Stop            (srpc_rpc_backend.cc:612): SrpcRpcBackend::Stop: Event loop exited successfully
20260909-08:11.01-861018(us) 2400260 * Stop            (srpc_rpc_backend.cc:616): SrpcRpcBackend::Stop: Signaling 0 request queues to stop
20260909-08:11.01-861033(us) 2400260 * Stop            (srpc_rpc_backend.cc:624): SrpcRpcBackend::Stop: Signaling 0 response queues to stop
20260909-08:11.01-861052(us) 2400260 * Stop            (srpc_rpc_backend.cc:635): SrpcRpcBackend::Stop: Server cleanup deferred to destructor
20260909-08:11.01-861068(us) 2400260 * Stop            (srpc_rpc_backend.cc:638): SrpcRpcBackend::Stop: Closing client connections
20260909-08:11.01-861084(us) 2400260 * Stop            (srpc_rpc_backend.cc:642): SrpcRpcBackend::Stop: Found 0 client connections to close
20260909-08:11.01-861099(us) 2400260 * Stop            (srpc_rpc_backend.cc:662): SrpcRpcBackend::Stop: Closed 0 client connections
20260909-08:11.01-861115(us) 2400260 * Stop            (srpc_rpc_backend.cc:675): SrpcRpcBackend stats: msg_size_resp_sent: 0 bytes, counter: 0, avg: 0.000000
20260909-08:11.01-861129(us) 2400260 * Stop            (srpc_rpc_backend.cc:676): SrpcRpcBackend::Stop: END
20260909-08:11.01-861149(us) 2400260 * Stop            (srpc_rpc_backend.cc:593): SrpcRpcBackend::Stop: BEGIN - Setting stop flag
20260909-08:11.01-861164(us) 2400260 * Stop            (srpc_rpc_backend.cc:596): SrpcRpcBackend::Stop: Waiting for event loop to exit...
20260909-08:11.01-861178(us) 2400260 * Stop            (srpc_rpc_backend.cc:612): SrpcRpcBackend::Stop: Event loop exited successfully
20260909-08:11.01-861196(us) 2400260 * Stop            (srpc_rpc_backend.cc:616): SrpcRpcBackend::Stop: Signaling 0 request queues to stop
20260909-08:11.01-861211(us) 2400260 * Stop            (srpc_rpc_backend.cc:624): SrpcRpcBackend::Stop: Signaling 0 response queues to stop
20260909-08:11.01-861226(us) 2400260 * Stop            (srpc_rpc_backend.cc:635): SrpcRpcBackend::Stop: Server cleanup deferred to destructor
20260909-08:11.01-861240(us) 2400260 * Stop            (srpc_rpc_backend.cc:638): SrpcRpcBackend::Stop: Closing client connections
20260909-08:11.01-861259(us) 2400260 * Stop            (srpc_rpc_backend.cc:642): SrpcRpcBackend::Stop: Found 0 client connections to close
20260909-08:11.01-861273(us) 2400260 * Stop            (srpc_rpc_backend.cc:662): SrpcRpcBackend::Stop: Closed 0 client connections
20260909-08:11.01-861288(us) 2400260 * Stop            (srpc_rpc_backend.cc:675): SrpcRpcBackend stats: msg_size_resp_sent: 0 bytes, counter: 0, avg: 0.000000
20260909-08:11.01-861303(us) 2400260 * Stop            (srpc_rpc_backend.cc:676): SrpcRpcBackend::Stop: END
20260909-08:11.01-861322(us) 2400260 * Stop            (srpc_rpc_backend.cc:593): SrpcRpcBackend::Stop: BEGIN - Setting stop flag
20260909-08:11.01-861336(us) 2400260 * Stop            (srpc_rpc_backend.cc:596): SrpcRpcBackend::Stop: Waiting for event loop to exit...
20260909-08:11.01-861352(us) 2400260 * Stop            (srpc_rpc_backend.cc:612): SrpcRpcBackend::Stop: Event loop exited successfully
20260909-08:11.01-861367(us) 2400260 * Stop            (srpc_rpc_backend.cc:616): SrpcRpcBackend::Stop: Signaling 0 request queues to stop
20260909-08:11.01-861381(us) 2400260 * Stop            (srpc_rpc_backend.cc:624): SrpcRpcBackend::Stop: Signaling 0 response queues to stop
20260909-08:11.01-861395(us) 2400260 * Stop            (srpc_rpc_backend.cc:635): SrpcRpcBackend::Stop: Server cleanup deferred to destructor
20260909-08:11.01-861410(us) 2400260 * Stop            (srpc_rpc_backend.cc:638): SrpcRpcBackend::Stop: Closing client connections
20260909-08:11.01-861428(us) 2400260 * Stop            (srpc_rpc_backend.cc:642): SrpcRpcBackend::Stop: Found 0 client connections to close
20260909-08:11.01-861442(us) 2400260 * Stop            (srpc_rpc_backend.cc:662): SrpcRpcBackend::Stop: Closed 0 client connections
20260909-08:11.01-861457(us) 2400260 * Stop            (srpc_rpc_backend.cc:675): SrpcRpcBackend stats: msg_size_resp_sent: 0 bytes, counter: 0, avg: 0.000000
20260909-08:11.01-861472(us) 2400260 * Stop            (srpc_rpc_backend.cc:676): SrpcRpcBackend::Stop: END
[SHUTDOWN] First stop() completed
[SHUTDOWN] Joining 16 worker threads
[SHUTDOWN] Joining worker 0
20260909-08:11.01-861494(us) 2400260 * PrintStats      (srpc_rpc_backend.cc:686): SrpcRpcBackend request stats: msg_size_req_sent: 0 bytes, counter: 0, avg: 0.000000
20260909-08:11.01-861536(us) 2400260 * PrintStats      (srpc_rpc_backend.cc:686): SrpcRpcBackend request stats: msg_size_req_sent: 0 bytes, counter: 0, avg: 0.000000
20260909-08:11.01-861568(us) 2400260 * PrintStats      (srpc_rpc_backend.cc:686): SrpcRpcBackend request stats: msg_size_req_sent: 0 bytes, counter: 0, avg: 0.000000
20260909-08:11.02-863180(us) 2400260 * Stop            (srpc_rpc_backend.cc:589): SrpcRpcBackend::Stop: Already stopped, returning
20260909-08:11.02-863215(us) 2400260 * Shutdown        (srpc_rpc_backend.cc:112): SrpcRpcBackend::Shutdown: About to delete server
20260909-08:11.02-863232(us) 2400260 * Shutdown        (srpc_rpc_backend.cc:116): SrpcRpcBackend::Shutdown: Server pointer is valid, deleting...
20260909-08:11.02-863260(us) 2400260 * Shutdown        (srpc_rpc_backend.cc:120): SrpcRpcBackend::Shutdown: Server deleted successfully
20260909-08:11.02-863274(us) 2400260 * Shutdown        (srpc_rpc_backend.cc:132): SrpcRpcBackend::Shutdown: About to shutdown poll_thread_worker_
20260909-08:11.02-863288(us) 2400260 * Shutdown        (srpc_rpc_backend.cc:136): SrpcRpcBackend::Shutdown: poll_thread_worker_ is valid, calling shutdown()
20260909-08:11.02-864749(us) 2400260 * Shutdown        (srpc_rpc_backend.cc:138): SrpcRpcBackend::Shutdown: poll_thread_worker_->shutdown() completed
20260909-08:11.02-864792(us) 2400260 * Shutdown        (srpc_rpc_backend.cc:140): SrpcRpcBackend::Shutdown: poll_thread_worker_ reset to None
20260909-08:11.02-864809(us) 2400260 * Shutdown        (srpc_rpc_backend.cc:145): SrpcRpcBackend::Shutdown: Shutdown sequence completed, destructor will now exit
20260909-08:11.02-864823(us) 2400260 * ~SrpcRpcBackend (srpc_rpc_backend.cc:52): SrpcRpcBackend::~SrpcRpcBackend: START destructor
20260909-08:11.02-864845(us) 2400260 * Stop            (srpc_rpc_backend.cc:589): SrpcRpcBackend::Stop: Already stopped, returning
20260909-08:11.02-864860(us) 2400260 * Shutdown        (srpc_rpc_backend.cc:112): SrpcRpcBackend::Shutdown: About to delete server
20260909-08:11.02-864873(us) 2400260 * Shutdown        (srpc_rpc_backend.cc:129): SrpcRpcBackend::Shutdown: Server pointer is null, skipping deletion
20260909-08:11.02-864887(us) 2400260 * Shutdown        (srpc_rpc_backend.cc:132): SrpcRpcBackend::Shutdown: About to shutdown poll_thread_worker_
20260909-08:11.02-864911(us) 2400260 * Shutdown        (srpc_rpc_backend.cc:142): SrpcRpcBackend::Shutdown: poll_thread_worker_ is null, skipping shutdown
20260909-08:11.02-864925(us) 2400260 * Shutdown        (srpc_rpc_backend.cc:145): SrpcRpcBackend::Shutdown: Shutdown sequence completed, destructor will now exit
20260909-08:11.02-864939(us) 2400260 * ~SrpcRpcBackend (srpc_rpc_backend.cc:54): SrpcRpcBackend::~SrpcRpcBackend: Shutdown() completed
20260909-08:11.02-865974(us) 2400260 * Stop            (srpc_rpc_backend.cc:589): SrpcRpcBackend::Stop: Already stopped, returning
20260909-08:11.02-866015(us) 2400260 * Shutdown        (srpc_rpc_backend.cc:112): SrpcRpcBackend::Shutdown: About to delete server
20260909-08:11.02-866035(us) 2400260 * Shutdown        (srpc_rpc_backend.cc:116): SrpcRpcBackend::Shutdown: Server pointer is valid, deleting...
20260909-08:11.02-866074(us) 2400260 * Shutdown        (srpc_rpc_backend.cc:120): SrpcRpcBackend::Shutdown: Server deleted successfully
20260909-08:11.02-866091(us) 2400260 * Shutdown        (srpc_rpc_backend.cc:132): SrpcRpcBackend::Shutdown: About to shutdown poll_thread_worker_
20260909-08:11.02-866108(us) 2400260 * Shutdown        (srpc_rpc_backend.cc:136): SrpcRpcBackend::Shutdown: poll_thread_worker_ is valid, calling shutdown()
20260909-08:11.02-867420(us) 2400260 * Shutdown        (srpc_rpc_backend.cc:138): SrpcRpcBackend::Shutdown: poll_thread_worker_->shutdown() completed
20260909-08:11.02-867462(us) 2400260 * Shutdown        (srpc_rpc_backend.cc:140): SrpcRpcBackend::Shutdown: poll_thread_worker_ reset to None
20260909-08:11.02-867477(us) 2400260 * Shutdown        (srpc_rpc_backend.cc:145): SrpcRpcBackend::Shutdown: Shutdown sequence completed, destructor will now exit
20260909-08:11.02-867492(us) 2400260 * ~SrpcRpcBackend (srpc_rpc_backend.cc:52): SrpcRpcBackend::~SrpcRpcBackend: START destructor
20260909-08:11.02-867506(us) 2400260 * Stop            (srpc_rpc_backend.cc:589): SrpcRpcBackend::Stop: Already stopped, returning
20260909-08:11.02-867532(us) 2400260 * Shutdown        (srpc_rpc_backend.cc:112): SrpcRpcBackend::Shutdown: About to delete server
20260909-08:11.02-867546(us) 2400260 * Shutdown        (srpc_rpc_backend.cc:129): SrpcRpcBackend::Shutdown: Server pointer is null, skipping deletion
20260909-08:11.02-867568(us) 2400260 * Shutdown        (srpc_rpc_backend.cc:132): SrpcRpcBackend::Shutdown: About to shutdown poll_thread_worker_
20260909-08:11.02-867582(us) 2400260 * Shutdown        (srpc_rpc_backend.cc:142): SrpcRpcBackend::Shutdown: poll_thread_worker_ is null, skipping shutdown
20260909-08:11.02-867597(us) 2400260 * Shutdown        (srpc_rpc_backend.cc:145): SrpcRpcBackend::Shutdown: Shutdown sequence completed, destructor will now exit
20260909-08:11.02-867618(us) 2400260 * ~SrpcRpcBackend (srpc_rpc_backend.cc:54): SrpcRpcBackend::~SrpcRpcBackend: Shutdown() completed
20260909-08:11.02-869480(us) 2400260 * Stop            (srpc_rpc_backend.cc:589): SrpcRpcBackend::Stop: Already stopped, returning
20260909-08:11.02-869525(us) 2400260 * Shutdown        (srpc_rpc_backend.cc:112): SrpcRpcBackend::Shutdown: About to delete server
20260909-08:11.02-869541(us) 2400260 * Shutdown        (srpc_rpc_backend.cc:116): SrpcRpcBackend::Shutdown: Server pointer is valid, deleting...
20260909-08:11.02-869564(us) 2400260 * Shutdown        (srpc_rpc_backend.cc:120): SrpcRpcBackend::Shutdown: Server deleted successfully
20260909-08:11.02-869579(us) 2400260 * Shutdown        (srpc_rpc_backend.cc:132): SrpcRpcBackend::Shutdown: About to shutdown poll_thread_worker_
20260909-08:11.02-869594(us) 2400260 * Shutdown        (srpc_rpc_backend.cc:136): SrpcRpcBackend::Shutdown: poll_thread_worker_ is valid, calling shutdown()
20260909-08:11.02-869608(us) 2400260 * Stop            (srpc_rpc_backend.cc:589): SrpcRpcBackend::Stop: Already stopped, returning
20260909-08:11.02-869681(us) 2400260 * Shutdown        (srpc_rpc_backend.cc:112): SrpcRpcBackend::Shutdown: About to delete server
20260909-08:11.02-869702(us) 2400260 * Shutdown        (srpc_rpc_backend.cc:116): SrpcRpcBackend::Shutdown: Server pointer is valid, deleting...
20260909-08:11.02-869729(us) 2400260 * Stop            (srpc_rpc_backend.cc:589): SrpcRpcBackend::Stop: Already stopped, returning
20260909-08:11.02-869760(us) 2400260 * Shutdown        (srpc_rpc_backend.cc:112): SrpcRpcBackend::Shutdown: About to delete server
20260909-08:11.02-869777(us) 2400260 * Shutdown        (srpc_rpc_backend.cc:116): SrpcRpcBackend::Shutdown: Server pointer is valid, deleting...
20260909-08:11.02-869800(us) 2400260 * Shutdown        (srpc_rpc_backend.cc:120): SrpcRpcBackend::Shutdown: Server deleted successfully
20260909-08:11.02-869817(us) 2400260 * Shutdown        (srpc_rpc_backend.cc:132): SrpcRpcBackend::Shutdown: About to shutdown poll_thread_worker_
20260909-08:11.02-869847(us) 2400260 * Shutdown        (srpc_rpc_backend.cc:136): SrpcRpcBackend::Shutdown: poll_thread_worker_ is valid, calling shutdown()
20260909-08:11.02-869875(us) 2400260 * Shutdown        (srpc_rpc_backend.cc:120): SrpcRpcBackend::Shutdown: Server deleted successfully
20260909-08:11.02-869908(us) 2400260 * Shutdown        (srpc_rpc_backend.cc:132): SrpcRpcBackend::Shutdown: About to shutdown poll_thread_worker_
20260909-08:11.02-869937(us) 2400260 * Shutdown        (srpc_rpc_backend.cc:136): SrpcRpcBackend::Shutdown: poll_thread_worker_ is valid, calling shutdown()
20260909-08:11.02-869967(us) 2400260 * Stop            (srpc_rpc_backend.cc:589): SrpcRpcBackend::Stop: Already stopped, returning
20260909-08:11.02-870002(us) 2400260 * Shutdown        (srpc_rpc_backend.cc:112): SrpcRpcBackend::Shutdown: About to delete server
20260909-08:11.02-870020(us) 2400260 * Shutdown        (srpc_rpc_backend.cc:116): SrpcRpcBackend::Shutdown: Server pointer is valid, deleting...
20260909-08:11.02-870060(us) 2400260 * Shutdown        (srpc_rpc_backend.cc:120): SrpcRpcBackend::Shutdown: Server deleted successfully
20260909-08:11.02-870076(us) 2400260 * Shutdown        (srpc_rpc_backend.cc:132): SrpcRpcBackend::Shutdown: About to shutdown poll_thread_worker_
20260909-08:11.02-870093(us) 2400260 * Shutdown        (srpc_rpc_backend.cc:136): SrpcRpcBackend::Shutdown: poll_thread_worker_ is valid, calling shutdown()
20260909-08:11.02-870540(us) 2400260 * Stop            (srpc_rpc_backend.cc:589): SrpcRpcBackend::Stop: Already stopped, returning
20260909-08:11.02-870619(us) 2400260 * Shutdown        (srpc_rpc_backend.cc:112): SrpcRpcBackend::Shutdown: About to delete server
20260909-08:11.02-870656(us) 2400260 * Shutdown        (srpc_rpc_backend.cc:116): SrpcRpcBackend::Shutdown: Server pointer is valid, deleting...
20260909-08:11.02-870688(us) 2400260 * Shutdown        (srpc_rpc_backend.cc:120): SrpcRpcBackend::Shutdown: Server deleted successfully
20260909-08:11.02-870709(us) 2400260 * Shutdown        (srpc_rpc_backend.cc:132): SrpcRpcBackend::Shutdown: About to shutdown poll_thread_worker_
20260909-08:11.02-870730(us) 2400260 * Shutdown        (srpc_rpc_backend.cc:136): SrpcRpcBackend::Shutdown: poll_thread_worker_ is valid, calling shutdown()
20260909-08:11.02-870764(us) 2400260 * Stop            (srpc_rpc_backend.cc:589): SrpcRpcBackend::Stop: Already stopped, returning
20260909-08:11.02-870827(us) 2400260 * Shutdown        (srpc_rpc_backend.cc:112): SrpcRpcBackend::Shutdown: About to delete server
20260909-08:11.02-871182(us) 2400260 * Shutdown        (srpc_rpc_backend.cc:116): SrpcRpcBackend::Shutdown: Server pointer is valid, deleting...
20260909-08:11.02-871217(us) 2400260 * Shutdown        (srpc_rpc_backend.cc:120): SrpcRpcBackend::Shutdown: Server deleted successfully
20260909-08:11.02-871240(us) 2400260 * Shutdown        (srpc_rpc_backend.cc:132): SrpcRpcBackend::Shutdown: About to shutdown poll_thread_worker_
20260909-08:11.02-871264(us) 2400260 * Shutdown        (srpc_rpc_backend.cc:136): SrpcRpcBackend::Shutdown: poll_thread_worker_ is valid, calling shutdown()
20260909-08:11.02-871302(us) 2400260 * Shutdown        (srpc_rpc_backend.cc:138): SrpcRpcBackend::Shutdown: poll_thread_worker_->shutdown() completed
20260909-08:11.02-871349(us) 2400260 * Stop            (srpc_rpc_backend.cc:589): SrpcRpcBackend::Stop: Already stopped, returning
20260909-08:11.02-871397(us) 2400260 * Shutdown        (srpc_rpc_backend.cc:112): SrpcRpcBackend::Shutdown: About to delete server
20260909-08:11.02-871425(us) 2400260 * Shutdown        (srpc_rpc_backend.cc:116): SrpcRpcBackend::Shutdown: Server pointer is valid, deleting...
20260909-08:11.02-871466(us) 2400260 * Shutdown        (srpc_rpc_backend.cc:120): SrpcRpcBackend::Shutdown: Server deleted successfully
20260909-08:11.02-871489(us) 2400260 * Shutdown        (srpc_rpc_backend.cc:132): SrpcRpcBackend::Shutdown: About to shutdown poll_thread_worker_
20260909-08:11.02-871515(us) 2400260 * Shutdown        (srpc_rpc_backend.cc:136): SrpcRpcBackend::Shutdown: poll_thread_worker_ is valid, calling shutdown()
20260909-08:11.02-871548(us) 2400260 * Shutdown        (srpc_rpc_backend.cc:140): SrpcRpcBackend::Shutdown: poll_thread_worker_ reset to None
20260909-08:11.02-871580(us) 2400260 * Shutdown        (srpc_rpc_backend.cc:145): SrpcRpcBackend::Shutdown: Shutdown sequence completed, destructor will now exit
20260909-08:11.02-871612(us) 2400260 * ~SrpcRpcBackend (srpc_rpc_backend.cc:52): SrpcRpcBackend::~SrpcRpcBackend: START destructor
20260909-08:11.02-871638(us) 2400260 * Stop            (srpc_rpc_backend.cc:589): SrpcRpcBackend::Stop: Already stopped, returning
20260909-08:11.02-871668(us) 2400260 * Shutdown        (srpc_rpc_backend.cc:112): SrpcRpcBackend::Shutdown: About to delete server
20260909-08:11.02-871695(us) 2400260 * Shutdown        (srpc_rpc_backend.cc:129): SrpcRpcBackend::Shutdown: Server pointer is null, skipping deletion
20260909-08:11.02-871727(us) 2400260 * Shutdown        (srpc_rpc_backend.cc:132): SrpcRpcBackend::Shutdown: About to shutdown poll_thread_worker_
20260909-08:11.02-871752(us) 2400260 * Shutdown        (srpc_rpc_backend.cc:142): SrpcRpcBackend::Shutdown: poll_thread_worker_ is null, skipping shutdown
20260909-08:11.02-871779(us) 2400260 * Shutdown        (srpc_rpc_backend.cc:145): SrpcRpcBackend::Shutdown: Shutdown sequence completed, destructor will now exit
20260909-08:11.02-871809(us) 2400260 * ~SrpcRpcBackend (srpc_rpc_backend.cc:54): SrpcRpcBackend::~SrpcRpcBackend: Shutdown() completed
20260909-08:11.02-871854(us) 2400260 * Shutdown        (srpc_rpc_backend.cc:138): SrpcRpcBackend::Shutdown: poll_thread_worker_->shutdown() completed
20260909-08:11.02-871900(us) 2400260 * Stop            (srpc_rpc_backend.cc:589): SrpcRpcBackend::Stop: Already stopped, returning
20260909-08:11.02-871954(us) 2400260 * Shutdown        (srpc_rpc_backend.cc:112): SrpcRpcBackend::Shutdown: About to delete server
20260909-08:11.02-871977(us) 2400260 * Shutdown        (srpc_rpc_backend.cc:116): SrpcRpcBackend::Shutdown: Server pointer is valid, deleting...
20260909-08:11.02-872007(us) 2400260 * Shutdown        (srpc_rpc_backend.cc:120): SrpcRpcBackend::Shutdown: Server deleted successfully
20260909-08:11.02-872031(us) 2400260 * Shutdown        (srpc_rpc_backend.cc:132): SrpcRpcBackend::Shutdown: About to shutdown poll_thread_worker_
20260909-08:11.02-872060(us) 2400260 * Shutdown        (srpc_rpc_backend.cc:136): SrpcRpcBackend::Shutdown: poll_thread_worker_ is valid, calling shutdown()
20260909-08:11.02-872095(us) 2400260 * Shutdown        (srpc_rpc_backend.cc:138): SrpcRpcBackend::Shutdown: poll_thread_worker_->shutdown() completed
20260909-08:11.02-872128(us) 2400260 * Stop            (srpc_rpc_backend.cc:589): SrpcRpcBackend::Stop: Already stopped, returning
20260909-08:11.02-872176(us) 2400260 * Shutdown        (srpc_rpc_backend.cc:112): SrpcRpcBackend::Shutdown: About to delete server
20260909-08:11.02-872213(us) 2400260 * Shutdown        (srpc_rpc_backend.cc:116): SrpcRpcBackend::Shutdown: Server pointer is valid, deleting...
20260909-08:11.02-872270(us) 2400260 * Shutdown        (srpc_rpc_backend.cc:138): SrpcRpcBackend::Shutdown: poll_thread_worker_->shutdown() completed
20260909-08:11.02-872309(us) 2400260 * Shutdown        (srpc_rpc_backend.cc:140): SrpcRpcBackend::Shutdown: poll_thread_worker_ reset to None
20260909-08:11.02-872333(us) 2400260 * Shutdown        (srpc_rpc_backend.cc:145): SrpcRpcBackend::Shutdown: Shutdown sequence completed, destructor will now exit
20260909-08:11.02-872353(us) 2400260 * ~SrpcRpcBackend (srpc_rpc_backend.cc:52): SrpcRpcBackend::~SrpcRpcBackend: START destructor
20260909-08:11.02-872374(us) 2400260 * Stop            (srpc_rpc_backend.cc:589): SrpcRpcBackend::Stop: Already stopped, returning
20260909-08:11.02-872397(us) 2400260 * Shutdown        (srpc_rpc_backend.cc:112): SrpcRpcBackend::Shutdown: About to delete server
20260909-08:11.02-872420(us) 2400260 * Shutdown        (srpc_rpc_backend.cc:129): SrpcRpcBackend::Shutdown: Server pointer is null, skipping deletion
20260909-08:11.02-872440(us) 2400260 * Shutdown        (srpc_rpc_backend.cc:132): SrpcRpcBackend::Shutdown: About to shutdown poll_thread_worker_
20260909-08:11.02-872459(us) 2400260 * Shutdown        (srpc_rpc_backend.cc:142): SrpcRpcBackend::Shutdown: poll_thread_worker_ is null, skipping shutdown
20260909-08:11.02-872479(us) 2400260 * Shutdown        (srpc_rpc_backend.cc:145): SrpcRpcBackend::Shutdown: Shutdown sequence completed, destructor will now exit
20260909-08:11.02-872501(us) 2400260 * ~SrpcRpcBackend (srpc_rpc_backend.cc:54): SrpcRpcBackend::~SrpcRpcBackend: Shutdown() completed
20260909-08:11.02-872533(us) 2400260 * Shutdown        (srpc_rpc_backend.cc:138): SrpcRpcBackend::Shutdown: poll_thread_worker_->shutdown() completed
20260909-08:11.02-872580(us) 2400260 * Shutdown        (srpc_rpc_backend.cc:120): SrpcRpcBackend::Shutdown: Server deleted successfully
20260909-08:11.02-872618(us) 2400260 * Shutdown        (srpc_rpc_backend.cc:132): SrpcRpcBackend::Shutdown: About to shutdown poll_thread_worker_
20260909-08:11.02-872647(us) 2400260 * Shutdown        (srpc_rpc_backend.cc:136): SrpcRpcBackend::Shutdown: poll_thread_worker_ is valid, calling shutdown()
20260909-08:11.02-872687(us) 2400260 * Shutdown        (srpc_rpc_backend.cc:138): SrpcRpcBackend::Shutdown: poll_thread_worker_->shutdown() completed
20260909-08:11.02-872724(us) 2400260 * Shutdown        (srpc_rpc_backend.cc:138): SrpcRpcBackend::Shutdown: poll_thread_worker_->shutdown() completed
20260909-08:11.02-872786(us) 2400260 * Shutdown        (srpc_rpc_backend.cc:140): SrpcRpcBackend::Shutdown: poll_thread_worker_ reset to None
20260909-08:11.02-872824(us) 2400260 * Shutdown        (srpc_rpc_backend.cc:145): SrpcRpcBackend::Shutdown: Shutdown sequence completed, destructor will now exit
20260909-08:11.02-872863(us) 2400260 * ~SrpcRpcBackend (srpc_rpc_backend.cc:52): SrpcRpcBackend::~SrpcRpcBackend: START destructor
20260909-08:11.02-872888(us) 2400260 * Stop            (srpc_rpc_backend.cc:589): SrpcRpcBackend::Stop: Already stopped, returning
20260909-08:11.02-872917(us) 2400260 * Shutdown        (srpc_rpc_backend.cc:112): SrpcRpcBackend::Shutdown: About to delete server
20260909-08:11.02-872944(us) 2400260 * Shutdown        (srpc_rpc_backend.cc:129): SrpcRpcBackend::Shutdown: Server pointer is null, skipping deletion
20260909-08:11.02-872968(us) 2400260 * Shutdown        (srpc_rpc_backend.cc:132): SrpcRpcBackend::Shutdown: About to shutdown poll_thread_worker_
20260909-08:11.02-872998(us) 2400260 * Shutdown        (srpc_rpc_backend.cc:142): SrpcRpcBackend::Shutdown: poll_thread_worker_ is null, skipping shutdown
20260909-08:11.02-873031(us) 2400260 * Shutdown        (srpc_rpc_backend.cc:145): SrpcRpcBackend::Shutdown: Shutdown sequence completed, destructor will now exit
20260909-08:11.02-873068(us) 2400260 * ~SrpcRpcBackend (srpc_rpc_backend.cc:54): SrpcRpcBackend::~SrpcRpcBackend: Shutdown() completed
20260909-08:11.02-873102(us) 2400260 * Shutdown        (srpc_rpc_backend.cc:140): SrpcRpcBackend::Shutdown: poll_thread_worker_ reset to None
20260909-08:11.02-873144(us) 2400260 * Shutdown        (srpc_rpc_backend.cc:145): SrpcRpcBackend::Shutdown: Shutdown sequence completed, destructor will now exit
20260909-08:11.02-873179(us) 2400260 * ~SrpcRpcBackend (srpc_rpc_backend.cc:52): SrpcRpcBackend::~SrpcRpcBackend: START destructor
20260909-08:11.02-873222(us) 2400260 * Stop            (srpc_rpc_backend.cc:589): SrpcRpcBackend::Stop: Already stopped, returning
20260909-08:11.02-873255(us) 2400260 * Shutdown        (srpc_rpc_backend.cc:112): SrpcRpcBackend::Shutdown: About to delete server
20260909-08:11.02-873288(us) 2400260 * Shutdown        (srpc_rpc_backend.cc:129): SrpcRpcBackend::Shutdown: Server pointer is null, skipping deletion
20260909-08:11.02-873324(us) 2400260 * Shutdown        (srpc_rpc_backend.cc:138): SrpcRpcBackend::Shutdown: poll_thread_worker_->shutdown() completed
20260909-08:11.02-873367(us) 2400260 * Shutdown        (srpc_rpc_backend.cc:140): SrpcRpcBackend::Shutdown: poll_thread_worker_ reset to None
20260909-08:11.02-873403(us) 2400260 * Shutdown        (srpc_rpc_backend.cc:145): SrpcRpcBackend::Shutdown: Shutdown sequence completed, destructor will now exit
20260909-08:11.02-873436(us) 2400260 * ~SrpcRpcBackend (srpc_rpc_backend.cc:52): SrpcRpcBackend::~SrpcRpcBackend: START destructor
20260909-08:11.02-873470(us) 2400260 * Stop            (srpc_rpc_backend.cc:589): SrpcRpcBackend::Stop: Already stopped, returning
20260909-08:11.02-873502(us) 2400260 * Shutdown        (srpc_rpc_backend.cc:112): SrpcRpcBackend::Shutdown: About to delete server
20260909-08:11.02-873532(us) 2400260 * Shutdown        (srpc_rpc_backend.cc:129): SrpcRpcBackend::Shutdown: Server pointer is null, skipping deletion
20260909-08:11.02-873556(us) 2400260 * Shutdown        (srpc_rpc_backend.cc:132): SrpcRpcBackend::Shutdown: About to shutdown poll_thread_worker_
20260909-08:11.02-873586(us) 2400260 * Shutdown        (srpc_rpc_backend.cc:142): SrpcRpcBackend::Shutdown: poll_thread_worker_ is null, skipping shutdown
20260909-08:11.02-873613(us) 2400260 * Shutdown        (srpc_rpc_backend.cc:145): SrpcRpcBackend::Shutdown: Shutdown sequence completed, destructor will now exit
20260909-08:11.02-873641(us) 2400260 * ~SrpcRpcBackend (srpc_rpc_backend.cc:54): SrpcRpcBackend::~SrpcRpcBackend: Shutdown() completed
20260909-08:11.02-873681(us) 2400260 * Shutdown        (srpc_rpc_backend.cc:132): SrpcRpcBackend::Shutdown: About to shutdown poll_thread_worker_
20260909-08:11.02-873719(us) 2400260 * Shutdown        (srpc_rpc_backend.cc:142): SrpcRpcBackend::Shutdown: poll_thread_worker_ is null, skipping shutdown
20260909-08:11.02-873754(us) 2400260 * Shutdown        (srpc_rpc_backend.cc:145): SrpcRpcBackend::Shutdown: Shutdown sequence completed, destructor will now exit
20260909-08:11.02-873786(us) 2400260 * ~SrpcRpcBackend (srpc_rpc_backend.cc:54): SrpcRpcBackend::~SrpcRpcBackend: Shutdown() completed
20260909-08:11.02-873840(us) 2400260 * Shutdown        (srpc_rpc_backend.cc:140): SrpcRpcBackend::Shutdown: poll_thread_worker_ reset to None
20260909-08:11.02-873899(us) 2400260 * Shutdown        (srpc_rpc_backend.cc:145): SrpcRpcBackend::Shutdown: Shutdown sequence completed, destructor will now exit
20260909-08:11.02-873932(us) 2400260 * ~SrpcRpcBackend (srpc_rpc_backend.cc:52): SrpcRpcBackend::~SrpcRpcBackend: START destructor
20260909-08:11.02-873967(us) 2400260 * Stop            (srpc_rpc_backend.cc:589): SrpcRpcBackend::Stop: Already stopped, returning
20260909-08:11.02-874004(us) 2400260 * Shutdown        (srpc_rpc_backend.cc:112): SrpcRpcBackend::Shutdown: About to delete server
20260909-08:11.02-874037(us) 2400260 * Shutdown        (srpc_rpc_backend.cc:129): SrpcRpcBackend::Shutdown: Server pointer is null, skipping deletion
20260909-08:11.02-874073(us) 2400260 * Shutdown        (srpc_rpc_backend.cc:132): SrpcRpcBackend::Shutdown: About to shutdown poll_thread_worker_
20260909-08:11.02-874113(us) 2400260 * Shutdown        (srpc_rpc_backend.cc:142): SrpcRpcBackend::Shutdown: poll_thread_worker_ is null, skipping shutdown
20260909-08:11.02-874149(us) 2400260 * Shutdown        (srpc_rpc_backend.cc:145): SrpcRpcBackend::Shutdown: Shutdown sequence completed, destructor will now exit
20260909-08:11.02-874183(us) 2400260 * ~SrpcRpcBackend (srpc_rpc_backend.cc:54): SrpcRpcBackend::~SrpcRpcBackend: Shutdown() completed
20260909-08:11.02-874219(us) 2400260 * Shutdown        (srpc_rpc_backend.cc:140): SrpcRpcBackend::Shutdown: poll_thread_worker_ reset to None
20260909-08:11.02-874257(us) 2400260 * Shutdown        (srpc_rpc_backend.cc:145): SrpcRpcBackend::Shutdown: Shutdown sequence completed, destructor will now exit
20260909-08:11.02-874281(us) 2400260 * ~SrpcRpcBackend (srpc_rpc_backend.cc:52): SrpcRpcBackend::~SrpcRpcBackend: START destructor
20260909-08:11.02-874306(us) 2400260 * Stop            (srpc_rpc_backend.cc:589): SrpcRpcBackend::Stop: Already stopped, returning
20260909-08:11.02-874331(us) 2400260 * Shutdown        (srpc_rpc_backend.cc:112): SrpcRpcBackend::Shutdown: About to delete server
20260909-08:11.02-874355(us) 2400260 * Shutdown        (srpc_rpc_backend.cc:129): SrpcRpcBackend::Shutdown: Server pointer is null, skipping deletion
20260909-08:11.02-874381(us) 2400260 * Shutdown        (srpc_rpc_backend.cc:132): SrpcRpcBackend::Shutdown: About to shutdown poll_thread_worker_
20260909-08:11.02-874407(us) 2400260 * Shutdown        (srpc_rpc_backend.cc:142): SrpcRpcBackend::Shutdown: poll_thread_worker_ is null, skipping shutdown
20260909-08:11.02-874431(us) 2400260 * Shutdown        (srpc_rpc_backend.cc:145): SrpcRpcBackend::Shutdown: Shutdown sequence completed, destructor will now exit
20260909-08:11.02-874454(us) 2400260 * ~SrpcRpcBackend (srpc_rpc_backend.cc:54): SrpcRpcBackend::~SrpcRpcBackend: Shutdown() completed
20260909-08:11.02-874486(us) 2400260 * Shutdown        (srpc_rpc_backend.cc:140): SrpcRpcBackend::Shutdown: poll_thread_worker_ reset to None
20260909-08:11.02-874523(us) 2400260 * Shutdown        (srpc_rpc_backend.cc:145): SrpcRpcBackend::Shutdown: Shutdown sequence completed, destructor will now exit
20260909-08:11.02-874542(us) 2400260 * ~SrpcRpcBackend (srpc_rpc_backend.cc:52): SrpcRpcBackend::~SrpcRpcBackend: START destructor
20260909-08:11.02-874559(us) 2400260 * Stop            (srpc_rpc_backend.cc:589): SrpcRpcBackend::Stop: Already stopped, returning
20260909-08:11.02-874577(us) 2400260 * Shutdown        (srpc_rpc_backend.cc:112): SrpcRpcBackend::Shutdown: About to delete server
20260909-08:11.02-874595(us) 2400260 * Shutdown        (srpc_rpc_backend.cc:129): SrpcRpcBackend::Shutdown: Server pointer is null, skipping deletion
20260909-08:11.02-874617(us) 2400260 * Shutdown        (srpc_rpc_backend.cc:132): SrpcRpcBackend::Shutdown: About to shutdown poll_thread_worker_
20260909-08:11.02-874640(us) 2400260 * Shutdown        (srpc_rpc_backend.cc:142): SrpcRpcBackend::Shutdown: poll_thread_worker_ is null, skipping shutdown
20260909-08:11.02-874660(us) 2400260 * Shutdown        (srpc_rpc_backend.cc:145): SrpcRpcBackend::Shutdown: Shutdown sequence completed, destructor will now exit
20260909-08:11.02-874676(us) 2400260 * ~SrpcRpcBackend (srpc_rpc_backend.cc:54): SrpcRpcBackend::~SrpcRpcBackend: Shutdown() completed
[SHUTDOWN] Worker 0 joined
[SHUTDOWN] Joining worker 1
20260909-08:11.02-875568(us) 2400260 * Shutdown        (srpc_rpc_backend.cc:138): SrpcRpcBackend::Shutdown: poll_thread_worker_->shutdown() completed
20260909-08:11.02-875623(us) 2400260 * Shutdown        (srpc_rpc_backend.cc:140): SrpcRpcBackend::Shutdown: poll_thread_worker_ reset to None
20260909-08:11.02-875647(us) 2400260 * Shutdown        (srpc_rpc_backend.cc:145): SrpcRpcBackend::Shutdown: Shutdown sequence completed, destructor will now exit
20260909-08:11.02-875672(us) 2400260 * ~SrpcRpcBackend (srpc_rpc_backend.cc:52): SrpcRpcBackend::~SrpcRpcBackend: START destructor
20260909-08:11.02-875697(us) 2400260 * Stop            (srpc_rpc_backend.cc:589): SrpcRpcBackend::Stop: Already stopped, returning
20260909-08:11.02-875728(us) 2400260 * Shutdown        (srpc_rpc_backend.cc:112): SrpcRpcBackend::Shutdown: About to delete server
[SHUTDOWN] Worker 1 joined
[SHUTDOWN] Joining worker 2
20260909-08:11.02-875762(us) 2400260 * Shutdown        (srpc_rpc_backend.cc:129): SrpcRpcBackend::Shutdown: Server pointer is null, skipping deletion
20260909-08:11.02-875873(us) 2400260 * Shutdown        (srpc_rpc_backend.cc:132): SrpcRpcBackend::Shutdown: About to shutdown poll_thread_worker_
20260909-08:11.02-875907(us) 2400260 * Shutdown        (srpc_rpc_backend.cc:142): SrpcRpcBackend::Shutdown: poll_thread_worker_ is null, skipping shutdown
20260909-08:11.02-875943(us) 2400260 * Shutdown        (srpc_rpc_backend.cc:145): SrpcRpcBackend::Shutdown: Shutdown sequence completed, destructor will now exit
20260909-08:11.02-875972(us) 2400260 * ~SrpcRpcBackend (srpc_rpc_backend.cc:54): SrpcRpcBackend::~SrpcRpcBackend: Shutdown() completed
[SHUTDOWN] Worker 2 joined
[SHUTDOWN] Joining worker 3
20260909-08:11.02-877488(us) 2400260 * Stop            (srpc_rpc_backend.cc:589): SrpcRpcBackend::Stop: Already stopped, returning
20260909-08:11.02-877522(us) 2400260 * Shutdown        (srpc_rpc_backend.cc:112): SrpcRpcBackend::Shutdown: About to delete server
20260909-08:11.02-877537(us) 2400260 * Shutdown        (srpc_rpc_backend.cc:116): SrpcRpcBackend::Shutdown: Server pointer is valid, deleting...
20260909-08:11.02-877556(us) 2400260 * Shutdown        (srpc_rpc_backend.cc:120): SrpcRpcBackend::Shutdown: Server deleted successfully
20260909-08:11.02-877572(us) 2400260 * Shutdown        (srpc_rpc_backend.cc:132): SrpcRpcBackend::Shutdown: About to shutdown poll_thread_worker_
20260909-08:11.02-877586(us) 2400260 * Shutdown        (srpc_rpc_backend.cc:136): SrpcRpcBackend::Shutdown: poll_thread_worker_ is valid, calling shutdown()
20260909-08:11.02-878379(us) 2400260 * Stop            (srpc_rpc_backend.cc:589): SrpcRpcBackend::Stop: Already stopped, returning
20260909-08:11.02-878431(us) 2400260 * Shutdown        (srpc_rpc_backend.cc:112): SrpcRpcBackend::Shutdown: About to delete server
20260909-08:11.02-878449(us) 2400260 * Shutdown        (srpc_rpc_backend.cc:116): SrpcRpcBackend::Shutdown: Server pointer is valid, deleting...
20260909-08:11.02-878472(us) 2400260 * Shutdown        (srpc_rpc_backend.cc:120): SrpcRpcBackend::Shutdown: Server deleted successfully
20260909-08:11.02-878488(us) 2400260 * Shutdown        (srpc_rpc_backend.cc:132): SrpcRpcBackend::Shutdown: About to shutdown poll_thread_worker_
20260909-08:11.02-878504(us) 2400260 * Shutdown        (srpc_rpc_backend.cc:136): SrpcRpcBackend::Shutdown: poll_thread_worker_ is valid, calling shutdown()
20260909-08:11.02-878526(us) 2400260 * Shutdown        (srpc_rpc_backend.cc:138): SrpcRpcBackend::Shutdown: poll_thread_worker_->shutdown() completed
20260909-08:11.02-878566(us) 2400260 * Shutdown        (srpc_rpc_backend.cc:140): SrpcRpcBackend::Shutdown: poll_thread_worker_ reset to None
20260909-08:11.02-878583(us) 2400260 * Shutdown        (srpc_rpc_backend.cc:145): SrpcRpcBackend::Shutdown: Shutdown sequence completed, destructor will now exit
20260909-08:11.02-878600(us) 2400260 * ~SrpcRpcBackend (srpc_rpc_backend.cc:52): SrpcRpcBackend::~SrpcRpcBackend: START destructor
20260909-08:11.02-878615(us) 2400260 * Stop            (srpc_rpc_backend.cc:589): SrpcRpcBackend::Stop: Already stopped, returning
20260909-08:11.02-878629(us) 2400260 * Shutdown        (srpc_rpc_backend.cc:112): SrpcRpcBackend::Shutdown: About to delete server
20260909-08:11.02-878646(us) 2400260 * Shutdown        (srpc_rpc_backend.cc:129): SrpcRpcBackend::Shutdown: Server pointer is null, skipping deletion
20260909-08:11.02-878662(us) 2400260 * Shutdown        (srpc_rpc_backend.cc:132): SrpcRpcBackend::Shutdown: About to shutdown poll_thread_worker_
20260909-08:11.02-878676(us) 2400260 * Shutdown        (srpc_rpc_backend.cc:142): SrpcRpcBackend::Shutdown: poll_thread_worker_ is null, skipping shutdown
20260909-08:11.02-878692(us) 2400260 * Shutdown        (srpc_rpc_backend.cc:145): SrpcRpcBackend::Shutdown: Shutdown sequence completed, destructor will now exit
20260909-08:11.02-878706(us) 2400260 * ~SrpcRpcBackend (srpc_rpc_backend.cc:54): SrpcRpcBackend::~SrpcRpcBackend: Shutdown() completed
20260909-08:11.02-878735(us) 2400260 * Stop            (srpc_rpc_backend.cc:589): SrpcRpcBackend::Stop: Already stopped, returning
20260909-08:11.02-878780(us) 2400260 * Shutdown        (srpc_rpc_backend.cc:112): SrpcRpcBackend::Shutdown: About to delete server
20260909-08:11.02-878800(us) 2400260 * Shutdown        (srpc_rpc_backend.cc:116): SrpcRpcBackend::Shutdown: Server pointer is valid, deleting...
20260909-08:11.02-878845(us) 2400260 * Shutdown        (srpc_rpc_backend.cc:120): SrpcRpcBackend::Shutdown: Server deleted successfully
20260909-08:11.02-878880(us) 2400260 * Shutdown        (srpc_rpc_backend.cc:132): SrpcRpcBackend::Shutdown: About to shutdown poll_thread_worker_
20260909-08:11.02-878912(us) 2400260 * Shutdown        (srpc_rpc_backend.cc:136): SrpcRpcBackend::Shutdown: poll_thread_worker_ is valid, calling shutdown()
20260909-08:11.02-878960(us) 2400260 * Stop            (srpc_rpc_backend.cc:589): SrpcRpcBackend::Stop: Already stopped, returning
20260909-08:11.02-879023(us) 2400260 * Shutdown        (srpc_rpc_backend.cc:112): SrpcRpcBackend::Shutdown: About to delete server
20260909-08:11.02-879054(us) 2400260 * Shutdown        (srpc_rpc_backend.cc:116): SrpcRpcBackend::Shutdown: Server pointer is valid, deleting...
20260909-08:11.02-879095(us) 2400260 * Shutdown        (srpc_rpc_backend.cc:120): SrpcRpcBackend::Shutdown: Server deleted successfully
20260909-08:11.02-879123(us) 2400260 * Shutdown        (srpc_rpc_backend.cc:132): SrpcRpcBackend::Shutdown: About to shutdown poll_thread_worker_
20260909-08:11.02-879154(us) 2400260 * Shutdown        (srpc_rpc_backend.cc:136): SrpcRpcBackend::Shutdown: poll_thread_worker_ is valid, calling shutdown()
[SHUTDOWN] Worker 3 joined
[SHUTDOWN] Joining worker 4
20260909-08:11.02-879334(us) 2400260 * Stop            (srpc_rpc_backend.cc:589): SrpcRpcBackend::Stop: Already stopped, returning
20260909-08:11.02-879374(us) 2400260 * Shutdown        (srpc_rpc_backend.cc:112): SrpcRpcBackend::Shutdown: About to delete server
20260909-08:11.02-879404(us) 2400260 * Shutdown        (srpc_rpc_backend.cc:116): SrpcRpcBackend::Shutdown: Server pointer is valid, deleting...
[SHUTDOWN] Worker 20260909-08:11.02-879435(us) 2400260 * Shutdown        (srpc_rpc_backend.cc:120): SrpcRpcBackend::Shutdown: Server deleted successfully
4 joined20260909-08:11.02-879459(us) 2400260 * Shutdown        (srpc_rpc_backend.cc:132): SrpcRpcBackend::Shutdown: About to shutdown poll_thread_worker_

[SHUTDOWN] Joining worker 20260909-08:11.02-879484(us) 2400260 * Shutdown        (srpc_rpc_backend.cc:136): SrpcRpcBackend::Shutdown: poll_thread_worker_ is valid, calling shutdown()
5
20260909-08:11.02-879792(us) 2400260 * Shutdown        (srpc_rpc_backend.cc:138): SrpcRpcBackend::Shutdown: poll_thread_worker_->shutdown() completed
20260909-08:11.02-879828(us) 2400260 * Shutdown        (srpc_rpc_backend.cc:140): SrpcRpcBackend::Shutdown: poll_thread_worker_ reset to None
20260909-08:11.02-879848(us) 2400260 * Shutdown        (srpc_rpc_backend.cc:145): SrpcRpcBackend::Shutdown: Shutdown sequence completed, destructor will now exit
20260909-08:11.02-879865(us) 2400260 * ~SrpcRpcBackend (srpc_rpc_backend.cc:52): SrpcRpcBackend::~SrpcRpcBackend: START destructor
20260909-08:11.02-879878(us) 2400260 * Stop            (srpc_rpc_backend.cc:589): SrpcRpcBackend::Stop: Already stopped, returning
20260909-08:11.02-879899(us) 2400260 * Shutdown        (srpc_rpc_backend.cc:112): SrpcRpcBackend::Shutdown: About to delete server
20260909-08:11.02-879924(us) 2400260 * Shutdown        (srpc_rpc_backend.cc:129): SrpcRpcBackend::Shutdown: Server pointer is null, skipping deletion
20260909-08:11.02-879940(us) 2400260 * Shutdown        (srpc_rpc_backend.cc:132): SrpcRpcBackend::Shutdown: About to shutdown poll_thread_worker_
20260909-08:11.02-879953(us) 2400260 * Shutdown        (srpc_rpc_backend.cc:142): SrpcRpcBackend::Shutdown: poll_thread_worker_ is null, skipping shutdown
20260909-08:11.02-879967(us) 2400260 * Shutdown        (srpc_rpc_backend.cc:145): SrpcRpcBackend::Shutdown: Shutdown sequence completed, destructor will now exit
20260909-08:11.02-879982(us) 2400260 * ~SrpcRpcBackend (srpc_rpc_backend.cc:54): SrpcRpcBackend::~SrpcRpcBackend: Shutdown() completed
20260909-08:11.02-880006(us) 2400260 * Shutdown        (srpc_rpc_backend.cc:138): SrpcRpcBackend::Shutdown: poll_thread_worker_->shutdown() completed
20260909-08:11.02-880048(us) 2400260 * Shutdown        (srpc_rpc_backend.cc:140): SrpcRpcBackend::Shutdown: poll_thread_worker_ reset to None
20260909-08:11.02-880069(us) 2400260 * Shutdown        (srpc_rpc_backend.cc:145): SrpcRpcBackend::Shutdown: Shutdown sequence completed, destructor will now exit
20260909-08:11.02-880089(us) 2400260 * ~SrpcRpcBackend (srpc_rpc_backend.cc:52): SrpcRpcBackend::~SrpcRpcBackend: START destructor
20260909-08:11.02-880113(us) 2400260 * Stop            (srpc_rpc_backend.cc:589): SrpcRpcBackend::Stop: Already stopped, returning
20260909-08:11.02-880141(us) 2400260 * Shutdown        (srpc_rpc_backend.cc:112): SrpcRpcBackend::Shutdown: About to delete server
20260909-08:11.02-880171(us) 2400260 * Shutdown        (srpc_rpc_backend.cc:129): SrpcRpcBackend::Shutdown: Server pointer is null, skipping deletion
20260909-08:11.02-880193(us) 2400260 * Shutdown        (srpc_rpc_backend.cc:132): SrpcRpcBackend::Shutdown: About to shutdown poll_thread_worker_
20260909-08:11.02-880222(us) 2400260 * Shutdown        (srpc_rpc_backend.cc:142): SrpcRpcBackend::Shutdown: poll_thread_worker_ is null, skipping shutdown
20260909-08:11.02-880250(us) 2400260 * Shutdown        (srpc_rpc_backend.cc:145): SrpcRpcBackend::Shutdown: Shutdown sequence completed, destructor will now exit
20260909-08:11.02-880277(us) 2400260 * ~SrpcRpcBackend (srpc_rpc_backend.cc:54): SrpcRpcBackend::~SrpcRpcBackend: Shutdown() completed
20260909-08:11.02-880647(us) 2400260 * Shutdown        (srpc_rpc_backend.cc:138): SrpcRpcBackend::Shutdown: poll_thread_worker_->shutdown() completed
20260909-08:11.02-880747(us) 2400260 * Shutdown        (srpc_rpc_backend.cc:140): SrpcRpcBackend::Shutdown: poll_thread_worker_ reset to None
20260909-08:11.02-880783(us) 2400260 * Shutdown        (srpc_rpc_backend.cc:145): SrpcRpcBackend::Shutdown: Shutdown sequence completed, destructor will now exit
20260909-08:11.02-880819(us) 2400260 * ~SrpcRpcBackend (srpc_rpc_backend.cc:52): SrpcRpcBackend::~SrpcRpcBackend: START destructor
20260909-08:11.02-880864(us) 2400260 * Stop            (srpc_rpc_backend.cc:589): SrpcRpcBackend::Stop: Already stopped, returning
20260909-08:11.02-880892(us) 2400260 * Shutdown        (srpc_rpc_backend.cc:112): SrpcRpcBackend::Shutdown: About to delete server
20260909-08:11.02-880916(us) 2400260 * Shutdown        (srpc_rpc_backend.cc:129): SrpcRpcBackend::Shutdown: Server pointer is null, skipping deletion
20260909-08:11.02-880938(us) 2400260 * Shutdown        (srpc_rpc_backend.cc:132): SrpcRpcBackend::Shutdown: About to shutdown poll_thread_worker_
20260909-08:11.02-880961(us) 2400260 * Shutdown        (srpc_rpc_backend.cc:142): SrpcRpcBackend::Shutdown: poll_thread_worker_ is null, skipping shutdown
20260909-08:11.02-880997(us) 2400260 * Shutdown        (srpc_rpc_backend.cc:145): SrpcRpcBackend::Shutdown: Shutdown sequence completed, destructor will now exit
20260909-08:11.02-881030(us) 2400260 * ~SrpcRpcBackend (srpc_rpc_backend.cc:54): SrpcRpcBackend::~SrpcRpcBackend: Shutdown() completed
20260909-08:11.02-881201(us) 2400260 * Shutdown        (srpc_rpc_backend.cc:138): SrpcRpcBackend::Shutdown: poll_thread_worker_->shutdown() completed
20260909-08:11.02-881278(us) 2400260 * Shutdown        (srpc_rpc_backend.cc:140): SrpcRpcBackend::Shutdown: poll_thread_worker_ reset to None
20260909-08:11.02-881323(us) 2400260 * Shutdown        (srpc_rpc_backend.cc:145): SrpcRpcBackend::Shutdown: Shutdown sequence completed, destructor will now exit
20260909-08:11.02-881359(us) 2400260 * ~SrpcRpcBackend (srpc_rpc_backend.cc:52): SrpcRpcBackend::~SrpcRpcBackend: START destructor
20260909-08:11.02-881395(us) 2400260 * Stop            (srpc_rpc_backend.cc:589): SrpcRpcBackend::Stop: Already stopped, returning
20260909-08:11.02-881429(us) 2400260 * Shutdown        (srpc_rpc_backend.cc:112): SrpcRpcBackend::Shutdown: About to delete server
20260909-08:11.02-881458(us) 2400260 * Shutdown        (srpc_rpc_backend.cc:129): SrpcRpcBackend::Shutdown: Server pointer is null, skipping deletion
20260909-08:11.02-881486(us) 2400260 * Shutdown        (srpc_rpc_backend.cc:132): SrpcRpcBackend::Shutdown: About to shutdown poll_thread_worker_
20260909-08:11.02-881516(us) 2400260 * Shutdown        (srpc_rpc_backend.cc:142): SrpcRpcBackend::Shutdown: poll_thread_worker_ is null, skipping shutdown
20260909-08:11.02-881544(us) 2400260 * Shutdown        (srpc_rpc_backend.cc:145): SrpcRpcBackend::Shutdown: Shutdown sequence completed, destructor will now exit
20260909-08:11.02-881574(us) 2400260 * ~SrpcRpcBackend (srpc_rpc_backend.cc:54): SrpcRpcBackend::~SrpcRpcBackend: Shutdown() completed
[SHUTDOWN] Worker 5 joined
[SHUTDOWN] Joining worker 6
[SHUTDOWN] Worker 6 joined
[SHUTDOWN] Joining worker 7
[SHUTDOWN] Worker 7 joined
[SHUTDOWN] Joining worker 8
[SHUTDOWN] Worker 8 joined
[SHUTDOWN] Joining worker 9
[SHUTDOWN] Worker 9 joined
[SHUTDOWN] Joining worker 10
[SHUTDOWN] Worker 10 joined
[SHUTDOWN] Joining worker 11
[SHUTDOWN] Worker 11 joined
[SHUTDOWN] Joining worker 12
[SHUTDOWN] Worker 12 joined
[SHUTDOWN] Joining worker 13
[SHUTDOWN] Worker 13 joined
[SHUTDOWN] Joining worker 14
[SHUTDOWN] Worker 14 joined
[SHUTDOWN] Joining worker 15
[SHUTDOWN] Worker 15 joined
[SHUTDOWN] All workers joined
[SHUTDOWN] Calling stop_rpc_server()
[STOP_SERVER] Stopping 2 server transports
[STOP_SERVER] Stopping server transport 0
20260909-08:11.02-883200(us) 2400260 * Stop            (srpc_rpc_backend.cc:593): SrpcRpcBackend::Stop: BEGIN - Setting stop flag
20260909-08:11.02-883232(us) 2400260 * Stop            (srpc_rpc_backend.cc:596): SrpcRpcBackend::Stop: Waiting for event loop to exit...
20260909-08:11.02-883283(us) 2400260 * RunEventLoop    (srpc_rpc_backend.cc:577): SrpcRpcBackend::RunEventLoop: Stop flag detected, exiting event loop
20260909-08:11.02-883323(us) 2400260 * RunEventLoop    (srpc_rpc_backend.cc:581): SrpcRpcBackend::RunEventLoop: Exited cleanly
20260909-08:11.02-883344(us) 2400260 * rpc_server      (rpc_setup.cc:126): the rpc_server is terminated on shardIdx:0, alpha:0!
20260909-08:11.02-893324(us) 2400260 * Stop            (srpc_rpc_backend.cc:612): SrpcRpcBackend::Stop: Event loop exited successfully
20260909-08:11.02-893351(us) 2400260 * Stop            (srpc_rpc_backend.cc:616): SrpcRpcBackend::Stop: Signaling 0 request queues to stop
20260909-08:11.02-893371(us) 2400260 * Stop            (srpc_rpc_backend.cc:624): SrpcRpcBackend::Stop: Signaling 0 response queues to stop
20260909-08:11.02-893397(us) 2400260 * Stop            (srpc_rpc_backend.cc:635): SrpcRpcBackend::Stop: Server cleanup deferred to destructor
20260909-08:11.02-893422(us) 2400260 * Stop            (srpc_rpc_backend.cc:638): SrpcRpcBackend::Stop: Closing client connections
20260909-08:11.02-893447(us) 2400260 * Stop            (srpc_rpc_backend.cc:642): SrpcRpcBackend::Stop: Found 0 client connections to close
20260909-08:11.02-893473(us) 2400260 * Stop            (srpc_rpc_backend.cc:662): SrpcRpcBackend::Stop: Closed 0 client connections
20260909-08:11.02-893493(us) 2400260 * Stop            (srpc_rpc_backend.cc:675): SrpcRpcBackend stats: msg_size_resp_sent: 0 bytes, counter: 0, avg: 0.000000
20260909-08:11.02-893523(us) 2400260 * Stop            (srpc_rpc_backend.cc:676): SrpcRpcBackend::Stop: END
[STOP_SERVER] Server transport 0 stopped
[STOP_SERVER] Stopping server transport 1
20260909-08:11.02-893561(us) 2400260 * Stop            (srpc_rpc_backend.cc:593): SrpcRpcBackend::Stop: BEGIN - Setting stop flag
20260909-08:11.02-893582(us) 2400260 * Stop            (srpc_rpc_backend.cc:596): SrpcRpcBackend::Stop: Waiting for event loop to exit...
20260909-08:11.02-893617(us) 2400260 * RunEventLoop    (srpc_rpc_backend.cc:577): SrpcRpcBackend::RunEventLoop: Stop flag detected, exiting event loop
20260909-08:11.02-893643(us) 2400260 * RunEventLoop    (srpc_rpc_backend.cc:581): SrpcRpcBackend::RunEventLoop: Exited cleanly
20260909-08:11.02-893657(us) 2400260 * rpc_server      (rpc_setup.cc:126): the rpc_server is terminated on shardIdx:0, alpha:1!
20260909-08:11.02-903679(us) 2400260 * Stop            (srpc_rpc_backend.cc:612): SrpcRpcBackend::Stop: Event loop exited successfully
20260909-08:11.02-903704(us) 2400260 * Stop            (srpc_rpc_backend.cc:616): SrpcRpcBackend::Stop: Signaling 0 request queues to stop
20260909-08:11.02-903722(us) 2400260 * Stop            (srpc_rpc_backend.cc:624): SrpcRpcBackend::Stop: Signaling 0 response queues to stop
20260909-08:11.02-903739(us) 2400260 * Stop            (srpc_rpc_backend.cc:635): SrpcRpcBackend::Stop: Server cleanup deferred to destructor
20260909-08:11.02-903755(us) 2400260 * Stop            (srpc_rpc_backend.cc:638): SrpcRpcBackend::Stop: Closing client connections
20260909-08:11.02-903777(us) 2400260 * Stop            (srpc_rpc_backend.cc:642): SrpcRpcBackend::Stop: Found 0 client connections to close
20260909-08:11.02-903794(us) 2400260 * Stop            (srpc_rpc_backend.cc:662): SrpcRpcBackend::Stop: Closed 0 client connections
20260909-08:11.02-903812(us) 2400260 * Stop            (srpc_rpc_backend.cc:675): SrpcRpcBackend stats: msg_size_resp_sent: 0 bytes, counter: 0, avg: 0.000000
20260909-08:11.02-903888(us) 2400260 * Stop            (srpc_rpc_backend.cc:676): SrpcRpcBackend::Stop: END
[STOP_SERVER] Server transport 1 stopped
20260909-08:11.02-904020(us) 2400260 * Stop            (srpc_rpc_backend.cc:589): SrpcRpcBackend::Stop: Already stopped, returning
20260909-08:11.02-904042(us) 2400260 * Shutdown        (srpc_rpc_backend.cc:112): SrpcRpcBackend::Shutdown: About to delete server
20260909-08:11.02-904059(us) 2400260 * Shutdown        (srpc_rpc_backend.cc:116): SrpcRpcBackend::Shutdown: Server pointer is valid, deleting...
20260909-08:11.02-904083(us) 2400260 * Shutdown        (srpc_rpc_backend.cc:120): SrpcRpcBackend::Shutdown: Server deleted successfully
20260909-08:11.02-904102(us) 2400260 * Shutdown        (srpc_rpc_backend.cc:132): SrpcRpcBackend::Shutdown: About to shutdown poll_thread_worker_
20260909-08:11.02-904119(us) 2400260 * Shutdown        (srpc_rpc_backend.cc:136): SrpcRpcBackend::Shutdown: poll_thread_worker_ is valid, calling shutdown()
20260909-08:11.02-905377(us) 2400260 * Shutdown        (srpc_rpc_backend.cc:138): SrpcRpcBackend::Shutdown: poll_thread_worker_->shutdown() completed
20260909-08:11.02-905415(us) 2400260 * Shutdown        (srpc_rpc_backend.cc:140): SrpcRpcBackend::Shutdown: poll_thread_worker_ reset to None
20260909-08:11.02-905438(us) 2400260 * Shutdown        (srpc_rpc_backend.cc:145): SrpcRpcBackend::Shutdown: Shutdown sequence completed, destructor will now exit
20260909-08:11.02-905457(us) 2400260 * ~SrpcRpcBackend (srpc_rpc_backend.cc:52): SrpcRpcBackend::~SrpcRpcBackend: START destructor
20260909-08:11.02-905479(us) 2400260 * Stop            (srpc_rpc_backend.cc:589): SrpcRpcBackend::Stop: Already stopped, returning
20260909-08:11.02-905500(us) 2400260 * Shutdown        (srpc_rpc_backend.cc:112): SrpcRpcBackend::Shutdown: About to delete server
20260909-08:11.02-905518(us) 2400260 * Shutdown        (srpc_rpc_backend.cc:129): SrpcRpcBackend::Shutdown: Server pointer is null, skipping deletion
20260909-08:11.02-905540(us) 2400260 * Shutdown        (srpc_rpc_backend.cc:132): SrpcRpcBackend::Shutdown: About to shutdown poll_thread_worker_
20260909-08:11.02-905558(us) 2400260 * Shutdown        (srpc_rpc_backend.cc:142): SrpcRpcBackend::Shutdown: poll_thread_worker_ is null, skipping shutdown
20260909-08:11.02-905580(us) 2400260 * Shutdown        (srpc_rpc_backend.cc:145): SrpcRpcBackend::Shutdown: Shutdown sequence completed, destructor will now exit
20260909-08:11.02-905601(us) 2400260 * ~SrpcRpcBackend (srpc_rpc_backend.cc:54): SrpcRpcBackend::~SrpcRpcBackend: Shutdown() completed
20260909-08:11.02-905654(us) 2400260 * Stop            (srpc_rpc_backend.cc:589): SrpcRpcBackend::Stop: Already stopped, returning
20260909-08:11.02-905674(us) 2400260 * Shutdown        (srpc_rpc_backend.cc:112): SrpcRpcBackend::Shutdown: About to delete server
20260909-08:11.02-905695(us) 2400260 * Shutdown        (srpc_rpc_backend.cc:116): SrpcRpcBackend::Shutdown: Server pointer is valid, deleting...
20260909-08:11.02-905717(us) 2400260 * Shutdown        (srpc_rpc_backend.cc:120): SrpcRpcBackend::Shutdown: Server deleted successfully
20260909-08:11.02-905736(us) 2400260 * Shutdown        (srpc_rpc_backend.cc:132): SrpcRpcBackend::Shutdown: About to shutdown poll_thread_worker_
20260909-08:11.02-905757(us) 2400260 * Shutdown        (srpc_rpc_backend.cc:136): SrpcRpcBackend::Shutdown: poll_thread_worker_ is valid, calling shutdown()
20260909-08:11.02-906399(us) 2400260 * Shutdown        (srpc_rpc_backend.cc:138): SrpcRpcBackend::Shutdown: poll_thread_worker_->shutdown() completed
20260909-08:11.02-906436(us) 2400260 * Shutdown        (srpc_rpc_backend.cc:140): SrpcRpcBackend::Shutdown: poll_thread_worker_ reset to None
20260909-08:11.02-906455(us) 2400260 * Shutdown        (srpc_rpc_backend.cc:145): SrpcRpcBackend::Shutdown: Shutdown sequence completed, destructor will now exit
20260909-08:11.02-906473(us) 2400260 * ~SrpcRpcBackend (srpc_rpc_backend.cc:52): SrpcRpcBackend::~SrpcRpcBackend: START destructor
20260909-08:11.02-906494(us) 2400260 * Stop            (srpc_rpc_backend.cc:589): SrpcRpcBackend::Stop: Already stopped, returning
20260909-08:11.02-906515(us) 2400260 * Shutdown        (srpc_rpc_backend.cc:112): SrpcRpcBackend::Shutdown: About to delete server
20260909-08:11.02-906536(us) 2400260 * Shutdown        (srpc_rpc_backend.cc:129): SrpcRpcBackend::Shutdown: Server pointer is null, skipping deletion
20260909-08:11.02-906556(us) 2400260 * Shutdown        (srpc_rpc_backend.cc:132): SrpcRpcBackend::Shutdown: About to shutdown poll_thread_worker_
20260909-08:11.02-906575(us) 2400260 * Shutdown        (srpc_rpc_backend.cc:142): SrpcRpcBackend::Shutdown: poll_thread_worker_ is null, skipping shutdown
20260909-08:11.02-906596(us) 2400260 * Shutdown        (srpc_rpc_backend.cc:145): SrpcRpcBackend::Shutdown: Shutdown sequence completed, destructor will now exit
20260909-08:11.02-906615(us) 2400260 * ~SrpcRpcBackend (srpc_rpc_backend.cc:54): SrpcRpcBackend::~SrpcRpcBackend: Shutdown() completed
[STOP_SERVER] All server transports stopped
[SHUTDOWN] stop_rpc_server() completed
[SHUTDOWN] Calling second stop()
20260909-08:11.02-906681(us) 2400260 ! stop            (bench.cc:514):     stop all rpc clients. set stop=false
[SHUTDOWN] Second stop() completed
20260909-08:11.02-906705(us) 2400260 ! run             (bench.cc:774):     TPCC_BENCH_MEASURE_END
[SHUTDOWN] Calling do_txn_finish()
[SHUTDOWN] do_txn_finish() completed
--- n_commits per partition ---
 par_id: 0, n_commits: 417042
 par_id: 1, n_commits: 425495
 par_id: 2, n_commits: 393653
 par_id: 3, n_commits: 411506
 par_id: 4, n_commits: 424981
 par_id: 5, n_commits: 420175
 par_id: 6, n_commits: 422725
 par_id: 7, n_commits: 390069
 par_id: 8, n_commits: 418010
 par_id: 9, n_commits: 419189
 par_id: 10, n_commits: 415055
 par_id: 11, n_commits: 394513
 par_id: 12, n_commits: 425706
 par_id: 13, n_commits: 410329
 par_id: 14, n_commits: 399968
 par_id: 15, n_commits: 418051
--- benchmark statistics ---
runtime: 10.1389 sec
memory delta: 4694.96 MB
n_commits: 6606467
latency_numer_us: 157475796
latency_numer_us_remote: 0
memory delta rate: 463.062 MB/sec
logical memory delta: 418.985 MB
logical memory delta rate: 41.3243 MB/sec
agg_nosync_throughput: 651606 ops/sec
avg_nosync_per_core_throughput: 40725.4 ops/sec/core
agg_throughput: 651593 ops/sec
avg_per_core_throughput: 40724.6 ops/sec/core
agg_persist_throughput: 651593 ops/sec
avg_per_core_persist_throughput: 40724.6 ops/sec/core
avg_latency: 0.0238366 ms
avg_persist_latency: 0 ms
agg_abort_rate: 99.8131 aborts/sec
avg_per_core_abort_rate: 6.23832 aborts/sec/core
  NewOrder_local_commit_latency: 0.0264094 ms
  NewOrder_local_abort_latency: 0.0692989 ms
  NewOrder_local_abort_ratio: 9.24852e-05
  Payment_local_commit_latency: 0.00839631 ms
  Payment_local_abort_latency: 0.0530293 ms
  Payment_local_abort_ratio: 7.74165e-06
  Delivery_local_commit_latency: 0.0986695 ms
  Delivery_local_abort_latency: 0 ms
  Delivery_local_abort_ratio: 0
  OrderStatus_local_commit_latency: 0.00844148 ms
  OrderStatus_local_abort_latency: 0 ms
  OrderStatus_local_abort_ratio: 0
  StockLevel_local_commit_latency: 0.113866 ms
  StockLevel_local_abort_latency: 0.15093 ms
  StockLevel_local_abort_ratio: 0.00270237
  NewOrder_remote_ratio: 0 %
  NewOrder_remote_abort_ratio: 0 %
  NewOrder_remote_commit_latency: 0 ms
  NewOrder_remote_abort_latency: 0 ms
  Payment_remote_ratio: 0 %
  Payment_remote_abort_ratio: 0 %
  Payment_remote_commit_latency: 0 ms
  Payment_remote_abort_latency: 0 ms
--- system counters (for benchmark) ---
--- perf counters (if enabled, for benchmark) ---
--- allocator stats ---
[SiloRuntime 0] ncpus=16
[SiloRuntime 0] cpu=0 fully_faulted?=0 remaining=268435456 bytes
[SiloRuntime 0] cpu=1 fully_faulted?=0 remaining=268435456 bytes
[SiloRuntime 0] cpu=2 fully_faulted?=0 remaining=268435456 bytes
[SiloRuntime 0] cpu=3 fully_faulted?=0 remaining=268435456 bytes
[SiloRuntime 0] cpu=4 fully_faulted?=0 remaining=268435456 bytes
[SiloRuntime 0] cpu=5 fully_faulted?=0 remaining=268435456 bytes
[SiloRuntime 0] cpu=6 fully_faulted?=0 remaining=268435456 bytes
[SiloRuntime 0] cpu=7 fully_faulted?=0 remaining=268435456 bytes
[SiloRuntime 0] cpu=8 fully_faulted?=0 remaining=268435456 bytes
[SiloRuntime 0] cpu=9 fully_faulted?=0 remaining=268435456 bytes
[SiloRuntime 0] cpu=10 fully_faulted?=0 remaining=268435456 bytes
[SiloRuntime 0] cpu=11 fully_faulted?=0 remaining=268435456 bytes
[SiloRuntime 0] cpu=12 fully_faulted?=0 remaining=268435456 bytes
[SiloRuntime 0] cpu=13 fully_faulted?=0 remaining=268435456 bytes
[SiloRuntime 0] cpu=14 fully_faulted?=0 remaining=268435456 bytes
[SiloRuntime 0] cpu=15 fully_faulted?=0 remaining=268435456 bytes
---------------------------------------
--- system counters for n_commits ---
[STOP_SERVER] Stopping 0 server transports
[STOP_SERVER] All server transports stopped
