20260909-08:17.59-104024(us) 2404149 * ParseNewFormat  (configuration.cc:102): Using new configuration format
20260909-08:17.59-104156(us) 2404149 * ParseNewFormat  (configuration.cc:162): Loaded 1 sites in 1 shards
20260909-08:17.59-104190(us) 2404149 * handle_new_config_format (dbtest.cc:368):    Site local_s0: shard=0, replica_idx=0, is_leader=1, cluster=localhost
SiloRuntime[0]::InitializeAllocator()
  hugepgsize: 2097152
  mmap() region [0x73c82c400000, 0x73c92c600000)
  runtime0 cpu0 owns [0x73c82c400000, 0x73c83c400000)
  runtime0 cpu1 owns [0x73c83c400000, 0x73c84c400000)
  runtime0 cpu2 owns [0x73c84c400000, 0x73c85c400000)
  runtime0 cpu3 owns [0x73c85c400000, 0x73c86c400000)
  runtime0 cpu4 owns [0x73c86c400000, 0x73c87c400000)
  runtime0 cpu5 owns [0x73c87c400000, 0x73c88c400000)
  runtime0 cpu6 owns [0x73c88c400000, 0x73c89c400000)
  runtime0 cpu7 owns [0x73c89c400000, 0x73c8ac400000)
  runtime0 cpu8 owns [0x73c8ac400000, 0x73c8bc400000)
  runtime0 cpu9 owns [0x73c8bc400000, 0x73c8cc400000)
  runtime0 cpu10 owns [0x73c8cc400000, 0x73c8dc400000)
  runtime0 cpu11 owns [0x73c8dc400000, 0x73c8ec400000)
  runtime0 cpu12 owns [0x73c8ec400000, 0x73c8fc400000)
  runtime0 cpu13 owns [0x73c8fc400000, 0x73c90c400000)
  runtime0 cpu14 owns [0x73c90c400000, 0x73c91c400000)
  runtime0 cpu15 owns [0x73c91c400000, 0x73c92c400000)
Database Benchmark:
  pid: 2404149
settings:
  num-cpus    : 128
  num-threads : 16
  shardIndex  : 0
  paxos_proc_name  : localhost
  nshards     : 1
  is_micro    : 0
  is_replicated : 0
  storage_engine : cpp
  var-encode  : yes
  allocator   : jemalloc
system properties:
  tuple_prefetch          : no
  btree_node_prefetch     : yes
tpcc settings:
  cross_partition_transactions : 1
  read_only_snapshots          : 1
  partition_locks              : 0
  separate_tree_per_partition  : 1
  new_order_remote_item_pct    : 1
  new_order_fast_id_gen        : 1
  uniform_item_dist            : 0
  order_status_scan_hack       : 0
  workload_mix                 : [45, 43, 4, 4, 4]
20260909-08:17.59-108594(us) 2404149 * ParseNewFormat  (configuration.cc:102): Using new configuration format
20260909-08:17.59-108682(us) 2404149 * ParseNewFormat  (configuration.cc:162): Loaded 1 sites in 1 shards
20260909-08:17.59-108992(us) 2404149 * ParseNewFormat  (configuration.cc:102): Using new configuration format
20260909-08:17.59-109068(us) 2404149 * Initialize      (srpc_rpc_backend.cc:66): SrpcRpcBackend::Initialize: poll_thread_worker_ created, is_some=1
20260909-08:17.59-109108(us) 2404149 * ParseNewFormat  (configuration.cc:162): Loaded 1 sites in 1 shards
20260909-08:17.59-109288(us) 2404149 * Initialize      (srpc_rpc_backend.cc:97): SrpcRpcBackend initialized on 127.0.0.1:31021 (listening on 0.0.0.0:31021)
20260909-08:17.59-109312(us) 2404149 * FastTransport   (fasttransport.cc:147): FastTransport initialized with srpc/rpc backend on 127.0.0.1:31021
20260909-08:17.59-109331(us) 2404149 * RunEventLoop    (srpc_rpc_backend.cc:516): SrpcRpcBackend::RunEventLoop: Starting event loop
20260909-08:17.59-109452(us) 2404149 * Initialize      (srpc_rpc_backend.cc:66): SrpcRpcBackend::Initialize: poll_thread_worker_ created, is_some=1
20260909-08:17.59-109570(us) 2404149 * Initialize      (srpc_rpc_backend.cc:97): SrpcRpcBackend initialized on 127.0.0.1:31022 (listening on 0.0.0.0:31022)
20260909-08:17.59-109596(us) 2404149 * FastTransport   (fasttransport.cc:147): FastTransport initialized with srpc/rpc backend on 127.0.0.1:31022
20260909-08:17.59-109614(us) 2404149 * RunEventLoop    (srpc_rpc_backend.cc:516): SrpcRpcBackend::RunEventLoop: Starting event loop
20260909-08:17.59-113143(us) 2404149 ! run             (bench.cc:519):     # of loaders size:6
20260909-08:17.59-114441(us) 2404149 * benchmark_thread_init (mbta_wrapper.hh:1811): thread_init: thread_id=0, shard_index=0, getShardIndex=0, loader=1
20260909-08:17.59-114504(us) 2404149 * benchmark_thread_init (mbta_wrapper.hh:1811): thread_init: thread_id=1, shard_index=0, getShardIndex=0, loader=1
[INFO] finished loading warehouse
20260909-08:17.59-114786(us) 2404149 * benchmark_thread_init (mbta_wrapper.hh:1811): thread_init: thread_id=2, shard_index=0, getShardIndex=0, loader=1
[INFO]   * average warehouse record length: 97 bytes
20260909-08:17.59-114875(us) 2404149 * benchmark_thread_init (mbta_wrapper.hh:1811): thread_init: thread_id=3, shard_index=0, getShardIndex=0, loader=1
PinToWarehouseId(): coreid=3 pinned to whse=1 (partid=0)
PinToWarehouseId(): coreid=2 pinned to whse=1 (partid=0)
20260909-08:17.59-115171(us) 2404149 * benchmark_thread_init (mbta_wrapper.hh:1811): thread_init: thread_id=4, shard_index=0, getShardIndex=0, loader=1
PinToWarehouseId(): coreid=3 pinned to whse=2 (partid=1)
num batches: 30
PinToWarehouseId(): coreid=4 pinned to whse=1 (partid=0)
PinToWarehouseId(): coreid=3 pinned to whse=3 (partid=2)
PinToWarehouseId(): coreid=3 pinned to whse=4 (partid=3)
PinToWarehouseId(): coreid=3 pinned to whse=5 (partid=4)
PinToWarehouseId(): coreid=3 pinned to whse=6 (partid=5)
20260909-08:17.59-115463(us) 2404149 * benchmark_thread_init (mbta_wrapper.hh:1811): thread_init: thread_id=5, shard_index=0, getShardIndex=0, loader=1
PinToWarehouseId(): coreid=3 pinned to whse=7 (partid=6)
PinToWarehouseId(): coreid=5 pinned to whse=1 (partid=0)
PinToWarehouseId(): coreid=3 pinned to whse=8 (partid=7)
PinToWarehouseId(): coreid=3 pinned to whse=9 (partid=8)
PinToWarehouseId(): coreid=3 pinned to whse=10 (partid=9)
PinToWarehouseId(): coreid=3 pinned to whse=11 (partid=10)
PinToWarehouseId(): coreid=3 pinned to whse=12 (partid=11)
PinToWarehouseId(): coreid=3 pinned to whse=13 (partid=12)
PinToWarehouseId(): coreid=3 pinned to whse=14 (partid=13)
PinToWarehouseId(): coreid=3 pinned to whse=15 (partid=14)
PinToWarehouseId(): coreid=3 pinned to whse=16 (partid=15)
[INFO] finished loading district
[INFO]   * average district record length: 99 bytes
PinToWarehouseId(): coreid=5 pinned to whse=2 (partid=1)
[INFO] finished loading item
[INFO]   * average item record length: 84.1739 bytes
PinToWarehouseId(): coreid=4 pinned to whse=2 (partid=1)
PinToWarehouseId(): coreid=5 pinned to whse=3 (partid=2)
PinToWarehouseId(): coreid=5 pinned to whse=4 (partid=3)
PinToWarehouseId(): coreid=4 pinned to whse=3 (partid=2)
PinToWarehouseId(): coreid=5 pinned to whse=5 (partid=4)
PinToWarehouseId(): coreid=5 pinned to whse=6 (partid=5)
PinToWarehouseId(): coreid=4 pinned to whse=4 (partid=3)
PinToWarehouseId(): coreid=5 pinned to whse=7 (partid=6)
PinToWarehouseId(): coreid=2 pinned to whse=2 (partid=1)
PinToWarehouseId(): coreid=5 pinned to whse=8 (partid=7)
PinToWarehouseId(): coreid=4 pinned to whse=5 (partid=4)
PinToWarehouseId(): coreid=5 pinned to whse=9 (partid=8)
PinToWarehouseId(): coreid=5 pinned to whse=10 (partid=9)
PinToWarehouseId(): coreid=4 pinned to whse=6 (partid=5)
PinToWarehouseId(): coreid=5 pinned to whse=11 (partid=10)
PinToWarehouseId(): coreid=5 pinned to whse=12 (partid=11)
PinToWarehouseId(): coreid=4 pinned to whse=7 (partid=6)
PinToWarehouseId(): coreid=5 pinned to whse=13 (partid=12)
PinToWarehouseId(): coreid=5 pinned to whse=14 (partid=13)
PinToWarehouseId(): coreid=4 pinned to whse=8 (partid=7)
PinToWarehouseId(): coreid=2 pinned to whse=3 (partid=2)
PinToWarehouseId(): coreid=5 pinned to whse=15 (partid=14)
PinToWarehouseId(): coreid=5 pinned to whse=16 (partid=15)
PinToWarehouseId(): coreid=4 pinned to whse=9 (partid=8)
[INFO] finished loading order
[INFO]   * average order_line record length: 11.2927 bytes
[INFO]   * average oorder record length: 7.9446 bytes
[INFO]   * average new_order record length: 12 bytes
PinToWarehouseId(): coreid=4 pinned to whse=10 (partid=9)
PinToWarehouseId(): coreid=4 pinned to whse=11 (partid=10)
PinToWarehouseId(): coreid=2 pinned to whse=4 (partid=3)
PinToWarehouseId(): coreid=4 pinned to whse=12 (partid=11)
PinToWarehouseId(): coreid=4 pinned to whse=13 (partid=12)
PinToWarehouseId(): coreid=4 pinned to whse=14 (partid=13)
PinToWarehouseId(): coreid=4 pinned to whse=15 (partid=14)
PinToWarehouseId(): coreid=2 pinned to whse=5 (partid=4)
PinToWarehouseId(): coreid=4 pinned to whse=16 (partid=15)
[INFO] finished loading customer
[INFO]   * average customer record length: 153.983 bytes 
PinToWarehouseId(): coreid=2 pinned to whse=6 (partid=5)
PinToWarehouseId(): coreid=2 pinned to whse=7 (partid=6)
PinToWarehouseId(): coreid=2 pinned to whse=8 (partid=7)
PinToWarehouseId(): coreid=2 pinned to whse=9 (partid=8)
PinToWarehouseId(): coreid=2 pinned to whse=10 (partid=9)
PinToWarehouseId(): coreid=2 pinned to whse=11 (partid=10)
PinToWarehouseId(): coreid=2 pinned to whse=12 (partid=11)
PinToWarehouseId(): coreid=2 pinned to whse=13 (partid=12)
PinToWarehouseId(): coreid=2 pinned to whse=14 (partid=13)
PinToWarehouseId(): coreid=2 pinned to whse=15 (partid=14)
PinToWarehouseId(): coreid=2 pinned to whse=16 (partid=15)
[INFO] finished loading stock
[INFO]   * average stock record length: 8 bytes
timed region dataloading took 20592.3 ms
DB size: 1788.61 MB
[0, 0, 0] txns persisted in loading phase
20260909-08:18.19-705563(us) 2404149 ! run             (bench.cc:578):     # of nthreads:16
starting benchmark...
tpcc: worker id 128 => warehouses [1, 2)
tpcc: worker id 129 => warehouses [2, 3)
tpcc: worker id 130 => warehouses [3, 4)
tpcc: worker id 131 => warehouses [4, 5)
tpcc: worker id 132 => warehouses [5, 6)
tpcc: worker id 133 => warehouses [6, 7)
tpcc: worker id 134 => warehouses [7, 8)
tpcc: worker id 135 => warehouses [8, 9)
tpcc: worker id 136 => warehouses [9, 10)
tpcc: worker id 137 => warehouses [10, 11)
tpcc: worker id 138 => warehouses [11, 12)
tpcc: worker id 139 => warehouses [12, 13)
tpcc: worker id 140 => warehouses [13, 14)
tpcc: worker id 141 => warehouses [14, 15)
tpcc: worker id 142 => warehouses [15, 16)
tpcc: worker id 143 => warehouses [16, 17)
20260909-08:18.19-717002(us) 2404149 * benchmark_thread_init (mbta_wrapper.hh:1811): thread_init: thread_id=6, shard_index=0, getShardIndex=0, loader=0
20260909-08:18.19-717126(us) 2404149 * benchmark_thread_init (mbta_wrapper.hh:1811): thread_init: thread_id=7, shard_index=0, getShardIndex=0, loader=0
20260909-08:18.19-717296(us) 2404149 * benchmark_thread_init (mbta_wrapper.hh:1811): thread_init: thread_id=8, shard_index=0, getShardIndex=0, loader=0
20260909-08:18.19-717363(us) 2404149 * benchmark_thread_init (mbta_wrapper.hh:1811): thread_init: thread_id=9, shard_index=0, getShardIndex=0, loader=0
20260909-08:18.19-717606(us) 2404149 * benchmark_thread_init (mbta_wrapper.hh:1811): thread_init: thread_id=10, shard_index=0, getShardIndex=0, loader=0
20260909-08:18.19-717873(us) 2404149 * benchmark_thread_init (mbta_wrapper.hh:1811): thread_init: thread_id=11, shard_index=0, getShardIndex=0, loader=0
20260909-08:18.19-718148(us) 2404149 * ParseNewFormat  (configuration.cc:102): Using new configuration format
20260909-08:18.19-718223(us) 2404149 * ParseNewFormat  (configuration.cc:162): Loaded 1 sites in 1 shards
20260909-08:18.19-718261(us) 2404149 * ParseNewFormat  (configuration.cc:102): Using new configuration format
20260909-08:18.19-718318(us) 2404149 * ParseNewFormat  (configuration.cc:102): Using new configuration format
20260909-08:18.19-718372(us) 2404149 * ParseNewFormat  (configuration.cc:162): Loaded 1 sites in 1 shards
20260909-08:18.19-718411(us) 2404149 * ParseNewFormat  (configuration.cc:102): Using new configuration format
20260909-08:18.19-718498(us) 2404149 * ParseNewFormat  (configuration.cc:162): Loaded 1 sites in 1 shards
20260909-08:18.19-718564(us) 2404149 * benchmark_thread_init (mbta_wrapper.hh:1811): thread_init: thread_id=12, shard_index=0, getShardIndex=0, loader=0
20260909-08:18.19-718631(us) 2404149 * ParseNewFormat  (configuration.cc:162): Loaded 1 sites in 1 shards
20260909-08:18.19-718677(us) 2404149 * benchmark_thread_init (mbta_wrapper.hh:1811): thread_init: thread_id=13, shard_index=0, getShardIndex=0, loader=0
20260909-08:18.19-718731(us) 2404149 * ParseNewFormat  (configuration.cc:102): Using new configuration format
20260909-08:18.19-718808(us) 2404149 * ParseNewFormat  (configuration.cc:102): Using new configuration format
20260909-08:18.19-718874(us) 2404149 * ParseNewFormat  (configuration.cc:162): Loaded 1 sites in 1 shards
20260909-08:18.19-718942(us) 2404149 * ParseNewFormat  (configuration.cc:102): Using new configuration format
20260909-08:18.19-719024(us) 2404149 * ParseNewFormat  (configuration.cc:162): Loaded 1 sites in 1 shards
20260909-08:18.19-719078(us) 2404149 * ParseNewFormat  (configuration.cc:102): Using new configuration format
20260909-08:18.19-719128(us) 2404149 * ParseNewFormat  (configuration.cc:102): Using new configuration format
20260909-08:18.19-719167(us) 2404149 * ParseNewFormat  (configuration.cc:162): Loaded 1 sites in 1 shards
20260909-08:18.19-719231(us) 2404149 * ParseNewFormat  (configuration.cc:162): Loaded 1 sites in 1 shards
20260909-08:18.19-719285(us) 2404149 * ParseNewFormat  (configuration.cc:162): Loaded 1 sites in 1 shards
20260909-08:18.19-719360(us) 2404149 * ParseNewFormat  (configuration.cc:102): Using new configuration format
20260909-08:18.19-719416(us) 2404149 * ParseNewFormat  (configuration.cc:102): Using new configuration format
20260909-08:18.19-719458(us) 2404149 * ParseNewFormat  (configuration.cc:102): Using new configuration format
20260909-08:18.19-719503(us) 2404149 * ParseNewFormat  (configuration.cc:162): Loaded 1 sites in 1 shards
20260909-08:18.19-719584(us) 2404149 * Initialize      (srpc_rpc_backend.cc:66): SrpcRpcBackend::Initialize: poll_thread_worker_ created, is_some=1
20260909-08:18.19-719624(us) 2404149 * benchmark_thread_init (mbta_wrapper.hh:1811): thread_init: thread_id=14, shard_index=0, getShardIndex=0, loader=0
20260909-08:18.19-719717(us) 2404149 * Initialize      (srpc_rpc_backend.cc:97): SrpcRpcBackend initialized on 127.0.0.1:31000 (listening on 0.0.0.0:31000)
20260909-08:18.19-719741(us) 2404149 * FastTransport   (fasttransport.cc:147): FastTransport initialized with srpc/rpc backend on 127.0.0.1:31000
20260909-08:18.19-719854(us) 2404149 * Initialize      (srpc_rpc_backend.cc:66): SrpcRpcBackend::Initialize: poll_thread_worker_ created, is_some=1
20260909-08:18.19-719909(us) 2404149 * ParseNewFormat  (configuration.cc:162): Loaded 1 sites in 1 shards
20260909-08:18.19-719961(us) 2404149 * ParseNewFormat  (configuration.cc:102): Using new configuration format
20260909-08:18.19-720017(us) 2404149 * ParseNewFormat  (configuration.cc:102): Using new configuration format
20260909-08:18.19-720073(us) 2404149 * Initialize      (srpc_rpc_backend.cc:97): SrpcRpcBackend initialized on 127.0.0.1:31003 (listening on 0.0.0.0:31003)
20260909-08:18.19-720107(us) 2404149 * FastTransport   (fasttransport.cc:147): FastTransport initialized with srpc/rpc backend on 127.0.0.1:31003
20260909-08:18.19-720129(us) 2404149 * Initialize      (srpc_rpc_backend.cc:66): SrpcRpcBackend::Initialize: poll_thread_worker_ created, is_some=1
20260909-08:18.19-720179(us) 2404149 * ParseNewFormat  (configuration.cc:162): Loaded 1 sites in 1 shards
20260909-08:18.19-720267(us) 2404149 * Initialize      (srpc_rpc_backend.cc:97): SrpcRpcBackend initialized on 127.0.0.1:31001 (listening on 0.0.0.0:31001)
20260909-08:18.19-720294(us) 2404149 * FastTransport   (fasttransport.cc:147): FastTransport initialized with srpc/rpc backend on 127.0.0.1:31001
20260909-08:18.19-720356(us) 2404149 * Initialize      (srpc_rpc_backend.cc:66): SrpcRpcBackend::Initialize: poll_thread_worker_ created, is_some=1
20260909-08:18.19-720420(us) 2404149 * ParseNewFormat  (configuration.cc:162): Loaded 1 sites in 1 shards
20260909-08:18.19-720477(us) 2404149 * ParseNewFormat  (configuration.cc:102): Using new configuration format
20260909-08:18.19-720547(us) 2404149 * ParseNewFormat  (configuration.cc:162): Loaded 1 sites in 1 shards
20260909-08:18.19-720596(us) 2404149 * Initialize      (srpc_rpc_backend.cc:97): SrpcRpcBackend initialized on 127.0.0.1:31002 (listening on 0.0.0.0:31002)
20260909-08:18.19-720625(us) 2404149 * ParseNewFormat  (configuration.cc:102): Using new configuration format
20260909-08:18.19-720664(us) 2404149 * ParseNewFormat  (configuration.cc:102): Using new configuration format
20260909-08:18.19-720709(us) 2404149 * benchmark_thread_init (mbta_wrapper.hh:1811): thread_init: thread_id=15, shard_index=0, getShardIndex=0, loader=0
20260909-08:18.19-720753(us) 2404149 * FastTransport   (fasttransport.cc:147): FastTransport initialized with srpc/rpc backend on 127.0.0.1:31002
20260909-08:18.19-720780(us) 2404149 * ParseNewFormat  (configuration.cc:102): Using new configuration format
20260909-08:18.19-720819(us) 2404149 * ParseNewFormat  (configuration.cc:102): Using new configuration format
20260909-08:18.19-720854(us) 2404149 * ParseNewFormat  (configuration.cc:162): Loaded 1 sites in 1 shards
20260909-08:18.19-720887(us) 2404149 * ParseNewFormat  (configuration.cc:162): Loaded 1 sites in 1 shards
20260909-08:18.19-720922(us) 2404149 * Initialize      (srpc_rpc_backend.cc:66): SrpcRpcBackend::Initialize: poll_thread_worker_ created, is_some=1
20260909-08:18.19-720961(us) 2404149 * ParseNewFormat  (configuration.cc:162): Loaded 1 sites in 1 shards
20260909-08:18.19-721008(us) 2404149 * ParseNewFormat  (configuration.cc:162): Loaded 1 sites in 1 shards
20260909-08:18.19-721039(us) 2404149 * benchmark_thread_init (mbta_wrapper.hh:1811): thread_init: thread_id=16, shard_index=0, getShardIndex=0, loader=0
20260909-08:18.19-721083(us) 2404149 * benchmark_thread_init (mbta_wrapper.hh:1811): thread_init: thread_id=17, shard_index=0, getShardIndex=0, loader=0
20260909-08:18.19-721170(us) 2404149 * ParseNewFormat  (configuration.cc:102): Using new configuration format
20260909-08:18.19-721217(us) 2404149 * Initialize      (srpc_rpc_backend.cc:97): SrpcRpcBackend initialized on 127.0.0.1:31005 (listening on 0.0.0.0:31005)
20260909-08:18.19-721244(us) 2404149 * FastTransport   (fasttransport.cc:147): FastTransport initialized with srpc/rpc backend on 127.0.0.1:31005
20260909-08:18.19-721280(us) 2404149 * ParseNewFormat  (configuration.cc:102): Using new configuration format
20260909-08:18.19-721325(us) 2404149 * ParseNewFormat  (configuration.cc:102): Using new configuration format
20260909-08:18.19-721374(us) 2404149 * ParseNewFormat  (configuration.cc:162): Loaded 1 sites in 1 shards
20260909-08:18.19-721404(us) 2404149 * ParseNewFormat  (configuration.cc:162): Loaded 1 sites in 1 shards
20260909-08:18.19-721450(us) 2404149 * benchmark_thread_init (mbta_wrapper.hh:1811): thread_init: thread_id=18, shard_index=0, getShardIndex=0, loader=0
20260909-08:18.19-721511(us) 2404149 * ParseNewFormat  (configuration.cc:162): Loaded 1 sites in 1 shards
20260909-08:18.19-721545(us) 2404149 * ParseNewFormat  (configuration.cc:102): Using new configuration format
20260909-08:18.19-721603(us) 2404149 * ParseNewFormat  (configuration.cc:162): Loaded 1 sites in 1 shards
20260909-08:18.19-721646(us) 2404149 * ParseNewFormat  (configuration.cc:102): Using new configuration format
20260909-08:18.19-721699(us) 2404149 * ParseNewFormat  (configuration.cc:162): Loaded 1 sites in 1 shards
20260909-08:18.19-721747(us) 2404149 * ParseNewFormat  (configuration.cc:102): Using new configuration format
20260909-08:18.19-721809(us) 2404149 * ParseNewFormat  (configuration.cc:162): Loaded 1 sites in 1 shards
20260909-08:18.19-721883(us) 2404149 * Initialize      (srpc_rpc_backend.cc:66): SrpcRpcBackend::Initialize: poll_thread_worker_ created, is_some=1
20260909-08:18.19-721922(us) 2404149 * Initialize      (srpc_rpc_backend.cc:66): SrpcRpcBackend::Initialize: poll_thread_worker_ created, is_some=1
20260909-08:18.19-721951(us) 2404149 * Initialize      (srpc_rpc_backend.cc:97): SrpcRpcBackend initialized on 127.0.0.1:31007 (listening on 0.0.0.0:31007)
20260909-08:18.19-721990(us) 2404149 * FastTransport   (fasttransport.cc:147): FastTransport initialized with srpc/rpc backend on 127.0.0.1:31007
20260909-08:18.19-722009(us) 2404149 * ParseNewFormat  (configuration.cc:102): Using new configuration format
20260909-08:18.19-722043(us) 2404149 * benchmark_thread_init (mbta_wrapper.hh:1811): thread_init: thread_id=20, shard_index=0, getShardIndex=0, loader=0
20260909-08:18.19-722073(us) 2404149 * ParseNewFormat  (configuration.cc:162): Loaded 1 sites in 1 shards
20260909-08:18.19-722152(us) 2404149 * benchmark_thread_init (mbta_wrapper.hh:1811): thread_init: thread_id=19, shard_index=0, getShardIndex=0, loader=0
20260909-08:18.19-722183(us) 2404149 * ParseNewFormat  (configuration.cc:102): Using new configuration format
20260909-08:18.19-722221(us) 2404149 * ParseNewFormat  (configuration.cc:102): Using new configuration format
20260909-08:18.19-722257(us) 2404149 * Initialize      (srpc_rpc_backend.cc:66): SrpcRpcBackend::Initialize: poll_thread_worker_ created, is_some=1
20260909-08:18.19-722288(us) 2404149 * ParseNewFormat  (configuration.cc:162): Loaded 1 sites in 1 shards
20260909-08:18.19-722318(us) 2404149 * ParseNewFormat  (configuration.cc:162): Loaded 1 sites in 1 shards
20260909-08:18.19-722461(us) 2404149 * Initialize      (srpc_rpc_backend.cc:97): SrpcRpcBackend initialized on 127.0.0.1:31006 (listening on 0.0.0.0:31006)
20260909-08:18.19-722485(us) 2404149 * FastTransport   (fasttransport.cc:147): FastTransport initialized with srpc/rpc backend on 127.0.0.1:31006
20260909-08:18.19-722520(us) 2404149 * ParseNewFormat  (configuration.cc:102): Using new configuration format
20260909-08:18.19-722590(us) 2404149 * ParseNewFormat  (configuration.cc:162): Loaded 1 sites in 1 shards
20260909-08:18.19-722715(us) 2404149 * ParseNewFormat  (configuration.cc:102): Using new configuration format
20260909-08:18.19-722752(us) 2404149 * ParseNewFormat  (configuration.cc:162): Loaded 1 sites in 1 shards
20260909-08:18.19-722844(us) 2404149 * ParseNewFormat  (configuration.cc:162): Loaded 1 sites in 1 shards
20260909-08:18.19-722875(us) 2404149 * ParseNewFormat  (configuration.cc:102): Using new configuration format
20260909-08:18.19-722916(us) 2404149 * ParseNewFormat  (configuration.cc:162): Loaded 1 sites in 1 shards
20260909-08:18.19-723176(us) 2404149 * ParseNewFormat  (configuration.cc:102): Using new configuration format
20260909-08:18.19-723225(us) 2404149 * ParseNewFormat  (configuration.cc:162): Loaded 1 sites in 1 shards
20260909-08:18.19-723572(us) 2404149 * benchmark_thread_init (mbta_wrapper.hh:1811): thread_init: thread_id=21, shard_index=0, getShardIndex=0, loader=0
20260909-08:18.19-723928(us) 2404149 * ParseNewFormat  (configuration.cc:102): Using new configuration format
20260909-08:18.19-723960(us) 2404149 * ParseNewFormat  (configuration.cc:162): Loaded 1 sites in 1 shards
20260909-08:18.19-724523(us) 2404149 * ParseNewFormat  (configuration.cc:102): Using new configuration format
20260909-08:18.19-724574(us) 2404149 * ParseNewFormat  (configuration.cc:162): Loaded 1 sites in 1 shards
20260909-08:18.19-725270(us) 2404149 * ParseNewFormat  (configuration.cc:102): Using new configuration format
20260909-08:18.19-725299(us) 2404149 * ParseNewFormat  (configuration.cc:162): Loaded 1 sites in 1 shards
20260909-08:18.19-741894(us) 2404149 * Initialize      (srpc_rpc_backend.cc:97): SrpcRpcBackend initialized on 127.0.0.1:31008 (listening on 0.0.0.0:31008)
20260909-08:18.19-741933(us) 2404149 * FastTransport   (fasttransport.cc:147): FastTransport initialized with srpc/rpc backend on 127.0.0.1:31008
20260909-08:18.19-742104(us) 2404149 * Initialize      (srpc_rpc_backend.cc:66): SrpcRpcBackend::Initialize: poll_thread_worker_ created, is_some=1
20260909-08:18.19-742192(us) 2404149 * Initialize      (srpc_rpc_backend.cc:97): SrpcRpcBackend initialized on 127.0.0.1:31009 (listening on 0.0.0.0:31009)
20260909-08:18.19-742208(us) 2404149 * FastTransport   (fasttransport.cc:147): FastTransport initialized with srpc/rpc backend on 127.0.0.1:31009
20260909-08:18.19-742284(us) 2404149 * Initialize      (srpc_rpc_backend.cc:66): SrpcRpcBackend::Initialize: poll_thread_worker_ created, is_some=1
20260909-08:18.19-742356(us) 2404149 * Initialize      (srpc_rpc_backend.cc:97): SrpcRpcBackend initialized on 127.0.0.1:31011 (listening on 0.0.0.0:31011)
20260909-08:18.19-742373(us) 2404149 * FastTransport   (fasttransport.cc:147): FastTransport initialized with srpc/rpc backend on 127.0.0.1:31011
20260909-08:18.19-742401(us) 2404149 * Initialize      (srpc_rpc_backend.cc:66): SrpcRpcBackend::Initialize: poll_thread_worker_ created, is_some=1
20260909-08:18.19-742471(us) 2404149 * ParseNewFormat  (configuration.cc:102): Using new configuration format
20260909-08:18.19-742512(us) 2404149 * Initialize      (srpc_rpc_backend.cc:97): SrpcRpcBackend initialized on 127.0.0.1:31004 (listening on 0.0.0.0:31004)
20260909-08:18.19-742540(us) 2404149 * FastTransport   (fasttransport.cc:147): FastTransport initialized with srpc/rpc backend on 127.0.0.1:31004
20260909-08:18.19-742597(us) 2404149 * ParseNewFormat  (configuration.cc:162): Loaded 1 sites in 1 shards
20260909-08:18.19-742642(us) 2404149 * Initialize      (srpc_rpc_backend.cc:66): SrpcRpcBackend::Initialize: poll_thread_worker_ created, is_some=1
20260909-08:18.19-742718(us) 2404149 * ParseNewFormat  (configuration.cc:102): Using new configuration format
20260909-08:18.19-742802(us) 2404149 * ParseNewFormat  (configuration.cc:162): Loaded 1 sites in 1 shards
20260909-08:18.19-742845(us) 2404149 * Initialize      (srpc_rpc_backend.cc:66): SrpcRpcBackend::Initialize: poll_thread_worker_ created, is_some=1
20260909-08:18.19-742883(us) 2404149 * Initialize      (srpc_rpc_backend.cc:97): SrpcRpcBackend initialized on 127.0.0.1:31015 (listening on 0.0.0.0:31015)
20260909-08:18.19-742913(us) 2404149 * Initialize      (srpc_rpc_backend.cc:97): SrpcRpcBackend initialized on 127.0.0.1:31010 (listening on 0.0.0.0:31010)
20260909-08:18.19-742932(us) 2404149 * FastTransport   (fasttransport.cc:147): FastTransport initialized with srpc/rpc backend on 127.0.0.1:31010
20260909-08:18.19-742955(us) 2404149 * ParseNewFormat  (configuration.cc:102): Using new configuration format
20260909-08:18.19-742991(us) 2404149 * ParseNewFormat  (configuration.cc:102): Using new configuration format
20260909-08:18.19-743221(us) 2404149 * Initialize      (srpc_rpc_backend.cc:66): SrpcRpcBackend::Initialize: poll_thread_worker_ created, is_some=1
20260909-08:18.19-743244(us) 2404149 * ParseNewFormat  (configuration.cc:102): Using new configuration format
20260909-08:18.19-743271(us) 2404149 * ParseNewFormat  (configuration.cc:162): Loaded 1 sites in 1 shards
20260909-08:18.19-743299(us) 2404149 * ParseNewFormat  (configuration.cc:102): Using new configuration format
20260909-08:18.19-743332(us) 2404149 * FastTransport   (fasttransport.cc:147): FastTransport initialized with srpc/rpc backend on 127.0.0.1:31015
20260909-08:18.19-743359(us) 2404149 * ParseNewFormat  (configuration.cc:162): Loaded 1 sites in 1 shards
20260909-08:18.19-743394(us) 2404149 * ParseNewFormat  (configuration.cc:102): Using new configuration format
20260909-08:18.19-743440(us) 2404149 * ParseNewFormat  (configuration.cc:162): Loaded 1 sites in 1 shards
20260909-08:18.19-743483(us) 2404149 * ParseNewFormat  (configuration.cc:102): Using new configuration format
20260909-08:18.19-743522(us) 2404149 * ParseNewFormat  (configuration.cc:162): Loaded 1 sites in 1 shards
20260909-08:18.19-743607(us) 2404149 * ParseNewFormat  (configuration.cc:162): Loaded 1 sites in 1 shards
20260909-08:18.19-743647(us) 2404149 * ParseNewFormat  (configuration.cc:162): Loaded 1 sites in 1 shards
20260909-08:18.19-743687(us) 2404149 * Initialize      (srpc_rpc_backend.cc:97): SrpcRpcBackend initialized on 127.0.0.1:31014 (listening on 0.0.0.0:31014)
20260909-08:18.19-743705(us) 2404149 * FastTransport   (fasttransport.cc:147): FastTransport initialized with srpc/rpc backend on 127.0.0.1:31014
20260909-08:18.19-743748(us) 2404149 * ParseNewFormat  (configuration.cc:102): Using new configuration format
20260909-08:18.19-743788(us) 2404149 * ParseNewFormat  (configuration.cc:162): Loaded 1 sites in 1 shards
20260909-08:18.19-743971(us) 2404149 * Initialize      (srpc_rpc_backend.cc:66): SrpcRpcBackend::Initialize: poll_thread_worker_ created, is_some=1
20260909-08:18.19-744054(us) 2404149 * Initialize      (srpc_rpc_backend.cc:97): SrpcRpcBackend initialized on 127.0.0.1:31012 (listening on 0.0.0.0:31012)
20260909-08:18.19-744085(us) 2404149 * FastTransport   (fasttransport.cc:147): FastTransport initialized with srpc/rpc backend on 127.0.0.1:31012
20260909-08:18.19-744113(us) 2404149 * ParseNewFormat  (configuration.cc:102): Using new configuration format
20260909-08:18.19-744155(us) 2404149 * ParseNewFormat  (configuration.cc:162): Loaded 1 sites in 1 shards
20260909-08:18.19-744397(us) 2404149 * Initialize      (srpc_rpc_backend.cc:66): SrpcRpcBackend::Initialize: poll_thread_worker_ created, is_some=1
20260909-08:18.19-744461(us) 2404149 * Initialize      (srpc_rpc_backend.cc:97): SrpcRpcBackend initialized on 127.0.0.1:31013 (listening on 0.0.0.0:31013)
20260909-08:18.19-744477(us) 2404149 * FastTransport   (fasttransport.cc:147): FastTransport initialized with srpc/rpc backend on 127.0.0.1:31013
20260909-08:18.19-744528(us) 2404149 * ParseNewFormat  (configuration.cc:102): Using new configuration format
20260909-08:18.19-744568(us) 2404149 * ParseNewFormat  (configuration.cc:162): Loaded 1 sites in 1 shards
20260909-08:18.19-744798(us) 2404149 * ParseNewFormat  (configuration.cc:102): Using new configuration format
20260909-08:18.19-744871(us) 2404149 * ParseNewFormat  (configuration.cc:162): Loaded 1 sites in 1 shards
20260909-08:18.19-745262(us) 2404149 * ParseNewFormat  (configuration.cc:102): Using new configuration format
20260909-08:18.19-745302(us) 2404149 * ParseNewFormat  (configuration.cc:162): Loaded 1 sites in 1 shards
20260909-08:18.19-746858(us) 2404149 ! run             (bench.cc:645):     TPCC_BENCH_MEASURE_START
20260909-08:18.19-746879(us) 2404149 ! run             (bench.cc:653):     start the running time, runTime:10
20260909-08:18.19-746893(us) 2404149 ! run             (bench.cc:665):     runtime time left:10000 ms, bool:1
20260909-08:18.20-754591(us) 2404149 ! run             (bench.cc:665):     runtime time left:9000 ms, bool:1
20260909-08:18.21-761110(us) 2404149 ! run             (bench.cc:665):     runtime time left:8000 ms, bool:1
20260909-08:18.22-768324(us) 2404149 ! run             (bench.cc:665):     runtime time left:7000 ms, bool:1
20260909-08:18.23-776318(us) 2404149 ! run             (bench.cc:665):     runtime time left:6000 ms, bool:1
20260909-08:18.24-784711(us) 2404149 ! run             (bench.cc:665):     runtime time left:5000 ms, bool:1
20260909-08:18.25-793650(us) 2404149 ! run             (bench.cc:665):     runtime time left:4000 ms, bool:1
20260909-08:18.26-801575(us) 2404149 ! run             (bench.cc:665):     runtime time left:3000 ms, bool:1
20260909-08:18.27-812818(us) 2404149 ! run             (bench.cc:665):     runtime time left:2000 ms, bool:1
20260909-08:18.28-819444(us) 2404149 ! run             (bench.cc:665):     runtime time left:1000 ms, bool:1
20260909-08:18.29-826750(us) 2404149 ! run             (bench.cc:678):     runtime_plus:0
[SHUTDOWN] Setting running=false to stop database worker threads
[SHUTDOWN] Calling first stop() to stop client transports
20260909-08:18.29-826822(us) 2404149 * PrintStats      (srpc_rpc_backend.cc:686): SrpcRpcBackend request stats: msg_size_req_sent: 0 bytes, counter: 0, avg: 0.000000
20260909-08:18.29-826893(us) 2404149 * PrintStats      (srpc_rpc_backend.cc:686): SrpcRpcBackend request stats: msg_size_req_sent: 0 bytes, counter: 0, avg: 0.000000
20260909-08:18.29-826925(us) 2404149 * PrintStats      (srpc_rpc_backend.cc:686): SrpcRpcBackend request stats: msg_size_req_sent: 0 bytes, counter: 0, avg: 0.000000
20260909-08:18.29-826957(us) 2404149 * PrintStats      (srpc_rpc_backend.cc:686): SrpcRpcBackend request stats: msg_size_req_sent: 0 bytes, counter: 0, avg: 0.000000
20260909-08:18.29-827013(us) 2404149 * PrintStats      (srpc_rpc_backend.cc:686): SrpcRpcBackend request stats: msg_size_req_sent: 0 bytes, counter: 0, avg: 0.000000
20260909-08:18.29-827080(us) 2404149 * PrintStats      (srpc_rpc_backend.cc:686): SrpcRpcBackend request stats: msg_size_req_sent: 0 bytes, counter: 0, avg: 0.000000
20260909-08:18.29-827128(us) 2404149 * PrintStats      (srpc_rpc_backend.cc:686): SrpcRpcBackend request stats: msg_size_req_sent: 0 bytes, counter: 0, avg: 0.000000
20260909-08:18.29-827200(us) 2404149 * PrintStats      (srpc_rpc_backend.cc:686): SrpcRpcBackend request stats: msg_size_req_sent: 0 bytes, counter: 0, avg: 0.000000
20260909-08:18.29-827246(us) 2404149 * PrintStats      (srpc_rpc_backend.cc:686): SrpcRpcBackend request stats: msg_size_req_sent: 0 bytes, counter: 0, avg: 0.000000
20260909-08:18.29-827296(us) 2404149 * PrintStats      (srpc_rpc_backend.cc:686): SrpcRpcBackend request stats: msg_size_req_sent: 0 bytes, counter: 0, avg: 0.000000
20260909-08:18.29-827366(us) 2404149 * PrintStats      (srpc_rpc_backend.cc:686): SrpcRpcBackend request stats: msg_size_req_sent: 0 bytes, counter: 0, avg: 0.000000
20260909-08:18.29-827408(us) 2404149 * PrintStats      (srpc_rpc_backend.cc:686): SrpcRpcBackend request stats: msg_size_req_sent: 0 bytes, counter: 0, avg: 0.000000
20260909-08:18.29-827456(us) 2404149 * PrintStats      (srpc_rpc_backend.cc:686): SrpcRpcBackend request stats: msg_size_req_sent: 0 bytes, counter: 0, avg: 0.000000
20260909-08:18.29-827500(us) 2404149 * PrintStats      (srpc_rpc_backend.cc:686): SrpcRpcBackend request stats: msg_size_req_sent: 0 bytes, counter: 0, avg: 0.000000
20260909-08:18.29-827543(us) 2404149 ! stop            (bench.cc:496):     stop all rpc clients. set stop=false
20260909-08:18.29-827578(us) 2404149 * Stop            (srpc_rpc_backend.cc:593): SrpcRpcBackend::Stop: BEGIN - Setting stop flag
20260909-08:18.29-827597(us) 2404149 * Stop            (srpc_rpc_backend.cc:596): SrpcRpcBackend::Stop: Waiting for event loop to exit...
20260909-08:18.29-827613(us) 2404149 * Stop            (srpc_rpc_backend.cc:612): SrpcRpcBackend::Stop: Event loop exited successfully
20260909-08:18.29-827629(us) 2404149 * Stop            (srpc_rpc_backend.cc:616): SrpcRpcBackend::Stop: Signaling 0 request queues to stop
20260909-08:18.29-827645(us) 2404149 * Stop            (srpc_rpc_backend.cc:624): SrpcRpcBackend::Stop: Signaling 0 response queues to stop
20260909-08:18.29-827660(us) 2404149 * Stop            (srpc_rpc_backend.cc:635): SrpcRpcBackend::Stop: Server cleanup deferred to destructor
20260909-08:18.29-827676(us) 2404149 * Stop            (srpc_rpc_backend.cc:638): SrpcRpcBackend::Stop: Closing client connections
20260909-08:18.29-827691(us) 2404149 * Stop            (srpc_rpc_backend.cc:642): SrpcRpcBackend::Stop: Found 0 client connections to close
20260909-08:18.29-827707(us) 2404149 * Stop            (srpc_rpc_backend.cc:662): SrpcRpcBackend::Stop: Closed 0 client connections
20260909-08:18.29-827722(us) 2404149 * Stop            (srpc_rpc_backend.cc:675): SrpcRpcBackend stats: msg_size_resp_sent: 0 bytes, counter: 0, avg: 0.000000
20260909-08:18.29-827741(us) 2404149 * Stop            (srpc_rpc_backend.cc:676): SrpcRpcBackend::Stop: END
20260909-08:18.29-827758(us) 2404149 * Stop            (srpc_rpc_backend.cc:593): SrpcRpcBackend::Stop: BEGIN - Setting stop flag
20260909-08:18.29-827773(us) 2404149 * Stop            (srpc_rpc_backend.cc:596): SrpcRpcBackend::Stop: Waiting for event loop to exit...
20260909-08:18.29-827788(us) 2404149 * Stop            (srpc_rpc_backend.cc:612): SrpcRpcBackend::Stop: Event loop exited successfully
20260909-08:18.29-827803(us) 2404149 * Stop            (srpc_rpc_backend.cc:616): SrpcRpcBackend::Stop: Signaling 0 request queues to stop
20260909-08:18.29-827818(us) 2404149 * Stop            (srpc_rpc_backend.cc:624): SrpcRpcBackend::Stop: Signaling 0 response queues to stop
20260909-08:18.29-827844(us) 2404149 * Stop            (srpc_rpc_backend.cc:635): SrpcRpcBackend::Stop: Server cleanup deferred to destructor
20260909-08:18.29-827859(us) 2404149 * Stop            (srpc_rpc_backend.cc:638): SrpcRpcBackend::Stop: Closing client connections
20260909-08:18.29-827873(us) 2404149 * Stop            (srpc_rpc_backend.cc:642): SrpcRpcBackend::Stop: Found 0 client connections to close
20260909-08:18.29-827887(us) 2404149 * Stop            (srpc_rpc_backend.cc:662): SrpcRpcBackend::Stop: Closed 0 client connections
20260909-08:18.29-827909(us) 2404149 * Stop            (srpc_rpc_backend.cc:675): SrpcRpcBackend stats: msg_size_resp_sent: 0 bytes, counter: 0, avg: 0.000000
20260909-08:18.29-827925(us) 2404149 * Stop            (srpc_rpc_backend.cc:676): SrpcRpcBackend::Stop: END
20260909-08:18.29-827941(us) 2404149 * Stop            (srpc_rpc_backend.cc:593): SrpcRpcBackend::Stop: BEGIN - Setting stop flag
20260909-08:18.29-827956(us) 2404149 * Stop            (srpc_rpc_backend.cc:596): SrpcRpcBackend::Stop: Waiting for event loop to exit...
20260909-08:18.29-827971(us) 2404149 * Stop            (srpc_rpc_backend.cc:612): SrpcRpcBackend::Stop: Event loop exited successfully
20260909-08:18.29-827987(us) 2404149 * Stop            (srpc_rpc_backend.cc:616): SrpcRpcBackend::Stop: Signaling 0 request queues to stop
20260909-08:18.29-828002(us) 2404149 * Stop            (srpc_rpc_backend.cc:624): SrpcRpcBackend::Stop: Signaling 0 response queues to stop
20260909-08:18.29-828017(us) 2404149 * Stop            (srpc_rpc_backend.cc:635): SrpcRpcBackend::Stop: Server cleanup deferred to destructor
20260909-08:18.29-828032(us) 2404149 * Stop            (srpc_rpc_backend.cc:638): SrpcRpcBackend::Stop: Closing client connections
20260909-08:18.29-828047(us) 2404149 * Stop            (srpc_rpc_backend.cc:642): SrpcRpcBackend::Stop: Found 0 client connections to close
20260909-08:18.29-828065(us) 2404149 * Stop            (srpc_rpc_backend.cc:662): SrpcRpcBackend::Stop: Closed 0 client connections
20260909-08:18.29-828081(us) 2404149 * Stop            (srpc_rpc_backend.cc:675): SrpcRpcBackend stats: msg_size_resp_sent: 0 bytes, counter: 0, avg: 0.000000
20260909-08:18.29-828097(us) 2404149 * Stop            (srpc_rpc_backend.cc:676): SrpcRpcBackend::Stop: END
20260909-08:18.29-828114(us) 2404149 * Stop            (srpc_rpc_backend.cc:593): SrpcRpcBackend::Stop: BEGIN - Setting stop flag
20260909-08:18.29-828129(us) 2404149 * Stop            (srpc_rpc_backend.cc:596): SrpcRpcBackend::Stop: Waiting for event loop to exit...
20260909-08:18.29-828144(us) 2404149 * Stop            (srpc_rpc_backend.cc:612): SrpcRpcBackend::Stop: Event loop exited successfully
20260909-08:18.29-828160(us) 2404149 * Stop            (srpc_rpc_backend.cc:616): SrpcRpcBackend::Stop: Signaling 0 request queues to stop
20260909-08:18.29-828177(us) 2404149 * Stop            (srpc_rpc_backend.cc:624): SrpcRpcBackend::Stop: Signaling 0 response queues to stop
20260909-08:18.29-828192(us) 2404149 * Stop            (srpc_rpc_backend.cc:635): SrpcRpcBackend::Stop: Server cleanup deferred to destructor
20260909-08:18.29-828208(us) 2404149 * Stop            (srpc_rpc_backend.cc:638): SrpcRpcBackend::Stop: Closing client connections
20260909-08:18.29-828223(us) 2404149 * Stop            (srpc_rpc_backend.cc:642): SrpcRpcBackend::Stop: Found 0 client connections to close
20260909-08:18.29-828238(us) 2404149 * Stop            (srpc_rpc_backend.cc:662): SrpcRpcBackend::Stop: Closed 0 client connections
20260909-08:18.29-828254(us) 2404149 * Stop            (srpc_rpc_backend.cc:675): SrpcRpcBackend stats: msg_size_resp_sent: 0 bytes, counter: 0, avg: 0.000000
20260909-08:18.29-828272(us) 2404149 * Stop            (srpc_rpc_backend.cc:676): SrpcRpcBackend::Stop: END
20260909-08:18.29-828289(us) 2404149 * Stop            (srpc_rpc_backend.cc:593): SrpcRpcBackend::Stop: BEGIN - Setting stop flag
20260909-08:18.29-828304(us) 2404149 * Stop            (srpc_rpc_backend.cc:596): SrpcRpcBackend::Stop: Waiting for event loop to exit...
20260909-08:18.29-828319(us) 2404149 * Stop            (srpc_rpc_backend.cc:612): SrpcRpcBackend::Stop: Event loop exited successfully
20260909-08:18.29-828335(us) 2404149 * Stop            (srpc_rpc_backend.cc:616): SrpcRpcBackend::Stop: Signaling 0 request queues to stop
20260909-08:18.29-828350(us) 2404149 * Stop            (srpc_rpc_backend.cc:624): SrpcRpcBackend::Stop: Signaling 0 response queues to stop
20260909-08:18.29-828365(us) 2404149 * Stop            (srpc_rpc_backend.cc:635): SrpcRpcBackend::Stop: Server cleanup deferred to destructor
20260909-08:18.29-828381(us) 2404149 * Stop            (srpc_rpc_backend.cc:638): SrpcRpcBackend::Stop: Closing client connections
20260909-08:18.29-828396(us) 2404149 * Stop            (srpc_rpc_backend.cc:642): SrpcRpcBackend::Stop: Found 0 client connections to close
20260909-08:18.29-828411(us) 2404149 * Stop            (srpc_rpc_backend.cc:662): SrpcRpcBackend::Stop: Closed 0 client connections
20260909-08:18.29-828426(us) 2404149 * Stop            (srpc_rpc_backend.cc:675): SrpcRpcBackend stats: msg_size_resp_sent: 0 bytes, counter: 0, avg: 0.000000
20260909-08:18.29-828442(us) 2404149 * Stop            (srpc_rpc_backend.cc:676): SrpcRpcBackend::Stop: END
20260909-08:18.29-828458(us) 2404149 * Stop            (srpc_rpc_backend.cc:593): SrpcRpcBackend::Stop: BEGIN - Setting stop flag
20260909-08:18.29-828473(us) 2404149 * Stop            (srpc_rpc_backend.cc:596): SrpcRpcBackend::Stop: Waiting for event loop to exit...
20260909-08:18.29-828489(us) 2404149 * Stop            (srpc_rpc_backend.cc:612): SrpcRpcBackend::Stop: Event loop exited successfully
20260909-08:18.29-828504(us) 2404149 * Stop            (srpc_rpc_backend.cc:616): SrpcRpcBackend::Stop: Signaling 0 request queues to stop
20260909-08:18.29-828519(us) 2404149 * Stop            (srpc_rpc_backend.cc:624): SrpcRpcBackend::Stop: Signaling 0 response queues to stop
20260909-08:18.29-828534(us) 2404149 * Stop            (srpc_rpc_backend.cc:635): SrpcRpcBackend::Stop: Server cleanup deferred to destructor
20260909-08:18.29-828549(us) 2404149 * Stop            (srpc_rpc_backend.cc:638): SrpcRpcBackend::Stop: Closing client connections
20260909-08:18.29-828565(us) 2404149 * Stop            (srpc_rpc_backend.cc:642): SrpcRpcBackend::Stop: Found 0 client connections to close
20260909-08:18.29-828580(us) 2404149 * Stop            (srpc_rpc_backend.cc:662): SrpcRpcBackend::Stop: Closed 0 client connections
20260909-08:18.29-828595(us) 2404149 * Stop            (srpc_rpc_backend.cc:675): SrpcRpcBackend stats: msg_size_resp_sent: 0 bytes, counter: 0, avg: 0.000000
20260909-08:18.29-828615(us) 2404149 * Stop            (srpc_rpc_backend.cc:676): SrpcRpcBackend::Stop: END
20260909-08:18.29-828631(us) 2404149 * Stop            (srpc_rpc_backend.cc:593): SrpcRpcBackend::Stop: BEGIN - Setting stop flag
20260909-08:18.29-828647(us) 2404149 * Stop            (srpc_rpc_backend.cc:596): SrpcRpcBackend::Stop: Waiting for event loop to exit...
20260909-08:18.29-828661(us) 2404149 * Stop            (srpc_rpc_backend.cc:612): SrpcRpcBackend::Stop: Event loop exited successfully
20260909-08:18.29-828680(us) 2404149 * Stop            (srpc_rpc_backend.cc:616): SrpcRpcBackend::Stop: Signaling 0 request queues to stop
20260909-08:18.29-828695(us) 2404149 * Stop            (srpc_rpc_backend.cc:624): SrpcRpcBackend::Stop: Signaling 0 response queues to stop
20260909-08:18.29-828711(us) 2404149 * Stop            (srpc_rpc_backend.cc:635): SrpcRpcBackend::Stop: Server cleanup deferred to destructor
20260909-08:18.29-828726(us) 2404149 * Stop            (srpc_rpc_backend.cc:638): SrpcRpcBackend::Stop: Closing client connections
20260909-08:18.29-828767(us) 2404149 * Stop            (srpc_rpc_backend.cc:642): SrpcRpcBackend::Stop: Found 0 client connections to close
20260909-08:18.29-828782(us) 2404149 * Stop            (srpc_rpc_backend.cc:662): SrpcRpcBackend::Stop: Closed 0 client connections
20260909-08:18.29-828797(us) 2404149 * Stop            (srpc_rpc_backend.cc:675): SrpcRpcBackend stats: msg_size_resp_sent: 0 bytes, counter: 0, avg: 0.000000
20260909-08:18.29-828813(us) 2404149 * Stop            (srpc_rpc_backend.cc:676): SrpcRpcBackend::Stop: END
20260909-08:18.29-828836(us) 2404149 * Stop            (srpc_rpc_backend.cc:593): SrpcRpcBackend::Stop: BEGIN - Setting stop flag
20260909-08:18.29-828852(us) 2404149 * Stop            (srpc_rpc_backend.cc:596): SrpcRpcBackend::Stop: Waiting for event loop to exit...
20260909-08:18.29-828869(us) 2404149 * Stop            (srpc_rpc_backend.cc:612): SrpcRpcBackend::Stop: Event loop exited successfully
20260909-08:18.29-828885(us) 2404149 * Stop            (srpc_rpc_backend.cc:616): SrpcRpcBackend::Stop: Signaling 0 request queues to stop
20260909-08:18.29-828899(us) 2404149 * Stop            (srpc_rpc_backend.cc:624): SrpcRpcBackend::Stop: Signaling 0 response queues to stop
20260909-08:18.29-828915(us) 2404149 * Stop            (srpc_rpc_backend.cc:635): SrpcRpcBackend::Stop: Server cleanup deferred to destructor
20260909-08:18.29-828933(us) 2404149 * Stop            (srpc_rpc_backend.cc:638): SrpcRpcBackend::Stop: Closing client connections
20260909-08:18.29-828948(us) 2404149 * Stop            (srpc_rpc_backend.cc:642): SrpcRpcBackend::Stop: Found 0 client connections to close
20260909-08:18.29-828964(us) 2404149 * Stop            (srpc_rpc_backend.cc:662): SrpcRpcBackend::Stop: Closed 0 client connections
20260909-08:18.29-828982(us) 2404149 * Stop            (srpc_rpc_backend.cc:675): SrpcRpcBackend stats: msg_size_resp_sent: 0 bytes, counter: 0, avg: 0.000000
20260909-08:18.29-828998(us) 2404149 * Stop            (srpc_rpc_backend.cc:676): SrpcRpcBackend::Stop: END
20260909-08:18.29-829014(us) 2404149 * Stop            (srpc_rpc_backend.cc:593): SrpcRpcBackend::Stop: BEGIN - Setting stop flag
20260909-08:18.29-829029(us) 2404149 * Stop            (srpc_rpc_backend.cc:596): SrpcRpcBackend::Stop: Waiting for event loop to exit...
20260909-08:18.29-829044(us) 2404149 * Stop            (srpc_rpc_backend.cc:612): SrpcRpcBackend::Stop: Event loop exited successfully
20260909-08:18.29-829059(us) 2404149 * Stop            (srpc_rpc_backend.cc:616): SrpcRpcBackend::Stop: Signaling 0 request queues to stop
20260909-08:18.29-829074(us) 2404149 * Stop            (srpc_rpc_backend.cc:624): SrpcRpcBackend::Stop: Signaling 0 response queues to stop
20260909-08:18.29-829090(us) 2404149 * Stop            (srpc_rpc_backend.cc:635): SrpcRpcBackend::Stop: Server cleanup deferred to destructor
20260909-08:18.29-829105(us) 2404149 * Stop            (srpc_rpc_backend.cc:638): SrpcRpcBackend::Stop: Closing client connections
20260909-08:18.29-829120(us) 2404149 * Stop            (srpc_rpc_backend.cc:642): SrpcRpcBackend::Stop: Found 0 client connections to close
20260909-08:18.29-829135(us) 2404149 * Stop            (srpc_rpc_backend.cc:662): SrpcRpcBackend::Stop: Closed 0 client connections
20260909-08:18.29-829150(us) 2404149 * Stop            (srpc_rpc_backend.cc:675): SrpcRpcBackend stats: msg_size_resp_sent: 0 bytes, counter: 0, avg: 0.000000
20260909-08:18.29-829166(us) 2404149 * Stop            (srpc_rpc_backend.cc:676): SrpcRpcBackend::Stop: END
20260909-08:18.29-829182(us) 2404149 * Stop            (srpc_rpc_backend.cc:593): SrpcRpcBackend::Stop: BEGIN - Setting stop flag
20260909-08:18.29-829198(us) 2404149 * Stop            (srpc_rpc_backend.cc:596): SrpcRpcBackend::Stop: Waiting for event loop to exit...
20260909-08:18.29-829213(us) 2404149 * Stop            (srpc_rpc_backend.cc:612): SrpcRpcBackend::Stop: Event loop exited successfully
20260909-08:18.29-829229(us) 2404149 * Stop            (srpc_rpc_backend.cc:616): SrpcRpcBackend::Stop: Signaling 0 request queues to stop
20260909-08:18.29-829244(us) 2404149 * Stop            (srpc_rpc_backend.cc:624): SrpcRpcBackend::Stop: Signaling 0 response queues to stop
20260909-08:18.29-829259(us) 2404149 * Stop            (srpc_rpc_backend.cc:635): SrpcRpcBackend::Stop: Server cleanup deferred to destructor
20260909-08:18.29-829274(us) 2404149 * Stop            (srpc_rpc_backend.cc:638): SrpcRpcBackend::Stop: Closing client connections
20260909-08:18.29-829290(us) 2404149 * Stop            (srpc_rpc_backend.cc:642): SrpcRpcBackend::Stop: Found 0 client connections to close
20260909-08:18.29-829305(us) 2404149 * Stop            (srpc_rpc_backend.cc:662): SrpcRpcBackend::Stop: Closed 0 client connections
20260909-08:18.29-829319(us) 2404149 * Stop            (srpc_rpc_backend.cc:675): SrpcRpcBackend stats: msg_size_resp_sent: 0 bytes, counter: 0, avg: 0.000000
20260909-08:18.29-829338(us) 2404149 * Stop            (srpc_rpc_backend.cc:676): SrpcRpcBackend::Stop: END
20260909-08:18.29-829355(us) 2404149 * Stop            (srpc_rpc_backend.cc:593): SrpcRpcBackend::Stop: BEGIN - Setting stop flag
20260909-08:18.29-829370(us) 2404149 * Stop            (srpc_rpc_backend.cc:596): SrpcRpcBackend::Stop: Waiting for event loop to exit...
20260909-08:18.29-829384(us) 2404149 * Stop            (srpc_rpc_backend.cc:612): SrpcRpcBackend::Stop: Event loop exited successfully
20260909-08:18.29-829402(us) 2404149 * Stop            (srpc_rpc_backend.cc:616): SrpcRpcBackend::Stop: Signaling 0 request queues to stop
20260909-08:18.29-829418(us) 2404149 * Stop            (srpc_rpc_backend.cc:624): SrpcRpcBackend::Stop: Signaling 0 response queues to stop
20260909-08:18.29-829433(us) 2404149 * Stop            (srpc_rpc_backend.cc:635): SrpcRpcBackend::Stop: Server cleanup deferred to destructor
20260909-08:18.29-829451(us) 2404149 * Stop            (srpc_rpc_backend.cc:638): SrpcRpcBackend::Stop: Closing client connections
20260909-08:18.29-829466(us) 2404149 * Stop            (srpc_rpc_backend.cc:642): SrpcRpcBackend::Stop: Found 0 client connections to close
20260909-08:18.29-829482(us) 2404149 * Stop            (srpc_rpc_backend.cc:662): SrpcRpcBackend::Stop: Closed 0 client connections
20260909-08:18.29-829497(us) 2404149 * Stop            (srpc_rpc_backend.cc:675): SrpcRpcBackend stats: msg_size_resp_sent: 0 bytes, counter: 0, avg: 0.000000
20260909-08:18.29-829513(us) 2404149 * Stop            (srpc_rpc_backend.cc:676): SrpcRpcBackend::Stop: END
20260909-08:18.29-829529(us) 2404149 * Stop            (srpc_rpc_backend.cc:593): SrpcRpcBackend::Stop: BEGIN - Setting stop flag
20260909-08:18.29-829544(us) 2404149 * Stop            (srpc_rpc_backend.cc:596): SrpcRpcBackend::Stop: Waiting for event loop to exit...
20260909-08:18.29-829559(us) 2404149 * Stop            (srpc_rpc_backend.cc:612): SrpcRpcBackend::Stop: Event loop exited successfully
20260909-08:18.29-829575(us) 2404149 * Stop            (srpc_rpc_backend.cc:616): SrpcRpcBackend::Stop: Signaling 0 request queues to stop
20260909-08:18.29-829589(us) 2404149 * Stop            (srpc_rpc_backend.cc:624): SrpcRpcBackend::Stop: Signaling 0 response queues to stop
20260909-08:18.29-829607(us) 2404149 * Stop            (srpc_rpc_backend.cc:635): SrpcRpcBackend::Stop: Server cleanup deferred to destructor
20260909-08:18.29-829623(us) 2404149 * Stop            (srpc_rpc_backend.cc:638): SrpcRpcBackend::Stop: Closing client connections
20260909-08:18.29-829638(us) 2404149 * Stop            (srpc_rpc_backend.cc:642): SrpcRpcBackend::Stop: Found 0 client connections to close
20260909-08:18.29-829654(us) 2404149 * Stop            (srpc_rpc_backend.cc:662): SrpcRpcBackend::Stop: Closed 0 client connections
20260909-08:18.29-829670(us) 2404149 * Stop            (srpc_rpc_backend.cc:675): SrpcRpcBackend stats: msg_size_resp_sent: 0 bytes, counter: 0, avg: 0.000000
20260909-08:18.29-829689(us) 2404149 * Stop            (srpc_rpc_backend.cc:676): SrpcRpcBackend::Stop: END
20260909-08:18.29-829706(us) 2404149 * Stop            (srpc_rpc_backend.cc:593): SrpcRpcBackend::Stop: BEGIN - Setting stop flag
20260909-08:18.29-829722(us) 2404149 * Stop            (srpc_rpc_backend.cc:596): SrpcRpcBackend::Stop: Waiting for event loop to exit...
20260909-08:18.29-829737(us) 2404149 * Stop            (srpc_rpc_backend.cc:612): SrpcRpcBackend::Stop: Event loop exited successfully
20260909-08:18.29-829755(us) 2404149 * Stop            (srpc_rpc_backend.cc:616): SrpcRpcBackend::Stop: Signaling 0 request queues to stop
20260909-08:18.29-829771(us) 2404149 * Stop            (srpc_rpc_backend.cc:624): SrpcRpcBackend::Stop: Signaling 0 response queues to stop
20260909-08:18.29-829786(us) 2404149 * Stop            (srpc_rpc_backend.cc:635): SrpcRpcBackend::Stop: Server cleanup deferred to destructor
20260909-08:18.29-829801(us) 2404149 * Stop            (srpc_rpc_backend.cc:638): SrpcRpcBackend::Stop: Closing client connections
20260909-08:18.29-829820(us) 2404149 * Stop            (srpc_rpc_backend.cc:642): SrpcRpcBackend::Stop: Found 0 client connections to close
20260909-08:18.29-829843(us) 2404149 * Stop            (srpc_rpc_backend.cc:662): SrpcRpcBackend::Stop: Closed 0 client connections
20260909-08:18.29-829861(us) 2404149 * Stop            (srpc_rpc_backend.cc:675): SrpcRpcBackend stats: msg_size_resp_sent: 0 bytes, counter: 0, avg: 0.000000
20260909-08:18.29-829877(us) 2404149 * Stop            (srpc_rpc_backend.cc:676): SrpcRpcBackend::Stop: END
20260909-08:18.29-829894(us) 2404149 * Stop            (srpc_rpc_backend.cc:593): SrpcRpcBackend::Stop: BEGIN - Setting stop flag
20260909-08:18.29-829909(us) 2404149 * Stop            (srpc_rpc_backend.cc:596): SrpcRpcBackend::Stop: Waiting for event loop to exit...
20260909-08:18.29-829924(us) 2404149 * Stop            (srpc_rpc_backend.cc:612): SrpcRpcBackend::Stop: Event loop exited successfully
20260909-08:18.29-829942(us) 2404149 * Stop            (srpc_rpc_backend.cc:616): SrpcRpcBackend::Stop: Signaling 0 request queues to stop
20260909-08:18.29-829958(us) 2404149 * Stop            (srpc_rpc_backend.cc:624): SrpcRpcBackend::Stop: Signaling 0 response queues to stop
20260909-08:18.29-829973(us) 2404149 * Stop            (srpc_rpc_backend.cc:635): SrpcRpcBackend::Stop: Server cleanup deferred to destructor
20260909-08:18.29-829988(us) 2404149 * Stop            (srpc_rpc_backend.cc:638): SrpcRpcBackend::Stop: Closing client connections
20260909-08:18.29-830007(us) 2404149 * Stop            (srpc_rpc_backend.cc:642): SrpcRpcBackend::Stop: Found 0 client connections to close
20260909-08:18.29-830022(us) 2404149 * Stop            (srpc_rpc_backend.cc:662): SrpcRpcBackend::Stop: Closed 0 client connections
20260909-08:18.29-830037(us) 2404149 * Stop            (srpc_rpc_backend.cc:675): SrpcRpcBackend stats: msg_size_resp_sent: 0 bytes, counter: 0, avg: 0.000000
20260909-08:18.29-830053(us) 2404149 * Stop            (srpc_rpc_backend.cc:676): SrpcRpcBackend::Stop: END
20260909-08:18.29-830072(us) 2404149 * Stop            (srpc_rpc_backend.cc:593): SrpcRpcBackend::Stop: BEGIN - Setting stop flag
20260909-08:18.29-830087(us) 2404149 * Stop            (srpc_rpc_backend.cc:596): SrpcRpcBackend::Stop: Waiting for event loop to exit...
20260909-08:18.29-830102(us) 2404149 * Stop            (srpc_rpc_backend.cc:612): SrpcRpcBackend::Stop: Event loop exited successfully
20260909-08:18.29-830118(us) 2404149 * Stop            (srpc_rpc_backend.cc:616): SrpcRpcBackend::Stop: Signaling 0 request queues to stop
20260909-08:18.29-830133(us) 2404149 * Stop            (srpc_rpc_backend.cc:624): SrpcRpcBackend::Stop: Signaling 0 response queues to stop
20260909-08:18.29-830148(us) 2404149 * Stop            (srpc_rpc_backend.cc:635): SrpcRpcBackend::Stop: Server cleanup deferred to destructor
20260909-08:18.29-830164(us) 2404149 * Stop            (srpc_rpc_backend.cc:638): SrpcRpcBackend::Stop: Closing client connections
20260909-08:18.29-830179(us) 2404149 * Stop            (srpc_rpc_backend.cc:642): SrpcRpcBackend::Stop: Found 0 client connections to close
20260909-08:18.29-830194(us) 2404149 * Stop            (srpc_rpc_backend.cc:662): SrpcRpcBackend::Stop: Closed 0 client connections
20260909-08:18.29-830210(us) 2404149 * Stop            (srpc_rpc_backend.cc:675): SrpcRpcBackend stats: msg_size_resp_sent: 0 bytes, counter: 0, avg: 0.000000
20260909-08:18.29-830225(us) 2404149 * Stop            (srpc_rpc_backend.cc:676): SrpcRpcBackend::Stop: END
20260909-08:18.29-830242(us) 2404149 * Stop            (srpc_rpc_backend.cc:593): SrpcRpcBackend::Stop: BEGIN - Setting stop flag
20260909-08:18.29-830257(us) 2404149 * Stop            (srpc_rpc_backend.cc:596): SrpcRpcBackend::Stop: Waiting for event loop to exit...
20260909-08:18.29-830272(us) 2404149 * Stop            (srpc_rpc_backend.cc:612): SrpcRpcBackend::Stop: Event loop exited successfully
20260909-08:18.29-830287(us) 2404149 * Stop            (srpc_rpc_backend.cc:616): SrpcRpcBackend::Stop: Signaling 0 request queues to stop
20260909-08:18.29-830302(us) 2404149 * Stop            (srpc_rpc_backend.cc:624): SrpcRpcBackend::Stop: Signaling 0 response queues to stop
20260909-08:18.29-830317(us) 2404149 * Stop            (srpc_rpc_backend.cc:635): SrpcRpcBackend::Stop: Server cleanup deferred to destructor
20260909-08:18.29-830333(us) 2404149 * Stop            (srpc_rpc_backend.cc:638): SrpcRpcBackend::Stop: Closing client connections
20260909-08:18.29-830348(us) 2404149 * Stop            (srpc_rpc_backend.cc:642): SrpcRpcBackend::Stop: Found 0 client connections to close
20260909-08:18.29-830363(us) 2404149 * Stop            (srpc_rpc_backend.cc:662): SrpcRpcBackend::Stop: Closed 0 client connections
20260909-08:18.29-830378(us) 2404149 * Stop            (srpc_rpc_backend.cc:675): SrpcRpcBackend stats: msg_size_resp_sent: 0 bytes, counter: 0, avg: 0.000000
20260909-08:18.29-830394(us) 2404149 * Stop            (srpc_rpc_backend.cc:676): SrpcRpcBackend::Stop: END
[SHUTDOWN] First stop() completed
[SHUTDOWN] Joining 20260909-08:18.29-830416(us) 2404149 16 worker threads
[SHUTDOWN] Joining worker 0* PrintStats      (srpc_rpc_backend.cc:686): SrpcRpcBackend request stats: msg_size_req_sent: 0 bytes, counter: 0, avg: 0.000000

20260909-08:18.29-830457(us) 2404149 * PrintStats      (srpc_rpc_backend.cc:686): SrpcRpcBackend request stats: msg_size_req_sent: 0 bytes, counter: 0, avg: 0.000000
20260909-08:18.30-834611(us) 2404149 * Stop            (srpc_rpc_backend.cc:589): SrpcRpcBackend::Stop: Already stopped, returning
20260909-08:18.30-834653(us) 2404149 * Shutdown        (srpc_rpc_backend.cc:112): SrpcRpcBackend::Shutdown: About to delete server
20260909-08:18.30-834669(us) 2404149 * Shutdown        (srpc_rpc_backend.cc:116): SrpcRpcBackend::Shutdown: Server pointer is valid, deleting...
20260909-08:18.30-834698(us) 2404149 * Shutdown        (srpc_rpc_backend.cc:120): SrpcRpcBackend::Shutdown: Server deleted successfully
20260909-08:18.30-834713(us) 2404149 * Shutdown        (srpc_rpc_backend.cc:132): SrpcRpcBackend::Shutdown: About to shutdown poll_thread_worker_
20260909-08:18.30-834727(us) 2404149 * Shutdown        (srpc_rpc_backend.cc:136): SrpcRpcBackend::Shutdown: poll_thread_worker_ is valid, calling shutdown()
20260909-08:18.30-835287(us) 2404149 * Shutdown        (srpc_rpc_backend.cc:138): SrpcRpcBackend::Shutdown: poll_thread_worker_->shutdown() completed
20260909-08:18.30-835320(us) 2404149 * Shutdown        (srpc_rpc_backend.cc:140): SrpcRpcBackend::Shutdown: poll_thread_worker_ reset to None
20260909-08:18.30-835335(us) 2404149 * Shutdown        (srpc_rpc_backend.cc:145): SrpcRpcBackend::Shutdown: Shutdown sequence completed, destructor will now exit
20260909-08:18.30-835349(us) 2404149 * ~SrpcRpcBackend (srpc_rpc_backend.cc:52): SrpcRpcBackend::~SrpcRpcBackend: START destructor
20260909-08:18.30-835363(us) 2404149 * Stop            (srpc_rpc_backend.cc:589): SrpcRpcBackend::Stop: Already stopped, returning
20260909-08:18.30-835378(us) 2404149 * Shutdown        (srpc_rpc_backend.cc:112): SrpcRpcBackend::Shutdown: About to delete server
20260909-08:18.30-835398(us) 2404149 * Shutdown        (srpc_rpc_backend.cc:129): SrpcRpcBackend::Shutdown: Server pointer is null, skipping deletion
20260909-08:18.30-835412(us) 2404149 * Shutdown        (srpc_rpc_backend.cc:132): SrpcRpcBackend::Shutdown: About to shutdown poll_thread_worker_
20260909-08:18.30-835427(us) 2404149 * Shutdown        (srpc_rpc_backend.cc:142): SrpcRpcBackend::Shutdown: poll_thread_worker_ is null, skipping shutdown
20260909-08:18.30-835448(us) 2404149 * Shutdown        (srpc_rpc_backend.cc:145): SrpcRpcBackend::Shutdown: Shutdown sequence completed, destructor will now exit
20260909-08:18.30-835463(us) 2404149 * ~SrpcRpcBackend (srpc_rpc_backend.cc:54): SrpcRpcBackend::~SrpcRpcBackend: Shutdown() completed
20260909-08:18.30-839328(us) 2404149 * Stop            (srpc_rpc_backend.cc:589): SrpcRpcBackend::Stop: Already stopped, returning
20260909-08:18.30-839371(us) 2404149 * Shutdown        (srpc_rpc_backend.cc:112): SrpcRpcBackend::Shutdown: About to delete server
20260909-08:18.30-839391(us) 2404149 * Shutdown        (srpc_rpc_backend.cc:116): SrpcRpcBackend::Shutdown: Server pointer is valid, deleting...
20260909-08:18.30-839416(us) 2404149 * Shutdown        (srpc_rpc_backend.cc:120): SrpcRpcBackend::Shutdown: Server deleted successfully
20260909-08:18.30-839434(us) 2404149 * Shutdown        (srpc_rpc_backend.cc:132): SrpcRpcBackend::Shutdown: About to shutdown poll_thread_worker_
20260909-08:18.30-839452(us) 2404149 * Shutdown        (srpc_rpc_backend.cc:136): SrpcRpcBackend::Shutdown: poll_thread_worker_ is valid, calling shutdown()
20260909-08:18.30-839667(us) 2404149 * Stop            (srpc_rpc_backend.cc:589): SrpcRpcBackend::Stop: Already stopped, returning
20260909-08:18.30-839732(us) 2404149 * Shutdown        (srpc_rpc_backend.cc:112): SrpcRpcBackend::Shutdown: About to delete server
20260909-08:18.30-839755(us) 2404149 * Shutdown        (srpc_rpc_backend.cc:116): SrpcRpcBackend::Shutdown: Server pointer is valid, deleting...
20260909-08:18.30-839784(us) 2404149 * Shutdown        (srpc_rpc_backend.cc:120): SrpcRpcBackend::Shutdown: Server deleted successfully
20260909-08:18.30-839805(us) 2404149 * Shutdown        (srpc_rpc_backend.cc:132): SrpcRpcBackend::Shutdown: About to shutdown poll_thread_worker_
20260909-08:18.30-839825(us) 2404149 * Shutdown        (srpc_rpc_backend.cc:136): SrpcRpcBackend::Shutdown: poll_thread_worker_ is valid, calling shutdown()
20260909-08:18.30-840435(us) 2404149 * Shutdown        (srpc_rpc_backend.cc:138): SrpcRpcBackend::Shutdown: poll_thread_worker_->shutdown() completed
20260909-08:18.30-840483(us) 2404149 * Shutdown        (srpc_rpc_backend.cc:140): SrpcRpcBackend::Shutdown: poll_thread_worker_ reset to None
20260909-08:18.30-840509(us) 2404149 * Shutdown        (srpc_rpc_backend.cc:145): SrpcRpcBackend::Shutdown: Shutdown sequence completed, destructor will now exit
20260909-08:18.30-840532(us) 2404149 * ~SrpcRpcBackend (srpc_rpc_backend.cc:52): SrpcRpcBackend::~SrpcRpcBackend: START destructor
20260909-08:18.30-840556(us) 2404149 * Stop            (srpc_rpc_backend.cc:589): SrpcRpcBackend::Stop: Already stopped, returning
20260909-08:18.30-840579(us) 2404149 * Shutdown        (srpc_rpc_backend.cc:112): SrpcRpcBackend::Shutdown: About to delete server
20260909-08:18.30-840601(us) 2404149 * Shutdown        (srpc_rpc_backend.cc:129): SrpcRpcBackend::Shutdown: Server pointer is null, skipping deletion
20260909-08:18.30-840623(us) 2404149 * Shutdown        (srpc_rpc_backend.cc:132): SrpcRpcBackend::Shutdown: About to shutdown poll_thread_worker_
20260909-08:18.30-840650(us) 2404149 * Shutdown        (srpc_rpc_backend.cc:138): SrpcRpcBackend::Shutdown: poll_thread_worker_->shutdown() completed
20260909-08:18.30-840688(us) 2404149 * Shutdown        (srpc_rpc_backend.cc:142): SrpcRpcBackend::Shutdown: poll_thread_worker_ is null, skipping shutdown
20260909-08:18.30-840714(us) 2404149 * Shutdown        (srpc_rpc_backend.cc:145): SrpcRpcBackend::Shutdown: Shutdown sequence completed, destructor will now exit
20260909-08:18.30-840740(us) 2404149 * ~SrpcRpcBackend (srpc_rpc_backend.cc:54): SrpcRpcBackend::~SrpcRpcBackend: Shutdown() completed
20260909-08:18.30-840772(us) 2404149 * Shutdown        (srpc_rpc_backend.cc:140): SrpcRpcBackend::Shutdown: poll_thread_worker_ reset to None
20260909-08:18.30-840796(us) 2404149 * Shutdown        (srpc_rpc_backend.cc:145): SrpcRpcBackend::Shutdown: Shutdown sequence completed, destructor will now exit
20260909-08:18.30-840814(us) 2404149 * ~SrpcRpcBackend (srpc_rpc_backend.cc:52): SrpcRpcBackend::~SrpcRpcBackend: START destructor
20260909-08:18.30-840843(us) 2404149 * Stop            (srpc_rpc_backend.cc:589): SrpcRpcBackend::Stop: Already stopped, returning
20260909-08:18.30-840861(us) 2404149 * Shutdown        (srpc_rpc_backend.cc:112): SrpcRpcBackend::Shutdown: About to delete server
20260909-08:18.30-840879(us) 2404149 * Shutdown        (srpc_rpc_backend.cc:129): SrpcRpcBackend::Shutdown: Server pointer is null, skipping deletion
20260909-08:18.30-840898(us) 2404149 * Shutdown        (srpc_rpc_backend.cc:132): SrpcRpcBackend::Shutdown: About to shutdown poll_thread_worker_
20260909-08:18.30-840926(us) 2404149 * Shutdown        (srpc_rpc_backend.cc:142): SrpcRpcBackend::Shutdown: poll_thread_worker_ is null, skipping shutdown
20260909-08:18.30-840955(us) 2404149 * Shutdown        (srpc_rpc_backend.cc:145): SrpcRpcBackend::Shutdown: Shutdown sequence completed, destructor will now exit
20260909-08:18.30-840980(us) 2404149 * ~SrpcRpcBackend (srpc_rpc_backend.cc:54): SrpcRpcBackend::~SrpcRpcBackend: Shutdown() completed
20260909-08:18.30-842756(us) 2404149 * Stop            (srpc_rpc_backend.cc:589): SrpcRpcBackend::Stop: Already stopped, returning
20260909-08:18.30-842792(us) 2404149 * Shutdown        (srpc_rpc_backend.cc:112): SrpcRpcBackend::Shutdown: About to delete server
20260909-08:18.30-842812(us) 2404149 * Shutdown        (srpc_rpc_backend.cc:116): SrpcRpcBackend::Shutdown: Server pointer is valid, deleting...
20260909-08:18.30-842851(us) 2404149 * Shutdown        (srpc_rpc_backend.cc:120): SrpcRpcBackend::Shutdown: Server deleted successfully
20260909-08:18.30-842871(us) 2404149 * Shutdown        (srpc_rpc_backend.cc:132): SrpcRpcBackend::Shutdown: About to shutdown poll_thread_worker_
20260909-08:18.30-842896(us) 2404149 * Shutdown        (srpc_rpc_backend.cc:136): SrpcRpcBackend::Shutdown: poll_thread_worker_ is valid, calling shutdown()
20260909-08:18.30-843055(us) 2404149 * Stop            (srpc_rpc_backend.cc:589): SrpcRpcBackend::Stop: Already stopped, returning
20260909-08:18.30-843097(us) 2404149 * Shutdown        (srpc_rpc_backend.cc:112): SrpcRpcBackend::Shutdown: About to delete server
20260909-08:18.30-843112(us) 2404149 * Shutdown        (srpc_rpc_backend.cc:116): SrpcRpcBackend::Shutdown: Server pointer is valid, deleting...
20260909-08:18.30-843133(us) 2404149 * Shutdown        (srpc_rpc_backend.cc:120): SrpcRpcBackend::Shutdown: Server deleted successfully
20260909-08:18.30-843148(us) 2404149 * Shutdown        (srpc_rpc_backend.cc:132): SrpcRpcBackend::Shutdown: About to shutdown poll_thread_worker_
20260909-08:18.30-843163(us) 2404149 * Shutdown        (srpc_rpc_backend.cc:136): SrpcRpcBackend::Shutdown: poll_thread_worker_ is valid, calling shutdown()
20260909-08:18.30-843445(us) 2404149 * Shutdown        (srpc_rpc_backend.cc:138): SrpcRpcBackend::Shutdown: poll_thread_worker_->shutdown() completed
20260909-08:18.30-843479(us) 2404149 * Shutdown        (srpc_rpc_backend.cc:140): SrpcRpcBackend::Shutdown: poll_thread_worker_ reset to None
20260909-08:18.30-843494(us) 2404149 * Shutdown        (srpc_rpc_backend.cc:145): SrpcRpcBackend::Shutdown: Shutdown sequence completed, destructor will now exit
20260909-08:18.30-843509(us) 2404149 * ~SrpcRpcBackend (srpc_rpc_backend.cc:52): SrpcRpcBackend::~SrpcRpcBackend: START destructor
20260909-08:18.30-843524(us) 2404149 * Stop            (srpc_rpc_backend.cc:589): SrpcRpcBackend::Stop: Already stopped, returning
20260909-08:18.30-843539(us) 2404149 * Shutdown        (srpc_rpc_backend.cc:112): SrpcRpcBackend::Shutdown: About to delete server
20260909-08:18.30-843556(us) 2404149 * Shutdown        (srpc_rpc_backend.cc:129): SrpcRpcBackend::Shutdown: Server pointer is null, skipping deletion
20260909-08:18.30-843586(us) 2404149 * Shutdown        (srpc_rpc_backend.cc:132): SrpcRpcBackend::Shutdown: About to shutdown poll_thread_worker_
20260909-08:18.30-843599(us) 2404149 * Shutdown        (srpc_rpc_backend.cc:142): SrpcRpcBackend::Shutdown: poll_thread_worker_ is null, skipping shutdown
20260909-08:18.30-843621(us) 2404149 * Shutdown        (srpc_rpc_backend.cc:145): SrpcRpcBackend::Shutdown: Shutdown sequence completed, destructor will now exit
20260909-08:18.30-843636(us) 2404149 * ~SrpcRpcBackend (srpc_rpc_backend.cc:54): SrpcRpcBackend::~SrpcRpcBackend: Shutdown() completed
20260909-08:18.30-843942(us) 2404149 * Shutdown        (srpc_rpc_backend.cc:138): SrpcRpcBackend::Shutdown: poll_thread_worker_->shutdown() completed
20260909-08:18.30-843982(us) 2404149 * Shutdown        (srpc_rpc_backend.cc:140): SrpcRpcBackend::Shutdown: poll_thread_worker_ reset to None
20260909-08:18.30-844005(us) 2404149 * Shutdown        (srpc_rpc_backend.cc:145): SrpcRpcBackend::Shutdown: Shutdown sequence completed, destructor will now exit
20260909-08:18.30-844027(us) 2404149 * ~SrpcRpcBackend (srpc_rpc_backend.cc:52): SrpcRpcBackend::~SrpcRpcBackend: START destructor
20260909-08:18.30-844049(us) 2404149 * Stop            (srpc_rpc_backend.cc:589): SrpcRpcBackend::Stop: Already stopped, returning
20260909-08:18.30-844071(us) 2404149 * Shutdown        (srpc_rpc_backend.cc:112): SrpcRpcBackend::Shutdown: About to delete server
20260909-08:18.30-844092(us) 2404149 * Shutdown        (srpc_rpc_backend.cc:129): SrpcRpcBackend::Shutdown: Server pointer is null, skipping deletion
20260909-08:18.30-844114(us) 2404149 * Shutdown        (srpc_rpc_backend.cc:132): SrpcRpcBackend::Shutdown: About to shutdown poll_thread_worker_
20260909-08:18.30-844135(us) 2404149 * Shutdown        (srpc_rpc_backend.cc:142): SrpcRpcBackend::Shutdown: poll_thread_worker_ is null, skipping shutdown
20260909-08:18.30-844157(us) 2404149 * Shutdown        (srpc_rpc_backend.cc:145): SrpcRpcBackend::Shutdown: Shutdown sequence completed, destructor will now exit
20260909-08:18.30-844178(us) 2404149 * ~SrpcRpcBackend (srpc_rpc_backend.cc:54): SrpcRpcBackend::~SrpcRpcBackend: Shutdown() completed
20260909-08:18.30-844213(us) 2404149 * Stop            (srpc_rpc_backend.cc:589): SrpcRpcBackend::Stop: Already stopped, returning
20260909-08:18.30-844305(us) 2404149 * Shutdown        (srpc_rpc_backend.cc:112): SrpcRpcBackend::Shutdown: About to delete server
20260909-08:18.30-844335(us) 2404149 * Shutdown        (srpc_rpc_backend.cc:116): SrpcRpcBackend::Shutdown: Server pointer is valid, deleting...
20260909-08:18.30-844371(us) 2404149 * Stop            (srpc_rpc_backend.cc:589): SrpcRpcBackend::Stop: Already stopped, returning
20260909-08:18.30-844442(us) 2404149 * Shutdown        (srpc_rpc_backend.cc:112): SrpcRpcBackend::Shutdown: About to delete server
20260909-08:18.30-844482(us) 2404149 * Shutdown        (srpc_rpc_backend.cc:116): SrpcRpcBackend::Shutdown: Server pointer is valid, deleting...
20260909-08:18.30-844528(us) 2404149 * Shutdown        (srpc_rpc_backend.cc:120): SrpcRpcBackend::Shutdown: Server deleted successfully
20260909-08:18.30-844559(us) 2404149 * Shutdown        (srpc_rpc_backend.cc:132): SrpcRpcBackend::Shutdown: About to shutdown poll_thread_worker_
20260909-08:18.30-844586(us) 2404149 * Shutdown        (srpc_rpc_backend.cc:136): SrpcRpcBackend::Shutdown: poll_thread_worker_ is valid, calling shutdown()
20260909-08:18.30-844623(us) 2404149 * Shutdown        (srpc_rpc_backend.cc:120): SrpcRpcBackend::Shutdown: Server deleted successfully
20260909-08:18.30-844663(us) 2404149 * Shutdown        (srpc_rpc_backend.cc:132): SrpcRpcBackend::Shutdown: About to shutdown poll_thread_worker_
20260909-08:18.30-844700(us) 2404149 * Shutdown        (srpc_rpc_backend.cc:136): SrpcRpcBackend::Shutdown: poll_thread_worker_ is valid, calling shutdown()
20260909-08:18.30-845631(us) 2404149 * Shutdown        (srpc_rpc_backend.cc:138): SrpcRpcBackend::Shutdown: poll_thread_worker_->shutdown() completed
20260909-08:18.30-845736(us) 2404149 * Shutdown        (srpc_rpc_backend.cc:140): SrpcRpcBackend::Shutdown: poll_thread_worker_ reset to None
20260909-08:18.30-845766(us) 2404149 * Shutdown        (srpc_rpc_backend.cc:145): SrpcRpcBackend::Shutdown: Shutdown sequence completed, destructor will now exit
20260909-08:18.30-845799(us) 2404149 * ~SrpcRpcBackend (srpc_rpc_backend.cc:52): SrpcRpcBackend::~SrpcRpcBackend: START destructor
20260909-08:18.30-845826(us) 2404149 * Stop            (srpc_rpc_backend.cc:589): SrpcRpcBackend::Stop: Already stopped, returning
20260909-08:18.30-845866(us) 2404149 * Shutdown        (srpc_rpc_backend.cc:112): SrpcRpcBackend::Shutdown: About to delete server
20260909-08:18.30-845891(us) 2404149 * Shutdown        (srpc_rpc_backend.cc:129): SrpcRpcBackend::Shutdown: Server pointer is null, skipping deletion
20260909-08:18.30-845918(us) 2404149 * Shutdown        (srpc_rpc_backend.cc:132): SrpcRpcBackend::Shutdown: About to shutdown poll_thread_worker_
20260909-08:18.30-845945(us) 2404149 * Shutdown        (srpc_rpc_backend.cc:142): SrpcRpcBackend::Shutdown: poll_thread_worker_ is null, skipping shutdown
20260909-08:18.30-845972(us) 2404149 * Shutdown        (srpc_rpc_backend.cc:145): SrpcRpcBackend::Shutdown: Shutdown sequence completed, destructor will now exit
20260909-08:18.30-846006(us) 2404149 * ~SrpcRpcBackend (srpc_rpc_backend.cc:54): SrpcRpcBackend::~SrpcRpcBackend: Shutdown() completed
20260909-08:18.30-846144(us) 2404149 * Shutdown        (srpc_rpc_backend.cc:138): SrpcRpcBackend::Shutdown: poll_thread_worker_->shutdown() completed
20260909-08:18.30-846187(us) 2404149 * Shutdown        (srpc_rpc_backend.cc:140): SrpcRpcBackend::Shutdown: poll_thread_worker_ reset to None
20260909-08:18.30-846215(us) 2404149 * Shutdown        (srpc_rpc_backend.cc:145): SrpcRpcBackend::Shutdown: Shutdown sequence completed, destructor will now exit
20260909-08:18.30-846237(us) 2404149 * ~SrpcRpcBackend (srpc_rpc_backend.cc:52): SrpcRpcBackend::~SrpcRpcBackend: START destructor
20260909-08:18.30-846259(us) 2404149 * Stop            (srpc_rpc_backend.cc:589): SrpcRpcBackend::Stop: Already stopped, returning
20260909-08:18.30-846280(us) 2404149 * Shutdown        (srpc_rpc_backend.cc:112): SrpcRpcBackend::Shutdown: About to delete server
20260909-08:18.30-846301(us) 2404149 * Shutdown        (srpc_rpc_backend.cc:129): SrpcRpcBackend::Shutdown: Server pointer is null, skipping deletion
20260909-08:18.30-846328(us) 2404149 * Shutdown        (srpc_rpc_backend.cc:132): SrpcRpcBackend::Shutdown: About to shutdown poll_thread_worker_
20260909-08:18.30-846349(us) 2404149 * Shutdown        (srpc_rpc_backend.cc:142): SrpcRpcBackend::Shutdown: poll_thread_worker_ is null, skipping shutdown
20260909-08:18.30-846372(us) 2404149 * Shutdown        (srpc_rpc_backend.cc:145): SrpcRpcBackend::Shutdown: Shutdown sequence completed, destructor will now exit
20260909-08:18.30-846401(us) 2404149 * ~SrpcRpcBackend (srpc_rpc_backend.cc:54): SrpcRpcBackend::~SrpcRpcBackend: Shutdown() completed
20260909-08:18.30-851955(us) 2404149 * Stop            (srpc_rpc_backend.cc:589): SrpcRpcBackend::Stop: Already stopped, returning
20260909-08:18.30-851998(us) 2404149 * Shutdown        (srpc_rpc_backend.cc:112): SrpcRpcBackend::Shutdown: About to delete server
20260909-08:18.30-852014(us) 2404149 * Shutdown        (srpc_rpc_backend.cc:116): SrpcRpcBackend::Shutdown: Server pointer is valid, deleting...
20260909-08:18.30-852035(us) 2404149 * Shutdown        (srpc_rpc_backend.cc:120): SrpcRpcBackend::Shutdown: Server deleted successfully
20260909-08:18.30-852050(us) 2404149 * Shutdown        (srpc_rpc_backend.cc:132): SrpcRpcBackend::Shutdown: About to shutdown poll_thread_worker_
20260909-08:18.30-852064(us) 2404149 * Shutdown        (srpc_rpc_backend.cc:136): SrpcRpcBackend::Shutdown: poll_thread_worker_ is valid, calling shutdown()
20260909-08:18.30-852532(us) 2404149 * Stop            (srpc_rpc_backend.cc:589): SrpcRpcBackend::Stop: Already stopped, returning
20260909-08:18.30-852598(us) 2404149 * Shutdown        (srpc_rpc_backend.cc:112): SrpcRpcBackend::Shutdown: About to delete server
20260909-08:18.30-852619(us) 2404149 * Shutdown        (srpc_rpc_backend.cc:116): SrpcRpcBackend::Shutdown: Server pointer is valid, deleting...
20260909-08:18.30-852648(us) 2404149 * Shutdown        (srpc_rpc_backend.cc:120): SrpcRpcBackend::Shutdown: Server deleted successfully
20260909-08:18.30-852669(us) 2404149 * Shutdown        (srpc_rpc_backend.cc:132): SrpcRpcBackend::Shutdown: About to shutdown poll_thread_worker_
20260909-08:18.30-852691(us) 2404149 * Shutdown        (srpc_rpc_backend.cc:136): SrpcRpcBackend::Shutdown: poll_thread_worker_ is valid, calling shutdown()
20260909-08:18.30-852721(us) 2404149 * Stop            (srpc_rpc_backend.cc:589): SrpcRpcBackend::Stop: Already stopped, returning
20260909-08:18.30-852772(us) 2404149 * Shutdown        (srpc_rpc_backend.cc:112): SrpcRpcBackend::Shutdown: About to delete server
20260909-08:18.30-852800(us) 2404149 * Shutdown        (srpc_rpc_backend.cc:116): SrpcRpcBackend::Shutdown: Server pointer is valid, deleting...
20260909-08:18.30-852825(us) 2404149 * Shutdown        (srpc_rpc_backend.cc:120): SrpcRpcBackend::Shutdown: Server deleted successfully
20260909-08:18.30-852857(us) 2404149 * Shutdown        (srpc_rpc_backend.cc:132): SrpcRpcBackend::Shutdown: About to shutdown poll_thread_worker_
20260909-08:18.30-852882(us) 2404149 * Shutdown        (srpc_rpc_backend.cc:136): SrpcRpcBackend::Shutdown: poll_thread_worker_ is valid, calling shutdown()
20260909-08:18.30-853235(us) 2404149 * Shutdown        (srpc_rpc_backend.cc:138): SrpcRpcBackend::Shutdown: poll_thread_worker_->shutdown() completed
20260909-08:18.30-853279(us) 2404149 * Shutdown        (srpc_rpc_backend.cc:140): SrpcRpcBackend::Shutdown: poll_thread_worker_ reset to None
20260909-08:18.30-853294(us) 2404149 * Shutdown        (srpc_rpc_backend.cc:145): SrpcRpcBackend::Shutdown: Shutdown sequence completed, destructor will now exit
20260909-08:18.30-853309(us) 2404149 * ~SrpcRpcBackend (srpc_rpc_backend.cc:52): SrpcRpcBackend::~SrpcRpcBackend: START destructor
20260909-08:18.30-853368(us) 2404149 * Stop            (srpc_rpc_backend.cc:589): SrpcRpcBackend::Stop: Already stopped, returning
20260909-08:18.30-853385(us) 2404149 * Shutdown        (srpc_rpc_backend.cc:112): SrpcRpcBackend::Shutdown: About to delete server
20260909-08:18.30-853400(us) 2404149 * Shutdown        (srpc_rpc_backend.cc:129): SrpcRpcBackend::Shutdown: Server pointer is null, skipping deletion
20260909-08:18.30-853418(us) 2404149 * Shutdown        (srpc_rpc_backend.cc:132): SrpcRpcBackend::Shutdown: About to shutdown poll_thread_worker_
20260909-08:18.30-853435(us) 2404149 * Shutdown        (srpc_rpc_backend.cc:142): SrpcRpcBackend::Shutdown: poll_thread_worker_ is null, skipping shutdown
20260909-08:18.30-853453(us) 2404149 * Shutdown        (srpc_rpc_backend.cc:145): SrpcRpcBackend::Shutdown: Shutdown sequence completed, destructor will now exit
20260909-08:18.30-853467(us) 2404149 * ~SrpcRpcBackend (srpc_rpc_backend.cc:54): SrpcRpcBackend::~SrpcRpcBackend: Shutdown() completed
20260909-08:18.30-853588(us) 2404149 * Shutdown        (srpc_rpc_backend.cc:138): SrpcRpcBackend::Shutdown: poll_thread_worker_->shutdown() completed
20260909-08:18.30-853647(us) 2404149 * Shutdown        (srpc_rpc_backend.cc:140): SrpcRpcBackend::Shutdown: poll_thread_worker_ reset to None
20260909-08:18.30-853670(us) 2404149 * Shutdown        (srpc_rpc_backend.cc:145): SrpcRpcBackend::Shutdown: Shutdown sequence completed, destructor will now exit
20260909-08:18.30-853696(us) 2404149 * ~SrpcRpcBackend (srpc_rpc_backend.cc:52): SrpcRpcBackend::~SrpcRpcBackend: START destructor
20260909-08:18.30-853716(us) 2404149 * Stop            (srpc_rpc_backend.cc:589): SrpcRpcBackend::Stop: Already stopped, returning
20260909-08:18.30-853739(us) 2404149 * Shutdown        (srpc_rpc_backend.cc:112): SrpcRpcBackend::Shutdown: About to delete server
20260909-08:18.30-853767(us) 2404149 * Shutdown        (srpc_rpc_backend.cc:129): SrpcRpcBackend::Shutdown: Server pointer is null, skipping deletion
20260909-08:18.30-853807(us) 2404149 * Shutdown        (srpc_rpc_backend.cc:132): SrpcRpcBackend::Shutdown: About to shutdown poll_thread_worker_
20260909-08:18.30-853847(us) 2404149 * Shutdown        (srpc_rpc_backend.cc:142): SrpcRpcBackend::Shutdown: poll_thread_worker_ is null, skipping shutdown
20260909-08:18.30-853875(us) 2404149 * Shutdown        (srpc_rpc_backend.cc:145): SrpcRpcBackend::Shutdown: Shutdown sequence completed, destructor will now exit
20260909-08:18.30-853903(us) 2404149 * ~SrpcRpcBackend (srpc_rpc_backend.cc:54): SrpcRpcBackend::~SrpcRpcBackend: Shutdown() completed
20260909-08:18.30-853939(us) 2404149 * Shutdown        (srpc_rpc_backend.cc:138): SrpcRpcBackend::Shutdown: poll_thread_worker_->shutdown() completed
20260909-08:18.30-853997(us) 2404149 * Shutdown        (srpc_rpc_backend.cc:140): SrpcRpcBackend::Shutdown: poll_thread_worker_ reset to None
20260909-08:18.30-854023(us) 2404149 * Shutdown        (srpc_rpc_backend.cc:145): SrpcRpcBackend::Shutdown: Shutdown sequence completed, destructor will now exit
20260909-08:18.30-854049(us) 2404149 * ~SrpcRpcBackend (srpc_rpc_backend.cc:52): SrpcRpcBackend::~SrpcRpcBackend: START destructor
20260909-08:18.30-854075(us) 2404149 * Stop            (srpc_rpc_backend.cc:589): SrpcRpcBackend::Stop: Already stopped, returning
20260909-08:18.30-854103(us) 2404149 * Shutdown        (srpc_rpc_backend.cc:112): SrpcRpcBackend::Shutdown: About to delete server
20260909-08:18.30-854128(us) 2404149 * Shutdown        (srpc_rpc_backend.cc:129): SrpcRpcBackend::Shutdown: Server pointer is null, skipping deletion
20260909-08:18.30-854154(us) 2404149 * Shutdown        (srpc_rpc_backend.cc:132): SrpcRpcBackend::Shutdown: About to shutdown poll_thread_worker_
20260909-08:18.30-854187(us) 2404149 * Shutdown        (srpc_rpc_backend.cc:142): SrpcRpcBackend::Shutdown: poll_thread_worker_ is null, skipping shutdown
20260909-08:18.30-854211(us) 2404149 * Shutdown        (srpc_rpc_backend.cc:145): SrpcRpcBackend::Shutdown: Shutdown sequence completed, destructor will now exit
20260909-08:18.30-854238(us) 2404149 * ~SrpcRpcBackend (srpc_rpc_backend.cc:54): SrpcRpcBackend::~SrpcRpcBackend: Shutdown() completed
20260909-08:18.30-859848(us) 2404149 * Stop            (srpc_rpc_backend.cc:589): SrpcRpcBackend::Stop: Already stopped, returning
20260909-08:18.30-859886(us) 2404149 * Shutdown        (srpc_rpc_backend.cc:112): SrpcRpcBackend::Shutdown: About to delete server
20260909-08:18.30-859902(us) 2404149 * Shutdown        (srpc_rpc_backend.cc:116): SrpcRpcBackend::Shutdown: Server pointer is valid, deleting...
20260909-08:18.30-859921(us) 2404149 * Shutdown        (srpc_rpc_backend.cc:120): SrpcRpcBackend::Shutdown: Server deleted successfully
20260909-08:18.30-859935(us) 2404149 * Shutdown        (srpc_rpc_backend.cc:132): SrpcRpcBackend::Shutdown: About to shutdown poll_thread_worker_
20260909-08:18.30-859950(us) 2404149 * Shutdown        (srpc_rpc_backend.cc:136): SrpcRpcBackend::Shutdown: poll_thread_worker_ is valid, calling shutdown()
20260909-08:18.30-860411(us) 2404149 * Stop            (srpc_rpc_backend.cc:589): SrpcRpcBackend::Stop: Already stopped, returning
20260909-08:18.30-860477(us) 2404149 * Shutdown        (srpc_rpc_backend.cc:112): SrpcRpcBackend::Shutdown: About to delete server
20260909-08:18.30-860493(us) 2404149 * Shutdown        (srpc_rpc_backend.cc:116): SrpcRpcBackend::Shutdown: Server pointer is valid, deleting...
20260909-08:18.30-860517(us) 2404149 * Shutdown        (srpc_rpc_backend.cc:120): SrpcRpcBackend::Shutdown: Server deleted successfully
20260909-08:18.30-860532(us) 2404149 * Shutdown        (srpc_rpc_backend.cc:132): SrpcRpcBackend::Shutdown: About to shutdown poll_thread_worker_
20260909-08:18.30-860546(us) 2404149 * Shutdown        (srpc_rpc_backend.cc:136): SrpcRpcBackend::Shutdown: poll_thread_worker_ is valid, calling shutdown()
20260909-08:18.30-861428(us) 2404149 * Shutdown        (srpc_rpc_backend.cc:138): SrpcRpcBackend::Shutdown: poll_thread_worker_->shutdown() completed
20260909-08:18.30-861462(us) 2404149 * Shutdown        (srpc_rpc_backend.cc:140): SrpcRpcBackend::Shutdown: poll_thread_worker_ reset to None
20260909-08:18.30-861476(us) 2404149 * Shutdown        (srpc_rpc_backend.cc:145): SrpcRpcBackend::Shutdown: Shutdown sequence completed, destructor will now exit
20260909-08:18.30-861490(us) 2404149 * ~SrpcRpcBackend (srpc_rpc_backend.cc:52): SrpcRpcBackend::~SrpcRpcBackend: START destructor
20260909-08:18.30-861505(us) 2404149 * Stop            (srpc_rpc_backend.cc:589): SrpcRpcBackend::Stop: Already stopped, returning
20260909-08:18.30-861519(us) 2404149 * Shutdown        (srpc_rpc_backend.cc:112): SrpcRpcBackend::Shutdown: About to delete server
20260909-08:18.30-861535(us) 2404149 * Shutdown        (srpc_rpc_backend.cc:129): SrpcRpcBackend::Shutdown: Server pointer is null, skipping deletion
20260909-08:18.30-861562(us) 2404149 * Shutdown        (srpc_rpc_backend.cc:132): SrpcRpcBackend::Shutdown: About to shutdown poll_thread_worker_
20260909-08:18.30-861576(us) 2404149 * Shutdown        (srpc_rpc_backend.cc:142): SrpcRpcBackend::Shutdown: poll_thread_worker_ is null, skipping shutdown
20260909-08:18.30-861603(us) 2404149 * Shutdown        (srpc_rpc_backend.cc:145): SrpcRpcBackend::Shutdown: Shutdown sequence completed, destructor will now exit
20260909-08:18.30-861625(us) 2404149 * ~SrpcRpcBackend (srpc_rpc_backend.cc:54): SrpcRpcBackend::~SrpcRpcBackend: Shutdown() completed
20260909-08:18.30-861651(us) 2404149 * Stop            (srpc_rpc_backend.cc:589): SrpcRpcBackend::Stop: Already stopped, returning
20260909-08:18.30-861705(us) 2404149 * Shutdown        (srpc_rpc_backend.cc:112): SrpcRpcBackend::Shutdown: About to delete server
20260909-08:18.30-861727(us) 2404149 * Shutdown        (srpc_rpc_backend.cc:138): SrpcRpcBackend::Shutdown: poll_thread_worker_->shutdown() completed
20260909-08:18.30-861761(us) 2404149 * Shutdown        (srpc_rpc_backend.cc:116): SrpcRpcBackend::Shutdown: Server pointer is valid, deleting...
20260909-08:18.30-861794(us) 2404149 * Shutdown        (srpc_rpc_backend.cc:140): SrpcRpcBackend::Shutdown: poll_thread_worker_ reset to None
20260909-08:18.30-861818(us) 2404149 * Shutdown        (srpc_rpc_backend.cc:145): SrpcRpcBackend::Shutdown: Shutdown sequence completed, destructor will now exit
20260909-08:18.30-861848(us) 2404149 * ~SrpcRpcBackend (srpc_rpc_backend.cc:52): SrpcRpcBackend::~SrpcRpcBackend: START destructor
20260909-08:18.30-861869(us) 2404149 * Stop            (srpc_rpc_backend.cc:589): SrpcRpcBackend::Stop: Already stopped, returning
20260909-08:18.30-861888(us) 2404149 * Shutdown        (srpc_rpc_backend.cc:112): SrpcRpcBackend::Shutdown: About to delete server
20260909-08:18.30-861908(us) 2404149 * Shutdown        (srpc_rpc_backend.cc:129): SrpcRpcBackend::Shutdown: Server pointer is null, skipping deletion
20260909-08:18.30-861930(us) 2404149 * Shutdown        (srpc_rpc_backend.cc:132): SrpcRpcBackend::Shutdown: About to shutdown poll_thread_worker_
20260909-08:18.30-861951(us) 2404149 * Shutdown        (srpc_rpc_backend.cc:142): SrpcRpcBackend::Shutdown: poll_thread_worker_ is null, skipping shutdown
20260909-08:18.30-861973(us) 2404149 * Shutdown        (srpc_rpc_backend.cc:145): SrpcRpcBackend::Shutdown: Shutdown sequence completed, destructor will now exit
20260909-08:18.30-861994(us) 2404149 * ~SrpcRpcBackend (srpc_rpc_backend.cc:54): SrpcRpcBackend::~SrpcRpcBackend: Shutdown() completed
20260909-08:18.30-862025(us) 2404149 * Shutdown        (srpc_rpc_backend.cc:120): SrpcRpcBackend::Shutdown: Server deleted successfully
20260909-08:18.30-862057(us) 2404149 * Shutdown        (srpc_rpc_backend.cc:132): SrpcRpcBackend::Shutdown: About to shutdown poll_thread_worker_
20260909-08:18.30-862082(us) 2404149 * Shutdown        (srpc_rpc_backend.cc:136): SrpcRpcBackend::Shutdown: poll_thread_worker_ is valid, calling shutdown()
20260909-08:18.30-862605(us) 2404149 * Stop            (srpc_rpc_backend.cc:589): SrpcRpcBackend::Stop: Already stopped, returning
20260909-08:18.30-862664(us) 2404149 * Shutdown        (srpc_rpc_backend.cc:112): SrpcRpcBackend::Shutdown: About to delete server
20260909-08:18.30-862693(us) 2404149 * Shutdown        (srpc_rpc_backend.cc:116): SrpcRpcBackend::Shutdown: Server pointer is valid, deleting...
20260909-08:18.30-862728(us) 2404149 * Shutdown        (srpc_rpc_backend.cc:120): SrpcRpcBackend::Shutdown: Server deleted successfully
20260909-08:18.30-862758(us) 2404149 * Shutdown        (srpc_rpc_backend.cc:132): SrpcRpcBackend::Shutdown: About to shutdown poll_thread_worker_
20260909-08:18.30-862785(us) 2404149 * Shutdown        (srpc_rpc_backend.cc:136): SrpcRpcBackend::Shutdown: poll_thread_worker_ is valid, calling shutdown()
20260909-08:18.30-862848(us) 2404149 * Stop            (srpc_rpc_backend.cc:589): SrpcRpcBackend::Stop: Already stopped, returning
20260909-08:18.30-862907(us) 2404149 * Shutdown        (srpc_rpc_backend.cc:112): SrpcRpcBackend::Shutdown: About to delete server
20260909-08:18.30-862937(us) 2404149 * Shutdown        (srpc_rpc_backend.cc:116): SrpcRpcBackend::Shutdown: Server pointer is valid, deleting...
20260909-08:18.30-862980(us) 2404149 * Shutdown        (srpc_rpc_backend.cc:120): SrpcRpcBackend::Shutdown: Server deleted successfully
20260909-08:18.30-863008(us) 2404149 * Shutdown        (srpc_rpc_backend.cc:132): SrpcRpcBackend::Shutdown: About to shutdown poll_thread_worker_
20260909-08:18.30-863033(us) 2404149 * Shutdown        (srpc_rpc_backend.cc:136): SrpcRpcBackend::Shutdown: poll_thread_worker_ is valid, calling shutdown()
20260909-08:18.30-863728(us) 2404149 * Shutdown        (srpc_rpc_backend.cc:138): SrpcRpcBackend::Shutdown: poll_thread_worker_->shutdown() completed
20260909-08:18.30-863783(us) 2404149 * Shutdown        (srpc_rpc_backend.cc:140): SrpcRpcBackend::Shutdown: poll_thread_worker_ reset to None
20260909-08:18.30-863804(us) 2404149 * Shutdown        (srpc_rpc_backend.cc:145): SrpcRpcBackend::Shutdown: Shutdown sequence completed, destructor will now exit
20260909-08:18.30-863826(us) 2404149 * ~SrpcRpcBackend (srpc_rpc_backend.cc:52): SrpcRpcBackend::~SrpcRpcBackend: START destructor
20260909-08:18.30-863859(us) 2404149 * Stop            (srpc_rpc_backend.cc:589): SrpcRpcBackend::Stop: Already stopped, returning
20260909-08:18.30-863887(us) 2404149 * Shutdown        (srpc_rpc_backend.cc:112): SrpcRpcBackend::Shutdown: About to delete server
20260909-08:18.30-863911(us) 2404149 * Shutdown        (srpc_rpc_backend.cc:129): SrpcRpcBackend::Shutdown: Server pointer is null, skipping deletion
20260909-08:18.30-863934(us) 2404149 * Shutdown        (srpc_rpc_backend.cc:132): SrpcRpcBackend::Shutdown: About to shutdown poll_thread_worker_
20260909-08:18.30-863957(us) 2404149 * Shutdown        (srpc_rpc_backend.cc:138): SrpcRpcBackend::Shutdown: poll_thread_worker_->shutdown() completed
20260909-08:18.30-863995(us) 2404149 * Shutdown        (srpc_rpc_backend.cc:142): SrpcRpcBackend::Shutdown: poll_thread_worker_ is null, skipping shutdown
20260909-08:18.30-864021(us) 2404149 * Shutdown        (srpc_rpc_backend.cc:145): SrpcRpcBackend::Shutdown: Shutdown sequence completed, destructor will now exit
20260909-08:18.30-864044(us) 2404149 * ~SrpcRpcBackend (srpc_rpc_backend.cc:54): SrpcRpcBackend::~SrpcRpcBackend: Shutdown() completed
20260909-08:18.30-864078(us) 2404149 * Shutdown        (srpc_rpc_backend.cc:140): SrpcRpcBackend::Shutdown: poll_thread_worker_ reset to None
20260909-08:18.30-864107(us) 2404149 * Shutdown        (srpc_rpc_backend.cc:145): SrpcRpcBackend::Shutdown: Shutdown sequence completed, destructor will now exit
20260909-08:18.30-864128(us) 2404149 * ~SrpcRpcBackend (srpc_rpc_backend.cc:52): SrpcRpcBackend::~SrpcRpcBackend: START destructor
20260909-08:18.30-864153(us) 2404149 * Stop            (srpc_rpc_backend.cc:589): SrpcRpcBackend::Stop: Already stopped, returning
20260909-08:18.30-864176(us) 2404149 * Shutdown        (srpc_rpc_backend.cc:112): SrpcRpcBackend::Shutdown: About to delete server
20260909-08:18.30-864195(us) 2404149 * Shutdown        (srpc_rpc_backend.cc:129): SrpcRpcBackend::Shutdown: Server pointer is null, skipping deletion
20260909-08:18.30-864218(us) 2404149 * Shutdown        (srpc_rpc_backend.cc:132): SrpcRpcBackend::Shutdown: About to shutdown poll_thread_worker_
20260909-08:18.30-864236(us) 2404149 * Shutdown        (srpc_rpc_backend.cc:142): SrpcRpcBackend::Shutdown: poll_thread_worker_ is null, skipping shutdown
20260909-08:18.30-864262(us) 2404149 * Shutdown        (srpc_rpc_backend.cc:145): SrpcRpcBackend::Shutdown: Shutdown sequence completed, destructor will now exit
20260909-08:18.30-864289(us) 2404149 * ~SrpcRpcBackend (srpc_rpc_backend.cc:54): SrpcRpcBackend::~SrpcRpcBackend: Shutdown() completed
20260909-08:18.30-864333(us) 2404149 * Shutdown        (srpc_rpc_backend.cc:138): SrpcRpcBackend::Shutdown: poll_thread_worker_->shutdown() completed
20260909-08:18.30-864392(us) 2404149 * Shutdown        (srpc_rpc_backend.cc:140): SrpcRpcBackend::Shutdown: poll_thread_worker_ reset to None
20260909-08:18.30-864419(us) 2404149 * Shutdown        (srpc_rpc_backend.cc:145): SrpcRpcBackend::Shutdown: Shutdown sequence completed, destructor will now exit
20260909-08:18.30-864447(us) 2404149 * ~SrpcRpcBackend (srpc_rpc_backend.cc:52): SrpcRpcBackend::~SrpcRpcBackend: START destructor
20260909-08:18.30-864476(us) 2404149 * Stop            (srpc_rpc_backend.cc:589): SrpcRpcBackend::Stop: Already stopped, returning
20260909-08:18.30-864507(us) 2404149 * Shutdown        (srpc_rpc_backend.cc:112): SrpcRpcBackend::Shutdown: About to delete server
20260909-08:18.30-864543(us) 2404149 * Shutdown        (srpc_rpc_backend.cc:129): SrpcRpcBackend::Shutdown: Server pointer is null, skipping deletion
20260909-08:18.30-864576(us) 2404149 * Shutdown        (srpc_rpc_backend.cc:132): SrpcRpcBackend::Shutdown: About to shutdown poll_thread_worker_
20260909-08:18.30-864610(us) 2404149 * Shutdown        (srpc_rpc_backend.cc:142): SrpcRpcBackend::Shutdown: poll_thread_worker_ is null, skipping shutdown
20260909-08:18.30-864644(us) 2404149 * Shutdown        (srpc_rpc_backend.cc:145): SrpcRpcBackend::Shutdown: Shutdown sequence completed, destructor will now exit
20260909-08:18.30-864684(us) 2404149 * ~SrpcRpcBackend (srpc_rpc_backend.cc:54): SrpcRpcBackend::~SrpcRpcBackend: Shutdown() completed
20260909-08:18.30-871848(us) 2404149 * Stop            (srpc_rpc_backend.cc:589): SrpcRpcBackend::Stop: Already stopped, returning
20260909-08:18.30-871895(us) 2404149 * Shutdown        (srpc_rpc_backend.cc:112): SrpcRpcBackend::Shutdown: About to delete server
20260909-08:18.30-871914(us) 2404149 * Shutdown        (srpc_rpc_backend.cc:116): SrpcRpcBackend::Shutdown: Server pointer is valid, deleting...
20260909-08:18.30-871939(us) 2404149 * Shutdown        (srpc_rpc_backend.cc:120): SrpcRpcBackend::Shutdown: Server deleted successfully
20260909-08:18.30-871958(us) 2404149 * Shutdown        (srpc_rpc_backend.cc:132): SrpcRpcBackend::Shutdown: About to shutdown poll_thread_worker_
20260909-08:18.30-871979(us) 2404149 * Shutdown        (srpc_rpc_backend.cc:136): SrpcRpcBackend::Shutdown: poll_thread_worker_ is valid, calling shutdown()
20260909-08:18.30-872777(us) 2404149 * Shutdown        (srpc_rpc_backend.cc:138): SrpcRpcBackend::Shutdown: poll_thread_worker_->shutdown() completed
20260909-08:18.30-872813(us) 2404149 * Shutdown        (srpc_rpc_backend.cc:140): SrpcRpcBackend::Shutdown: poll_thread_worker_ reset to None
20260909-08:18.30-872845(us) 2404149 * Shutdown        (srpc_rpc_backend.cc:145): SrpcRpcBackend::Shutdown: Shutdown sequence completed, destructor will now exit
20260909-08:18.30-872868(us) 2404149 * ~SrpcRpcBackend (srpc_rpc_backend.cc:52): SrpcRpcBackend::~SrpcRpcBackend: START destructor
20260909-08:18.30-872892(us) 2404149 * Stop            (srpc_rpc_backend.cc:589): SrpcRpcBackend::Stop: Already stopped, returning
20260909-08:18.30-872917(us) 2404149 * Shutdown        (srpc_rpc_backend.cc:112): SrpcRpcBackend::Shutdown: About to delete server
20260909-08:18.30-872939(us) 2404149 * Shutdown        (srpc_rpc_backend.cc:129): SrpcRpcBackend::Shutdown: Server pointer is null, skipping deletion
20260909-08:18.30-872961(us) 2404149 * Shutdown        (srpc_rpc_backend.cc:132): SrpcRpcBackend::Shutdown: About to shutdown poll_thread_worker_
20260909-08:18.30-872983(us) 2404149 * Shutdown        (srpc_rpc_backend.cc:142): SrpcRpcBackend::Shutdown: poll_thread_worker_ is null, skipping shutdown
20260909-08:18.30-873005(us) 2404149 * Shutdown        (srpc_rpc_backend.cc:145): SrpcRpcBackend::Shutdown: Shutdown sequence completed, destructor will now exit
20260909-08:18.30-873027(us) 2404149 * ~SrpcRpcBackend (srpc_rpc_backend.cc:54): SrpcRpcBackend::~SrpcRpcBackend: Shutdown() completed
[SHUTDOWN] Worker 0 joined
[SHUTDOWN] Joining worker 1
[SHUTDOWN] Worker 1 joined
[SHUTDOWN] Joining worker 2
[SHUTDOWN] Worker 2 joined
[SHUTDOWN] Joining worker 3
[SHUTDOWN] Worker 3 joined
[SHUTDOWN] Joining worker 4
[SHUTDOWN] Worker 4 joined
[SHUTDOWN] Joining worker 5
[SHUTDOWN] Worker 5 joined
[SHUTDOWN] Joining worker 6
[SHUTDOWN] Worker 6 joined
[SHUTDOWN] Joining worker 7
[SHUTDOWN] Worker 7 joined
[SHUTDOWN] Joining worker 8
[SHUTDOWN] Worker 8 joined
[SHUTDOWN] Joining worker 9
[SHUTDOWN] Worker 9 joined
[SHUTDOWN] Joining worker 10
[SHUTDOWN] Worker 10 joined
[SHUTDOWN] Joining worker 11
[SHUTDOWN] Worker 11 joined
[SHUTDOWN] Joining worker 12
[SHUTDOWN] Worker 12 joined
[SHUTDOWN] Joining worker 13
[SHUTDOWN] Worker 13 joined
[SHUTDOWN] Joining worker 14
[SHUTDOWN] Worker 14 joined
[SHUTDOWN] Joining worker 15
[SHUTDOWN] Worker 15 joined
[SHUTDOWN] All workers joined
[SHUTDOWN] Calling stop_rpc_server()
[STOP_SERVER] Stopping 2 server transports
[STOP_SERVER] Stopping server transport 0
20260909-08:18.30-874877(us) 2404149 * Stop            (srpc_rpc_backend.cc:593): SrpcRpcBackend::Stop: BEGIN - Setting stop flag
20260909-08:18.30-874907(us) 2404149 * Stop            (srpc_rpc_backend.cc:596): SrpcRpcBackend::Stop: Waiting for event loop to exit...
20260909-08:18.30-874999(us) 2404149 * RunEventLoop    (srpc_rpc_backend.cc:577): SrpcRpcBackend::RunEventLoop: Stop flag detected, exiting event loop
20260909-08:18.30-875026(us) 2404149 * RunEventLoop    (srpc_rpc_backend.cc:581): SrpcRpcBackend::RunEventLoop: Exited cleanly
20260909-08:18.30-875041(us) 2404149 * rpc_server      (rpc_setup.cc:126): the rpc_server is terminated on shardIdx:0, alpha:0!
20260909-08:18.30-884994(us) 2404149 * Stop            (srpc_rpc_backend.cc:612): SrpcRpcBackend::Stop: Event loop exited successfully
20260909-08:18.30-885019(us) 2404149 * Stop            (srpc_rpc_backend.cc:616): SrpcRpcBackend::Stop: Signaling 0 request queues to stop
20260909-08:18.30-885037(us) 2404149 * Stop            (srpc_rpc_backend.cc:624): SrpcRpcBackend::Stop: Signaling 0 response queues to stop
20260909-08:18.30-885054(us) 2404149 * Stop            (srpc_rpc_backend.cc:635): SrpcRpcBackend::Stop: Server cleanup deferred to destructor
20260909-08:18.30-885078(us) 2404149 * Stop            (srpc_rpc_backend.cc:638): SrpcRpcBackend::Stop: Closing client connections
20260909-08:18.30-885100(us) 2404149 * Stop            (srpc_rpc_backend.cc:642): SrpcRpcBackend::Stop: Found 0 client connections to close
20260909-08:18.30-885122(us) 2404149 * Stop            (srpc_rpc_backend.cc:662): SrpcRpcBackend::Stop: Closed 0 client connections
20260909-08:18.30-885141(us) 2404149 * Stop            (srpc_rpc_backend.cc:675): SrpcRpcBackend stats: msg_size_resp_sent: 0 bytes, counter: 0, avg: 0.000000
20260909-08:18.30-885167(us) 2404149 * Stop            (srpc_rpc_backend.cc:676): SrpcRpcBackend::Stop: END
[STOP_SERVER] Server transport 0 stopped
[STOP_SERVER] Stopping server transport 1
20260909-08:18.30-885202(us) 2404149 * Stop            (srpc_rpc_backend.cc:593): SrpcRpcBackend::Stop: BEGIN - Setting stop flag
20260909-08:18.30-885223(us) 2404149 * Stop            (srpc_rpc_backend.cc:596): SrpcRpcBackend::Stop: Waiting for event loop to exit...
20260909-08:18.30-885264(us) 2404149 * RunEventLoop    (srpc_rpc_backend.cc:577): SrpcRpcBackend::RunEventLoop: Stop flag detected, exiting event loop
20260909-08:18.30-885294(us) 2404149 * RunEventLoop    (srpc_rpc_backend.cc:581): SrpcRpcBackend::RunEventLoop: Exited cleanly
20260909-08:18.30-885308(us) 2404149 * rpc_server      (rpc_setup.cc:126): the rpc_server is terminated on shardIdx:0, alpha:1!
20260909-08:18.30-895311(us) 2404149 * Stop            (srpc_rpc_backend.cc:612): SrpcRpcBackend::Stop: Event loop exited successfully
20260909-08:18.30-895335(us) 2404149 * Stop            (srpc_rpc_backend.cc:616): SrpcRpcBackend::Stop: Signaling 0 request queues to stop
20260909-08:18.30-895352(us) 2404149 * Stop            (srpc_rpc_backend.cc:624): SrpcRpcBackend::Stop: Signaling 0 response queues to stop
20260909-08:18.30-895369(us) 2404149 * Stop            (srpc_rpc_backend.cc:635): SrpcRpcBackend::Stop: Server cleanup deferred to destructor
20260909-08:18.30-895393(us) 2404149 * Stop            (srpc_rpc_backend.cc:638): SrpcRpcBackend::Stop: Closing client connections
20260909-08:18.30-895415(us) 2404149 * Stop            (srpc_rpc_backend.cc:642): SrpcRpcBackend::Stop: Found 0 client connections to close
20260909-08:18.30-895436(us) 2404149 * Stop            (srpc_rpc_backend.cc:662): SrpcRpcBackend::Stop: Closed 0 client connections
20260909-08:18.30-895454(us) 2404149 * Stop            (srpc_rpc_backend.cc:675): SrpcRpcBackend stats: msg_size_resp_sent: 0 bytes, counter: 0, avg: 0.000000
20260909-08:18.30-895477(us) 2404149 * Stop            (srpc_rpc_backend.cc:676): SrpcRpcBackend::Stop: END
[STOP_SERVER] Server transport 1 stopped
20260909-08:18.30-895616(us) 2404149 * Stop            (srpc_rpc_backend.cc:589): SrpcRpcBackend::Stop: Already stopped, returning
20260909-08:18.30-895638(us) 2404149 * Shutdown        (srpc_rpc_backend.cc:112): SrpcRpcBackend::Shutdown: About to delete server
20260909-08:18.30-895655(us) 2404149 * Shutdown        (srpc_rpc_backend.cc:116): SrpcRpcBackend::Shutdown: Server pointer is valid, deleting...
20260909-08:18.30-895679(us) 2404149 * Shutdown        (srpc_rpc_backend.cc:120): SrpcRpcBackend::Shutdown: Server deleted successfully
20260909-08:18.30-895697(us) 2404149 * Shutdown        (srpc_rpc_backend.cc:132): SrpcRpcBackend::Shutdown: About to shutdown poll_thread_worker_
20260909-08:18.30-895714(us) 2404149 * Shutdown        (srpc_rpc_backend.cc:136): SrpcRpcBackend::Shutdown: poll_thread_worker_ is valid, calling shutdown()
20260909-08:18.30-896121(us) 2404149 * Shutdown        (srpc_rpc_backend.cc:138): SrpcRpcBackend::Shutdown: poll_thread_worker_->shutdown() completed
20260909-08:18.30-896158(us) 2404149 * Shutdown        (srpc_rpc_backend.cc:140): SrpcRpcBackend::Shutdown: poll_thread_worker_ reset to None
20260909-08:18.30-896177(us) 2404149 * Shutdown        (srpc_rpc_backend.cc:145): SrpcRpcBackend::Shutdown: Shutdown sequence completed, destructor will now exit
20260909-08:18.30-896194(us) 2404149 * ~SrpcRpcBackend (srpc_rpc_backend.cc:52): SrpcRpcBackend::~SrpcRpcBackend: START destructor
20260909-08:18.30-896217(us) 2404149 * Stop            (srpc_rpc_backend.cc:589): SrpcRpcBackend::Stop: Already stopped, returning
20260909-08:18.30-896235(us) 2404149 * Shutdown        (srpc_rpc_backend.cc:112): SrpcRpcBackend::Shutdown: About to delete server
20260909-08:18.30-896258(us) 2404149 * Shutdown        (srpc_rpc_backend.cc:129): SrpcRpcBackend::Shutdown: Server pointer is null, skipping deletion
20260909-08:18.30-896275(us) 2404149 * Shutdown        (srpc_rpc_backend.cc:132): SrpcRpcBackend::Shutdown: About to shutdown poll_thread_worker_
20260909-08:18.30-896297(us) 2404149 * Shutdown        (srpc_rpc_backend.cc:142): SrpcRpcBackend::Shutdown: poll_thread_worker_ is null, skipping shutdown
20260909-08:18.30-896317(us) 2404149 * Shutdown        (srpc_rpc_backend.cc:145): SrpcRpcBackend::Shutdown: Shutdown sequence completed, destructor will now exit
20260909-08:18.30-896338(us) 2404149 * ~SrpcRpcBackend (srpc_rpc_backend.cc:54): SrpcRpcBackend::~SrpcRpcBackend: Shutdown() completed
20260909-08:18.30-896396(us) 2404149 * Stop            (srpc_rpc_backend.cc:589): SrpcRpcBackend::Stop: Already stopped, returning
20260909-08:18.30-896416(us) 2404149 * Shutdown        (srpc_rpc_backend.cc:112): SrpcRpcBackend::Shutdown: About to delete server
20260909-08:18.30-896437(us) 2404149 * Shutdown        (srpc_rpc_backend.cc:116): SrpcRpcBackend::Shutdown: Server pointer is valid, deleting...
20260909-08:18.30-896460(us) 2404149 * Shutdown        (srpc_rpc_backend.cc:120): SrpcRpcBackend::Shutdown: Server deleted successfully
20260909-08:18.30-896479(us) 2404149 * Shutdown        (srpc_rpc_backend.cc:132): SrpcRpcBackend::Shutdown: About to shutdown poll_thread_worker_
20260909-08:18.30-896499(us) 2404149 * Shutdown        (srpc_rpc_backend.cc:136): SrpcRpcBackend::Shutdown: poll_thread_worker_ is valid, calling shutdown()
20260909-08:18.30-897136(us) 2404149 * Shutdown        (srpc_rpc_backend.cc:138): SrpcRpcBackend::Shutdown: poll_thread_worker_->shutdown() completed
20260909-08:18.30-897171(us) 2404149 * Shutdown        (srpc_rpc_backend.cc:140): SrpcRpcBackend::Shutdown: poll_thread_worker_ reset to None
20260909-08:18.30-897189(us) 2404149 * Shutdown        (srpc_rpc_backend.cc:145): SrpcRpcBackend::Shutdown: Shutdown sequence completed, destructor will now exit
20260909-08:18.30-897211(us) 2404149 * ~SrpcRpcBackend (srpc_rpc_backend.cc:52): SrpcRpcBackend::~SrpcRpcBackend: START destructor
20260909-08:18.30-897232(us) 2404149 * Stop            (srpc_rpc_backend.cc:589): SrpcRpcBackend::Stop: Already stopped, returning
20260909-08:18.30-897253(us) 2404149 * Shutdown        (srpc_rpc_backend.cc:112): SrpcRpcBackend::Shutdown: About to delete server
20260909-08:18.30-897272(us) 2404149 * Shutdown        (srpc_rpc_backend.cc:129): SrpcRpcBackend::Shutdown: Server pointer is null, skipping deletion
20260909-08:18.30-897294(us) 2404149 * Shutdown        (srpc_rpc_backend.cc:132): SrpcRpcBackend::Shutdown: About to shutdown poll_thread_worker_
20260909-08:18.30-897314(us) 2404149 * Shutdown        (srpc_rpc_backend.cc:142): SrpcRpcBackend::Shutdown: poll_thread_worker_ is null, skipping shutdown
20260909-08:18.30-897335(us) 2404149 * Shutdown        (srpc_rpc_backend.cc:145): SrpcRpcBackend::Shutdown: Shutdown sequence completed, destructor will now exit
20260909-08:18.30-897356(us) 2404149 * ~SrpcRpcBackend (srpc_rpc_backend.cc:54): SrpcRpcBackend::~SrpcRpcBackend: Shutdown() completed
[STOP_SERVER] All server transports stopped
[SHUTDOWN] stop_rpc_server() completed
[SHUTDOWN] Calling second stop()
20260909-08:18.30-897419(us) 2404149 ! stop            (bench.cc:496):     stop all rpc clients. set stop=false
[SHUTDOWN] Second stop() completed
20260909-08:18.30-897443(us) 2404149 ! run             (bench.cc:731):     TPCC_BENCH_MEASURE_END
[SHUTDOWN] Calling do_txn_finish()
[SHUTDOWN] do_txn_finish() completed
--- n_commits per partition ---
 par_id: 0, n_commits: 416485
 par_id: 1, n_commits: 392643
 par_id: 2, n_commits: 418040
 par_id: 3, n_commits: 405993
 par_id: 4, n_commits: 433257
 par_id: 5, n_commits: 423536
 par_id: 6, n_commits: 424754
 par_id: 7, n_commits: 418451
 par_id: 8, n_commits: 430737
 par_id: 9, n_commits: 424059
 par_id: 10, n_commits: 416064
 par_id: 11, n_commits: 387119
 par_id: 12, n_commits: 419044
 par_id: 13, n_commits: 415469
 par_id: 14, n_commits: 419757
 par_id: 15, n_commits: 415268
--- benchmark statistics ---
runtime: 10.1508 sec
memory delta: 4713.14 MB
n_commits: 6660676
latency_numer_us: 157273210
latency_numer_us_remote: 0
memory delta rate: 464.314 MB/sec
logical memory delta: 422.46 MB
logical memory delta rate: 41.6186 MB/sec
agg_nosync_throughput: 656188 ops/sec
avg_nosync_per_core_throughput: 41011.7 ops/sec/core
agg_throughput: 656175 ops/sec
avg_per_core_throughput: 41010.9 ops/sec/core
agg_persist_throughput: 656175 ops/sec
avg_per_core_persist_throughput: 41010.9 ops/sec/core
avg_latency: 0.0236122 ms
avg_persist_latency: 0 ms
agg_abort_rate: 104.721 aborts/sec
avg_per_core_abort_rate: 6.54507 aborts/sec/core
  NewOrder_local_commit_latency: 0.0263338 ms
  NewOrder_local_abort_latency: 0.0605317 ms
  NewOrder_local_abort_ratio: 9.9394e-05
  Payment_local_commit_latency: 0.00839685 ms
  Payment_local_abort_latency: 0.0545104 ms
  Payment_local_abort_ratio: 2.79215e-06
  Delivery_local_commit_latency: 0.0990911 ms
  Delivery_local_abort_latency: 0 ms
  Delivery_local_abort_ratio: 0
  OrderStatus_local_commit_latency: 0.00824843 ms
  OrderStatus_local_abort_latency: 0.033325 ms
  OrderStatus_local_abort_ratio: 1.13152e-05
  StockLevel_local_commit_latency: 0.108944 ms
  StockLevel_local_abort_latency: 0.144244 ms
  StockLevel_local_abort_ratio: 0.00282803
  NewOrder_remote_ratio: 0 %
  NewOrder_remote_abort_ratio: 0 %
  NewOrder_remote_commit_latency: 0 ms
  NewOrder_remote_abort_latency: 0 ms
  Payment_remote_ratio: 0 %
  Payment_remote_abort_ratio: 0 %
  Payment_remote_commit_latency: 0 ms
  Payment_remote_abort_latency: 0 ms
--- system counters (for benchmark) ---
--- perf counters (if enabled, for benchmark) ---
--- allocator stats ---
[SiloRuntime 0] ncpus=16
[SiloRuntime 0] cpu=0 fully_faulted?=0 remaining=268435456 bytes
[SiloRuntime 0] cpu=1 fully_faulted?=0 remaining=268435456 bytes
[SiloRuntime 0] cpu=2 fully_faulted?=0 remaining=268435456 bytes
[SiloRuntime 0] cpu=3 fully_faulted?=0 remaining=268435456 bytes
[SiloRuntime 0] cpu=4 fully_faulted?=0 remaining=268435456 bytes
[SiloRuntime 0] cpu=5 fully_faulted?=0 remaining=268435456 bytes
[SiloRuntime 0] cpu=6 fully_faulted?=0 remaining=268435456 bytes
[SiloRuntime 0] cpu=7 fully_faulted?=0 remaining=268435456 bytes
[SiloRuntime 0] cpu=8 fully_faulted?=0 remaining=268435456 bytes
[SiloRuntime 0] cpu=9 fully_faulted?=0 remaining=268435456 bytes
[SiloRuntime 0] cpu=10 fully_faulted?=0 remaining=268435456 bytes
[SiloRuntime 0] cpu=11 fully_faulted?=0 remaining=268435456 bytes
[SiloRuntime 0] cpu=12 fully_faulted?=0 remaining=268435456 bytes
[SiloRuntime 0] cpu=13 fully_faulted?=0 remaining=268435456 bytes
[SiloRuntime 0] cpu=14 fully_faulted?=0 remaining=268435456 bytes
[SiloRuntime 0] cpu=15 fully_faulted?=0 remaining=268435456 bytes
---------------------------------------
--- system counters for n_commits ---
[STOP_SERVER] Stopping 0 server transports
[STOP_SERVER] All server transports stopped
