20260909-07:02.08-190053(us) 2345738 * ParseNewFormat  (configuration.cc:102): Using new configuration format
20260909-07:02.08-190209(us) 2345738 * ParseNewFormat  (configuration.cc:162): Loaded 1 sites in 1 shards
20260909-07:02.08-190242(us) 2345738 * handle_new_config_format (dbtest.cc:368):    Site local_s0: shard=0, replica_idx=0, is_leader=1, cluster=localhost
SiloRuntime[0]::InitializeAllocator()
  hugepgsize: 2097152
  mmap() region [0x77e6f7200000, 0x77e777400000)
  runtime0 cpu0 owns [0x77e6f7200000, 0x77e6ff200000)
  runtime0 cpu1 owns [0x77e6ff200000, 0x77e707200000)
  runtime0 cpu2 owns [0x77e707200000, 0x77e70f200000)
  runtime0 cpu3 owns [0x77e70f200000, 0x77e717200000)
  runtime0 cpu4 owns [0x77e717200000, 0x77e71f200000)
  runtime0 cpu5 owns [0x77e71f200000, 0x77e727200000)
  runtime0 cpu6 owns [0x77e727200000, 0x77e72f200000)
  runtime0 cpu7 owns [0x77e72f200000, 0x77e737200000)
  runtime0 cpu8 owns [0x77e737200000, 0x77e73f200000)
  runtime0 cpu9 owns [0x77e73f200000, 0x77e747200000)
  runtime0 cpu10 owns [0x77e747200000, 0x77e74f200000)
  runtime0 cpu11 owns [0x77e74f200000, 0x77e757200000)
  runtime0 cpu12 owns [0x77e757200000, 0x77e75f200000)
  runtime0 cpu13 owns [0x77e75f200000, 0x77e767200000)
  runtime0 cpu14 owns [0x77e767200000, 0x77e76f200000)
  runtime0 cpu15 owns [0x77e76f200000, 0x77e777200000)
Database Benchmark:
  pid: 2345738
settings:
  num-cpus    : 128
  num-threads : 16
  shardIndex  : 0
  paxos_proc_name  : localhost
  nshards     : 1
  is_micro    : 0
  is_replicated : 0
  storage_engine : rust
  var-encode  : yes
  allocator   : jemalloc
system properties:
  tuple_prefetch          : no
  btree_node_prefetch     : yes
tpcc settings:
  cross_partition_transactions : 1
  read_only_snapshots          : 1
  partition_locks              : 0
  separate_tree_per_partition  : 1
  new_order_remote_item_pct    : 1
  new_order_fast_id_gen        : 1
  uniform_item_dist            : 0
  order_status_scan_hack       : 0
  workload_mix                 : [45, 43, 4, 4, 4]
20260909-07:02.08-252703(us) 2345738 * ParseNewFormat  (configuration.cc:102): Using new configuration format
20260909-07:02.08-252792(us) 2345738 * ParseNewFormat  (configuration.cc:162): Loaded 1 sites in 1 shards
20260909-07:02.08-253225(us) 2345738 * Initialize      (srpc_rpc_backend.cc:66): SrpcRpcBackend::Initialize: poll_thread_worker_ created, is_some=1
20260909-07:02.08-253267(us) 2345738 * ParseNewFormat  (configuration.cc:102): Using new configuration format
20260909-07:02.08-253364(us) 2345738 * ParseNewFormat  (configuration.cc:162): Loaded 1 sites in 1 shards
20260909-07:02.08-253418(us) 2345738 * Initialize      (srpc_rpc_backend.cc:97): SrpcRpcBackend initialized on 127.0.0.1:31021 (listening on 0.0.0.0:31021)
20260909-07:02.08-253443(us) 2345738 * FastTransport   (fasttransport.cc:147): FastTransport initialized with srpc/rpc backend on 127.0.0.1:31021
20260909-07:02.08-253465(us) 2345738 * RunEventLoop    (srpc_rpc_backend.cc:516): SrpcRpcBackend::RunEventLoop: Starting event loop
20260909-07:02.08-253739(us) 2345738 * Initialize      (srpc_rpc_backend.cc:66): SrpcRpcBackend::Initialize: poll_thread_worker_ created, is_some=1
20260909-07:02.08-253905(us) 2345738 * Initialize      (srpc_rpc_backend.cc:97): SrpcRpcBackend initialized on 127.0.0.1:31022 (listening on 0.0.0.0:31022)
20260909-07:02.08-253936(us) 2345738 * FastTransport   (fasttransport.cc:147): FastTransport initialized with srpc/rpc backend on 127.0.0.1:31022
20260909-07:02.08-253956(us) 2345738 * RunEventLoop    (srpc_rpc_backend.cc:516): SrpcRpcBackend::RunEventLoop: Starting event loop
20260909-07:02.08-256339(us) 2345738 ! run             (bench.cc:519):     # of loaders size:6
20260909-07:02.08-257692(us) 2345738 * benchmark_thread_init (mbta_wrapper.hh:1811): thread_init: thread_id=0, shard_index=0, getShardIndex=0, loader=1
20260909-07:02.08-257776(us) 2345738 * benchmark_thread_init (mbta_wrapper.hh:1811): thread_init: thread_id=1, shard_index=0, getShardIndex=0, loader=1
20260909-07:02.08-257902(us) 2345738 * benchmark_thread_init (mbta_wrapper.hh:1811): thread_init: thread_id=2, shard_index=0, getShardIndex=0, loader=1
20260909-07:02.08-258106(us) 2345738 * benchmark_thread_init (mbta_wrapper.hh:1811): thread_init: thread_id=3, shard_index=0, getShardIndex=0, loader=1
PinToWarehouseId(): coreid=3 pinned to whse=1 (partid=0)
PinToWarehouseId(): coreid=4 pinned to whse=1 (partid=0)
PinToWarehouseId(): coreid=4 pinned to whse=2 (partid=1)
PinToWarehouseId(): coreid=4 pinned to whse=3 (partid=2)
PinToWarehouseId(): coreid=4 pinned to whse=4 (partid=3)
PinToWarehouseId(): coreid=4 pinned to whse=5 (partid=4)
PinToWarehouseId(): coreid=4 pinned to whse=6 (partid=5)
20260909-07:02.08-260692(us) 2345738 * benchmark_thread_init (mbta_wrapper.hh:1811): thread_init: thread_id=4, shard_index=0, getShardIndex=0, loader=1
PinToWarehouseId(): coreid=4 pinned to whse=7 (partid=6)
20260909-07:02.08-260952(us) 2345738 * benchmark_thread_init (mbta_wrapper.hh:1811): thread_init: thread_id=5, shard_index=0, getShardIndex=0, loader=1
PinToWarehouseId(): coreid=5 pinned to whse=1 (partid=0)
PinToWarehouseId(): coreid=4 pinned to whse=8 (partid=7)
num batches: 30
PinToWarehouseId(): coreid=6 pinned to whse=1 (partid=0)
PinToWarehouseId(): coreid=4 pinned to whse=9 (partid=8)
PinToWarehouseId(): coreid=4 pinned to whse=10 (partid=9)
PinToWarehouseId(): coreid=4 pinned to whse=11 (partid=10)
[INFO] finished loading warehouse
[INFO]   * average warehouse record length: 97 bytes
PinToWarehouseId(): coreid=4 pinned to whse=12 (partid=11)
PinToWarehouseId(): coreid=4 pinned to whse=13 (partid=12)
PinToWarehouseId(): coreid=4 pinned to whse=14 (partid=13)
PinToWarehouseId(): coreid=4 pinned to whse=15 (partid=14)
PinToWarehouseId(): coreid=4 pinned to whse=16 (partid=15)
[INFO] finished loading district
[INFO]   * average district record length: 99 bytes
PinToWarehouseId(): coreid=5 pinned to whse=2 (partid=1)
[INFO] finished loading item
[INFO]   * average item record length: 84.1739 bytes
PinToWarehouseId(): coreid=6 pinned to whse=2 (partid=1)
PinToWarehouseId(): coreid=5 pinned to whse=3 (partid=2)
PinToWarehouseId(): coreid=5 pinned to whse=4 (partid=3)
PinToWarehouseId(): coreid=6 pinned to whse=3 (partid=2)
PinToWarehouseId(): coreid=5 pinned to whse=5 (partid=4)
PinToWarehouseId(): coreid=6 pinned to whse=4 (partid=3)
PinToWarehouseId(): coreid=3 pinned to whse=2 (partid=1)
PinToWarehouseId(): coreid=5 pinned to whse=6 (partid=5)
PinToWarehouseId(): coreid=6 pinned to whse=5 (partid=4)
PinToWarehouseId(): coreid=5 pinned to whse=7 (partid=6)
PinToWarehouseId(): coreid=5 pinned to whse=8 (partid=7)
PinToWarehouseId(): coreid=6 pinned to whse=6 (partid=5)
PinToWarehouseId(): coreid=5 pinned to whse=9 (partid=8)
PinToWarehouseId(): coreid=6 pinned to whse=7 (partid=6)
PinToWarehouseId(): coreid=5 pinned to whse=10 (partid=9)
PinToWarehouseId(): coreid=3 pinned to whse=3 (partid=2)
PinToWarehouseId(): coreid=5 pinned to whse=11 (partid=10)
PinToWarehouseId(): coreid=6 pinned to whse=8 (partid=7)
PinToWarehouseId(): coreid=5 pinned to whse=12 (partid=11)
PinToWarehouseId(): coreid=6 pinned to whse=9 (partid=8)
PinToWarehouseId(): coreid=5 pinned to whse=13 (partid=12)
PinToWarehouseId(): coreid=5 pinned to whse=14 (partid=13)
PinToWarehouseId(): coreid=6 pinned to whse=10 (partid=9)
PinToWarehouseId(): coreid=5 pinned to whse=15 (partid=14)
PinToWarehouseId(): coreid=3 pinned to whse=4 (partid=3)
PinToWarehouseId(): coreid=6 pinned to whse=11 (partid=10)
PinToWarehouseId(): coreid=5 pinned to whse=16 (partid=15)
[INFO] finished loading order
[INFO]   * average order_line record length: 11.2927 bytes
[INFO]   * average oorder record length: 7.9446 bytes
[INFO]   * average new_order record length: 12 bytes
PinToWarehouseId(): coreid=6 pinned to whse=12 (partid=11)
PinToWarehouseId(): coreid=6 pinned to whse=13 (partid=12)
PinToWarehouseId(): coreid=6 pinned to whse=14 (partid=13)
PinToWarehouseId(): coreid=3 pinned to whse=5 (partid=4)
PinToWarehouseId(): coreid=6 pinned to whse=15 (partid=14)
PinToWarehouseId(): coreid=6 pinned to whse=16 (partid=15)
[INFO] finished loading customer
[INFO]   * average customer record length: 153.983 bytes 
PinToWarehouseId(): coreid=3 pinned to whse=6 (partid=5)
PinToWarehouseId(): coreid=3 pinned to whse=7 (partid=6)
PinToWarehouseId(): coreid=3 pinned to whse=8 (partid=7)
PinToWarehouseId(): coreid=3 pinned to whse=9 (partid=8)
PinToWarehouseId(): coreid=3 pinned to whse=10 (partid=9)
PinToWarehouseId(): coreid=3 pinned to whse=11 (partid=10)
PinToWarehouseId(): coreid=3 pinned to whse=12 (partid=11)
PinToWarehouseId(): coreid=3 pinned to whse=13 (partid=12)
PinToWarehouseId(): coreid=3 pinned to whse=14 (partid=13)
PinToWarehouseId(): coreid=3 pinned to whse=15 (partid=14)
PinToWarehouseId(): coreid=3 pinned to whse=16 (partid=15)
[INFO] finished loading stock
[INFO]   * average stock record length: 8 bytes
timed region dataloading took 22014.9 ms
DB size: 2495.46 MB
[0, 0, 0] txns persisted in loading phase
20260909-07:02.30-271281(us) 2345738 ! run             (bench.cc:578):     # of nthreads:16
starting benchmark...
tpcc: worker id 128 => warehouses [1, 2)
tpcc: worker id 129 => warehouses [2, 3)
tpcc: worker id 130 => warehouses [3, 4)
tpcc: worker id 131 => warehouses [4, 5)
tpcc: worker id 132 => warehouses [5, 6)
tpcc: worker id 133 => warehouses [6, 7)
tpcc: worker id 134 => warehouses [7, 8)
tpcc: worker id 135 => warehouses [8, 9)
tpcc: worker id 136 => warehouses [9, 10)
tpcc: worker id 137 => warehouses [10, 11)
tpcc: worker id 138 => warehouses [11, 12)
tpcc: worker id 139 => warehouses [12, 13)
tpcc: worker id 140 => warehouses [13, 14)
tpcc: worker id 141 => warehouses [14, 15)
tpcc: worker id 142 => warehouses [15, 16)
tpcc: worker id 143 => warehouses [16, 17)
20260909-07:02.30-281186(us) 2345738 * benchmark_thread_init (mbta_wrapper.hh:1811): thread_init: thread_id=6, shard_index=0, getShardIndex=0, loader=0
20260909-07:02.30-281284(us) 2345738 * benchmark_thread_init (mbta_wrapper.hh:1811): thread_init: thread_id=7, shard_index=0, getShardIndex=0, loader=0
20260909-07:02.30-281383(us) 2345738 * benchmark_thread_init (mbta_wrapper.hh:1811): thread_init: thread_id=8, shard_index=0, getShardIndex=0, loader=0
20260909-07:02.30-281457(us) 2345738 * benchmark_thread_init (mbta_wrapper.hh:1811): thread_init: thread_id=9, shard_index=0, getShardIndex=0, loader=0
20260909-07:02.30-281625(us) 2345738 * benchmark_thread_init (mbta_wrapper.hh:1811): thread_init: thread_id=10, shard_index=0, getShardIndex=0, loader=0
20260909-07:02.30-281985(us) 2345738 * benchmark_thread_init (mbta_wrapper.hh:1811): thread_init: thread_id=11, shard_index=0, getShardIndex=0, loader=0
20260909-07:02.30-282339(us) 2345738 * benchmark_thread_init (mbta_wrapper.hh:1811): thread_init: thread_id=12, shard_index=0, getShardIndex=0, loader=0
20260909-07:02.30-282954(us) 2345738 * benchmark_thread_init (mbta_wrapper.hh:1811): thread_init: thread_id=13, shard_index=0, getShardIndex=0, loader=0
20260909-07:02.30-283221(us) 2345738 * benchmark_thread_init (mbta_wrapper.hh:1811): thread_init: thread_id=14, shard_index=0, getShardIndex=0, loader=0
20260909-07:02.30-283745(us) 2345738 * benchmark_thread_init (mbta_wrapper.hh:1811): thread_init: thread_id=15, shard_index=0, getShardIndex=0, loader=0
20260909-07:02.30-283808(us) 2345738 * ParseNewFormat  (configuration.cc:102): Using new configuration format
20260909-07:02.30-283916(us) 2345738 * ParseNewFormat  (configuration.cc:162): Loaded 1 sites in 1 shards
20260909-07:02.30-284175(us) 2345738 * ParseNewFormat  (configuration.cc:102): Using new configuration format
20260909-07:02.30-284216(us) 2345738 * benchmark_thread_init (mbta_wrapper.hh:1811): thread_init: thread_id=16, shard_index=0, getShardIndex=0, loader=0
20260909-07:02.30-284254(us) 2345738 * ParseNewFormat  (configuration.cc:102): Using new configuration format
20260909-07:02.30-284279(us) 2345738 * ParseNewFormat  (configuration.cc:102): Using new configuration format
20260909-07:02.30-284344(us) 2345738 * ParseNewFormat  (configuration.cc:102): Using new configuration format
20260909-07:02.30-284401(us) 2345738 * ParseNewFormat  (configuration.cc:162): Loaded 1 sites in 1 shards
20260909-07:02.30-284434(us) 2345738 * benchmark_thread_init (mbta_wrapper.hh:1811): thread_init: thread_id=17, shard_index=0, getShardIndex=0, loader=0
20260909-07:02.30-284484(us) 2345738 * ParseNewFormat  (configuration.cc:102): Using new configuration format
20260909-07:02.30-284535(us) 2345738 * ParseNewFormat  (configuration.cc:162): Loaded 1 sites in 1 shards
20260909-07:02.30-284572(us) 2345738 * ParseNewFormat  (configuration.cc:102): Using new configuration format
20260909-07:02.30-284597(us) 2345738 * ParseNewFormat  (configuration.cc:102): Using new configuration format
20260909-07:02.30-284652(us) 2345738 * ParseNewFormat  (configuration.cc:102): Using new configuration format
20260909-07:02.30-284700(us) 2345738 * ParseNewFormat  (configuration.cc:162): Loaded 1 sites in 1 shards
20260909-07:02.30-284796(us) 2345738 * ParseNewFormat  (configuration.cc:102): Using new configuration format
20260909-07:02.30-284841(us) 2345738 * ParseNewFormat  (configuration.cc:162): Loaded 1 sites in 1 shards
20260909-07:02.30-284866(us) 2345738 * ParseNewFormat  (configuration.cc:162): Loaded 1 sites in 1 shards
20260909-07:02.30-284986(us) 2345738 * ParseNewFormat  (configuration.cc:162): Loaded 1 sites in 1 shards
20260909-07:02.30-285019(us) 2345738 * ParseNewFormat  (configuration.cc:102): Using new configuration format
20260909-07:02.30-285067(us) 2345738 * ParseNewFormat  (configuration.cc:162): Loaded 1 sites in 1 shards
20260909-07:02.30-285104(us) 2345738 * ParseNewFormat  (configuration.cc:162): Loaded 1 sites in 1 shards
20260909-07:02.30-285145(us) 2345738 * benchmark_thread_init (mbta_wrapper.hh:1811): thread_init: thread_id=18, shard_index=0, getShardIndex=0, loader=0
20260909-07:02.30-285196(us) 2345738 * benchmark_thread_init (mbta_wrapper.hh:1811): thread_init: thread_id=19, shard_index=0, getShardIndex=0, loader=0
20260909-07:02.30-285237(us) 2345738 * benchmark_thread_init (mbta_wrapper.hh:1811): thread_init: thread_id=20, shard_index=0, getShardIndex=0, loader=0
20260909-07:02.30-285306(us) 2345738 * ParseNewFormat  (configuration.cc:102): Using new configuration format
20260909-07:02.30-285355(us) 2345738 * ParseNewFormat  (configuration.cc:162): Loaded 1 sites in 1 shards
20260909-07:02.30-285409(us) 2345738 * Initialize      (srpc_rpc_backend.cc:66): SrpcRpcBackend::Initialize: poll_thread_worker_ created, is_some=1
20260909-07:02.30-285448(us) 2345738 * ParseNewFormat  (configuration.cc:162): Loaded 1 sites in 1 shards
20260909-07:02.30-285489(us) 2345738 * ParseNewFormat  (configuration.cc:102): Using new configuration format
20260909-07:02.30-285526(us) 2345738 * Initialize      (srpc_rpc_backend.cc:66): SrpcRpcBackend::Initialize: poll_thread_worker_ created, is_some=1
20260909-07:02.30-285565(us) 2345738 * ParseNewFormat  (configuration.cc:162): Loaded 1 sites in 1 shards
20260909-07:02.30-285619(us) 2345738 * Initialize      (srpc_rpc_backend.cc:97): SrpcRpcBackend initialized on 127.0.0.1:31002 (listening on 0.0.0.0:31002)
20260909-07:02.30-285636(us) 2345738 * FastTransport   (fasttransport.cc:147): FastTransport initialized with srpc/rpc backend on 127.0.0.1:31002
20260909-07:02.30-285653(us) 2345738 * ParseNewFormat  (configuration.cc:102): Using new configuration format
20260909-07:02.30-285697(us) 2345738 * ParseNewFormat  (configuration.cc:102): Using new configuration format
20260909-07:02.30-285755(us) 2345738 * benchmark_thread_init (mbta_wrapper.hh:1811): thread_init: thread_id=21, shard_index=0, getShardIndex=0, loader=0
20260909-07:02.30-285796(us) 2345738 * ParseNewFormat  (configuration.cc:102): Using new configuration format
20260909-07:02.30-285837(us) 2345738 * ParseNewFormat  (configuration.cc:102): Using new configuration format
20260909-07:02.30-285888(us) 2345738 * Initialize      (srpc_rpc_backend.cc:97): SrpcRpcBackend initialized on 127.0.0.1:31000 (listening on 0.0.0.0:31000)
20260909-07:02.30-285939(us) 2345738 * FastTransport   (fasttransport.cc:147): FastTransport initialized with srpc/rpc backend on 127.0.0.1:31000
20260909-07:02.30-286009(us) 2345738 * ParseNewFormat  (configuration.cc:102): Using new configuration format
20260909-07:02.30-286066(us) 2345738 * Initialize      (srpc_rpc_backend.cc:66): SrpcRpcBackend::Initialize: poll_thread_worker_ created, is_some=1
20260909-07:02.30-286105(us) 2345738 * ParseNewFormat  (configuration.cc:162): Loaded 1 sites in 1 shards
20260909-07:02.30-286150(us) 2345738 * ParseNewFormat  (configuration.cc:162): Loaded 1 sites in 1 shards
20260909-07:02.30-286196(us) 2345738 * ParseNewFormat  (configuration.cc:102): Using new configuration format
20260909-07:02.30-286242(us) 2345738 * ParseNewFormat  (configuration.cc:162): Loaded 1 sites in 1 shards
20260909-07:02.30-286295(us) 2345738 * ParseNewFormat  (configuration.cc:162): Loaded 1 sites in 1 shards
20260909-07:02.30-286332(us) 2345738 * Initialize      (srpc_rpc_backend.cc:66): SrpcRpcBackend::Initialize: poll_thread_worker_ created, is_some=1
20260909-07:02.30-286358(us) 2345738 * ParseNewFormat  (configuration.cc:102): Using new configuration format
20260909-07:02.30-286387(us) 2345738 * ParseNewFormat  (configuration.cc:102): Using new configuration format
20260909-07:02.30-286417(us) 2345738 * Initialize      (srpc_rpc_backend.cc:97): SrpcRpcBackend initialized on 127.0.0.1:31005 (listening on 0.0.0.0:31005)
20260909-07:02.30-286440(us) 2345738 * FastTransport   (fasttransport.cc:147): FastTransport initialized with srpc/rpc backend on 127.0.0.1:31005
20260909-07:02.30-286458(us) 2345738 * ParseNewFormat  (configuration.cc:102): Using new configuration format
20260909-07:02.30-286499(us) 2345738 * ParseNewFormat  (configuration.cc:102): Using new configuration format
20260909-07:02.30-286518(us) 2345738 * ParseNewFormat  (configuration.cc:162): Loaded 1 sites in 1 shards
20260909-07:02.30-286552(us) 2345738 * ParseNewFormat  (configuration.cc:162): Loaded 1 sites in 1 shards
20260909-07:02.30-286596(us) 2345738 * ParseNewFormat  (configuration.cc:162): Loaded 1 sites in 1 shards
20260909-07:02.30-286627(us) 2345738 * ParseNewFormat  (configuration.cc:102): Using new configuration format
20260909-07:02.30-286680(us) 2345738 * ParseNewFormat  (configuration.cc:162): Loaded 1 sites in 1 shards
20260909-07:02.30-286713(us) 2345738 * ParseNewFormat  (configuration.cc:102): Using new configuration format
20260909-07:02.30-286751(us) 2345738 * ParseNewFormat  (configuration.cc:162): Loaded 1 sites in 1 shards
20260909-07:02.30-286774(us) 2345738 * ParseNewFormat  (configuration.cc:162): Loaded 1 sites in 1 shards
20260909-07:02.30-286806(us) 2345738 * ParseNewFormat  (configuration.cc:102): Using new configuration format
20260909-07:02.30-286868(us) 2345738 * Initialize      (srpc_rpc_backend.cc:97): SrpcRpcBackend initialized on 127.0.0.1:31001 (listening on 0.0.0.0:31001)
20260909-07:02.30-286906(us) 2345738 * FastTransport   (fasttransport.cc:147): FastTransport initialized with srpc/rpc backend on 127.0.0.1:31001
20260909-07:02.30-286937(us) 2345738 * ParseNewFormat  (configuration.cc:102): Using new configuration format
20260909-07:02.30-286968(us) 2345738 * ParseNewFormat  (configuration.cc:162): Loaded 1 sites in 1 shards
20260909-07:02.30-287000(us) 2345738 * Initialize      (srpc_rpc_backend.cc:66): SrpcRpcBackend::Initialize: poll_thread_worker_ created, is_some=1
20260909-07:02.30-287106(us) 2345738 * Initialize      (srpc_rpc_backend.cc:97): SrpcRpcBackend initialized on 127.0.0.1:31008 (listening on 0.0.0.0:31008)
20260909-07:02.30-287131(us) 2345738 * FastTransport   (fasttransport.cc:147): FastTransport initialized with srpc/rpc backend on 127.0.0.1:31008
20260909-07:02.30-287166(us) 2345738 * ParseNewFormat  (configuration.cc:102): Using new configuration format
20260909-07:02.30-287222(us) 2345738 * ParseNewFormat  (configuration.cc:162): Loaded 1 sites in 1 shards
20260909-07:02.30-287250(us) 2345738 * ParseNewFormat  (configuration.cc:102): Using new configuration format
20260909-07:02.30-287282(us) 2345738 * ParseNewFormat  (configuration.cc:102): Using new configuration format
20260909-07:02.30-287325(us) 2345738 * ParseNewFormat  (configuration.cc:102): Using new configuration format
20260909-07:02.30-287368(us) 2345738 * ParseNewFormat  (configuration.cc:162): Loaded 1 sites in 1 shards
20260909-07:02.30-287412(us) 2345738 * ParseNewFormat  (configuration.cc:162): Loaded 1 sites in 1 shards
20260909-07:02.30-287447(us) 2345738 * ParseNewFormat  (configuration.cc:162): Loaded 1 sites in 1 shards
20260909-07:02.30-287478(us) 2345738 * ParseNewFormat  (configuration.cc:162): Loaded 1 sites in 1 shards
20260909-07:02.30-287514(us) 2345738 * Initialize      (srpc_rpc_backend.cc:66): SrpcRpcBackend::Initialize: poll_thread_worker_ created, is_some=1
20260909-07:02.30-287551(us) 2345738 * ParseNewFormat  (configuration.cc:102): Using new configuration format
20260909-07:02.30-287592(us) 2345738 * ParseNewFormat  (configuration.cc:162): Loaded 1 sites in 1 shards
20260909-07:02.30-287616(us) 2345738 * ParseNewFormat  (configuration.cc:102): Using new configuration format
20260909-07:02.30-287645(us) 2345738 * ParseNewFormat  (configuration.cc:162): Loaded 1 sites in 1 shards
20260909-07:02.30-287675(us) 2345738 * Initialize      (srpc_rpc_backend.cc:66): SrpcRpcBackend::Initialize: poll_thread_worker_ created, is_some=1
20260909-07:02.30-287706(us) 2345738 * ParseNewFormat  (configuration.cc:102): Using new configuration format
20260909-07:02.30-287740(us) 2345738 * Initialize      (srpc_rpc_backend.cc:97): SrpcRpcBackend initialized on 127.0.0.1:31015 (listening on 0.0.0.0:31015)
20260909-07:02.30-287760(us) 2345738 * FastTransport   (fasttransport.cc:147): FastTransport initialized with srpc/rpc backend on 127.0.0.1:31015
20260909-07:02.30-287784(us) 2345738 * ParseNewFormat  (configuration.cc:162): Loaded 1 sites in 1 shards
20260909-07:02.30-287814(us) 2345738 * ParseNewFormat  (configuration.cc:162): Loaded 1 sites in 1 shards
20260909-07:02.30-287863(us) 2345738 * ParseNewFormat  (configuration.cc:102): Using new configuration format
20260909-07:02.30-287891(us) 2345738 * ParseNewFormat  (configuration.cc:162): Loaded 1 sites in 1 shards
20260909-07:02.30-287917(us) 2345738 * ParseNewFormat  (configuration.cc:102): Using new configuration format
20260909-07:02.30-287961(us) 2345738 * ParseNewFormat  (configuration.cc:162): Loaded 1 sites in 1 shards
20260909-07:02.30-287997(us) 2345738 * ParseNewFormat  (configuration.cc:162): Loaded 1 sites in 1 shards
20260909-07:02.30-288027(us) 2345738 * Initialize      (srpc_rpc_backend.cc:66): SrpcRpcBackend::Initialize: poll_thread_worker_ created, is_some=1
20260909-07:02.30-288078(us) 2345738 * ParseNewFormat  (configuration.cc:162): Loaded 1 sites in 1 shards
20260909-07:02.30-303931(us) 2345738 * Initialize      (srpc_rpc_backend.cc:97): SrpcRpcBackend initialized on 127.0.0.1:31004 (listening on 0.0.0.0:31004)
20260909-07:02.30-303982(us) 2345738 * FastTransport   (fasttransport.cc:147): FastTransport initialized with srpc/rpc backend on 127.0.0.1:31004
20260909-07:02.30-304014(us) 2345738 * Initialize      (srpc_rpc_backend.cc:97): SrpcRpcBackend initialized on 127.0.0.1:31006 (listening on 0.0.0.0:31006)
20260909-07:02.30-304036(us) 2345738 * FastTransport   (fasttransport.cc:147): FastTransport initialized with srpc/rpc backend on 127.0.0.1:31006
20260909-07:02.30-304096(us) 2345738 * Initialize      (srpc_rpc_backend.cc:66): SrpcRpcBackend::Initialize: poll_thread_worker_ created, is_some=1
20260909-07:02.30-304162(us) 2345738 * Initialize      (srpc_rpc_backend.cc:97): SrpcRpcBackend initialized on 127.0.0.1:31007 (listening on 0.0.0.0:31007)
20260909-07:02.30-304179(us) 2345738 * FastTransport   (fasttransport.cc:147): FastTransport initialized with srpc/rpc backend on 127.0.0.1:31007
20260909-07:02.30-304316(us) 2345738 * ParseNewFormat  (configuration.cc:102): Using new configuration format
20260909-07:02.30-304353(us) 2345738 * ParseNewFormat  (configuration.cc:162): Loaded 1 sites in 1 shards
20260909-07:02.30-304417(us) 2345738 * ParseNewFormat  (configuration.cc:102): Using new configuration format
20260909-07:02.30-304458(us) 2345738 * Initialize      (srpc_rpc_backend.cc:66): SrpcRpcBackend::Initialize: poll_thread_worker_ created, is_some=1
20260909-07:02.30-304517(us) 2345738 * Initialize      (srpc_rpc_backend.cc:97): SrpcRpcBackend initialized on 127.0.0.1:31010 (listening on 0.0.0.0:31010)
20260909-07:02.30-304532(us) 2345738 * FastTransport   (fasttransport.cc:147): FastTransport initialized with srpc/rpc backend on 127.0.0.1:31010
20260909-07:02.30-304553(us) 2345738 * ParseNewFormat  (configuration.cc:102): Using new configuration format
20260909-07:02.30-304598(us) 2345738 * ParseNewFormat  (configuration.cc:162): Loaded 1 sites in 1 shards
20260909-07:02.30-304634(us) 2345738 * ParseNewFormat  (configuration.cc:162): Loaded 1 sites in 1 shards
20260909-07:02.30-304664(us) 2345738 * ParseNewFormat  (configuration.cc:102): Using new configuration format
20260909-07:02.30-304715(us) 2345738 * Initialize      (srpc_rpc_backend.cc:66): SrpcRpcBackend::Initialize: poll_thread_worker_ created, is_some=1
20260909-07:02.30-304768(us) 2345738 * ParseNewFormat  (configuration.cc:162): Loaded 1 sites in 1 shards
20260909-07:02.30-304816(us) 2345738 * Initialize      (srpc_rpc_backend.cc:97): SrpcRpcBackend initialized on 127.0.0.1:31011 (listening on 0.0.0.0:31011)
20260909-07:02.30-304891(us) 2345738 * FastTransport   (fasttransport.cc:147): FastTransport initialized with srpc/rpc backend on 127.0.0.1:31011
20260909-07:02.30-304931(us) 2345738 * Initialize      (srpc_rpc_backend.cc:66): SrpcRpcBackend::Initialize: poll_thread_worker_ created, is_some=1
20260909-07:02.30-305038(us) 2345738 * Initialize      (srpc_rpc_backend.cc:97): SrpcRpcBackend initialized on 127.0.0.1:31012 (listening on 0.0.0.0:31012)
20260909-07:02.30-305064(us) 2345738 * FastTransport   (fasttransport.cc:147): FastTransport initialized with srpc/rpc backend on 127.0.0.1:31012
20260909-07:02.30-305134(us) 2345738 * Initialize      (srpc_rpc_backend.cc:66): SrpcRpcBackend::Initialize: poll_thread_worker_ created, is_some=1
20260909-07:02.30-305181(us) 2345738 * Initialize      (srpc_rpc_backend.cc:66): SrpcRpcBackend::Initialize: poll_thread_worker_ created, is_some=1
20260909-07:02.30-305219(us) 2345738 * Initialize      (srpc_rpc_backend.cc:97): SrpcRpcBackend initialized on 127.0.0.1:31003 (listening on 0.0.0.0:31003)
20260909-07:02.30-305247(us) 2345738 * FastTransport   (fasttransport.cc:147): FastTransport initialized with srpc/rpc backend on 127.0.0.1:31003
20260909-07:02.30-305279(us) 2345738 * Initialize      (srpc_rpc_backend.cc:66): SrpcRpcBackend::Initialize: poll_thread_worker_ created, is_some=1
20260909-07:02.30-305348(us) 2345738 * Initialize      (srpc_rpc_backend.cc:97): SrpcRpcBackend initialized on 127.0.0.1:31013 (listening on 0.0.0.0:31013)
20260909-07:02.30-305365(us) 2345738 * FastTransport   (fasttransport.cc:147): FastTransport initialized with srpc/rpc backend on 127.0.0.1:31013
20260909-07:02.30-305413(us) 2345738 * ParseNewFormat  (configuration.cc:102): Using new configuration format
20260909-07:02.30-305463(us) 2345738 * ParseNewFormat  (configuration.cc:162): Loaded 1 sites in 1 shards
20260909-07:02.30-305760(us) 2345738 * ParseNewFormat  (configuration.cc:102): Using new configuration format
20260909-07:02.30-305789(us) 2345738 * ParseNewFormat  (configuration.cc:102): Using new configuration format
20260909-07:02.30-305843(us) 2345738 * Initialize      (srpc_rpc_backend.cc:97): SrpcRpcBackend initialized on 127.0.0.1:31009 (listening on 0.0.0.0:31009)
20260909-07:02.30-305868(us) 2345738 * FastTransport   (fasttransport.cc:147): FastTransport initialized with srpc/rpc backend on 127.0.0.1:31009
20260909-07:02.30-305895(us) 2345738 * ParseNewFormat  (configuration.cc:162): Loaded 1 sites in 1 shards
20260909-07:02.30-305918(us) 2345738 * ParseNewFormat  (configuration.cc:102): Using new configuration format
20260909-07:02.30-305944(us) 2345738 * ParseNewFormat  (configuration.cc:162): Loaded 1 sites in 1 shards
20260909-07:02.30-305974(us) 2345738 * ParseNewFormat  (configuration.cc:102): Using new configuration format
20260909-07:02.30-306022(us) 2345738 * Initialize      (srpc_rpc_backend.cc:66): SrpcRpcBackend::Initialize: poll_thread_worker_ created, is_some=1
20260909-07:02.30-306081(us) 2345738 * ParseNewFormat  (configuration.cc:162): Loaded 1 sites in 1 shards
20260909-07:02.30-306120(us) 2345738 * ParseNewFormat  (configuration.cc:102): Using new configuration format
20260909-07:02.30-306159(us) 2345738 * ParseNewFormat  (configuration.cc:162): Loaded 1 sites in 1 shards
20260909-07:02.30-306192(us) 2345738 * ParseNewFormat  (configuration.cc:162): Loaded 1 sites in 1 shards
20260909-07:02.30-306527(us) 2345738 * ParseNewFormat  (configuration.cc:102): Using new configuration format
20260909-07:02.30-306562(us) 2345738 * ParseNewFormat  (configuration.cc:162): Loaded 1 sites in 1 shards
20260909-07:02.30-306718(us) 2345738 * Initialize      (srpc_rpc_backend.cc:97): SrpcRpcBackend initialized on 127.0.0.1:31014 (listening on 0.0.0.0:31014)
20260909-07:02.30-306747(us) 2345738 * FastTransport   (fasttransport.cc:147): FastTransport initialized with srpc/rpc backend on 127.0.0.1:31014
20260909-07:02.30-310268(us) 2345738 * ParseNewFormat  (configuration.cc:102): Using new configuration format
20260909-07:02.30-310323(us) 2345738 * ParseNewFormat  (configuration.cc:162): Loaded 1 sites in 1 shards
20260909-07:02.30-312185(us) 2345738 ! run             (bench.cc:645):     TPCC_BENCH_MEASURE_START
20260909-07:02.30-312225(us) 2345738 ! run             (bench.cc:653):     start the running time, runTime:10
20260909-07:02.30-312246(us) 2345738 ! run             (bench.cc:665):     runtime time left:10000 ms, bool:1
20260909-07:02.31-322170(us) 2345738 ! run             (bench.cc:665):     runtime time left:9000 ms, bool:1
20260909-07:02.32-332331(us) 2345738 ! run             (bench.cc:665):     runtime time left:8000 ms, bool:1
20260909-07:02.33-342653(us) 2345738 ! run             (bench.cc:665):     runtime time left:7000 ms, bool:1
20260909-07:02.34-352488(us) 2345738 ! run             (bench.cc:665):     runtime time left:6000 ms, bool:1
20260909-07:02.35-364572(us) 2345738 ! run             (bench.cc:665):     runtime time left:5000 ms, bool:1
20260909-07:02.36-374931(us) 2345738 ! run             (bench.cc:665):     runtime time left:4000 ms, bool:1
20260909-07:02.37-386176(us) 2345738 ! run             (bench.cc:665):     runtime time left:3000 ms, bool:1
20260909-07:02.38-394325(us) 2345738 ! run             (bench.cc:665):     runtime time left:2000 ms, bool:1
20260909-07:02.39-407484(us) 2345738 ! run             (bench.cc:665):     runtime time left:1000 ms, bool:1
20260909-07:02.40-415259(us) 2345738 ! run             (bench.cc:678):     runtime_plus:0
[SHUTDOWN] Setting running=false to stop database worker threads
[SHUTDOWN] Calling first stop() to stop client transports
20260909-07:02.40-415335(us) 2345738 * PrintStats      (srpc_rpc_backend.cc:686): SrpcRpcBackend request stats: msg_size_req_sent: 0 bytes, counter: 0, avg: 0.000000
20260909-07:02.40-415395(us) 2345738 * PrintStats      (srpc_rpc_backend.cc:686): SrpcRpcBackend request stats: msg_size_req_sent: 0 bytes, counter: 0, avg: 0.000000
20260909-07:02.40-415449(us) 2345738 * PrintStats      (srpc_rpc_backend.cc:686): SrpcRpcBackend request stats: msg_size_req_sent: 0 bytes, counter: 0, avg: 0.000000
20260909-07:02.40-415508(us) 2345738 * PrintStats      (srpc_rpc_backend.cc:686): SrpcRpcBackend request stats: msg_size_req_sent: 0 bytes, counter: 0, avg: 0.000000
20260909-07:02.40-415574(us) 2345738 * PrintStats      (srpc_rpc_backend.cc:686): SrpcRpcBackend request stats: msg_size_req_sent: 0 bytes, counter: 0, avg: 0.000000
20260909-07:02.40-415618(us) 2345738 * PrintStats      (srpc_rpc_backend.cc:686): SrpcRpcBackend request stats: msg_size_req_sent: 0 bytes, counter: 0, avg: 0.000000
20260909-07:02.40-415698(us) 2345738 ! stop            (bench.cc:496):     stop all rpc clients. set stop=false
20260909-07:02.40-415721(us) 2345738 * Stop            (srpc_rpc_backend.cc:593): SrpcRpcBackend::Stop: BEGIN - Setting stop flag
20260909-07:02.40-415736(us) 2345738 * PrintStats      (srpc_rpc_backend.cc:686): SrpcRpcBackend request stats: msg_size_req_sent: 0 bytes, counter: 0, avg: 0.000000
20260909-07:02.40-415780(us) 2345738 * PrintStats      (srpc_rpc_backend.cc:686): SrpcRpcBackend request stats: msg_size_req_sent: 0 bytes, counter: 0, avg: 0.000000
20260909-07:02.40-415842(us) 2345738 * PrintStats      (srpc_rpc_backend.cc:686): SrpcRpcBackend request stats: msg_size_req_sent: 0 bytes, counter: 0, avg: 0.000000
20260909-07:02.40-415902(us) 2345738 * PrintStats      (srpc_rpc_backend.cc:686): SrpcRpcBackend request stats: msg_size_req_sent: 0 bytes, counter: 0, avg: 0.000000
20260909-07:02.40-415946(us) 2345738 * PrintStats      (srpc_rpc_backend.cc:686): SrpcRpcBackend request stats: msg_size_req_sent: 0 bytes, counter: 0, avg: 0.000000
20260909-07:02.40-415981(us) 2345738 * PrintStats      (srpc_rpc_backend.cc:686): SrpcRpcBackend request stats: msg_size_req_sent: 0 bytes, counter: 0, avg: 0.000000
20260909-07:02.40-416013(us) 2345738 * PrintStats      (srpc_rpc_backend.cc:686): SrpcRpcBackend request stats: msg_size_req_sent: 0 bytes, counter: 0, avg: 0.000000
20260909-07:02.40-416060(us) 2345738 * PrintStats      (srpc_rpc_backend.cc:686): SrpcRpcBackend request stats: msg_size_req_sent: 0 bytes, counter: 0, avg: 0.000000
20260909-07:02.40-416135(us) 2345738 * PrintStats      (srpc_rpc_backend.cc:686): SrpcRpcBackend request stats: msg_size_req_sent: 0 bytes, counter: 0, avg: 0.000000
20260909-07:02.40-416182(us) 2345738 * Stop            (srpc_rpc_backend.cc:596): SrpcRpcBackend::Stop: Waiting for event loop to exit...
20260909-07:02.40-416202(us) 2345738 * Stop            (srpc_rpc_backend.cc:612): SrpcRpcBackend::Stop: Event loop exited successfully
20260909-07:02.40-416219(us) 2345738 * Stop            (srpc_rpc_backend.cc:616): SrpcRpcBackend::Stop: Signaling 0 request queues to stop
20260909-07:02.40-416234(us) 2345738 * Stop            (srpc_rpc_backend.cc:624): SrpcRpcBackend::Stop: Signaling 0 response queues to stop
20260909-07:02.40-416249(us) 2345738 * Stop            (srpc_rpc_backend.cc:635): SrpcRpcBackend::Stop: Server cleanup deferred to destructor
20260909-07:02.40-416267(us) 2345738 * Stop            (srpc_rpc_backend.cc:638): SrpcRpcBackend::Stop: Closing client connections
20260909-07:02.40-416282(us) 2345738 * Stop            (srpc_rpc_backend.cc:642): SrpcRpcBackend::Stop: Found 0 client connections to close
20260909-07:02.40-416299(us) 2345738 * Stop            (srpc_rpc_backend.cc:662): SrpcRpcBackend::Stop: Closed 0 client connections
20260909-07:02.40-416315(us) 2345738 * Stop            (srpc_rpc_backend.cc:675): SrpcRpcBackend stats: msg_size_resp_sent: 0 bytes, counter: 0, avg: 0.000000
20260909-07:02.40-416331(us) 2345738 * Stop            (srpc_rpc_backend.cc:676): SrpcRpcBackend::Stop: END
20260909-07:02.40-416349(us) 2345738 * Stop            (srpc_rpc_backend.cc:593): SrpcRpcBackend::Stop: BEGIN - Setting stop flag
20260909-07:02.40-416364(us) 2345738 * Stop            (srpc_rpc_backend.cc:596): SrpcRpcBackend::Stop: Waiting for event loop to exit...
20260909-07:02.40-416380(us) 2345738 * Stop            (srpc_rpc_backend.cc:612): SrpcRpcBackend::Stop: Event loop exited successfully
20260909-07:02.40-416395(us) 2345738 * Stop            (srpc_rpc_backend.cc:616): SrpcRpcBackend::Stop: Signaling 0 request queues to stop
20260909-07:02.40-416412(us) 2345738 * Stop            (srpc_rpc_backend.cc:624): SrpcRpcBackend::Stop: Signaling 0 response queues to stop
20260909-07:02.40-416427(us) 2345738 * Stop            (srpc_rpc_backend.cc:635): SrpcRpcBackend::Stop: Server cleanup deferred to destructor
20260909-07:02.40-416444(us) 2345738 * Stop            (srpc_rpc_backend.cc:638): SrpcRpcBackend::Stop: Closing client connections
20260909-07:02.40-416459(us) 2345738 * Stop            (srpc_rpc_backend.cc:642): SrpcRpcBackend::Stop: Found 0 client connections to close
20260909-07:02.40-416475(us) 2345738 * Stop            (srpc_rpc_backend.cc:662): SrpcRpcBackend::Stop: Closed 0 client connections
20260909-07:02.40-416490(us) 2345738 * Stop            (srpc_rpc_backend.cc:675): SrpcRpcBackend stats: msg_size_resp_sent: 0 bytes, counter: 0, avg: 0.000000
20260909-07:02.40-416507(us) 2345738 * Stop            (srpc_rpc_backend.cc:676): SrpcRpcBackend::Stop: END
20260909-07:02.40-416523(us) 2345738 * Stop            (srpc_rpc_backend.cc:593): SrpcRpcBackend::Stop: BEGIN - Setting stop flag
20260909-07:02.40-416540(us) 2345738 * Stop            (srpc_rpc_backend.cc:596): SrpcRpcBackend::Stop: Waiting for event loop to exit...
20260909-07:02.40-416554(us) 2345738 * Stop            (srpc_rpc_backend.cc:612): SrpcRpcBackend::Stop: Event loop exited successfully
20260909-07:02.40-416571(us) 2345738 * Stop            (srpc_rpc_backend.cc:616): SrpcRpcBackend::Stop: Signaling 0 request queues to stop
20260909-07:02.40-416587(us) 2345738 * Stop            (srpc_rpc_backend.cc:624): SrpcRpcBackend::Stop: Signaling 0 response queues to stop
20260909-07:02.40-416604(us) 2345738 * Stop            (srpc_rpc_backend.cc:635): SrpcRpcBackend::Stop: Server cleanup deferred to destructor
20260909-07:02.40-416619(us) 2345738 * Stop            (srpc_rpc_backend.cc:638): SrpcRpcBackend::Stop: Closing client connections
20260909-07:02.40-416635(us) 2345738 * Stop            (srpc_rpc_backend.cc:642): SrpcRpcBackend::Stop: Found 0 client connections to close
20260909-07:02.40-416651(us) 2345738 * Stop            (srpc_rpc_backend.cc:662): SrpcRpcBackend::Stop: Closed 0 client connections
20260909-07:02.40-416667(us) 2345738 * Stop            (srpc_rpc_backend.cc:675): SrpcRpcBackend stats: msg_size_resp_sent: 0 bytes, counter: 0, avg: 0.000000
20260909-07:02.40-416683(us) 2345738 * Stop            (srpc_rpc_backend.cc:676): SrpcRpcBackend::Stop: END
20260909-07:02.40-416701(us) 2345738 * Stop            (srpc_rpc_backend.cc:593): SrpcRpcBackend::Stop: BEGIN - Setting stop flag
20260909-07:02.40-416716(us) 2345738 * Stop            (srpc_rpc_backend.cc:596): SrpcRpcBackend::Stop: Waiting for event loop to exit...
20260909-07:02.40-416733(us) 2345738 * Stop            (srpc_rpc_backend.cc:612): SrpcRpcBackend::Stop: Event loop exited successfully
20260909-07:02.40-416748(us) 2345738 * Stop            (srpc_rpc_backend.cc:616): SrpcRpcBackend::Stop: Signaling 0 request queues to stop
20260909-07:02.40-416765(us) 2345738 * Stop            (srpc_rpc_backend.cc:624): SrpcRpcBackend::Stop: Signaling 0 response queues to stop
20260909-07:02.40-416780(us) 2345738 * Stop            (srpc_rpc_backend.cc:635): SrpcRpcBackend::Stop: Server cleanup deferred to destructor
20260909-07:02.40-416797(us) 2345738 * Stop            (srpc_rpc_backend.cc:638): SrpcRpcBackend::Stop: Closing client connections
20260909-07:02.40-416813(us) 2345738 * Stop            (srpc_rpc_backend.cc:642): SrpcRpcBackend::Stop: Found 0 client connections to close
20260909-07:02.40-416829(us) 2345738 * Stop            (srpc_rpc_backend.cc:662): SrpcRpcBackend::Stop: Closed 0 client connections
20260909-07:02.40-416851(us) 2345738 * Stop            (srpc_rpc_backend.cc:675): SrpcRpcBackend stats: msg_size_resp_sent: 0 bytes, counter: 0, avg: 0.000000
20260909-07:02.40-416867(us) 2345738 * Stop            (srpc_rpc_backend.cc:676): SrpcRpcBackend::Stop: END
20260909-07:02.40-416882(us) 2345738 * Stop            (srpc_rpc_backend.cc:593): SrpcRpcBackend::Stop: BEGIN - Setting stop flag
20260909-07:02.40-416897(us) 2345738 * Stop            (srpc_rpc_backend.cc:596): SrpcRpcBackend::Stop: Waiting for event loop to exit...
20260909-07:02.40-416918(us) 2345738 * Stop            (srpc_rpc_backend.cc:612): SrpcRpcBackend::Stop: Event loop exited successfully
20260909-07:02.40-416933(us) 2345738 * Stop            (srpc_rpc_backend.cc:616): SrpcRpcBackend::Stop: Signaling 0 request queues to stop
20260909-07:02.40-416948(us) 2345738 * Stop            (srpc_rpc_backend.cc:624): SrpcRpcBackend::Stop: Signaling 0 response queues to stop
20260909-07:02.40-416965(us) 2345738 * Stop            (srpc_rpc_backend.cc:635): SrpcRpcBackend::Stop: Server cleanup deferred to destructor
20260909-07:02.40-416980(us) 2345738 * Stop            (srpc_rpc_backend.cc:638): SrpcRpcBackend::Stop: Closing client connections
20260909-07:02.40-416996(us) 2345738 * Stop            (srpc_rpc_backend.cc:642): SrpcRpcBackend::Stop: Found 0 client connections to close
20260909-07:02.40-417011(us) 2345738 * Stop            (srpc_rpc_backend.cc:662): SrpcRpcBackend::Stop: Closed 0 client connections
20260909-07:02.40-417028(us) 2345738 * Stop            (srpc_rpc_backend.cc:675): SrpcRpcBackend stats: msg_size_resp_sent: 0 bytes, counter: 0, avg: 0.000000
20260909-07:02.40-417047(us) 2345738 * Stop            (srpc_rpc_backend.cc:676): SrpcRpcBackend::Stop: END
20260909-07:02.40-417065(us) 2345738 * Stop            (srpc_rpc_backend.cc:593): SrpcRpcBackend::Stop: BEGIN - Setting stop flag
20260909-07:02.40-417080(us) 2345738 * Stop            (srpc_rpc_backend.cc:596): SrpcRpcBackend::Stop: Waiting for event loop to exit...
20260909-07:02.40-417096(us) 2345738 * Stop            (srpc_rpc_backend.cc:612): SrpcRpcBackend::Stop: Event loop exited successfully
20260909-07:02.40-417112(us) 2345738 * Stop            (srpc_rpc_backend.cc:616): SrpcRpcBackend::Stop: Signaling 0 request queues to stop
20260909-07:02.40-417128(us) 2345738 * Stop            (srpc_rpc_backend.cc:624): SrpcRpcBackend::Stop: Signaling 0 response queues to stop
20260909-07:02.40-417143(us) 2345738 * Stop            (srpc_rpc_backend.cc:635): SrpcRpcBackend::Stop: Server cleanup deferred to destructor
20260909-07:02.40-417160(us) 2345738 * Stop            (srpc_rpc_backend.cc:638): SrpcRpcBackend::Stop: Closing client connections
20260909-07:02.40-417172(us) 2345738 * Stop            (srpc_rpc_backend.cc:642): SrpcRpcBackend::Stop: Found 0 client connections to close
20260909-07:02.40-417186(us) 2345738 * Stop            (srpc_rpc_backend.cc:662): SrpcRpcBackend::Stop: Closed 0 client connections
20260909-07:02.40-417202(us) 2345738 * Stop            (srpc_rpc_backend.cc:675): SrpcRpcBackend stats: msg_size_resp_sent: 0 bytes, counter: 0, avg: 0.000000
20260909-07:02.40-417218(us) 2345738 * Stop            (srpc_rpc_backend.cc:676): SrpcRpcBackend::Stop: END
20260909-07:02.40-417236(us) 2345738 * Stop            (srpc_rpc_backend.cc:593): SrpcRpcBackend::Stop: BEGIN - Setting stop flag
20260909-07:02.40-417251(us) 2345738 * Stop            (srpc_rpc_backend.cc:596): SrpcRpcBackend::Stop: Waiting for event loop to exit...
20260909-07:02.40-417267(us) 2345738 * Stop            (srpc_rpc_backend.cc:612): SrpcRpcBackend::Stop: Event loop exited successfully
20260909-07:02.40-417284(us) 2345738 * Stop            (srpc_rpc_backend.cc:616): SrpcRpcBackend::Stop: Signaling 0 request queues to stop
20260909-07:02.40-417299(us) 2345738 * Stop            (srpc_rpc_backend.cc:624): SrpcRpcBackend::Stop: Signaling 0 response queues to stop
20260909-07:02.40-417314(us) 2345738 * Stop            (srpc_rpc_backend.cc:635): SrpcRpcBackend::Stop: Server cleanup deferred to destructor
20260909-07:02.40-417331(us) 2345738 * Stop            (srpc_rpc_backend.cc:638): SrpcRpcBackend::Stop: Closing client connections
20260909-07:02.40-417347(us) 2345738 * Stop            (srpc_rpc_backend.cc:642): SrpcRpcBackend::Stop: Found 0 client connections to close
20260909-07:02.40-417363(us) 2345738 * Stop            (srpc_rpc_backend.cc:662): SrpcRpcBackend::Stop: Closed 0 client connections
20260909-07:02.40-417378(us) 2345738 * Stop            (srpc_rpc_backend.cc:675): SrpcRpcBackend stats: msg_size_resp_sent: 0 bytes, counter: 0, avg: 0.000000
20260909-07:02.40-417396(us) 2345738 * Stop            (srpc_rpc_backend.cc:676): SrpcRpcBackend::Stop: END
20260909-07:02.40-417411(us) 2345738 * Stop            (srpc_rpc_backend.cc:593): SrpcRpcBackend::Stop: BEGIN - Setting stop flag
20260909-07:02.40-417428(us) 2345738 * Stop            (srpc_rpc_backend.cc:596): SrpcRpcBackend::Stop: Waiting for event loop to exit...
20260909-07:02.40-417443(us) 2345738 * Stop            (srpc_rpc_backend.cc:612): SrpcRpcBackend::Stop: Event loop exited successfully
20260909-07:02.40-417460(us) 2345738 * Stop            (srpc_rpc_backend.cc:616): SrpcRpcBackend::Stop: Signaling 0 request queues to stop
20260909-07:02.40-417475(us) 2345738 * Stop            (srpc_rpc_backend.cc:624): SrpcRpcBackend::Stop: Signaling 0 response queues to stop
20260909-07:02.40-417492(us) 2345738 * Stop            (srpc_rpc_backend.cc:635): SrpcRpcBackend::Stop: Server cleanup deferred to destructor
20260909-07:02.40-417507(us) 2345738 * Stop            (srpc_rpc_backend.cc:638): SrpcRpcBackend::Stop: Closing client connections
20260909-07:02.40-417523(us) 2345738 * Stop            (srpc_rpc_backend.cc:642): SrpcRpcBackend::Stop: Found 0 client connections to close
20260909-07:02.40-417538(us) 2345738 * Stop            (srpc_rpc_backend.cc:662): SrpcRpcBackend::Stop: Closed 0 client connections
20260909-07:02.40-417555(us) 2345738 * Stop            (srpc_rpc_backend.cc:675): SrpcRpcBackend stats: msg_size_resp_sent: 0 bytes, counter: 0, avg: 0.000000
20260909-07:02.40-417571(us) 2345738 * Stop            (srpc_rpc_backend.cc:676): SrpcRpcBackend::Stop: END
20260909-07:02.40-417588(us) 2345738 * Stop            (srpc_rpc_backend.cc:593): SrpcRpcBackend::Stop: BEGIN - Setting stop flag
20260909-07:02.40-417603(us) 2345738 * Stop            (srpc_rpc_backend.cc:596): SrpcRpcBackend::Stop: Waiting for event loop to exit...
20260909-07:02.40-417620(us) 2345738 * Stop            (srpc_rpc_backend.cc:612): SrpcRpcBackend::Stop: Event loop exited successfully
20260909-07:02.40-417635(us) 2345738 * Stop            (srpc_rpc_backend.cc:616): SrpcRpcBackend::Stop: Signaling 0 request queues to stop
20260909-07:02.40-417652(us) 2345738 * Stop            (srpc_rpc_backend.cc:624): SrpcRpcBackend::Stop: Signaling 0 response queues to stop
20260909-07:02.40-417667(us) 2345738 * Stop            (srpc_rpc_backend.cc:635): SrpcRpcBackend::Stop: Server cleanup deferred to destructor
20260909-07:02.40-417684(us) 2345738 * Stop            (srpc_rpc_backend.cc:638): SrpcRpcBackend::Stop: Closing client connections
20260909-07:02.40-417700(us) 2345738 * Stop            (srpc_rpc_backend.cc:642): SrpcRpcBackend::Stop: Found 0 client connections to close
20260909-07:02.40-417716(us) 2345738 * Stop            (srpc_rpc_backend.cc:662): SrpcRpcBackend::Stop: Closed 0 client connections
20260909-07:02.40-417732(us) 2345738 * Stop            (srpc_rpc_backend.cc:675): SrpcRpcBackend stats: msg_size_resp_sent: 0 bytes, counter: 0, avg: 0.000000
20260909-07:02.40-417749(us) 2345738 * Stop            (srpc_rpc_backend.cc:676): SrpcRpcBackend::Stop: END
20260909-07:02.40-417766(us) 2345738 * Stop            (srpc_rpc_backend.cc:593): SrpcRpcBackend::Stop: BEGIN - Setting stop flag
20260909-07:02.40-417782(us) 2345738 * Stop            (srpc_rpc_backend.cc:596): SrpcRpcBackend::Stop: Waiting for event loop to exit...
20260909-07:02.40-417797(us) 2345738 * Stop            (srpc_rpc_backend.cc:612): SrpcRpcBackend::Stop: Event loop exited successfully
20260909-07:02.40-417821(us) 2345738 * Stop            (srpc_rpc_backend.cc:616): SrpcRpcBackend::Stop: Signaling 0 request queues to stop
20260909-07:02.40-417845(us) 2345738 * Stop            (srpc_rpc_backend.cc:624): SrpcRpcBackend::Stop: Signaling 0 response queues to stop
20260909-07:02.40-417860(us) 2345738 * Stop            (srpc_rpc_backend.cc:635): SrpcRpcBackend::Stop: Server cleanup deferred to destructor
20260909-07:02.40-417876(us) 2345738 * Stop            (srpc_rpc_backend.cc:638): SrpcRpcBackend::Stop: Closing client connections
20260909-07:02.40-417895(us) 2345738 * Stop            (srpc_rpc_backend.cc:642): SrpcRpcBackend::Stop: Found 0 client connections to close
20260909-07:02.40-417911(us) 2345738 * Stop            (srpc_rpc_backend.cc:662): SrpcRpcBackend::Stop: Closed 0 client connections
20260909-07:02.40-417927(us) 2345738 * Stop            (srpc_rpc_backend.cc:675): SrpcRpcBackend stats: msg_size_resp_sent: 0 bytes, counter: 0, avg: 0.000000
20260909-07:02.40-417943(us) 2345738 * Stop            (srpc_rpc_backend.cc:676): SrpcRpcBackend::Stop: END
20260909-07:02.40-417960(us) 2345738 * Stop            (srpc_rpc_backend.cc:593): SrpcRpcBackend::Stop: BEGIN - Setting stop flag
20260909-07:02.40-417976(us) 2345738 * Stop            (srpc_rpc_backend.cc:596): SrpcRpcBackend::Stop: Waiting for event loop to exit...
20260909-07:02.40-417991(us) 2345738 * Stop            (srpc_rpc_backend.cc:612): SrpcRpcBackend::Stop: Event loop exited successfully
20260909-07:02.40-418007(us) 2345738 * Stop            (srpc_rpc_backend.cc:616): SrpcRpcBackend::Stop: Signaling 0 request queues to stop
20260909-07:02.40-418022(us) 2345738 * Stop            (srpc_rpc_backend.cc:624): SrpcRpcBackend::Stop: Signaling 0 response queues to stop
20260909-07:02.40-418038(us) 2345738 * Stop            (srpc_rpc_backend.cc:635): SrpcRpcBackend::Stop: Server cleanup deferred to destructor
20260909-07:02.40-418054(us) 2345738 * Stop            (srpc_rpc_backend.cc:638): SrpcRpcBackend::Stop: Closing client connections
20260909-07:02.40-418070(us) 2345738 * Stop            (srpc_rpc_backend.cc:642): SrpcRpcBackend::Stop: Found 0 client connections to close
20260909-07:02.40-418086(us) 2345738 * Stop            (srpc_rpc_backend.cc:662): SrpcRpcBackend::Stop: Closed 0 client connections
20260909-07:02.40-418101(us) 2345738 * Stop            (srpc_rpc_backend.cc:675): SrpcRpcBackend stats: msg_size_resp_sent: 0 bytes, counter: 0, avg: 0.000000
20260909-07:02.40-418118(us) 2345738 * Stop            (srpc_rpc_backend.cc:676): SrpcRpcBackend::Stop: END
20260909-07:02.40-418135(us) 2345738 * Stop            (srpc_rpc_backend.cc:593): SrpcRpcBackend::Stop: BEGIN - Setting stop flag
20260909-07:02.40-418154(us) 2345738 * Stop            (srpc_rpc_backend.cc:596): SrpcRpcBackend::Stop: Waiting for event loop to exit...
20260909-07:02.40-418169(us) 2345738 * Stop            (srpc_rpc_backend.cc:612): SrpcRpcBackend::Stop: Event loop exited successfully
20260909-07:02.40-418185(us) 2345738 * Stop            (srpc_rpc_backend.cc:616): SrpcRpcBackend::Stop: Signaling 0 request queues to stop
20260909-07:02.40-418201(us) 2345738 * Stop            (srpc_rpc_backend.cc:624): SrpcRpcBackend::Stop: Signaling 0 response queues to stop
20260909-07:02.40-418216(us) 2345738 * Stop            (srpc_rpc_backend.cc:635): SrpcRpcBackend::Stop: Server cleanup deferred to destructor
20260909-07:02.40-418233(us) 2345738 * Stop            (srpc_rpc_backend.cc:638): SrpcRpcBackend::Stop: Closing client connections
20260909-07:02.40-418247(us) 2345738 * Stop            (srpc_rpc_backend.cc:642): SrpcRpcBackend::Stop: Found 0 client connections to close
20260909-07:02.40-418268(us) 2345738 * Stop            (srpc_rpc_backend.cc:662): SrpcRpcBackend::Stop: Closed 0 client connections
20260909-07:02.40-418283(us) 2345738 * Stop            (srpc_rpc_backend.cc:675): SrpcRpcBackend stats: msg_size_resp_sent: 0 bytes, counter: 0, avg: 0.000000
20260909-07:02.40-418299(us) 2345738 * Stop            (srpc_rpc_backend.cc:676): SrpcRpcBackend::Stop: END
20260909-07:02.40-418316(us) 2345738 * Stop            (srpc_rpc_backend.cc:593): SrpcRpcBackend::Stop: BEGIN - Setting stop flag
20260909-07:02.40-418331(us) 2345738 * Stop            (srpc_rpc_backend.cc:596): SrpcRpcBackend::Stop: Waiting for event loop to exit...
20260909-07:02.40-418349(us) 2345738 * Stop            (srpc_rpc_backend.cc:612): SrpcRpcBackend::Stop: Event loop exited successfully
20260909-07:02.40-418367(us) 2345738 * Stop            (srpc_rpc_backend.cc:616): SrpcRpcBackend::Stop: Signaling 0 request queues to stop
20260909-07:02.40-418383(us) 2345738 * Stop            (srpc_rpc_backend.cc:624): SrpcRpcBackend::Stop: Signaling 0 response queues to stop
20260909-07:02.40-418399(us) 2345738 * Stop            (srpc_rpc_backend.cc:635): SrpcRpcBackend::Stop: Server cleanup deferred to destructor
20260909-07:02.40-418415(us) 2345738 * Stop            (srpc_rpc_backend.cc:638): SrpcRpcBackend::Stop: Closing client connections
20260909-07:02.40-418431(us) 2345738 * Stop            (srpc_rpc_backend.cc:642): SrpcRpcBackend::Stop: Found 0 client connections to close
20260909-07:02.40-418446(us) 2345738 * Stop            (srpc_rpc_backend.cc:662): SrpcRpcBackend::Stop: Closed 0 client connections
20260909-07:02.40-418462(us) 2345738 * Stop            (srpc_rpc_backend.cc:675): SrpcRpcBackend stats: msg_size_resp_sent: 0 bytes, counter: 0, avg: 0.000000
20260909-07:02.40-418481(us) 2345738 * Stop            (srpc_rpc_backend.cc:676): SrpcRpcBackend::Stop: END
20260909-07:02.40-418498(us) 2345738 * Stop            (srpc_rpc_backend.cc:593): SrpcRpcBackend::Stop: BEGIN - Setting stop flag
20260909-07:02.40-418514(us) 2345738 * Stop            (srpc_rpc_backend.cc:596): SrpcRpcBackend::Stop: Waiting for event loop to exit...
20260909-07:02.40-418530(us) 2345738 * Stop            (srpc_rpc_backend.cc:612): SrpcRpcBackend::Stop: Event loop exited successfully
20260909-07:02.40-418545(us) 2345738 * Stop            (srpc_rpc_backend.cc:616): SrpcRpcBackend::Stop: Signaling 0 request queues to stop
20260909-07:02.40-418564(us) 2345738 * Stop            (srpc_rpc_backend.cc:624): SrpcRpcBackend::Stop: Signaling 0 response queues to stop
20260909-07:02.40-418579(us) 2345738 * Stop            (srpc_rpc_backend.cc:635): SrpcRpcBackend::Stop: Server cleanup deferred to destructor
20260909-07:02.40-418595(us) 2345738 * Stop            (srpc_rpc_backend.cc:638): SrpcRpcBackend::Stop: Closing client connections
20260909-07:02.40-418611(us) 2345738 * Stop            (srpc_rpc_backend.cc:642): SrpcRpcBackend::Stop: Found 0 client connections to close
20260909-07:02.40-418626(us) 2345738 * Stop            (srpc_rpc_backend.cc:662): SrpcRpcBackend::Stop: Closed 0 client connections
20260909-07:02.40-418642(us) 2345738 * Stop            (srpc_rpc_backend.cc:675): SrpcRpcBackend stats: msg_size_resp_sent: 0 bytes, counter: 0, avg: 0.000000
20260909-07:02.40-418658(us) 2345738 * Stop            (srpc_rpc_backend.cc:676): SrpcRpcBackend::Stop: END
20260909-07:02.40-418675(us) 2345738 * Stop            (srpc_rpc_backend.cc:593): SrpcRpcBackend::Stop: BEGIN - Setting stop flag
20260909-07:02.40-418690(us) 2345738 * Stop            (srpc_rpc_backend.cc:596): SrpcRpcBackend::Stop: Waiting for event loop to exit...
20260909-07:02.40-418706(us) 2345738 * Stop            (srpc_rpc_backend.cc:612): SrpcRpcBackend::Stop: Event loop exited successfully
20260909-07:02.40-418721(us) 2345738 * Stop            (srpc_rpc_backend.cc:616): SrpcRpcBackend::Stop: Signaling 0 request queues to stop
20260909-07:02.40-418737(us) 2345738 * Stop            (srpc_rpc_backend.cc:624): SrpcRpcBackend::Stop: Signaling 0 response queues to stop
20260909-07:02.40-418755(us) 2345738 * Stop            (srpc_rpc_backend.cc:635): SrpcRpcBackend::Stop: Server cleanup deferred to destructor
20260909-07:02.40-418771(us) 2345738 * Stop            (srpc_rpc_backend.cc:638): SrpcRpcBackend::Stop: Closing client connections
20260909-07:02.40-418787(us) 2345738 * Stop            (srpc_rpc_backend.cc:642): SrpcRpcBackend::Stop: Found 0 client connections to close
20260909-07:02.40-418802(us) 2345738 * Stop            (srpc_rpc_backend.cc:662): SrpcRpcBackend::Stop: Closed 0 client connections
20260909-07:02.40-418818(us) 2345738 * Stop            (srpc_rpc_backend.cc:675): SrpcRpcBackend stats: msg_size_resp_sent: 0 bytes, counter: 0, avg: 0.000000
20260909-07:02.40-418842(us) 2345738 * Stop            (srpc_rpc_backend.cc:676): SrpcRpcBackend::Stop: END
20260909-07:02.40-418859(us) 2345738 * Stop            (srpc_rpc_backend.cc:593): SrpcRpcBackend::Stop: BEGIN - Setting stop flag
20260909-07:02.40-418875(us) 2345738 * Stop            (srpc_rpc_backend.cc:596): SrpcRpcBackend::Stop: Waiting for event loop to exit...
20260909-07:02.40-418890(us) 2345738 * Stop            (srpc_rpc_backend.cc:612): SrpcRpcBackend::Stop: Event loop exited successfully
20260909-07:02.40-418906(us) 2345738 * Stop            (srpc_rpc_backend.cc:616): SrpcRpcBackend::Stop: Signaling 0 request queues to stop
20260909-07:02.40-418921(us) 2345738 * Stop            (srpc_rpc_backend.cc:624): SrpcRpcBackend::Stop: Signaling 0 response queues to stop
20260909-07:02.40-418940(us) 2345738 * Stop            (srpc_rpc_backend.cc:635): SrpcRpcBackend::Stop: Server cleanup deferred to destructor
20260909-07:02.40-418956(us) 2345738 * Stop            (srpc_rpc_backend.cc:638): SrpcRpcBackend::Stop: Closing client connections
20260909-07:02.40-418972(us) 2345738 * Stop            (srpc_rpc_backend.cc:642): SrpcRpcBackend::Stop: Found 0 client connections to close
20260909-07:02.40-418991(us) 2345738 * Stop            (srpc_rpc_backend.cc:662): SrpcRpcBackend::Stop: Closed 0 client connections
20260909-07:02.40-419007(us) 2345738 * Stop            (srpc_rpc_backend.cc:675): SrpcRpcBackend stats: msg_size_resp_sent: 0 bytes, counter: 0, avg: 0.000000
20260909-07:02.40-419023(us) 2345738 * Stop            (srpc_rpc_backend.cc:676): SrpcRpcBackend::Stop: END
[SHUTDOWN] First stop() completed
[SHUTDOWN] Joining 16 worker threads
[SHUTDOWN] Joining worker 0
20260909-07:02.40-419045(us) 2345738 * PrintStats      (srpc_rpc_backend.cc:686): SrpcRpcBackend request stats: msg_size_req_sent: 0 bytes, counter: 0, avg: 0.000000
20260909-07:02.41-415526(us) 2345738 * Stop            (srpc_rpc_backend.cc:589): SrpcRpcBackend::Stop: Already stopped, returning
20260909-07:02.41-415567(us) 2345738 * Shutdown        (srpc_rpc_backend.cc:112): SrpcRpcBackend::Shutdown: About to delete server
20260909-07:02.41-415591(us) 2345738 * Shutdown        (srpc_rpc_backend.cc:116): SrpcRpcBackend::Shutdown: Server pointer is valid, deleting...
20260909-07:02.41-415618(us) 2345738 * Stop            (srpc_rpc_backend.cc:589): SrpcRpcBackend::Stop: Already stopped, returning
20260909-07:02.41-415660(us) 2345738 * Shutdown        (srpc_rpc_backend.cc:112): SrpcRpcBackend::Shutdown: About to delete server
20260909-07:02.41-415685(us) 2345738 * Shutdown        (srpc_rpc_backend.cc:116): SrpcRpcBackend::Shutdown: Server pointer is valid, deleting...
20260909-07:02.41-415715(us) 2345738 * Shutdown        (srpc_rpc_backend.cc:120): SrpcRpcBackend::Shutdown: Server deleted successfully
20260909-07:02.41-415738(us) 2345738 * Shutdown        (srpc_rpc_backend.cc:132): SrpcRpcBackend::Shutdown: About to shutdown poll_thread_worker_
20260909-07:02.41-415758(us) 2345738 * Shutdown        (srpc_rpc_backend.cc:136): SrpcRpcBackend::Shutdown: poll_thread_worker_ is valid, calling shutdown()
20260909-07:02.41-415788(us) 2345738 * Shutdown        (srpc_rpc_backend.cc:120): SrpcRpcBackend::Shutdown: Server deleted successfully
20260909-07:02.41-415812(us) 2345738 * Shutdown        (srpc_rpc_backend.cc:132): SrpcRpcBackend::Shutdown: About to shutdown poll_thread_worker_
20260909-07:02.41-415845(us) 2345738 * Shutdown        (srpc_rpc_backend.cc:136): SrpcRpcBackend::Shutdown: poll_thread_worker_ is valid, calling shutdown()
20260909-07:02.41-415864(us) 2345738 * Stop            (srpc_rpc_backend.cc:589): SrpcRpcBackend::Stop: Already stopped, returning
20260909-07:02.41-415895(us) 2345738 * Shutdown        (srpc_rpc_backend.cc:112): SrpcRpcBackend::Shutdown: About to delete server
20260909-07:02.41-415912(us) 2345738 * Stop            (srpc_rpc_backend.cc:589): SrpcRpcBackend::Stop: Already stopped, returning
20260909-07:02.41-415959(us) 2345738 * Shutdown        (srpc_rpc_backend.cc:112): SrpcRpcBackend::Shutdown: About to delete server
20260909-07:02.41-415984(us) 2345738 * Shutdown        (srpc_rpc_backend.cc:116): SrpcRpcBackend::Shutdown: Server pointer is valid, deleting...
20260909-07:02.41-416014(us) 2345738 * Shutdown        (srpc_rpc_backend.cc:120): SrpcRpcBackend::Shutdown: Server deleted successfully
20260909-07:02.41-416032(us) 2345738 * Shutdown        (srpc_rpc_backend.cc:132): SrpcRpcBackend::Shutdown: About to shutdown poll_thread_worker_
20260909-07:02.41-416051(us) 2345738 * Shutdown        (srpc_rpc_backend.cc:136): SrpcRpcBackend::Shutdown: poll_thread_worker_ is valid, calling shutdown()
20260909-07:02.41-416078(us) 2345738 * Stop            (srpc_rpc_backend.cc:589): SrpcRpcBackend::Stop: Already stopped, returning
20260909-07:02.41-416132(us) 2345738 * Shutdown        (srpc_rpc_backend.cc:112): SrpcRpcBackend::Shutdown: About to delete server
20260909-07:02.41-416153(us) 2345738 * Shutdown        (srpc_rpc_backend.cc:116): SrpcRpcBackend::Shutdown: Server pointer is valid, deleting...
20260909-07:02.41-416173(us) 2345738 * Stop            (srpc_rpc_backend.cc:589): SrpcRpcBackend::Stop: Already stopped, returning
20260909-07:02.41-416222(us) 2345738 * Shutdown        (srpc_rpc_backend.cc:112): SrpcRpcBackend::Shutdown: About to delete server
20260909-07:02.41-416247(us) 2345738 * Shutdown        (srpc_rpc_backend.cc:116): SrpcRpcBackend::Shutdown: Server pointer is valid, deleting...
20260909-07:02.41-416281(us) 2345738 * Stop            (srpc_rpc_backend.cc:589): SrpcRpcBackend::Stop: Already stopped, returning
20260909-07:02.41-416323(us) 2345738 * Shutdown        (srpc_rpc_backend.cc:112): SrpcRpcBackend::Shutdown: About to delete server
20260909-07:02.41-416344(us) 2345738 * Shutdown        (srpc_rpc_backend.cc:116): SrpcRpcBackend::Shutdown: Server pointer is valid, deleting...
20260909-07:02.41-416369(us) 2345738 * Shutdown        (srpc_rpc_backend.cc:120): SrpcRpcBackend::Shutdown: Server deleted successfully
20260909-07:02.41-416388(us) 2345738 * Shutdown        (srpc_rpc_backend.cc:132): SrpcRpcBackend::Shutdown: About to shutdown poll_thread_worker_
20260909-07:02.41-416409(us) 2345738 * Shutdown        (srpc_rpc_backend.cc:136): SrpcRpcBackend::Shutdown: poll_thread_worker_ is valid, calling shutdown()
20260909-07:02.41-416431(us) 2345738 * Shutdown        (srpc_rpc_backend.cc:138): SrpcRpcBackend::Shutdown: poll_thread_worker_->shutdown() completed
20260909-07:02.41-416490(us) 2345738 * Shutdown        (srpc_rpc_backend.cc:140): SrpcRpcBackend::Shutdown: poll_thread_worker_ reset to None
20260909-07:02.41-416513(us) 2345738 * Shutdown        (srpc_rpc_backend.cc:145): SrpcRpcBackend::Shutdown: Shutdown sequence completed, destructor will now exit
20260909-07:02.41-416534(us) 2345738 * ~SrpcRpcBackend (srpc_rpc_backend.cc:52): SrpcRpcBackend::~SrpcRpcBackend: START destructor
20260909-07:02.41-416552(us) 2345738 * Stop            (srpc_rpc_backend.cc:589): SrpcRpcBackend::Stop: Already stopped, returning
20260909-07:02.41-416571(us) 2345738 * Shutdown        (srpc_rpc_backend.cc:112): SrpcRpcBackend::Shutdown: About to delete server
20260909-07:02.41-416589(us) 2345738 * Shutdown        (srpc_rpc_backend.cc:129): SrpcRpcBackend::Shutdown: Server pointer is null, skipping deletion
20260909-07:02.41-416608(us) 2345738 * Shutdown        (srpc_rpc_backend.cc:132): SrpcRpcBackend::Shutdown: About to shutdown poll_thread_worker_
20260909-07:02.41-416626(us) 2345738 * Shutdown        (srpc_rpc_backend.cc:142): SrpcRpcBackend::Shutdown: poll_thread_worker_ is null, skipping shutdown
20260909-07:02.41-416642(us) 2345738 * Shutdown        (srpc_rpc_backend.cc:145): SrpcRpcBackend::Shutdown: Shutdown sequence completed, destructor will now exit
20260909-07:02.41-416663(us) 2345738 * ~SrpcRpcBackend (srpc_rpc_backend.cc:54): SrpcRpcBackend::~SrpcRpcBackend: Shutdown() completed
20260909-07:02.41-416702(us) 2345738 * Stop            (srpc_rpc_backend.cc:589): SrpcRpcBackend::Stop: Already stopped, returning
20260909-07:02.41-416758(us) 2345738 * Shutdown        (srpc_rpc_backend.cc:112): SrpcRpcBackend::Shutdown: About to delete server
20260909-07:02.41-416792(us) 2345738 * Shutdown        (srpc_rpc_backend.cc:116): SrpcRpcBackend::Shutdown: Server pointer is valid, deleting...
20260909-07:02.41-416877(us) 2345738 * Shutdown        (srpc_rpc_backend.cc:120): SrpcRpcBackend::Shutdown: Server deleted successfully
20260909-07:02.41-416909(us) 2345738 * Shutdown        (srpc_rpc_backend.cc:132): SrpcRpcBackend::Shutdown: About to shutdown poll_thread_worker_
20260909-07:02.41-416930(us) 2345738 * Shutdown        (srpc_rpc_backend.cc:136): SrpcRpcBackend::Shutdown: poll_thread_worker_ is valid, calling shutdown()
20260909-07:02.41-416960(us) 2345738 * Stop            (srpc_rpc_backend.cc:589): SrpcRpcBackend::Stop: Already stopped, returning
20260909-07:02.41-417019(us) 2345738 * Shutdown        (srpc_rpc_backend.cc:112): SrpcRpcBackend::Shutdown: About to delete server
20260909-07:02.41-417049(us) 2345738 * Shutdown        (srpc_rpc_backend.cc:116): SrpcRpcBackend::Shutdown: Server pointer is valid, deleting...
20260909-07:02.41-417086(us) 2345738 * Shutdown        (srpc_rpc_backend.cc:120): SrpcRpcBackend::Shutdown: Server deleted successfully
20260909-07:02.41-417116(us) 2345738 * Shutdown        (srpc_rpc_backend.cc:132): SrpcRpcBackend::Shutdown: About to shutdown poll_thread_worker_
20260909-07:02.41-417138(us) 2345738 * Shutdown        (srpc_rpc_backend.cc:136): SrpcRpcBackend::Shutdown: poll_thread_worker_ is valid, calling shutdown()
20260909-07:02.41-417194(us) 2345738 * Shutdown        (srpc_rpc_backend.cc:120): SrpcRpcBackend::Shutdown: Server deleted successfully
20260909-07:02.41-417230(us) 2345738 * Shutdown        (srpc_rpc_backend.cc:132): SrpcRpcBackend::Shutdown: About to shutdown poll_thread_worker_
20260909-07:02.41-417245(us) 2345738 * Shutdown        (srpc_rpc_backend.cc:136): SrpcRpcBackend::Shutdown: poll_thread_worker_ is valid, calling shutdown()
20260909-07:02.41-417263(us) 2345738 * Shutdown        (srpc_rpc_backend.cc:116): SrpcRpcBackend::Shutdown: Server pointer is valid, deleting...
20260909-07:02.41-417299(us) 2345738 * Shutdown        (srpc_rpc_backend.cc:120): SrpcRpcBackend::Shutdown: Server deleted successfully
20260909-07:02.41-417315(us) 2345738 * Shutdown        (srpc_rpc_backend.cc:132): SrpcRpcBackend::Shutdown: About to shutdown poll_thread_worker_
20260909-07:02.41-417332(us) 2345738 * Shutdown        (srpc_rpc_backend.cc:136): SrpcRpcBackend::Shutdown: poll_thread_worker_ is valid, calling shutdown()
20260909-07:02.41-417356(us) 2345738 * Shutdown        (srpc_rpc_backend.cc:138): SrpcRpcBackend::Shutdown: poll_thread_worker_->shutdown() completed
20260909-07:02.41-417419(us) 2345738 * Stop            (srpc_rpc_backend.cc:589): SrpcRpcBackend::Stop: Already stopped, returning
20260909-07:02.41-417451(us) 2345738 * Shutdown        (srpc_rpc_backend.cc:112): SrpcRpcBackend::Shutdown: About to delete server
20260909-07:02.41-417469(us) 2345738 * Shutdown        (srpc_rpc_backend.cc:116): SrpcRpcBackend::Shutdown: Server pointer is valid, deleting...
20260909-07:02.41-417491(us) 2345738 * Shutdown        (srpc_rpc_backend.cc:120): SrpcRpcBackend::Shutdown: Server deleted successfully
20260909-07:02.41-417505(us) 2345738 * Shutdown        (srpc_rpc_backend.cc:132): SrpcRpcBackend::Shutdown: About to shutdown poll_thread_worker_
20260909-07:02.41-417524(us) 2345738 * Shutdown        (srpc_rpc_backend.cc:136): SrpcRpcBackend::Shutdown: poll_thread_worker_ is valid, calling shutdown()
20260909-07:02.41-417554(us) 2345738 * Stop            (srpc_rpc_backend.cc:589): SrpcRpcBackend::Stop: Already stopped, returning
20260909-07:02.41-417593(us) 2345738 * Shutdown        (srpc_rpc_backend.cc:112): SrpcRpcBackend::Shutdown: About to delete server
20260909-07:02.41-417613(us) 2345738 * Shutdown        (srpc_rpc_backend.cc:116): SrpcRpcBackend::Shutdown: Server pointer is valid, deleting...
20260909-07:02.41-417633(us) 2345738 * Shutdown        (srpc_rpc_backend.cc:120): SrpcRpcBackend::Shutdown: Server deleted successfully
20260909-07:02.41-417651(us) 2345738 * Shutdown        (srpc_rpc_backend.cc:132): SrpcRpcBackend::Shutdown: About to shutdown poll_thread_worker_
20260909-07:02.41-417679(us) 2345738 * Shutdown        (srpc_rpc_backend.cc:136): SrpcRpcBackend::Shutdown: poll_thread_worker_ is valid, calling shutdown()
20260909-07:02.41-417709(us) 2345738 * Shutdown        (srpc_rpc_backend.cc:140): SrpcRpcBackend::Shutdown: poll_thread_worker_ reset to None
20260909-07:02.41-417746(us) 2345738 * Shutdown        (srpc_rpc_backend.cc:145): SrpcRpcBackend::Shutdown: Shutdown sequence completed, destructor will now exit
20260909-07:02.41-417767(us) 2345738 * ~SrpcRpcBackend (srpc_rpc_backend.cc:52): SrpcRpcBackend::~SrpcRpcBackend: START destructor
20260909-07:02.41-417781(us) 2345738 * Stop            (srpc_rpc_backend.cc:589): SrpcRpcBackend::Stop: Already stopped, returning
20260909-07:02.41-417794(us) 2345738 * Shutdown        (srpc_rpc_backend.cc:112): SrpcRpcBackend::Shutdown: About to delete server
20260909-07:02.41-417810(us) 2345738 * Shutdown        (srpc_rpc_backend.cc:129): SrpcRpcBackend::Shutdown: Server pointer is null, skipping deletion
20260909-07:02.41-417823(us) 2345738 * Shutdown        (srpc_rpc_backend.cc:132): SrpcRpcBackend::Shutdown: About to shutdown poll_thread_worker_
20260909-07:02.41-417849(us) 2345738 * Shutdown        (srpc_rpc_backend.cc:142): SrpcRpcBackend::Shutdown: poll_thread_worker_ is null, skipping shutdown
20260909-07:02.41-417866(us) 2345738 * Shutdown        (srpc_rpc_backend.cc:145): SrpcRpcBackend::Shutdown: Shutdown sequence completed, destructor will now exit
20260909-07:02.41-417879(us) 2345738 * ~SrpcRpcBackend (srpc_rpc_backend.cc:54): SrpcRpcBackend::~SrpcRpcBackend: Shutdown() completed
20260909-07:02.41-417901(us) 2345738 * Stop            (srpc_rpc_backend.cc:589): SrpcRpcBackend::Stop: Already stopped, returning
20260909-07:02.41-417936(us) 2345738 * Shutdown        (srpc_rpc_backend.cc:112): SrpcRpcBackend::Shutdown: About to delete server
20260909-07:02.41-417959(us) 2345738 * Shutdown        (srpc_rpc_backend.cc:116): SrpcRpcBackend::Shutdown: Server pointer is valid, deleting...
20260909-07:02.41-417982(us) 2345738 * Shutdown        (srpc_rpc_backend.cc:120): SrpcRpcBackend::Shutdown: Server deleted successfully
20260909-07:02.41-417997(us) 2345738 * Shutdown        (srpc_rpc_backend.cc:132): SrpcRpcBackend::Shutdown: About to shutdown poll_thread_worker_
20260909-07:02.41-418014(us) 2345738 * Shutdown        (srpc_rpc_backend.cc:136): SrpcRpcBackend::Shutdown: poll_thread_worker_ is valid, calling shutdown()
20260909-07:02.41-418072(us) 2345738 * Shutdown        (srpc_rpc_backend.cc:138): SrpcRpcBackend::Shutdown: poll_thread_worker_->shutdown() completed
20260909-07:02.41-418157(us) 2345738 * Shutdown        (srpc_rpc_backend.cc:138): SrpcRpcBackend::Shutdown: poll_thread_worker_->shutdown() completed
20260909-07:02.41-418219(us) 2345738 * Stop            (srpc_rpc_backend.cc:589): SrpcRpcBackend::Stop: Already stopped, returning
20260909-07:02.41-418255(us) 2345738 * Shutdown        (srpc_rpc_backend.cc:112): SrpcRpcBackend::Shutdown: About to delete server
20260909-07:02.41-418275(us) 2345738 * Shutdown        (srpc_rpc_backend.cc:116): SrpcRpcBackend::Shutdown: Server pointer is valid, deleting...
20260909-07:02.41-418302(us) 2345738 * Shutdown        (srpc_rpc_backend.cc:120): SrpcRpcBackend::Shutdown: Server deleted successfully
20260909-07:02.41-418319(us) 2345738 * Shutdown        (srpc_rpc_backend.cc:132): SrpcRpcBackend::Shutdown: About to shutdown poll_thread_worker_
20260909-07:02.41-418336(us) 2345738 * Shutdown        (srpc_rpc_backend.cc:136): SrpcRpcBackend::Shutdown: poll_thread_worker_ is valid, calling shutdown()
20260909-07:02.41-418363(us) 2345738 * Shutdown        (srpc_rpc_backend.cc:138): SrpcRpcBackend::Shutdown: poll_thread_worker_->shutdown() completed
20260909-07:02.41-418427(us) 2345738 * Shutdown        (srpc_rpc_backend.cc:140): SrpcRpcBackend::Shutdown: poll_thread_worker_ reset to None
20260909-07:02.41-418454(us) 2345738 * Shutdown        (srpc_rpc_backend.cc:145): SrpcRpcBackend::Shutdown: Shutdown sequence completed, destructor will now exit
20260909-07:02.41-418479(us) 2345738 * ~SrpcRpcBackend (srpc_rpc_backend.cc:52): SrpcRpcBackend::~SrpcRpcBackend: START destructor
20260909-07:02.41-418495(us) 2345738 * Stop            (srpc_rpc_backend.cc:589): SrpcRpcBackend::Stop: Already stopped, returning
20260909-07:02.41-418509(us) 2345738 * Shutdown        (srpc_rpc_backend.cc:112): SrpcRpcBackend::Shutdown: About to delete server
20260909-07:02.41-418533(us) 2345738 * Shutdown        (srpc_rpc_backend.cc:129): SrpcRpcBackend::Shutdown: Server pointer is null, skipping deletion
20260909-07:02.41-418550(us) 2345738 * Shutdown        (srpc_rpc_backend.cc:132): SrpcRpcBackend::Shutdown: About to shutdown poll_thread_worker_
20260909-07:02.41-418563(us) 2345738 * Shutdown        (srpc_rpc_backend.cc:142): SrpcRpcBackend::Shutdown: poll_thread_worker_ is null, skipping shutdown
20260909-07:02.41-418584(us) 2345738 * Shutdown        (srpc_rpc_backend.cc:140): SrpcRpcBackend::Shutdown: poll_thread_worker_ reset to None
20260909-07:02.41-418621(us) 2345738 * Shutdown        (srpc_rpc_backend.cc:145): SrpcRpcBackend::Shutdown: Shutdown sequence completed, destructor will now exit
20260909-07:02.41-418637(us) 2345738 * ~SrpcRpcBackend (srpc_rpc_backend.cc:52): SrpcRpcBackend::~SrpcRpcBackend: START destructor
20260909-07:02.41-418654(us) 2345738 * Stop            (srpc_rpc_backend.cc:589): SrpcRpcBackend::Stop: Already stopped, returning
20260909-07:02.41-418674(us) 2345738 * Shutdown        (srpc_rpc_backend.cc:112): SrpcRpcBackend::Shutdown: About to delete server
20260909-07:02.41-418693(us) 2345738 * Shutdown        (srpc_rpc_backend.cc:129): SrpcRpcBackend::Shutdown: Server pointer is null, skipping deletion
20260909-07:02.41-418712(us) 2345738 * Shutdown        (srpc_rpc_backend.cc:132): SrpcRpcBackend::Shutdown: About to shutdown poll_thread_worker_
20260909-07:02.41-418735(us) 2345738 * Shutdown        (srpc_rpc_backend.cc:142): SrpcRpcBackend::Shutdown: poll_thread_worker_ is null, skipping shutdown
20260909-07:02.41-418752(us) 2345738 * Shutdown        (srpc_rpc_backend.cc:145): SrpcRpcBackend::Shutdown: Shutdown sequence completed, destructor will now exit
20260909-07:02.41-418768(us) 2345738 * ~SrpcRpcBackend (srpc_rpc_backend.cc:54): SrpcRpcBackend::~SrpcRpcBackend: Shutdown() completed
20260909-07:02.41-418805(us) 2345738 * Shutdown        (srpc_rpc_backend.cc:120): SrpcRpcBackend::Shutdown: Server deleted successfully
20260909-07:02.41-418858(us) 2345738 * Shutdown        (srpc_rpc_backend.cc:132): SrpcRpcBackend::Shutdown: About to shutdown poll_thread_worker_
20260909-07:02.41-418882(us) 2345738 * Shutdown        (srpc_rpc_backend.cc:136): SrpcRpcBackend::Shutdown: poll_thread_worker_ is valid, calling shutdown()
20260909-07:02.41-418906(us) 2345738 * Shutdown        (srpc_rpc_backend.cc:140): SrpcRpcBackend::Shutdown: poll_thread_worker_ reset to None
20260909-07:02.41-418962(us) 2345738 * Shutdown        (srpc_rpc_backend.cc:145): SrpcRpcBackend::Shutdown: Shutdown sequence completed, destructor will now exit
20260909-07:02.41-418986(us) 2345738 * ~SrpcRpcBackend (srpc_rpc_backend.cc:52): SrpcRpcBackend::~SrpcRpcBackend: START destructor
20260909-07:02.41-419013(us) 2345738 * Stop            (srpc_rpc_backend.cc:589): SrpcRpcBackend::Stop: Already stopped, returning
20260909-07:02.41-419032(us) 2345738 * Shutdown        (srpc_rpc_backend.cc:112): SrpcRpcBackend::Shutdown: About to delete server
20260909-07:02.41-419054(us) 2345738 * Shutdown        (srpc_rpc_backend.cc:129): SrpcRpcBackend::Shutdown: Server pointer is null, skipping deletion
20260909-07:02.41-419077(us) 2345738 * Shutdown        (srpc_rpc_backend.cc:132): SrpcRpcBackend::Shutdown: About to shutdown poll_thread_worker_
20260909-07:02.41-419101(us) 2345738 * Shutdown        (srpc_rpc_backend.cc:142): SrpcRpcBackend::Shutdown: poll_thread_worker_ is null, skipping shutdown
20260909-07:02.41-419122(us) 2345738 * Shutdown        (srpc_rpc_backend.cc:145): SrpcRpcBackend::Shutdown: Shutdown sequence completed, destructor will now exit
20260909-07:02.41-419151(us) 2345738 * ~SrpcRpcBackend (srpc_rpc_backend.cc:54): SrpcRpcBackend::~SrpcRpcBackend: Shutdown() completed
20260909-07:02.41-419179(us) 2345738 * Shutdown        (srpc_rpc_backend.cc:138): SrpcRpcBackend::Shutdown: poll_thread_worker_->shutdown() completed
20260909-07:02.41-419228(us) 2345738 * Shutdown        (srpc_rpc_backend.cc:138): SrpcRpcBackend::Shutdown: poll_thread_worker_->shutdown() completed
20260909-07:02.41-419270(us) 2345738 * Shutdown        (srpc_rpc_backend.cc:145): SrpcRpcBackend::Shutdown: Shutdown sequence completed, destructor will now exit
20260909-07:02.41-419295(us) 2345738 * ~SrpcRpcBackend (srpc_rpc_backend.cc:54): SrpcRpcBackend::~SrpcRpcBackend: Shutdown() completed
20260909-07:02.41-419321(us) 2345738 * Shutdown        (srpc_rpc_backend.cc:140): SrpcRpcBackend::Shutdown: poll_thread_worker_ reset to None
20260909-07:02.41-419347(us) 2345738 * Shutdown        (srpc_rpc_backend.cc:145): SrpcRpcBackend::Shutdown: Shutdown sequence completed, destructor will now exit
20260909-07:02.41-419382(us) 2345738 * ~SrpcRpcBackend (srpc_rpc_backend.cc:52): SrpcRpcBackend::~SrpcRpcBackend: START destructor
20260909-07:02.41-419406(us) 2345738 * Stop            (srpc_rpc_backend.cc:589): SrpcRpcBackend::Stop: Already stopped, returning
20260909-07:02.41-419434(us) 2345738 * Shutdown        (srpc_rpc_backend.cc:112): SrpcRpcBackend::Shutdown: About to delete server
20260909-07:02.41-419458(us) 2345738 * Shutdown        (srpc_rpc_backend.cc:129): SrpcRpcBackend::Shutdown: Server pointer is null, skipping deletion
20260909-07:02.41-419482(us) 2345738 * Shutdown        (srpc_rpc_backend.cc:132): SrpcRpcBackend::Shutdown: About to shutdown poll_thread_worker_
20260909-07:02.41-419504(us) 2345738 * Shutdown        (srpc_rpc_backend.cc:142): SrpcRpcBackend::Shutdown: poll_thread_worker_ is null, skipping shutdown
20260909-07:02.41-419526(us) 2345738 * Shutdown        (srpc_rpc_backend.cc:145): SrpcRpcBackend::Shutdown: Shutdown sequence completed, destructor will now exit
20260909-07:02.41-419550(us) 2345738 * ~SrpcRpcBackend (srpc_rpc_backend.cc:54): SrpcRpcBackend::~SrpcRpcBackend: Shutdown() completed
20260909-07:02.41-419586(us) 2345738 * Stop            (srpc_rpc_backend.cc:589): SrpcRpcBackend::Stop: Already stopped, returning
20260909-07:02.41-419619(us) 2345738 * Shutdown        (srpc_rpc_backend.cc:112): SrpcRpcBackend::Shutdown: About to delete server
20260909-07:02.41-419641(us) 2345738 * Shutdown        (srpc_rpc_backend.cc:116): SrpcRpcBackend::Shutdown: Server pointer is valid, deleting...
20260909-07:02.41-419663(us) 2345738 * Shutdown        (srpc_rpc_backend.cc:120): SrpcRpcBackend::Shutdown: Server deleted successfully
20260909-07:02.41-419680(us) 2345738 * Shutdown        (srpc_rpc_backend.cc:132): SrpcRpcBackend::Shutdown: About to shutdown poll_thread_worker_
20260909-07:02.41-419699(us) 2345738 * Shutdown        (srpc_rpc_backend.cc:136): SrpcRpcBackend::Shutdown: poll_thread_worker_ is valid, calling shutdown()
20260909-07:02.41-419731(us) 2345738 * Shutdown        (srpc_rpc_backend.cc:138): SrpcRpcBackend::Shutdown: poll_thread_worker_->shutdown() completed
20260909-07:02.41-419809(us) 2345738 * Shutdown        (srpc_rpc_backend.cc:140): SrpcRpcBackend::Shutdown: poll_thread_worker_ reset to None
20260909-07:02.41-419849(us) 2345738 * Shutdown        (srpc_rpc_backend.cc:145): SrpcRpcBackend::Shutdown: Shutdown sequence completed, destructor will now exit
20260909-07:02.41-419875(us) 2345738 * ~SrpcRpcBackend (srpc_rpc_backend.cc:52): SrpcRpcBackend::~SrpcRpcBackend: START destructor
20260909-07:02.41-419895(us) 2345738 * Stop            (srpc_rpc_backend.cc:589): SrpcRpcBackend::Stop: Already stopped, returning
20260909-07:02.41-419914(us) 2345738 * Shutdown        (srpc_rpc_backend.cc:112): SrpcRpcBackend::Shutdown: About to delete server
20260909-07:02.41-419936(us) 2345738 * Shutdown        (srpc_rpc_backend.cc:129): SrpcRpcBackend::Shutdown: Server pointer is null, skipping deletion
20260909-07:02.41-419956(us) 2345738 * Shutdown        (srpc_rpc_backend.cc:132): SrpcRpcBackend::Shutdown: About to shutdown poll_thread_worker_
20260909-07:02.41-419979(us) 2345738 * Shutdown        (srpc_rpc_backend.cc:142): SrpcRpcBackend::Shutdown: poll_thread_worker_ is null, skipping shutdown
20260909-07:02.41-420009(us) 2345738 * Shutdown        (srpc_rpc_backend.cc:145): SrpcRpcBackend::Shutdown: Shutdown sequence completed, destructor will now exit
20260909-07:02.41-420041(us) 2345738 * ~SrpcRpcBackend (srpc_rpc_backend.cc:54): SrpcRpcBackend::~SrpcRpcBackend: Shutdown() completed
20260909-07:02.41-420083(us) 2345738 * Stop            (srpc_rpc_backend.cc:589): SrpcRpcBackend::Stop: Already stopped, returning
20260909-07:02.41-420118(us) 2345738 * Shutdown        (srpc_rpc_backend.cc:112): SrpcRpcBackend::Shutdown: About to delete server
20260909-07:02.41-420149(us) 2345738 * Shutdown        (srpc_rpc_backend.cc:116): SrpcRpcBackend::Shutdown: Server pointer is valid, deleting...
20260909-07:02.41-420181(us) 2345738 * Shutdown        (srpc_rpc_backend.cc:120): SrpcRpcBackend::Shutdown: Server deleted successfully
20260909-07:02.41-420208(us) 2345738 * Shutdown        (srpc_rpc_backend.cc:132): SrpcRpcBackend::Shutdown: About to shutdown poll_thread_worker_
[SHUTDOWN] Worker 020260909-07:02.41-420240(us) 2345738 * Shutdown        (srpc_rpc_backend.cc:136): SrpcRpcBackend::Shutdown: poll_thread_worker_ is valid, calling shutdown()
 joined
20260909-07:02.41-420282(us) 2345738 * Shutdown        (srpc_rpc_backend.cc:138): SrpcRpcBackend::Shutdown: poll_thread_worker_->shutdown() completed
[SHUTDOWN] Joining worker 1
20260909-07:02.41-420359(us) 2345738 * Shutdown        (srpc_rpc_backend.cc:138): SrpcRpcBackend::Shutdown: poll_thread_worker_->shutdown() completed
20260909-07:02.41-420421(us) 2345738 * Shutdown        (srpc_rpc_backend.cc:138): SrpcRpcBackend::Shutdown: poll_thread_worker_->shutdown() completed
20260909-07:02.41-420466(us) 2345738 * Shutdown        (srpc_rpc_backend.cc:138): SrpcRpcBackend::Shutdown: poll_thread_worker_->shutdown() completed
20260909-07:02.41-420511(us) 2345738 * Shutdown        (srpc_rpc_backend.cc:140): SrpcRpcBackend::Shutdown: poll_thread_worker_ reset to None
20260909-07:02.41-420536(us) 2345738 * Shutdown        (srpc_rpc_backend.cc:145): SrpcRpcBackend::Shutdown: Shutdown sequence completed, destructor will now exit
[SHUTDOWN] Worker 120260909-07:02.41-420552(us) 2345738 * ~SrpcRpcBackend (srpc_rpc_backend.cc:52): SrpcRpcBackend::~SrpcRpcBackend: START destructor
 joined
[SHUTDOWN] Joining worker 2
20260909-07:02.41-420580(us) 2345738 * Stop            (srpc_rpc_backend.cc:589): SrpcRpcBackend::Stop: Already stopped, returning
20260909-07:02.41-420612(us) 2345738 * Shutdown        (srpc_rpc_backend.cc:140): SrpcRpcBackend::Shutdown: poll_thread_worker_ reset to None
20260909-07:02.41-420643(us) 2345738 * Shutdown        (srpc_rpc_backend.cc:145): SrpcRpcBackend::Shutdown: Shutdown sequence completed, destructor will now exit
20260909-07:02.41-420666(us) 2345738 * ~SrpcRpcBackend (srpc_rpc_backend.cc:52): SrpcRpcBackend::~SrpcRpcBackend: START destructor
20260909-07:02.41-420688(us) 2345738 * Stop            (srpc_rpc_backend.cc:589): SrpcRpcBackend::Stop: Already stopped, returning
20260909-07:02.41-420711(us) 2345738 * Shutdown        (srpc_rpc_backend.cc:112): SrpcRpcBackend::Shutdown: About to delete server
20260909-07:02.41-420733(us) 2345738 * Shutdown        (srpc_rpc_backend.cc:129): SrpcRpcBackend::Shutdown: Server pointer is null, skipping deletion
20260909-07:02.41-420754(us) 2345738 * Shutdown        (srpc_rpc_backend.cc:138): SrpcRpcBackend::Shutdown: poll_thread_worker_->shutdown() completed
20260909-07:02.41-420783(us) 2345738 * Shutdown        (srpc_rpc_backend.cc:140): SrpcRpcBackend::Shutdown: poll_thread_worker_ reset to None
20260909-07:02.41-420821(us) 2345738 * Shutdown        (srpc_rpc_backend.cc:145): SrpcRpcBackend::Shutdown: Shutdown sequence completed, destructor will now exit
20260909-07:02.41-420851(us) 2345738 * ~SrpcRpcBackend (srpc_rpc_backend.cc:52): SrpcRpcBackend::~SrpcRpcBackend: START destructor
20260909-07:02.41-420869(us) 2345738 * Stop            (srpc_rpc_backend.cc:589): SrpcRpcBackend::Stop: Already stopped, returning
20260909-07:02.41-420893(us) 2345738 * Shutdown        (srpc_rpc_backend.cc:112): SrpcRpcBackend::Shutdown: About to delete server
20260909-07:02.41-420913(us) 2345738 * Shutdown        (srpc_rpc_backend.cc:129): SrpcRpcBackend::Shutdown: Server pointer is null, skipping deletion
20260909-07:02.41-420932(us) 2345738 * Shutdown        (srpc_rpc_backend.cc:132): SrpcRpcBackend::Shutdown: About to shutdown poll_thread_worker_
20260909-07:02.41-420951(us) 2345738 * Shutdown        (srpc_rpc_backend.cc:142): SrpcRpcBackend::Shutdown: poll_thread_worker_ is null, skipping shutdown
20260909-07:02.41-420971(us) 2345738 * Shutdown        (srpc_rpc_backend.cc:145): SrpcRpcBackend::Shutdown: Shutdown sequence completed, destructor will now exit
20260909-07:02.41-420990(us) 2345738 * ~SrpcRpcBackend (srpc_rpc_backend.cc:54): SrpcRpcBackend::~SrpcRpcBackend: Shutdown() completed
20260909-07:02.41-421019(us) 2345738 * Shutdown        (srpc_rpc_backend.cc:140): SrpcRpcBackend::Shutdown: poll_thread_worker_ reset to None
20260909-07:02.41-421055(us) 2345738 * Shutdown        (srpc_rpc_backend.cc:145): SrpcRpcBackend::Shutdown: Shutdown sequence completed, destructor will now exit
20260909-07:02.41-421079(us) 2345738 * ~SrpcRpcBackend (srpc_rpc_backend.cc:52): SrpcRpcBackend::~SrpcRpcBackend: START destructor
20260909-07:02.41-421110(us) 2345738 * Stop            (srpc_rpc_backend.cc:589): SrpcRpcBackend::Stop: Already stopped, returning
20260909-07:02.41-421137(us) 2345738 * Shutdown        (srpc_rpc_backend.cc:112): SrpcRpcBackend::Shutdown: About to delete server
20260909-07:02.41-421164(us) 2345738 * Shutdown        (srpc_rpc_backend.cc:129): SrpcRpcBackend::Shutdown: Server pointer is null, skipping deletion
20260909-07:02.41-421190(us) 2345738 * Shutdown        (srpc_rpc_backend.cc:132): SrpcRpcBackend::Shutdown: About to shutdown poll_thread_worker_
20260909-07:02.41-421214(us) 2345738 * Shutdown        (srpc_rpc_backend.cc:142): SrpcRpcBackend::Shutdown: poll_thread_worker_ is null, skipping shutdown
20260909-07:02.41-421240(us) 2345738 * Shutdown        (srpc_rpc_backend.cc:145): SrpcRpcBackend::Shutdown: Shutdown sequence completed, destructor will now exit
20260909-07:02.41-421269(us) 2345738 * ~SrpcRpcBackend (srpc_rpc_backend.cc:54): SrpcRpcBackend::~SrpcRpcBackend: Shutdown() completed
20260909-07:02.41-421309(us) 2345738 * Shutdown        (srpc_rpc_backend.cc:140): SrpcRpcBackend::Shutdown: poll_thread_worker_ reset to None
20260909-07:02.41-421363(us) 2345738 * Shutdown        (srpc_rpc_backend.cc:145): SrpcRpcBackend::Shutdown: Shutdown sequence completed, destructor will now exit
20260909-07:02.41-421391(us) 2345738 * ~SrpcRpcBackend (srpc_rpc_backend.cc:52): SrpcRpcBackend::~SrpcRpcBackend: START destructor
20260909-07:02.41-421413(us) 2345738 * Stop            (srpc_rpc_backend.cc:589): SrpcRpcBackend::Stop: Already stopped, returning
20260909-07:02.41-421435(us) 2345738 * Shutdown        (srpc_rpc_backend.cc:112): SrpcRpcBackend::Shutdown: About to delete server
20260909-07:02.41-421461(us) 2345738 * Shutdown        (srpc_rpc_backend.cc:129): SrpcRpcBackend::Shutdown: Server pointer is null, skipping deletion
20260909-07:02.41-421484(us) 2345738 * Shutdown        (srpc_rpc_backend.cc:132): SrpcRpcBackend::Shutdown: About to shutdown poll_thread_worker_
20260909-07:02.41-421521(us) 2345738 * Shutdown        (srpc_rpc_backend.cc:142): SrpcRpcBackend::Shutdown: poll_thread_worker_ is null, skipping shutdown
20260909-07:02.41-421549(us) 2345738 * Shutdown        (srpc_rpc_backend.cc:145): SrpcRpcBackend::Shutdown: Shutdown sequence completed, destructor will now exit
20260909-07:02.41-421581(us) 2345738 * ~SrpcRpcBackend (srpc_rpc_backend.cc:54): SrpcRpcBackend::~SrpcRpcBackend: Shutdown() completed
20260909-07:02.41-421620(us) 2345738 * Shutdown        (srpc_rpc_backend.cc:140): SrpcRpcBackend::Shutdown: poll_thread_worker_ reset to None
20260909-07:02.41-421643(us) 2345738 * Shutdown        (srpc_rpc_backend.cc:145): SrpcRpcBackend::Shutdown: Shutdown sequence completed, destructor will now exit
20260909-07:02.41-421660(us) 2345738 * ~SrpcRpcBackend (srpc_rpc_backend.cc:52): SrpcRpcBackend::~SrpcRpcBackend: START destructor
20260909-07:02.41-421680(us) 2345738 * Stop            (srpc_rpc_backend.cc:589): SrpcRpcBackend::Stop: Already stopped, returning
20260909-07:02.41-421698(us) 2345738 * Shutdown        (srpc_rpc_backend.cc:112): SrpcRpcBackend::Shutdown: About to delete server
20260909-07:02.41-421723(us) 2345738 * Shutdown        (srpc_rpc_backend.cc:129): SrpcRpcBackend::Shutdown: Server pointer is null, skipping deletion
20260909-07:02.41-421743(us) 2345738 * Shutdown        (srpc_rpc_backend.cc:138): SrpcRpcBackend::Shutdown: poll_thread_worker_->shutdown() completed
20260909-07:02.41-421793(us) 2345738 * Shutdown        (srpc_rpc_backend.cc:112): SrpcRpcBackend::Shutdown: About to delete server
20260909-07:02.41-421850(us) 2345738 * Shutdown        (srpc_rpc_backend.cc:129): SrpcRpcBackend::Shutdown: Server pointer is null, skipping deletion
20260909-07:02.41-421874(us) 2345738 * Shutdown        (srpc_rpc_backend.cc:132): SrpcRpcBackend::Shutdown: About to shutdown poll_thread_worker_
20260909-07:02.41-421903(us) 2345738 * Shutdown        (srpc_rpc_backend.cc:142): SrpcRpcBackend::Shutdown: poll_thread_worker_ is null, skipping shutdown
20260909-07:02.41-421929(us) 2345738 * Shutdown        (srpc_rpc_backend.cc:145): SrpcRpcBackend::Shutdown: Shutdown sequence completed, destructor will now exit
20260909-07:02.41-421952(us) 2345738 * ~SrpcRpcBackend (srpc_rpc_backend.cc:54): SrpcRpcBackend::~SrpcRpcBackend: Shutdown() completed
20260909-07:02.41-421981(us) 2345738 * Shutdown        (srpc_rpc_backend.cc:132): SrpcRpcBackend::Shutdown: About to shutdown poll_thread_worker_
20260909-07:02.41-422015(us) 2345738 * Shutdown        (srpc_rpc_backend.cc:142): SrpcRpcBackend::Shutdown: poll_thread_worker_ is null, skipping shutdown
20260909-07:02.41-422036(us) 2345738 * Shutdown        (srpc_rpc_backend.cc:145): SrpcRpcBackend::Shutdown: Shutdown sequence completed, destructor will now exit
20260909-07:02.41-422066(us) 2345738 * ~SrpcRpcBackend (srpc_rpc_backend.cc:54): SrpcRpcBackend::~SrpcRpcBackend: Shutdown() completed
20260909-07:02.41-422107(us) 2345738 * Shutdown        (srpc_rpc_backend.cc:140): SrpcRpcBackend::Shutdown: poll_thread_worker_ reset to None
20260909-07:02.41-422144(us) 2345738 * Shutdown        (srpc_rpc_backend.cc:145): SrpcRpcBackend::Shutdown: Shutdown sequence completed, destructor will now exit
20260909-07:02.41-422176(us) 2345738 * ~SrpcRpcBackend (srpc_rpc_backend.cc:52): SrpcRpcBackend::~SrpcRpcBackend: START destructor
20260909-07:02.41-422203(us) 2345738 * Stop            (srpc_rpc_backend.cc:589): SrpcRpcBackend::Stop: Already stopped, returning
20260909-07:02.41-422234(us) 2345738 * Shutdown        (srpc_rpc_backend.cc:112): SrpcRpcBackend::Shutdown: About to delete server
20260909-07:02.41-422266(us) 2345738 * Shutdown        (srpc_rpc_backend.cc:129): SrpcRpcBackend::Shutdown: Server pointer is null, skipping deletion
20260909-07:02.41-422303(us) 2345738 * Shutdown        (srpc_rpc_backend.cc:132): SrpcRpcBackend::Shutdown: About to shutdown poll_thread_worker_
20260909-07:02.41-422335(us) 2345738 * Shutdown        (srpc_rpc_backend.cc:142): SrpcRpcBackend::Shutdown: poll_thread_worker_ is null, skipping shutdown
20260909-07:02.41-422362(us) 2345738 * Shutdown        (srpc_rpc_backend.cc:145): SrpcRpcBackend::Shutdown: Shutdown sequence completed, destructor will now exit
20260909-07:02.41-422391(us) 2345738 * ~SrpcRpcBackend (srpc_rpc_backend.cc:54): SrpcRpcBackend::~SrpcRpcBackend: Shutdown() completed
[SHUTDOWN] Worker 2 joined
[SHUTDOWN] Joining worker 3
20260909-07:02.41-422431(us) 2345738 * Shutdown        (srpc_rpc_backend.cc:138): SrpcRpcBackend::Shutdown: poll_thread_worker_->shutdown() completed
20260909-07:02.41-422477(us) 2345738 * Shutdown        (srpc_rpc_backend.cc:132): SrpcRpcBackend::Shutdown: About to shutdown poll_thread_worker_
20260909-07:02.41-422498(us) 2345738 * Shutdown        (srpc_rpc_backend.cc:140): SrpcRpcBackend::Shutdown: poll_thread_worker_ reset to None
20260909-07:02.41-422526(us) 2345738 * Shutdown        (srpc_rpc_backend.cc:145): SrpcRpcBackend::Shutdown: Shutdown sequence completed, destructor will now exit[SHUTDOWN] Worker 3 joined
[SHUTDOWN] Joining worker 4

20260909-07:02.41-422589(us) 2345738 * ~SrpcRpcBackend (srpc_rpc_backend.cc:52): SrpcRpcBackend::~SrpcRpcBackend: START destructor
20260909-07:02.41-422613(us) 2345738 * Stop            (srpc_rpc_backend.cc:589): SrpcRpcBackend::Stop: Already stopped, returning[SHUTDOWN] Worker 4 joined

[SHUTDOWN] Joining worker 5
20260909-07:02.41-422663(us) 2345738 * Shutdown        (srpc_rpc_backend.cc:112): SrpcRpcBackend::Shutdown: About to delete server
20260909-07:02.41-422703(us) 2345738 * Shutdown        (srpc_rpc_backend.cc:129): SrpcRpcBackend::Shutdown: Server pointer is null, skipping deletion
20260909-07:02.41-422725(us) 2345738 * Shutdown        (srpc_rpc_backend.cc:132): SrpcRpcBackend::Shutdown: About to shutdown poll_thread_worker_
20260909-07:02.41-422743(us) 2345738 * Shutdown        (srpc_rpc_backend.cc:142): SrpcRpcBackend::Shutdown: poll_thread_worker_ is null, skipping shutdown
20260909-07:02.41-422764(us) 2345738 * Shutdown        (srpc_rpc_backend.cc:145): SrpcRpcBackend::Shutdown: Shutdown sequence completed, destructor will now exit
20260909-07:02.41-422789(us) 2345738 * ~SrpcRpcBackend (srpc_rpc_backend.cc:54): SrpcRpcBackend::~SrpcRpcBackend: Shutdown() completed
20260909-07:02.41-422820(us) 2345738 * Stop            (srpc_rpc_backend.cc:589): SrpcRpcBackend::Stop: Already stopped, returning
[SHUTDOWN] Worker 5 joined
[SHUTDOWN] Joining worker 6
20260909-07:02.41-422879(us) 2345738 * Shutdown        (srpc_rpc_backend.cc:112): SrpcRpcBackend::Shutdown: About to delete server
20260909-07:02.41-422899(us) 2345738 * Shutdown        (srpc_rpc_backend.cc:116): SrpcRpcBackend::Shutdown: Server pointer is valid, deleting...
20260909-07:02.41-422924(us) 2345738 * Shutdown        (srpc_rpc_backend.cc:142): SrpcRpcBackend::Shutdown: poll_thread_worker_ is null, skipping shutdown
[SHUTDOWN] Worker 6 joined
[SHUTDOWN] Joining worker 20260909-07:02.41-422951(us) 2345738 * Shutdown        (srpc_rpc_backend.cc:145): SrpcRpcBackend::Shutdown: Shutdown sequence completed, destructor will now exit
7
20260909-07:02.41-422987(us) 2345738 * ~SrpcRpcBackend (srpc_rpc_backend.cc:54): SrpcRpcBackend::~SrpcRpcBackend: Shutdown() completed
20260909-07:02.41-423027(us) 2345738 * Shutdown        (srpc_rpc_backend.cc:120): SrpcRpcBackend::Shutdown: Server deleted successfully
20260909-07:02.41-423052(us) 2345738 * Shutdown        (srpc_rpc_backend.cc:132): SrpcRpcBackend::Shutdown: About to shutdown poll_thread_worker_
20260909-07:02.41-423071(us) 2345738 * Shutdown        (srpc_rpc_backend.cc:136): SrpcRpcBackend::Shutdown: poll_thread_worker_ is valid, calling shutdown()
[SHUTDOWN] Worker 7 joined
[SHUTDOWN] Joining worker 8
[SHUTDOWN] Worker 8 joined
[SHUTDOWN] Joining worker 9
[SHUTDOWN] Worker 9 joined
[SHUTDOWN] Joining worker 10
20260909-07:02.41-424168(us) 2345738 * Shutdown        (srpc_rpc_backend.cc:138): SrpcRpcBackend::Shutdown: poll_thread_worker_->shutdown() completed
20260909-07:02.41-424198(us) 2345738 * Shutdown        (srpc_rpc_backend.cc:140): SrpcRpcBackend::Shutdown: poll_thread_worker_ reset to None
20260909-07:02.41-424211(us) 2345738 * Shutdown        (srpc_rpc_backend.cc:145): SrpcRpcBackend::Shutdown: Shutdown sequence completed, destructor will now exit
20260909-07:02.41-424224(us) 2345738 * ~SrpcRpcBackend (srpc_rpc_backend.cc:52): SrpcRpcBackend::~SrpcRpcBackend: START destructor
20260909-07:02.41-424237(us) 2345738 * Stop            (srpc_rpc_backend.cc:589): SrpcRpcBackend::Stop: Already stopped, returning
20260909-07:02.41-424250(us) 2345738 * Shutdown        (srpc_rpc_backend.cc:112): SrpcRpcBackend::Shutdown: About to delete server
20260909-07:02.41-424263(us) 2345738 * Shutdown        (srpc_rpc_backend.cc:129): SrpcRpcBackend::Shutdown: Server pointer is null, skipping deletion
20260909-07:02.41-424275(us) 2345738 * Shutdown        (srpc_rpc_backend.cc:132): SrpcRpcBackend::Shutdown: About to shutdown poll_thread_worker_
20260909-07:02.41-424302(us) 2345738 * Shutdown        (srpc_rpc_backend.cc:142): SrpcRpcBackend::Shutdown: poll_thread_worker_ is null, skipping shutdown
20260909-07:02.41-424315(us) 2345738 * Shutdown        (srpc_rpc_backend.cc:145): SrpcRpcBackend::Shutdown: Shutdown sequence completed, destructor will now exit
20260909-07:02.41-424328(us) 2345738 * ~SrpcRpcBackend (srpc_rpc_backend.cc:54): SrpcRpcBackend::~SrpcRpcBackend: Shutdown() completed
[SHUTDOWN] Worker 10 joined
[SHUTDOWN] Joining worker 11
[SHUTDOWN] Worker 11 joined
[SHUTDOWN] Joining worker 12
[SHUTDOWN] Worker 12 joined
[SHUTDOWN] Joining worker 13
[SHUTDOWN] Worker 13 joined
[SHUTDOWN] Joining worker 14
[SHUTDOWN] Worker 14 joined
[SHUTDOWN] Joining worker 15
[SHUTDOWN] Worker 15 joined
[SHUTDOWN] All workers joined
[SHUTDOWN] Calling stop_rpc_server()
[STOP_SERVER] Stopping 2 server transports
[STOP_SERVER] Stopping server transport 0
20260909-07:02.41-424945(us) 2345738 * Stop            (srpc_rpc_backend.cc:593): SrpcRpcBackend::Stop: BEGIN - Setting stop flag
20260909-07:02.41-424973(us) 2345738 * Stop            (srpc_rpc_backend.cc:596): SrpcRpcBackend::Stop: Waiting for event loop to exit...
20260909-07:02.41-424999(us) 2345738 * RunEventLoop    (srpc_rpc_backend.cc:577): SrpcRpcBackend::RunEventLoop: Stop flag detected, exiting event loop
20260909-07:02.41-425027(us) 2345738 * RunEventLoop    (srpc_rpc_backend.cc:581): SrpcRpcBackend::RunEventLoop: Exited cleanly
20260909-07:02.41-425041(us) 2345738 * rpc_server      (rpc_setup.cc:126): the rpc_server is terminated on shardIdx:0, alpha:0!
20260909-07:02.41-435060(us) 2345738 * Stop            (srpc_rpc_backend.cc:612): SrpcRpcBackend::Stop: Event loop exited successfully
20260909-07:02.41-435095(us) 2345738 * Stop            (srpc_rpc_backend.cc:616): SrpcRpcBackend::Stop: Signaling 0 request queues to stop
20260909-07:02.41-435111(us) 2345738 * Stop            (srpc_rpc_backend.cc:624): SrpcRpcBackend::Stop: Signaling 0 response queues to stop
20260909-07:02.41-435126(us) 2345738 * Stop            (srpc_rpc_backend.cc:635): SrpcRpcBackend::Stop: Server cleanup deferred to destructor
20260909-07:02.41-435140(us) 2345738 * Stop            (srpc_rpc_backend.cc:638): SrpcRpcBackend::Stop: Closing client connections
20260909-07:02.41-435156(us) 2345738 * Stop            (srpc_rpc_backend.cc:642): SrpcRpcBackend::Stop: Found 0 client connections to close
20260909-07:02.41-435170(us) 2345738 * Stop            (srpc_rpc_backend.cc:662): SrpcRpcBackend::Stop: Closed 0 client connections
20260909-07:02.41-435191(us) 2345738 * Stop            (srpc_rpc_backend.cc:675): SrpcRpcBackend stats: msg_size_resp_sent: 0 bytes, counter: 0, avg: 0.000000
20260909-07:02.41-435211(us) 2345738 * Stop            (srpc_rpc_backend.cc:676): SrpcRpcBackend::Stop: END
[STOP_SERVER] Server transport 0 stopped
[STOP_SERVER] Stopping server transport 1
20260909-07:02.41-435245(us) 2345738 * Stop            (srpc_rpc_backend.cc:593): SrpcRpcBackend::Stop: BEGIN - Setting stop flag
20260909-07:02.41-435260(us) 2345738 * Stop            (srpc_rpc_backend.cc:596): SrpcRpcBackend::Stop: Waiting for event loop to exit...
20260909-07:02.41-435293(us) 2345738 * RunEventLoop    (srpc_rpc_backend.cc:577): SrpcRpcBackend::RunEventLoop: Stop flag detected, exiting event loop
20260909-07:02.41-435324(us) 2345738 * RunEventLoop    (srpc_rpc_backend.cc:581): SrpcRpcBackend::RunEventLoop: Exited cleanly
20260909-07:02.41-435339(us) 2345738 * rpc_server      (rpc_setup.cc:126): the rpc_server is terminated on shardIdx:0, alpha:1!
20260909-07:02.41-445373(us) 2345738 * Stop            (srpc_rpc_backend.cc:612): SrpcRpcBackend::Stop: Event loop exited successfully
20260909-07:02.41-445408(us) 2345738 * Stop            (srpc_rpc_backend.cc:616): SrpcRpcBackend::Stop: Signaling 0 request queues to stop
20260909-07:02.41-445424(us) 2345738 * Stop            (srpc_rpc_backend.cc:624): SrpcRpcBackend::Stop: Signaling 0 response queues to stop
20260909-07:02.41-445438(us) 2345738 * Stop            (srpc_rpc_backend.cc:635): SrpcRpcBackend::Stop: Server cleanup deferred to destructor
20260909-07:02.41-445453(us) 2345738 * Stop            (srpc_rpc_backend.cc:638): SrpcRpcBackend::Stop: Closing client connections
20260909-07:02.41-445468(us) 2345738 * Stop            (srpc_rpc_backend.cc:642): SrpcRpcBackend::Stop: Found 0 client connections to close
20260909-07:02.41-445482(us) 2345738 * Stop            (srpc_rpc_backend.cc:662): SrpcRpcBackend::Stop: Closed 0 client connections
20260909-07:02.41-445496(us) 2345738 * Stop            (srpc_rpc_backend.cc:675): SrpcRpcBackend stats: msg_size_resp_sent: 0 bytes, counter: 0, avg: 0.000000
20260909-07:02.41-445513(us) 2345738 * Stop            (srpc_rpc_backend.cc:676): SrpcRpcBackend::Stop: END
[STOP_SERVER] Server transport 1 stopped
20260909-07:02.41-445641(us) 2345738 * Stop            (srpc_rpc_backend.cc:589): SrpcRpcBackend::Stop: Already stopped, returning
20260909-07:02.41-445659(us) 2345738 * Shutdown        (srpc_rpc_backend.cc:112): SrpcRpcBackend::Shutdown: About to delete server
20260909-07:02.41-445674(us) 2345738 * Shutdown        (srpc_rpc_backend.cc:116): SrpcRpcBackend::Shutdown: Server pointer is valid, deleting...
20260909-07:02.41-445694(us) 2345738 * Shutdown        (srpc_rpc_backend.cc:120): SrpcRpcBackend::Shutdown: Server deleted successfully
20260909-07:02.41-445709(us) 2345738 * Shutdown        (srpc_rpc_backend.cc:132): SrpcRpcBackend::Shutdown: About to shutdown poll_thread_worker_
20260909-07:02.41-445723(us) 2345738 * Shutdown        (srpc_rpc_backend.cc:136): SrpcRpcBackend::Shutdown: poll_thread_worker_ is valid, calling shutdown()
20260909-07:02.41-447152(us) 2345738 * Shutdown        (srpc_rpc_backend.cc:138): SrpcRpcBackend::Shutdown: poll_thread_worker_->shutdown() completed
20260909-07:02.41-447200(us) 2345738 * Shutdown        (srpc_rpc_backend.cc:140): SrpcRpcBackend::Shutdown: poll_thread_worker_ reset to None
20260909-07:02.41-447219(us) 2345738 * Shutdown        (srpc_rpc_backend.cc:145): SrpcRpcBackend::Shutdown: Shutdown sequence completed, destructor will now exit
20260909-07:02.41-447238(us) 2345738 * ~SrpcRpcBackend (srpc_rpc_backend.cc:52): SrpcRpcBackend::~SrpcRpcBackend: START destructor
20260909-07:02.41-447255(us) 2345738 * Stop            (srpc_rpc_backend.cc:589): SrpcRpcBackend::Stop: Already stopped, returning
20260909-07:02.41-447273(us) 2345738 * Shutdown        (srpc_rpc_backend.cc:112): SrpcRpcBackend::Shutdown: About to delete server
20260909-07:02.41-447291(us) 2345738 * Shutdown        (srpc_rpc_backend.cc:129): SrpcRpcBackend::Shutdown: Server pointer is null, skipping deletion
20260909-07:02.41-447309(us) 2345738 * Shutdown        (srpc_rpc_backend.cc:132): SrpcRpcBackend::Shutdown: About to shutdown poll_thread_worker_
20260909-07:02.41-447327(us) 2345738 * Shutdown        (srpc_rpc_backend.cc:142): SrpcRpcBackend::Shutdown: poll_thread_worker_ is null, skipping shutdown
20260909-07:02.41-447345(us) 2345738 * Shutdown        (srpc_rpc_backend.cc:145): SrpcRpcBackend::Shutdown: Shutdown sequence completed, destructor will now exit
20260909-07:02.41-447363(us) 2345738 * ~SrpcRpcBackend (srpc_rpc_backend.cc:54): SrpcRpcBackend::~SrpcRpcBackend: Shutdown() completed
20260909-07:02.41-447413(us) 2345738 * Stop            (srpc_rpc_backend.cc:589): SrpcRpcBackend::Stop: Already stopped, returning
20260909-07:02.41-447434(us) 2345738 * Shutdown        (srpc_rpc_backend.cc:112): SrpcRpcBackend::Shutdown: About to delete server
20260909-07:02.41-447450(us) 2345738 * Shutdown        (srpc_rpc_backend.cc:116): SrpcRpcBackend::Shutdown: Server pointer is valid, deleting...
20260909-07:02.41-447473(us) 2345738 * Shutdown        (srpc_rpc_backend.cc:120): SrpcRpcBackend::Shutdown: Server deleted successfully
20260909-07:02.41-447491(us) 2345738 * Shutdown        (srpc_rpc_backend.cc:132): SrpcRpcBackend::Shutdown: About to shutdown poll_thread_worker_
20260909-07:02.41-447509(us) 2345738 * Shutdown        (srpc_rpc_backend.cc:136): SrpcRpcBackend::Shutdown: poll_thread_worker_ is valid, calling shutdown()
20260909-07:02.41-447995(us) 2345738 * Shutdown        (srpc_rpc_backend.cc:138): SrpcRpcBackend::Shutdown: poll_thread_worker_->shutdown() completed
20260909-07:02.41-448031(us) 2345738 * Shutdown        (srpc_rpc_backend.cc:140): SrpcRpcBackend::Shutdown: poll_thread_worker_ reset to None
20260909-07:02.41-448048(us) 2345738 * Shutdown        (srpc_rpc_backend.cc:145): SrpcRpcBackend::Shutdown: Shutdown sequence completed, destructor will now exit
20260909-07:02.41-448065(us) 2345738 * ~SrpcRpcBackend (srpc_rpc_backend.cc:52): SrpcRpcBackend::~SrpcRpcBackend: START destructor
20260909-07:02.41-448090(us) 2345738 * Stop            (srpc_rpc_backend.cc:589): SrpcRpcBackend::Stop: Already stopped, returning
20260909-07:02.41-448108(us) 2345738 * Shutdown        (srpc_rpc_backend.cc:112): SrpcRpcBackend::Shutdown: About to delete server
20260909-07:02.41-448126(us) 2345738 * Shutdown        (srpc_rpc_backend.cc:129): SrpcRpcBackend::Shutdown: Server pointer is null, skipping deletion
20260909-07:02.41-448144(us) 2345738 * Shutdown        (srpc_rpc_backend.cc:132): SrpcRpcBackend::Shutdown: About to shutdown poll_thread_worker_
20260909-07:02.41-448162(us) 2345738 * Shutdown        (srpc_rpc_backend.cc:142): SrpcRpcBackend::Shutdown: poll_thread_worker_ is null, skipping shutdown
20260909-07:02.41-448180(us) 2345738 * Shutdown        (srpc_rpc_backend.cc:145): SrpcRpcBackend::Shutdown: Shutdown sequence completed, destructor will now exit
20260909-07:02.41-448198(us) 2345738 * ~SrpcRpcBackend (srpc_rpc_backend.cc:54): SrpcRpcBackend::~SrpcRpcBackend: Shutdown() completed
[STOP_SERVER] All server transports stopped
[SHUTDOWN] stop_rpc_server() completed
[SHUTDOWN] Calling second stop()
20260909-07:02.41-448261(us) 2345738 ! stop            (bench.cc:496):     stop all rpc clients. set stop=false
[SHUTDOWN] Second stop() completed
20260909-07:02.41-448285(us) 2345738 ! run             (bench.cc:731):     TPCC_BENCH_MEASURE_END
[SHUTDOWN] Calling do_txn_finish()
[SHUTDOWN] do_txn_finish() completed
--- n_commits per partition ---
 par_id: 0, n_commits: 558545
 par_id: 1, n_commits: 527343
 par_id: 2, n_commits: 492759
 par_id: 3, n_commits: 539223
 par_id: 4, n_commits: 547948
 par_id: 5, n_commits: 552589
 par_id: 6, n_commits: 544422
 par_id: 7, n_commits: 495151
 par_id: 8, n_commits: 541617
 par_id: 9, n_commits: 541876
 par_id: 10, n_commits: 559530
 par_id: 11, n_commits: 562092
 par_id: 12, n_commits: 551760
 par_id: 13, n_commits: 544278
 par_id: 14, n_commits: 536919
 par_id: 15, n_commits: 505991
--- benchmark statistics ---
runtime: 10.1363 sec
memory delta: 5260.7 MB
n_commits: 8602043
latency_numer_us: 156549903
latency_numer_us_remote: 0
memory delta rate: 518.998 MB/sec
logical memory delta: 545.524 MB
logical memory delta rate: 53.8191 MB/sec
agg_nosync_throughput: 848658 ops/sec
avg_nosync_per_core_throughput: 53041.1 ops/sec/core
agg_throughput: 848641 ops/sec
avg_per_core_throughput: 53040.1 ops/sec/core
agg_persist_throughput: 848641 ops/sec
avg_per_core_persist_throughput: 53040.1 ops/sec/core
avg_latency: 0.0181992 ms
avg_persist_latency: 0 ms
agg_abort_rate: 84.9426 aborts/sec
avg_per_core_abort_rate: 5.30891 aborts/sec/core
  NewOrder_local_commit_latency: 0.0219356 ms
  NewOrder_local_abort_latency: 0.0832048 ms
  NewOrder_local_abort_ratio: 0.000144887
  Payment_local_commit_latency: 0.00738871 ms
  Payment_local_abort_latency: 0.0514258 ms
  Payment_local_abort_ratio: 4.59557e-06
  Delivery_local_commit_latency: 0.0801119 ms
  Delivery_local_abort_latency: 0 ms
  Delivery_local_abort_ratio: 0
  OrderStatus_local_commit_latency: 0.0100209 ms
  OrderStatus_local_abort_latency: 0 ms
  OrderStatus_local_abort_ratio: 0
  StockLevel_local_commit_latency: 0.0509338 ms
  StockLevel_local_abort_latency: 0.083605 ms
  StockLevel_local_abort_ratio: 0.000821645
  NewOrder_remote_ratio: 0 %
  NewOrder_remote_abort_ratio: 0 %
  NewOrder_remote_commit_latency: 0 ms
  NewOrder_remote_abort_latency: 0 ms
  Payment_remote_ratio: 0 %
  Payment_remote_abort_ratio: 0 %
  Payment_remote_commit_latency: 0 ms
  Payment_remote_abort_latency: 0 ms
--- system counters (for benchmark) ---
--- perf counters (if enabled, for benchmark) ---
--- allocator stats ---
[SiloRuntime 0] ncpus=16
[SiloRuntime 0] cpu=0 fully_faulted?=0 remaining=10485760 bytes
[SiloRuntime 0] cpu=1 fully_faulted?=0 remaining=16777216 bytes
[SiloRuntime 0] cpu=2 fully_faulted?=0 remaining=23068672 bytes
[SiloRuntime 0] cpu=3 fully_faulted?=0 remaining=16777216 bytes
[SiloRuntime 0] cpu=4 fully_faulted?=0 remaining=14680064 bytes
[SiloRuntime 0] cpu=5 fully_faulted?=0 remaining=14680064 bytes
[SiloRuntime 0] cpu=6 fully_faulted?=0 remaining=14680064 bytes
[SiloRuntime 0] cpu=7 fully_faulted?=0 remaining=23068672 bytes
[SiloRuntime 0] cpu=8 fully_faulted?=0 remaining=16777216 bytes
[SiloRuntime 0] cpu=9 fully_faulted?=0 remaining=16777216 bytes
[SiloRuntime 0] cpu=10 fully_faulted?=0 remaining=12582912 bytes
[SiloRuntime 0] cpu=11 fully_faulted?=0 remaining=12582912 bytes
[SiloRuntime 0] cpu=12 fully_faulted?=0 remaining=14680064 bytes
[SiloRuntime 0] cpu=13 fully_faulted?=0 remaining=14680064 bytes
[SiloRuntime 0] cpu=14 fully_faulted?=0 remaining=16777216 bytes
[SiloRuntime 0] cpu=15 fully_faulted?=0 remaining=4194304 bytes
---------------------------------------
--- system counters for n_commits ---
[STOP_SERVER] Stopping 0 server transports
[STOP_SERVER] All server transports stopped
