20260909-06:48.12-725917(us) 2337566 * ParseNewFormat  (configuration.cc:102): Using new configuration format
20260909-06:48.12-726082(us) 2337566 * ParseNewFormat  (configuration.cc:162): Loaded 1 sites in 1 shards
20260909-06:48.12-726116(us) 2337566 * handle_new_config_format (dbtest.cc:368):    Site local_s0: shard=0, replica_idx=0, is_leader=1, cluster=localhost
SiloRuntime[0]::InitializeAllocator()
  hugepgsize: 2097152
  mmap() region [0x7159b7400000, 0x715a37600000)
  runtime0 cpu0 owns [0x7159b7400000, 0x7159bf400000)
  runtime0 cpu1 owns [0x7159bf400000, 0x7159c7400000)
  runtime0 cpu2 owns [0x7159c7400000, 0x7159cf400000)
  runtime0 cpu3 owns [0x7159cf400000, 0x7159d7400000)
  runtime0 cpu4 owns [0x7159d7400000, 0x7159df400000)
  runtime0 cpu5 owns [0x7159df400000, 0x7159e7400000)
  runtime0 cpu6 owns [0x7159e7400000, 0x7159ef400000)
  runtime0 cpu7 owns [0x7159ef400000, 0x7159f7400000)
  runtime0 cpu8 owns [0x7159f7400000, 0x7159ff400000)
  runtime0 cpu9 owns [0x7159ff400000, 0x715a07400000)
  runtime0 cpu10 owns [0x715a07400000, 0x715a0f400000)
  runtime0 cpu11 owns [0x715a0f400000, 0x715a17400000)
  runtime0 cpu12 owns [0x715a17400000, 0x715a1f400000)
  runtime0 cpu13 owns [0x715a1f400000, 0x715a27400000)
  runtime0 cpu14 owns [0x715a27400000, 0x715a2f400000)
  runtime0 cpu15 owns [0x715a2f400000, 0x715a37400000)
Database Benchmark:
  pid: 2337566
settings:
  num-cpus    : 128
  num-threads : 16
  shardIndex  : 0
  paxos_proc_name  : localhost
  nshards     : 1
  is_micro    : 0
  is_replicated : 0
  storage_engine : cpp
  var-encode  : yes
  allocator   : jemalloc
system properties:
  tuple_prefetch          : no
  btree_node_prefetch     : yes
tpcc settings:
  cross_partition_transactions : 1
  read_only_snapshots          : 1
  partition_locks              : 0
  separate_tree_per_partition  : 1
  new_order_remote_item_pct    : 1
  new_order_fast_id_gen        : 1
  uniform_item_dist            : 0
  order_status_scan_hack       : 0
  workload_mix                 : [45, 43, 4, 4, 4]
20260909-06:48.12-730356(us) 2337566 * ParseNewFormat  (configuration.cc:102): Using new configuration format
20260909-06:48.12-730438(us) 2337566 * ParseNewFormat  (configuration.cc:162): Loaded 1 sites in 1 shards
20260909-06:48.12-730769(us) 2337566 * Initialize      (srpc_rpc_backend.cc:66): SrpcRpcBackend::Initialize: poll_thread_worker_ created, is_some=1
20260909-06:48.12-730920(us) 2337566 * ParseNewFormat  (configuration.cc:102): Using new configuration format
20260909-06:48.12-730980(us) 2337566 * Initialize      (srpc_rpc_backend.cc:97): SrpcRpcBackend initialized on 127.0.0.1:31021 (listening on 0.0.0.0:31021)
20260909-06:48.12-730998(us) 2337566 * FastTransport   (fasttransport.cc:147): FastTransport initialized with srpc/rpc backend on 127.0.0.1:31021
20260909-06:48.12-731019(us) 2337566 * RunEventLoop    (srpc_rpc_backend.cc:516): SrpcRpcBackend::RunEventLoop: Starting event loop
20260909-06:48.12-731048(us) 2337566 * ParseNewFormat  (configuration.cc:162): Loaded 1 sites in 1 shards
20260909-06:48.12-731304(us) 2337566 * Initialize      (srpc_rpc_backend.cc:66): SrpcRpcBackend::Initialize: poll_thread_worker_ created, is_some=1
20260909-06:48.12-731404(us) 2337566 * Initialize      (srpc_rpc_backend.cc:97): SrpcRpcBackend initialized on 127.0.0.1:31022 (listening on 0.0.0.0:31022)
20260909-06:48.12-731420(us) 2337566 * FastTransport   (fasttransport.cc:147): FastTransport initialized with srpc/rpc backend on 127.0.0.1:31022
20260909-06:48.12-731438(us) 2337566 * RunEventLoop    (srpc_rpc_backend.cc:516): SrpcRpcBackend::RunEventLoop: Starting event loop
20260909-06:48.12-733988(us) 2337566 ! run             (bench.cc:537):     # of loaders size:6
20260909-06:48.12-735039(us) 2337566 * benchmark_thread_init (mbta_wrapper.hh:1811): thread_init: thread_id=0, shard_index=0, getShardIndex=0, loader=1
[INFO] finished loading warehouse
[INFO]   * average warehouse record length: 97 bytes
20260909-06:48.12-735376(us) 2337566 * benchmark_thread_init (mbta_wrapper.hh:1811): thread_init: thread_id=1, shard_index=0, getShardIndex=0, loader=1
PinToWarehouseId(): coreid=2 pinned to whse=1 (partid=0)
20260909-06:48.12-735494(us) 2337566 * benchmark_thread_init (mbta_wrapper.hh:1811): thread_init: thread_id=2, shard_index=0, getShardIndex=0, loader=1
PinToWarehouseId(): coreid=3 pinned to whse=1 (partid=0)
20260909-06:48.12-735611(us) 2337566 * benchmark_thread_init (mbta_wrapper.hh:1811): thread_init: thread_id=3, shard_index=0, getShardIndex=0, loader=1
PinToWarehouseId(): coreid=3 pinned to whse=2 (partid=1)
PinToWarehouseId(): coreid=3 pinned to whse=3 (partid=2)
PinToWarehouseId(): coreid=3 pinned to whse=4 (partid=3)
PinToWarehouseId(): coreid=3 pinned to whse=5 (partid=4)
PinToWarehouseId(): coreid=3 pinned to whse=6 (partid=5)
PinToWarehouseId(): coreid=3 pinned to whse=7 (partid=6)
PinToWarehouseId(): coreid=3 pinned to whse=8 (partid=7)
PinToWarehouseId(): coreid=3 pinned to whse=9 (partid=8)
PinToWarehouseId(): coreid=3 pinned to whse=10 (partid=9)
PinToWarehouseId(): coreid=3 pinned to whse=11 (partid=10)
PinToWarehouseId(): coreid=3 pinned to whse=12 (partid=11)
PinToWarehouseId(): coreid=3 pinned to whse=13 (partid=12)
PinToWarehouseId(): coreid=3 pinned to whse=14 (partid=13)
PinToWarehouseId(): coreid=3 pinned to whse=15 (partid=14)
PinToWarehouseId(): coreid=3 pinned to whse=16 (partid=15)
[INFO] finished loading district
[INFO]   * average district record length: 99 bytes
20260909-06:48.12-736597(us) 2337566 * benchmark_thread_init (mbta_wrapper.hh:1811): thread_init: thread_id=4, shard_index=0, getShardIndex=0, loader=1
20260909-06:48.12-736648(us) 2337566 * benchmark_thread_init (mbta_wrapper.hh:1811): thread_init: thread_id=5, shard_index=0, getShardIndex=0, loader=1
PinToWarehouseId(): coreid=5 pinned to whse=1 (partid=0)
num batches: 30
PinToWarehouseId(): coreid=4 pinned to whse=1 (partid=0)
PinToWarehouseId(): coreid=5 pinned to whse=2 (partid=1)
[INFO] finished loading item
[INFO]   * average item record length: 84.1739 bytes
PinToWarehouseId(): coreid=4 pinned to whse=2 (partid=1)
PinToWarehouseId(): coreid=5 pinned to whse=3 (partid=2)
PinToWarehouseId(): coreid=5 pinned to whse=4 (partid=3)
PinToWarehouseId(): coreid=4 pinned to whse=3 (partid=2)
PinToWarehouseId(): coreid=5 pinned to whse=5 (partid=4)
PinToWarehouseId(): coreid=5 pinned to whse=6 (partid=5)
PinToWarehouseId(): coreid=4 pinned to whse=4 (partid=3)
PinToWarehouseId(): coreid=5 pinned to whse=7 (partid=6)
PinToWarehouseId(): coreid=2 pinned to whse=2 (partid=1)
PinToWarehouseId(): coreid=5 pinned to whse=8 (partid=7)
PinToWarehouseId(): coreid=4 pinned to whse=5 (partid=4)
PinToWarehouseId(): coreid=5 pinned to whse=9 (partid=8)
PinToWarehouseId(): coreid=5 pinned to whse=10 (partid=9)
PinToWarehouseId(): coreid=4 pinned to whse=6 (partid=5)
PinToWarehouseId(): coreid=5 pinned to whse=11 (partid=10)
PinToWarehouseId(): coreid=5 pinned to whse=12 (partid=11)
PinToWarehouseId(): coreid=4 pinned to whse=7 (partid=6)
PinToWarehouseId(): coreid=5 pinned to whse=13 (partid=12)
PinToWarehouseId(): coreid=5 pinned to whse=14 (partid=13)
PinToWarehouseId(): coreid=2 pinned to whse=3 (partid=2)
PinToWarehouseId(): coreid=4 pinned to whse=8 (partid=7)
PinToWarehouseId(): coreid=5 pinned to whse=15 (partid=14)
PinToWarehouseId(): coreid=5 pinned to whse=16 (partid=15)
PinToWarehouseId(): coreid=4 pinned to whse=9 (partid=8)
[INFO] finished loading order
[INFO]   * average order_line record length: 11.2927 bytes
[INFO]   * average oorder record length: 7.9446 bytes
[INFO]   * average new_order record length: 12 bytes
PinToWarehouseId(): coreid=4 pinned to whse=10 (partid=9)
PinToWarehouseId(): coreid=4 pinned to whse=11 (partid=10)
PinToWarehouseId(): coreid=2 pinned to whse=4 (partid=3)
PinToWarehouseId(): coreid=4 pinned to whse=12 (partid=11)
PinToWarehouseId(): coreid=4 pinned to whse=13 (partid=12)
PinToWarehouseId(): coreid=4 pinned to whse=14 (partid=13)
PinToWarehouseId(): coreid=2 pinned to whse=5 (partid=4)
PinToWarehouseId(): coreid=4 pinned to whse=15 (partid=14)
PinToWarehouseId(): coreid=4 pinned to whse=16 (partid=15)
[INFO] finished loading customer
[INFO]   * average customer record length: 153.983 bytes 
PinToWarehouseId(): coreid=2 pinned to whse=6 (partid=5)
PinToWarehouseId(): coreid=2 pinned to whse=7 (partid=6)
PinToWarehouseId(): coreid=2 pinned to whse=8 (partid=7)
PinToWarehouseId(): coreid=2 pinned to whse=9 (partid=8)
PinToWarehouseId(): coreid=2 pinned to whse=10 (partid=9)
PinToWarehouseId(): coreid=2 pinned to whse=11 (partid=10)
PinToWarehouseId(): coreid=2 pinned to whse=12 (partid=11)
PinToWarehouseId(): coreid=2 pinned to whse=13 (partid=12)
PinToWarehouseId(): coreid=2 pinned to whse=14 (partid=13)
PinToWarehouseId(): coreid=2 pinned to whse=15 (partid=14)
PinToWarehouseId(): coreid=2 pinned to whse=16 (partid=15)
[INFO] finished loading stock
[INFO]   * average stock record length: 8 bytes
timed region dataloading took 20142.8 ms
DB size: 1934.39 MB
[0, 0, 0] txns persisted in loading phase
20260909-06:48.32-876926(us) 2337566 ! run             (bench.cc:607):     # of nthreads:16
starting benchmark...
tpcc: worker id 128 => warehouses [1, 2)
tpcc: worker id 129 => warehouses [2, 3)
tpcc: worker id 130 => warehouses [3, 4)
tpcc: worker id 131 => warehouses [4, 5)
tpcc: worker id 132 => warehouses [5, 6)
tpcc: worker id 133 => warehouses [6, 7)
tpcc: worker id 134 => warehouses [7, 8)
tpcc: worker id 135 => warehouses [8, 9)
tpcc: worker id 136 => warehouses [9, 10)
tpcc: worker id 137 => warehouses [10, 11)
tpcc: worker id 138 => warehouses [11, 12)
tpcc: worker id 139 => warehouses [12, 13)
tpcc: worker id 140 => warehouses [13, 14)
tpcc: worker id 141 => warehouses [14, 15)
tpcc: worker id 142 => warehouses [15, 16)
tpcc: worker id 143 => warehouses [16, 17)
20260909-06:48.32-887825(us) 2337566 * benchmark_thread_init (mbta_wrapper.hh:1811): thread_init: thread_id=6, shard_index=0, getShardIndex=0, loader=0
20260909-06:48.32-888005(us) 2337566 * benchmark_thread_init (mbta_wrapper.hh:1811): thread_init: thread_id=7, shard_index=0, getShardIndex=0, loader=0
20260909-06:48.32-888145(us) 2337566 * benchmark_thread_init (mbta_wrapper.hh:1811): thread_init: thread_id=8, shard_index=0, getShardIndex=0, loader=0
20260909-06:48.32-888218(us) 2337566 * benchmark_thread_init (mbta_wrapper.hh:1811): thread_init: thread_id=9, shard_index=0, getShardIndex=0, loader=0
20260909-06:48.32-888693(us) 2337566 * benchmark_thread_init (mbta_wrapper.hh:1811): thread_init: thread_id=10, shard_index=0, getShardIndex=0, loader=0
20260909-06:48.32-888849(us) 2337566 * benchmark_thread_init (mbta_wrapper.hh:1811): thread_init: thread_id=11, shard_index=0, getShardIndex=0, loader=0
20260909-06:48.32-889080(us) 2337566 * benchmark_thread_init (mbta_wrapper.hh:1811): thread_init: thread_id=12, shard_index=0, getShardIndex=0, loader=0
20260909-06:48.32-889477(us) 2337566 * ParseNewFormat  (configuration.cc:102): Using new configuration format
20260909-06:48.32-889553(us) 2337566 * ParseNewFormat  (configuration.cc:162): Loaded 1 sites in 1 shards
20260909-06:48.32-889677(us) 2337566 * benchmark_thread_init (mbta_wrapper.hh:1811): thread_init: thread_id=13, shard_index=0, getShardIndex=0, loader=0
20260909-06:48.32-890036(us) 2337566 * benchmark_thread_init (mbta_wrapper.hh:1811): thread_init: thread_id=14, shard_index=0, getShardIndex=0, loader=0
20260909-06:48.32-890118(us) 2337566 * benchmark_thread_init (mbta_wrapper.hh:1811): thread_init: thread_id=15, shard_index=0, getShardIndex=0, loader=0
20260909-06:48.32-890326(us) 2337566 * benchmark_thread_init (mbta_wrapper.hh:1811): thread_init: thread_id=16, shard_index=0, getShardIndex=0, loader=0
20260909-06:48.32-890462(us) 2337566 * ParseNewFormat  (configuration.cc:102): Using new configuration format
20260909-06:48.32-890519(us) 2337566 * ParseNewFormat  (configuration.cc:162): Loaded 1 sites in 1 shards
20260909-06:48.32-890549(us) 2337566 * benchmark_thread_init (mbta_wrapper.hh:1811): thread_init: thread_id=17, shard_index=0, getShardIndex=0, loader=0
20260909-06:48.32-890723(us) 2337566 * ParseNewFormat  (configuration.cc:102): Using new configuration format
20260909-06:48.32-890801(us) 2337566 * ParseNewFormat  (configuration.cc:162): Loaded 1 sites in 1 shards
20260909-06:48.32-890878(us) 2337566 * benchmark_thread_init (mbta_wrapper.hh:1811): thread_init: thread_id=18, shard_index=0, getShardIndex=0, loader=0
20260909-06:48.32-891351(us) 2337566 * benchmark_thread_init (mbta_wrapper.hh:1811): thread_init: thread_id=19, shard_index=0, getShardIndex=0, loader=0
20260909-06:48.32-891412(us) 2337566 * benchmark_thread_init (mbta_wrapper.hh:1811): thread_init: thread_id=20, shard_index=0, getShardIndex=0, loader=0
20260909-06:48.32-891481(us) 2337566 * benchmark_thread_init (mbta_wrapper.hh:1811): thread_init: thread_id=21, shard_index=0, getShardIndex=0, loader=0
20260909-06:48.32-891950(us) 2337566 * ParseNewFormat  (configuration.cc:102): Using new configuration format
20260909-06:48.32-892057(us) 2337566 * ParseNewFormat  (configuration.cc:162): Loaded 1 sites in 1 shards
20260909-06:48.32-892160(us) 2337566 * ParseNewFormat  (configuration.cc:102): Using new configuration format
20260909-06:48.32-892220(us) 2337566 * ParseNewFormat  (configuration.cc:102): Using new configuration format
20260909-06:48.32-892267(us) 2337566 * ParseNewFormat  (configuration.cc:102): Using new configuration format
20260909-06:48.32-892296(us) 2337566 * ParseNewFormat  (configuration.cc:162): Loaded 1 sites in 1 shards
20260909-06:48.32-892318(us) 2337566 * ParseNewFormat  (configuration.cc:162): Loaded 1 sites in 1 shards
20260909-06:48.32-892344(us) 2337566 * ParseNewFormat  (configuration.cc:102): Using new configuration format
20260909-06:48.32-892391(us) 2337566 * ParseNewFormat  (configuration.cc:162): Loaded 1 sites in 1 shards
20260909-06:48.32-892469(us) 2337566 * ParseNewFormat  (configuration.cc:102): Using new configuration format
20260909-06:48.32-892542(us) 2337566 * ParseNewFormat  (configuration.cc:102): Using new configuration format
20260909-06:48.32-892620(us) 2337566 * ParseNewFormat  (configuration.cc:162): Loaded 1 sites in 1 shards
20260909-06:48.32-892672(us) 2337566 * ParseNewFormat  (configuration.cc:102): Using new configuration format
20260909-06:48.32-892736(us) 2337566 * ParseNewFormat  (configuration.cc:102): Using new configuration format
20260909-06:48.32-892778(us) 2337566 * ParseNewFormat  (configuration.cc:162): Loaded 1 sites in 1 shards
20260909-06:48.32-892796(us) 2337566 * ParseNewFormat  (configuration.cc:162): Loaded 1 sites in 1 shards
20260909-06:48.32-892892(us) 2337566 * ParseNewFormat  (configuration.cc:102): Using new configuration format
20260909-06:48.32-892918(us) 2337566 * ParseNewFormat  (configuration.cc:102): Using new configuration format
20260909-06:48.32-892976(us) 2337566 * ParseNewFormat  (configuration.cc:102): Using new configuration format
20260909-06:48.32-893019(us) 2337566 * ParseNewFormat  (configuration.cc:102): Using new configuration format
20260909-06:48.32-893073(us) 2337566 * Initialize      (srpc_rpc_backend.cc:66): SrpcRpcBackend::Initialize: poll_thread_worker_ created, is_some=1
20260909-06:48.32-893106(us) 2337566 * Initialize      (srpc_rpc_backend.cc:66): SrpcRpcBackend::Initialize: poll_thread_worker_ created, is_some=1
20260909-06:48.32-893152(us) 2337566 * Initialize      (srpc_rpc_backend.cc:97): SrpcRpcBackend initialized on 127.0.0.1:31002 (listening on 0.0.0.0:31002)
20260909-06:48.32-893175(us) 2337566 * FastTransport   (fasttransport.cc:147): FastTransport initialized with srpc/rpc backend on 127.0.0.1:31002
20260909-06:48.32-893197(us) 2337566 * ParseNewFormat  (configuration.cc:162): Loaded 1 sites in 1 shards
20260909-06:48.32-893283(us) 2337566 * ParseNewFormat  (configuration.cc:162): Loaded 1 sites in 1 shards
20260909-06:48.32-893367(us) 2337566 * ParseNewFormat  (configuration.cc:162): Loaded 1 sites in 1 shards
20260909-06:48.32-893429(us) 2337566 * ParseNewFormat  (configuration.cc:102): Using new configuration format
20260909-06:48.32-893468(us) 2337566 * ParseNewFormat  (configuration.cc:102): Using new configuration format
20260909-06:48.32-893497(us) 2337566 * ParseNewFormat  (configuration.cc:162): Loaded 1 sites in 1 shards
20260909-06:48.32-893552(us) 2337566 * ParseNewFormat  (configuration.cc:162): Loaded 1 sites in 1 shards
20260909-06:48.32-893589(us) 2337566 * ParseNewFormat  (configuration.cc:102): Using new configuration format
20260909-06:48.32-893631(us) 2337566 * Initialize      (srpc_rpc_backend.cc:97): SrpcRpcBackend initialized on 127.0.0.1:31000 (listening on 0.0.0.0:31000)
20260909-06:48.32-893658(us) 2337566 * FastTransport   (fasttransport.cc:147): FastTransport initialized with srpc/rpc backend on 127.0.0.1:31000
20260909-06:48.32-893689(us) 2337566 * ParseNewFormat  (configuration.cc:162): Loaded 1 sites in 1 shards
20260909-06:48.32-893717(us) 2337566 * ParseNewFormat  (configuration.cc:162): Loaded 1 sites in 1 shards
20260909-06:48.32-893749(us) 2337566 * ParseNewFormat  (configuration.cc:162): Loaded 1 sites in 1 shards
20260909-06:48.32-893785(us) 2337566 * ParseNewFormat  (configuration.cc:162): Loaded 1 sites in 1 shards
20260909-06:48.32-893815(us) 2337566 * Initialize      (srpc_rpc_backend.cc:66): SrpcRpcBackend::Initialize: poll_thread_worker_ created, is_some=1
20260909-06:48.32-893946(us) 2337566 * Initialize      (srpc_rpc_backend.cc:97): SrpcRpcBackend initialized on 127.0.0.1:31001 (listening on 0.0.0.0:31001)
20260909-06:48.32-893970(us) 2337566 * FastTransport   (fasttransport.cc:147): FastTransport initialized with srpc/rpc backend on 127.0.0.1:31001
20260909-06:48.32-894003(us) 2337566 * Initialize      (srpc_rpc_backend.cc:66): SrpcRpcBackend::Initialize: poll_thread_worker_ created, is_some=1
20260909-06:48.32-894049(us) 2337566 * ParseNewFormat  (configuration.cc:102): Using new configuration format
20260909-06:48.32-894103(us) 2337566 * Initialize      (srpc_rpc_backend.cc:97): SrpcRpcBackend initialized on 127.0.0.1:31007 (listening on 0.0.0.0:31007)
20260909-06:48.32-894129(us) 2337566 * FastTransport   (fasttransport.cc:147): FastTransport initialized with srpc/rpc backend on 127.0.0.1:31007
20260909-06:48.32-894164(us) 2337566 * ParseNewFormat  (configuration.cc:162): Loaded 1 sites in 1 shards
20260909-06:48.32-894348(us) 2337566 * ParseNewFormat  (configuration.cc:102): Using new configuration format
20260909-06:48.32-894391(us) 2337566 * ParseNewFormat  (configuration.cc:162): Loaded 1 sites in 1 shards
20260909-06:48.32-894454(us) 2337566 * ParseNewFormat  (configuration.cc:102): Using new configuration format
20260909-06:48.32-894497(us) 2337566 * ParseNewFormat  (configuration.cc:162): Loaded 1 sites in 1 shards
20260909-06:48.32-894522(us) 2337566 * ParseNewFormat  (configuration.cc:102): Using new configuration format
20260909-06:48.32-894560(us) 2337566 * ParseNewFormat  (configuration.cc:162): Loaded 1 sites in 1 shards
20260909-06:48.32-894707(us) 2337566 * ParseNewFormat  (configuration.cc:102): Using new configuration format
20260909-06:48.32-894744(us) 2337566 * ParseNewFormat  (configuration.cc:162): Loaded 1 sites in 1 shards
20260909-06:48.32-894769(us) 2337566 * Initialize      (srpc_rpc_backend.cc:66): SrpcRpcBackend::Initialize: poll_thread_worker_ created, is_some=1
20260909-06:48.32-894797(us) 2337566 * ParseNewFormat  (configuration.cc:102): Using new configuration format
20260909-06:48.32-894841(us) 2337566 * ParseNewFormat  (configuration.cc:102): Using new configuration format
20260909-06:48.32-894875(us) 2337566 * ParseNewFormat  (configuration.cc:102): Using new configuration format
20260909-06:48.32-894923(us) 2337566 * Initialize      (srpc_rpc_backend.cc:66): SrpcRpcBackend::Initialize: poll_thread_worker_ created, is_some=1
20260909-06:48.32-894975(us) 2337566 * ParseNewFormat  (configuration.cc:162): Loaded 1 sites in 1 shards
20260909-06:48.32-895015(us) 2337566 * Initialize      (srpc_rpc_backend.cc:66): SrpcRpcBackend::Initialize: poll_thread_worker_ created, is_some=1
20260909-06:48.32-895048(us) 2337566 * ParseNewFormat  (configuration.cc:162): Loaded 1 sites in 1 shards
20260909-06:48.32-895077(us) 2337566 * ParseNewFormat  (configuration.cc:102): Using new configuration format
20260909-06:48.32-895117(us) 2337566 * ParseNewFormat  (configuration.cc:102): Using new configuration format
20260909-06:48.32-895170(us) 2337566 * ParseNewFormat  (configuration.cc:162): Loaded 1 sites in 1 shards
20260909-06:48.32-895208(us) 2337566 * Initialize      (srpc_rpc_backend.cc:97): SrpcRpcBackend initialized on 127.0.0.1:31004 (listening on 0.0.0.0:31004)
20260909-06:48.32-895235(us) 2337566 * FastTransport   (fasttransport.cc:147): FastTransport initialized with srpc/rpc backend on 127.0.0.1:31004
20260909-06:48.32-895261(us) 2337566 * Initialize      (srpc_rpc_backend.cc:97): SrpcRpcBackend initialized on 127.0.0.1:31012 (listening on 0.0.0.0:31012)
20260909-06:48.32-895284(us) 2337566 * FastTransport   (fasttransport.cc:147): FastTransport initialized with srpc/rpc backend on 127.0.0.1:31012
20260909-06:48.32-895310(us) 2337566 * ParseNewFormat  (configuration.cc:162): Loaded 1 sites in 1 shards
20260909-06:48.32-895343(us) 2337566 * Initialize      (srpc_rpc_backend.cc:97): SrpcRpcBackend initialized on 127.0.0.1:31006 (listening on 0.0.0.0:31006)
20260909-06:48.32-895376(us) 2337566 * FastTransport   (fasttransport.cc:147): FastTransport initialized with srpc/rpc backend on 127.0.0.1:31006
20260909-06:48.32-895404(us) 2337566 * ParseNewFormat  (configuration.cc:102): Using new configuration format
20260909-06:48.32-895454(us) 2337566 * Initialize      (srpc_rpc_backend.cc:66): SrpcRpcBackend::Initialize: poll_thread_worker_ created, is_some=1
20260909-06:48.32-895482(us) 2337566 * ParseNewFormat  (configuration.cc:102): Using new configuration format
20260909-06:48.32-895513(us) 2337566 * ParseNewFormat  (configuration.cc:162): Loaded 1 sites in 1 shards
20260909-06:48.32-895535(us) 2337566 * Initialize      (srpc_rpc_backend.cc:97): SrpcRpcBackend initialized on 127.0.0.1:31011 (listening on 0.0.0.0:31011)
20260909-06:48.32-895556(us) 2337566 * FastTransport   (fasttransport.cc:147): FastTransport initialized with srpc/rpc backend on 127.0.0.1:31011
20260909-06:48.32-895579(us) 2337566 * ParseNewFormat  (configuration.cc:162): Loaded 1 sites in 1 shards
20260909-06:48.32-895611(us) 2337566 * ParseNewFormat  (configuration.cc:162): Loaded 1 sites in 1 shards
20260909-06:48.32-896493(us) 2337566 * ParseNewFormat  (configuration.cc:102): Using new configuration format
20260909-06:48.32-896545(us) 2337566 * ParseNewFormat  (configuration.cc:102): Using new configuration format
20260909-06:48.32-896595(us) 2337566 * ParseNewFormat  (configuration.cc:162): Loaded 1 sites in 1 shards
20260909-06:48.32-896640(us) 2337566 * ParseNewFormat  (configuration.cc:162): Loaded 1 sites in 1 shards
20260909-06:48.32-897575(us) 2337566 * ParseNewFormat  (configuration.cc:102): Using new configuration format
20260909-06:48.32-897616(us) 2337566 * ParseNewFormat  (configuration.cc:162): Loaded 1 sites in 1 shards
20260909-06:48.32-897969(us) 2337566 * ParseNewFormat  (configuration.cc:102): Using new configuration format
20260909-06:48.32-898009(us) 2337566 * ParseNewFormat  (configuration.cc:162): Loaded 1 sites in 1 shards
20260909-06:48.32-898128(us) 2337566 * ParseNewFormat  (configuration.cc:102): Using new configuration format
20260909-06:48.32-898165(us) 2337566 * ParseNewFormat  (configuration.cc:162): Loaded 1 sites in 1 shards
20260909-06:48.32-898190(us) 2337566 * ParseNewFormat  (configuration.cc:102): Using new configuration format
20260909-06:48.32-898221(us) 2337566 * ParseNewFormat  (configuration.cc:102): Using new configuration format
20260909-06:48.32-898242(us) 2337566 * ParseNewFormat  (configuration.cc:162): Loaded 1 sites in 1 shards
20260909-06:48.32-898272(us) 2337566 * ParseNewFormat  (configuration.cc:162): Loaded 1 sites in 1 shards
20260909-06:48.32-912273(us) 2337566 * Initialize      (srpc_rpc_backend.cc:66): SrpcRpcBackend::Initialize: poll_thread_worker_ created, is_some=1
20260909-06:48.32-912365(us) 2337566 * Initialize      (srpc_rpc_backend.cc:66): SrpcRpcBackend::Initialize: poll_thread_worker_ created, is_some=1
20260909-06:48.32-912404(us) 2337566 * Initialize      (srpc_rpc_backend.cc:97): SrpcRpcBackend initialized on 127.0.0.1:31009 (listening on 0.0.0.0:31009)
20260909-06:48.32-912429(us) 2337566 * FastTransport   (fasttransport.cc:147): FastTransport initialized with srpc/rpc backend on 127.0.0.1:31009
20260909-06:48.32-912461(us) 2337566 * Initialize      (srpc_rpc_backend.cc:97): SrpcRpcBackend initialized on 127.0.0.1:31008 (listening on 0.0.0.0:31008)
20260909-06:48.32-912486(us) 2337566 * FastTransport   (fasttransport.cc:147): FastTransport initialized with srpc/rpc backend on 127.0.0.1:31008
20260909-06:48.32-912527(us) 2337566 * Initialize      (srpc_rpc_backend.cc:66): SrpcRpcBackend::Initialize: poll_thread_worker_ created, is_some=1
20260909-06:48.32-912595(us) 2337566 * Initialize      (srpc_rpc_backend.cc:97): SrpcRpcBackend initialized on 127.0.0.1:31013 (listening on 0.0.0.0:31013)
20260909-06:48.32-912617(us) 2337566 * FastTransport   (fasttransport.cc:147): FastTransport initialized with srpc/rpc backend on 127.0.0.1:31013
20260909-06:48.32-912645(us) 2337566 * Initialize      (srpc_rpc_backend.cc:66): SrpcRpcBackend::Initialize: poll_thread_worker_ created, is_some=1
20260909-06:48.32-912725(us) 2337566 * Initialize      (srpc_rpc_backend.cc:97): SrpcRpcBackend initialized on 127.0.0.1:31015 (listening on 0.0.0.0:31015)
20260909-06:48.32-912747(us) 2337566 * FastTransport   (fasttransport.cc:147): FastTransport initialized with srpc/rpc backend on 127.0.0.1:31015
20260909-06:48.32-912805(us) 2337566 * Initialize      (srpc_rpc_backend.cc:66): SrpcRpcBackend::Initialize: poll_thread_worker_ created, is_some=1
20260909-06:48.32-912913(us) 2337566 * Initialize      (srpc_rpc_backend.cc:97): SrpcRpcBackend initialized on 127.0.0.1:31014 (listening on 0.0.0.0:31014)
20260909-06:48.32-912940(us) 2337566 * FastTransport   (fasttransport.cc:147): FastTransport initialized with srpc/rpc backend on 127.0.0.1:31014
20260909-06:48.32-912962(us) 2337566 * Initialize      (srpc_rpc_backend.cc:66): SrpcRpcBackend::Initialize: poll_thread_worker_ created, is_some=1
20260909-06:48.32-913056(us) 2337566 * Initialize      (srpc_rpc_backend.cc:97): SrpcRpcBackend initialized on 127.0.0.1:31003 (listening on 0.0.0.0:31003)
20260909-06:48.32-913080(us) 2337566 * FastTransport   (fasttransport.cc:147): FastTransport initialized with srpc/rpc backend on 127.0.0.1:31003
20260909-06:48.32-913101(us) 2337566 * Initialize      (srpc_rpc_backend.cc:66): SrpcRpcBackend::Initialize: poll_thread_worker_ created, is_some=1
20260909-06:48.32-913167(us) 2337566 * Initialize      (srpc_rpc_backend.cc:97): SrpcRpcBackend initialized on 127.0.0.1:31010 (listening on 0.0.0.0:31010)
20260909-06:48.32-913184(us) 2337566 * FastTransport   (fasttransport.cc:147): FastTransport initialized with srpc/rpc backend on 127.0.0.1:31010
20260909-06:48.32-913201(us) 2337566 * ParseNewFormat  (configuration.cc:102): Using new configuration format
20260909-06:48.32-913240(us) 2337566 * Initialize      (srpc_rpc_backend.cc:66): SrpcRpcBackend::Initialize: poll_thread_worker_ created, is_some=1
20260909-06:48.32-913282(us) 2337566 * ParseNewFormat  (configuration.cc:162): Loaded 1 sites in 1 shards
20260909-06:48.32-913345(us) 2337566 * Initialize      (srpc_rpc_backend.cc:97): SrpcRpcBackend initialized on 127.0.0.1:31005 (listening on 0.0.0.0:31005)
20260909-06:48.32-913369(us) 2337566 * FastTransport   (fasttransport.cc:147): FastTransport initialized with srpc/rpc backend on 127.0.0.1:31005
20260909-06:48.32-913779(us) 2337566 * ParseNewFormat  (configuration.cc:102): Using new configuration format
20260909-06:48.32-913824(us) 2337566 * ParseNewFormat  (configuration.cc:162): Loaded 1 sites in 1 shards
20260909-06:48.32-913874(us) 2337566 * ParseNewFormat  (configuration.cc:102): Using new configuration format
20260909-06:48.32-913939(us) 2337566 * ParseNewFormat  (configuration.cc:162): Loaded 1 sites in 1 shards
20260909-06:48.32-914274(us) 2337566 * ParseNewFormat  (configuration.cc:102): Using new configuration format
20260909-06:48.32-914337(us) 2337566 * ParseNewFormat  (configuration.cc:162): Loaded 1 sites in 1 shards
20260909-06:48.32-914420(us) 2337566 * ParseNewFormat  (configuration.cc:102): Using new configuration format
20260909-06:48.32-914489(us) 2337566 * ParseNewFormat  (configuration.cc:162): Loaded 1 sites in 1 shards
20260909-06:48.32-914600(us) 2337566 * ParseNewFormat  (configuration.cc:102): Using new configuration format
20260909-06:48.32-914641(us) 2337566 * ParseNewFormat  (configuration.cc:162): Loaded 1 sites in 1 shards
20260909-06:48.32-915724(us) 2337566 * ParseNewFormat  (configuration.cc:102): Using new configuration format
20260909-06:48.32-915768(us) 2337566 * ParseNewFormat  (configuration.cc:162): Loaded 1 sites in 1 shards
20260909-06:48.32-915892(us) 2337566 * ParseNewFormat  (configuration.cc:102): Using new configuration format
20260909-06:48.32-915938(us) 2337566 * ParseNewFormat  (configuration.cc:162): Loaded 1 sites in 1 shards
20260909-06:48.32-916187(us) 2337566 * ParseNewFormat  (configuration.cc:102): Using new configuration format
20260909-06:48.32-916244(us) 2337566 * ParseNewFormat  (configuration.cc:162): Loaded 1 sites in 1 shards
20260909-06:48.32-916524(us) 2337566 * ParseNewFormat  (configuration.cc:102): Using new configuration format
20260909-06:48.32-916579(us) 2337566 * ParseNewFormat  (configuration.cc:162): Loaded 1 sites in 1 shards
20260909-06:48.32-917853(us) 2337566 ! run             (bench.cc:685):     TPCC_BENCH_MEASURE_START
20260909-06:48.32-917880(us) 2337566 ! run             (bench.cc:693):     start the running time, runTime:10
20260909-06:48.32-917894(us) 2337566 ! run             (bench.cc:705):     runtime time left:10000 ms, bool:1
20260909-06:48.33-927073(us) 2337566 ! run             (bench.cc:705):     runtime time left:9000 ms, bool:1
20260909-06:48.34-938922(us) 2337566 ! run             (bench.cc:705):     runtime time left:8000 ms, bool:1
20260909-06:48.35-944984(us) 2337566 ! run             (bench.cc:705):     runtime time left:7000 ms, bool:1
20260909-06:48.36-951185(us) 2337566 ! run             (bench.cc:705):     runtime time left:6000 ms, bool:1
20260909-06:48.37-958675(us) 2337566 ! run             (bench.cc:705):     runtime time left:5000 ms, bool:1
20260909-06:48.38-975273(us) 2337566 ! run             (bench.cc:705):     runtime time left:4000 ms, bool:1
20260909-06:48.39-985852(us) 2337566 ! run             (bench.cc:705):     runtime time left:3000 ms, bool:1
20260909-06:48.40-996467(us) 2337566 ! run             (bench.cc:705):     runtime time left:2000 ms, bool:1
20260909-06:48.42-5233(us) 2337566 ! run             (bench.cc:705):     runtime time left:1000 ms, bool:1
20260909-06:48.43-22576(us) 2337566 ! run             (bench.cc:718):     runtime_plus:0
[SHUTDOWN] Setting running=false to stop database worker threads
[SHUTDOWN] Calling first stop() to stop client transports
20260909-06:48.43-22647(us) 2337566 * PrintStats      (srpc_rpc_backend.cc:686): SrpcRpcBackend request stats: msg_size_req_sent: 0 bytes, counter: 0, avg: 0.000000
20260909-06:48.43-22719(us) 2337566 * PrintStats      (srpc_rpc_backend.cc:686): SrpcRpcBackend request stats: msg_size_req_sent: 0 bytes, counter: 0, avg: 0.000000
20260909-06:48.43-22789(us) 2337566 * PrintStats      (srpc_rpc_backend.cc:686): SrpcRpcBackend request stats: msg_size_req_sent: 0 bytes, counter: 0, avg: 0.000000
20260909-06:48.43-22894(us) 2337566 ! stop            (bench.cc:514):     stop all rpc clients. set stop=false
20260909-06:48.43-22915(us) 2337566 * Stop            (srpc_rpc_backend.cc:593): SrpcRpcBackend::Stop: BEGIN - Setting stop flag
20260909-06:48.43-22931(us) 2337566 * Stop            (srpc_rpc_backend.cc:596): SrpcRpcBackend::Stop: Waiting for event loop to exit...
20260909-06:48.43-22948(us) 2337566 * Stop            (srpc_rpc_backend.cc:612): SrpcRpcBackend::Stop: Event loop exited successfully
20260909-06:48.43-22963(us) 2337566 * Stop            (srpc_rpc_backend.cc:616): SrpcRpcBackend::Stop: Signaling 0 request queues to stop
20260909-06:48.43-22983(us) 2337566 * Stop            (srpc_rpc_backend.cc:624): SrpcRpcBackend::Stop: Signaling 0 response queues to stop
20260909-06:48.43-23000(us) 2337566 * Stop            (srpc_rpc_backend.cc:635): SrpcRpcBackend::Stop: Server cleanup deferred to destructor
20260909-06:48.43-23016(us) 2337566 * Stop            (srpc_rpc_backend.cc:638): SrpcRpcBackend::Stop: Closing client connections
20260909-06:48.43-23033(us) 2337566 * Stop            (srpc_rpc_backend.cc:642): SrpcRpcBackend::Stop: Found 0 client connections to close
20260909-06:48.43-23049(us) 2337566 * Stop            (srpc_rpc_backend.cc:662): SrpcRpcBackend::Stop: Closed 0 client connections
20260909-06:48.43-23064(us) 2337566 * PrintStats      (srpc_rpc_backend.cc:686): SrpcRpcBackend request stats: msg_size_req_sent: 0 bytes, counter: 0, avg: 0.000000
20260909-06:48.43-23135(us) 2337566 * PrintStats      (srpc_rpc_backend.cc:686): SrpcRpcBackend request stats: msg_size_req_sent: 0 bytes, counter: 0, avg: 0.000000
20260909-06:48.43-23181(us) 2337566 * PrintStats      (srpc_rpc_backend.cc:686): SrpcRpcBackend request stats: msg_size_req_sent: 0 bytes, counter: 0, avg: 0.000000
20260909-06:48.43-23229(us) 2337566 * PrintStats      (srpc_rpc_backend.cc:686): SrpcRpcBackend request stats: msg_size_req_sent: 0 bytes, counter: 0, avg: 0.000000
20260909-06:48.43-23278(us) 2337566 * PrintStats      (srpc_rpc_backend.cc:686): SrpcRpcBackend request stats: msg_size_req_sent: 0 bytes, counter: 0, avg: 0.000000
20260909-06:48.43-23306(us) 2337566 * PrintStats      (srpc_rpc_backend.cc:686): SrpcRpcBackend request stats: msg_size_req_sent: 0 bytes, counter: 0, avg: 0.000000
20260909-06:48.43-23353(us) 2337566 * PrintStats      (srpc_rpc_backend.cc:686): SrpcRpcBackend request stats: msg_size_req_sent: 0 bytes, counter: 0, avg: 0.000000
20260909-06:48.43-23398(us) 2337566 * PrintStats      (srpc_rpc_backend.cc:686): SrpcRpcBackend request stats: msg_size_req_sent: 0 bytes, counter: 0, avg: 0.000000
20260909-06:48.43-23428(us) 2337566 * PrintStats      (srpc_rpc_backend.cc:686): SrpcRpcBackend request stats: msg_size_req_sent: 0 bytes, counter: 0, avg: 0.000000
20260909-06:48.43-23476(us) 2337566 * PrintStats      (srpc_rpc_backend.cc:686): SrpcRpcBackend request stats: msg_size_req_sent: 0 bytes, counter: 0, avg: 0.000000
20260909-06:48.43-23524(us) 2337566 * PrintStats      (srpc_rpc_backend.cc:686): SrpcRpcBackend request stats: msg_size_req_sent: 0 bytes, counter: 0, avg: 0.000000
20260909-06:48.43-23569(us) 2337566 * Stop            (srpc_rpc_backend.cc:675): SrpcRpcBackend stats: msg_size_resp_sent: 0 bytes, counter: 0, avg: 0.000000
20260909-06:48.43-23613(us) 2337566 * Stop            (srpc_rpc_backend.cc:676): SrpcRpcBackend::Stop: END
20260909-06:48.43-23630(us) 2337566 * Stop            (srpc_rpc_backend.cc:593): SrpcRpcBackend::Stop: BEGIN - Setting stop flag
20260909-06:48.43-23644(us) 2337566 * Stop            (srpc_rpc_backend.cc:596): SrpcRpcBackend::Stop: Waiting for event loop to exit...
20260909-06:48.43-23659(us) 2337566 * Stop            (srpc_rpc_backend.cc:612): SrpcRpcBackend::Stop: Event loop exited successfully
20260909-06:48.43-23673(us) 2337566 * Stop            (srpc_rpc_backend.cc:616): SrpcRpcBackend::Stop: Signaling 0 request queues to stop
20260909-06:48.43-23687(us) 2337566 * Stop            (srpc_rpc_backend.cc:624): SrpcRpcBackend::Stop: Signaling 0 response queues to stop
20260909-06:48.43-23714(us) 2337566 * Stop            (srpc_rpc_backend.cc:635): SrpcRpcBackend::Stop: Server cleanup deferred to destructor
20260909-06:48.43-23728(us) 2337566 * Stop            (srpc_rpc_backend.cc:638): SrpcRpcBackend::Stop: Closing client connections
20260909-06:48.43-23748(us) 2337566 * Stop            (srpc_rpc_backend.cc:642): SrpcRpcBackend::Stop: Found 0 client connections to close
20260909-06:48.43-23762(us) 2337566 * Stop            (srpc_rpc_backend.cc:662): SrpcRpcBackend::Stop: Closed 0 client connections
20260909-06:48.43-23778(us) 2337566 * Stop            (srpc_rpc_backend.cc:675): SrpcRpcBackend stats: msg_size_resp_sent: 0 bytes, counter: 0, avg: 0.000000
20260909-06:48.43-23792(us) 2337566 * Stop            (srpc_rpc_backend.cc:676): SrpcRpcBackend::Stop: END
20260909-06:48.43-23811(us) 2337566 * Stop            (srpc_rpc_backend.cc:593): SrpcRpcBackend::Stop: BEGIN - Setting stop flag
20260909-06:48.43-23825(us) 2337566 * Stop            (srpc_rpc_backend.cc:596): SrpcRpcBackend::Stop: Waiting for event loop to exit...
20260909-06:48.43-23847(us) 2337566 * Stop            (srpc_rpc_backend.cc:612): SrpcRpcBackend::Stop: Event loop exited successfully
20260909-06:48.43-23861(us) 2337566 * Stop            (srpc_rpc_backend.cc:616): SrpcRpcBackend::Stop: Signaling 0 request queues to stop
20260909-06:48.43-23875(us) 2337566 * Stop            (srpc_rpc_backend.cc:624): SrpcRpcBackend::Stop: Signaling 0 response queues to stop
20260909-06:48.43-23889(us) 2337566 * Stop            (srpc_rpc_backend.cc:635): SrpcRpcBackend::Stop: Server cleanup deferred to destructor
20260909-06:48.43-23908(us) 2337566 * Stop            (srpc_rpc_backend.cc:638): SrpcRpcBackend::Stop: Closing client connections
20260909-06:48.43-23923(us) 2337566 * Stop            (srpc_rpc_backend.cc:642): SrpcRpcBackend::Stop: Found 0 client connections to close
20260909-06:48.43-23941(us) 2337566 * Stop            (srpc_rpc_backend.cc:662): SrpcRpcBackend::Stop: Closed 0 client connections
20260909-06:48.43-23955(us) 2337566 * Stop            (srpc_rpc_backend.cc:675): SrpcRpcBackend stats: msg_size_resp_sent: 0 bytes, counter: 0, avg: 0.000000
20260909-06:48.43-23971(us) 2337566 * Stop            (srpc_rpc_backend.cc:676): SrpcRpcBackend::Stop: END
20260909-06:48.43-23986(us) 2337566 * Stop            (srpc_rpc_backend.cc:593): SrpcRpcBackend::Stop: BEGIN - Setting stop flag
20260909-06:48.43-24003(us) 2337566 * PrintStats      (srpc_rpc_backend.cc:686): SrpcRpcBackend request stats: msg_size_req_sent: 0 bytes, counter: 0, avg: 0.000000
20260909-06:48.43-24048(us) 2337566 * Stop            (srpc_rpc_backend.cc:596): SrpcRpcBackend::Stop: Waiting for event loop to exit...
20260909-06:48.43-24068(us) 2337566 * Stop            (srpc_rpc_backend.cc:612): SrpcRpcBackend::Stop: Event loop exited successfully
20260909-06:48.43-24082(us) 2337566 * Stop            (srpc_rpc_backend.cc:616): SrpcRpcBackend::Stop: Signaling 0 request queues to stop
20260909-06:48.43-24096(us) 2337566 * Stop            (srpc_rpc_backend.cc:624): SrpcRpcBackend::Stop: Signaling 0 response queues to stop
20260909-06:48.43-24111(us) 2337566 * Stop            (srpc_rpc_backend.cc:635): SrpcRpcBackend::Stop: Server cleanup deferred to destructor
20260909-06:48.43-24125(us) 2337566 * Stop            (srpc_rpc_backend.cc:638): SrpcRpcBackend::Stop: Closing client connections
20260909-06:48.43-24143(us) 2337566 * Stop            (srpc_rpc_backend.cc:642): SrpcRpcBackend::Stop: Found 0 client connections to close
20260909-06:48.43-24157(us) 2337566 * Stop            (srpc_rpc_backend.cc:662): SrpcRpcBackend::Stop: Closed 0 client connections
20260909-06:48.43-24172(us) 2337566 * Stop            (srpc_rpc_backend.cc:675): SrpcRpcBackend stats: msg_size_resp_sent: 0 bytes, counter: 0, avg: 0.000000
20260909-06:48.43-24187(us) 2337566 * Stop            (srpc_rpc_backend.cc:676): SrpcRpcBackend::Stop: END
20260909-06:48.43-24206(us) 2337566 * Stop            (srpc_rpc_backend.cc:593): SrpcRpcBackend::Stop: BEGIN - Setting stop flag
20260909-06:48.43-24220(us) 2337566 * Stop            (srpc_rpc_backend.cc:596): SrpcRpcBackend::Stop: Waiting for event loop to exit...
20260909-06:48.43-24234(us) 2337566 * Stop            (srpc_rpc_backend.cc:612): SrpcRpcBackend::Stop: Event loop exited successfully
20260909-06:48.43-24252(us) 2337566 * Stop            (srpc_rpc_backend.cc:616): SrpcRpcBackend::Stop: Signaling 0 request queues to stop
20260909-06:48.43-24267(us) 2337566 * Stop            (srpc_rpc_backend.cc:624): SrpcRpcBackend::Stop: Signaling 0 response queues to stop
20260909-06:48.43-24282(us) 2337566 * Stop            (srpc_rpc_backend.cc:635): SrpcRpcBackend::Stop: Server cleanup deferred to destructor
20260909-06:48.43-24296(us) 2337566 * Stop            (srpc_rpc_backend.cc:638): SrpcRpcBackend::Stop: Closing client connections
20260909-06:48.43-24320(us) 2337566 * Stop            (srpc_rpc_backend.cc:642): SrpcRpcBackend::Stop: Found 0 client connections to close
20260909-06:48.43-24336(us) 2337566 * Stop            (srpc_rpc_backend.cc:662): SrpcRpcBackend::Stop: Closed 0 client connections
20260909-06:48.43-24350(us) 2337566 * Stop            (srpc_rpc_backend.cc:675): SrpcRpcBackend stats: msg_size_resp_sent: 0 bytes, counter: 0, avg: 0.000000
20260909-06:48.43-24365(us) 2337566 * Stop            (srpc_rpc_backend.cc:676): SrpcRpcBackend::Stop: END
20260909-06:48.43-24380(us) 2337566 * Stop            (srpc_rpc_backend.cc:593): SrpcRpcBackend::Stop: BEGIN - Setting stop flag
20260909-06:48.43-24398(us) 2337566 * Stop            (srpc_rpc_backend.cc:596): SrpcRpcBackend::Stop: Waiting for event loop to exit...
20260909-06:48.43-24412(us) 2337566 * Stop            (srpc_rpc_backend.cc:612): SrpcRpcBackend::Stop: Event loop exited successfully
20260909-06:48.43-24427(us) 2337566 * Stop            (srpc_rpc_backend.cc:616): SrpcRpcBackend::Stop: Signaling 0 request queues to stop
20260909-06:48.43-24441(us) 2337566 * Stop            (srpc_rpc_backend.cc:624): SrpcRpcBackend::Stop: Signaling 0 response queues to stop
20260909-06:48.43-24457(us) 2337566 * Stop            (srpc_rpc_backend.cc:635): SrpcRpcBackend::Stop: Server cleanup deferred to destructor
20260909-06:48.43-24471(us) 2337566 * Stop            (srpc_rpc_backend.cc:638): SrpcRpcBackend::Stop: Closing client connections
20260909-06:48.43-24485(us) 2337566 * Stop            (srpc_rpc_backend.cc:642): SrpcRpcBackend::Stop: Found 0 client connections to close
20260909-06:48.43-24500(us) 2337566 * Stop            (srpc_rpc_backend.cc:662): SrpcRpcBackend::Stop: Closed 0 client connections
20260909-06:48.43-24514(us) 2337566 * Stop            (srpc_rpc_backend.cc:675): SrpcRpcBackend stats: msg_size_resp_sent: 0 bytes, counter: 0, avg: 0.000000
20260909-06:48.43-24534(us) 2337566 * Stop            (srpc_rpc_backend.cc:676): SrpcRpcBackend::Stop: END
20260909-06:48.43-24549(us) 2337566 * Stop            (srpc_rpc_backend.cc:593): SrpcRpcBackend::Stop: BEGIN - Setting stop flag
20260909-06:48.43-24564(us) 2337566 * Stop            (srpc_rpc_backend.cc:596): SrpcRpcBackend::Stop: Waiting for event loop to exit...
20260909-06:48.43-24578(us) 2337566 * Stop            (srpc_rpc_backend.cc:612): SrpcRpcBackend::Stop: Event loop exited successfully
20260909-06:48.43-24597(us) 2337566 * Stop            (srpc_rpc_backend.cc:616): SrpcRpcBackend::Stop: Signaling 0 request queues to stop
20260909-06:48.43-24611(us) 2337566 * Stop            (srpc_rpc_backend.cc:624): SrpcRpcBackend::Stop: Signaling 0 response queues to stop
20260909-06:48.43-24626(us) 2337566 * Stop            (srpc_rpc_backend.cc:635): SrpcRpcBackend::Stop: Server cleanup deferred to destructor
20260909-06:48.43-24640(us) 2337566 * Stop            (srpc_rpc_backend.cc:638): SrpcRpcBackend::Stop: Closing client connections
20260909-06:48.43-24678(us) 2337566 * Stop            (srpc_rpc_backend.cc:642): SrpcRpcBackend::Stop: Found 0 client connections to close
20260909-06:48.43-24692(us) 2337566 * Stop            (srpc_rpc_backend.cc:662): SrpcRpcBackend::Stop: Closed 0 client connections
20260909-06:48.43-24706(us) 2337566 * Stop            (srpc_rpc_backend.cc:675): SrpcRpcBackend stats: msg_size_resp_sent: 0 bytes, counter: 0, avg: 0.000000
20260909-06:48.43-24722(us) 2337566 * Stop            (srpc_rpc_backend.cc:676): SrpcRpcBackend::Stop: END
20260909-06:48.43-24737(us) 2337566 * Stop            (srpc_rpc_backend.cc:593): SrpcRpcBackend::Stop: BEGIN - Setting stop flag
20260909-06:48.43-24758(us) 2337566 * Stop            (srpc_rpc_backend.cc:596): SrpcRpcBackend::Stop: Waiting for event loop to exit...
20260909-06:48.43-24772(us) 2337566 * Stop            (srpc_rpc_backend.cc:612): SrpcRpcBackend::Stop: Event loop exited successfully
20260909-06:48.43-24787(us) 2337566 * Stop            (srpc_rpc_backend.cc:616): SrpcRpcBackend::Stop: Signaling 0 request queues to stop
20260909-06:48.43-24801(us) 2337566 * Stop            (srpc_rpc_backend.cc:624): SrpcRpcBackend::Stop: Signaling 0 response queues to stop
20260909-06:48.43-24815(us) 2337566 * Stop            (srpc_rpc_backend.cc:635): SrpcRpcBackend::Stop: Server cleanup deferred to destructor
20260909-06:48.43-24835(us) 2337566 * Stop            (srpc_rpc_backend.cc:638): SrpcRpcBackend::Stop: Closing client connections
20260909-06:48.43-24850(us) 2337566 * Stop            (srpc_rpc_backend.cc:642): SrpcRpcBackend::Stop: Found 0 client connections to close
20260909-06:48.43-24865(us) 2337566 * Stop            (srpc_rpc_backend.cc:662): SrpcRpcBackend::Stop: Closed 0 client connections
20260909-06:48.43-24879(us) 2337566 * Stop            (srpc_rpc_backend.cc:675): SrpcRpcBackend stats: msg_size_resp_sent: 0 bytes, counter: 0, avg: 0.000000
20260909-06:48.43-24897(us) 2337566 * Stop            (srpc_rpc_backend.cc:676): SrpcRpcBackend::Stop: END
20260909-06:48.43-24912(us) 2337566 * Stop            (srpc_rpc_backend.cc:593): SrpcRpcBackend::Stop: BEGIN - Setting stop flag
20260909-06:48.43-24927(us) 2337566 * Stop            (srpc_rpc_backend.cc:596): SrpcRpcBackend::Stop: Waiting for event loop to exit...
20260909-06:48.43-24942(us) 2337566 * Stop            (srpc_rpc_backend.cc:612): SrpcRpcBackend::Stop: Event loop exited successfully
20260909-06:48.43-24961(us) 2337566 * Stop            (srpc_rpc_backend.cc:616): SrpcRpcBackend::Stop: Signaling 0 request queues to stop
20260909-06:48.43-24975(us) 2337566 * Stop            (srpc_rpc_backend.cc:624): SrpcRpcBackend::Stop: Signaling 0 response queues to stop
20260909-06:48.43-24993(us) 2337566 * Stop            (srpc_rpc_backend.cc:635): SrpcRpcBackend::Stop: Server cleanup deferred to destructor
20260909-06:48.43-25007(us) 2337566 * Stop            (srpc_rpc_backend.cc:638): SrpcRpcBackend::Stop: Closing client connections
20260909-06:48.43-25022(us) 2337566 * Stop            (srpc_rpc_backend.cc:642): SrpcRpcBackend::Stop: Found 0 client connections to close
20260909-06:48.43-25036(us) 2337566 * Stop            (srpc_rpc_backend.cc:662): SrpcRpcBackend::Stop: Closed 0 client connections
20260909-06:48.43-25055(us) 2337566 * Stop            (srpc_rpc_backend.cc:675): SrpcRpcBackend stats: msg_size_resp_sent: 0 bytes, counter: 0, avg: 0.000000
20260909-06:48.43-25070(us) 2337566 * Stop            (srpc_rpc_backend.cc:676): SrpcRpcBackend::Stop: END
20260909-06:48.43-25085(us) 2337566 * Stop            (srpc_rpc_backend.cc:593): SrpcRpcBackend::Stop: BEGIN - Setting stop flag
20260909-06:48.43-25103(us) 2337566 * Stop            (srpc_rpc_backend.cc:596): SrpcRpcBackend::Stop: Waiting for event loop to exit...
20260909-06:48.43-25117(us) 2337566 * Stop            (srpc_rpc_backend.cc:612): SrpcRpcBackend::Stop: Event loop exited successfully
20260909-06:48.43-25132(us) 2337566 * Stop            (srpc_rpc_backend.cc:616): SrpcRpcBackend::Stop: Signaling 0 request queues to stop
20260909-06:48.43-25146(us) 2337566 * Stop            (srpc_rpc_backend.cc:624): SrpcRpcBackend::Stop: Signaling 0 response queues to stop
20260909-06:48.43-25165(us) 2337566 * Stop            (srpc_rpc_backend.cc:635): SrpcRpcBackend::Stop: Server cleanup deferred to destructor
20260909-06:48.43-25179(us) 2337566 * Stop            (srpc_rpc_backend.cc:638): SrpcRpcBackend::Stop: Closing client connections
20260909-06:48.43-25194(us) 2337566 * Stop            (srpc_rpc_backend.cc:642): SrpcRpcBackend::Stop: Found 0 client connections to close
20260909-06:48.43-25208(us) 2337566 * Stop            (srpc_rpc_backend.cc:662): SrpcRpcBackend::Stop: Closed 0 client connections
20260909-06:48.43-25228(us) 2337566 * Stop            (srpc_rpc_backend.cc:675): SrpcRpcBackend stats: msg_size_resp_sent: 0 bytes, counter: 0, avg: 0.000000
20260909-06:48.43-25243(us) 2337566 * Stop            (srpc_rpc_backend.cc:676): SrpcRpcBackend::Stop: END
20260909-06:48.43-25259(us) 2337566 * Stop            (srpc_rpc_backend.cc:593): SrpcRpcBackend::Stop: BEGIN - Setting stop flag
20260909-06:48.43-25273(us) 2337566 * Stop            (srpc_rpc_backend.cc:596): SrpcRpcBackend::Stop: Waiting for event loop to exit...
20260909-06:48.43-25291(us) 2337566 * Stop            (srpc_rpc_backend.cc:612): SrpcRpcBackend::Stop: Event loop exited successfully
20260909-06:48.43-25305(us) 2337566 * Stop            (srpc_rpc_backend.cc:616): SrpcRpcBackend::Stop: Signaling 0 request queues to stop
20260909-06:48.43-25320(us) 2337566 * Stop            (srpc_rpc_backend.cc:624): SrpcRpcBackend::Stop: Signaling 0 response queues to stop
20260909-06:48.43-25335(us) 2337566 * Stop            (srpc_rpc_backend.cc:635): SrpcRpcBackend::Stop: Server cleanup deferred to destructor
20260909-06:48.43-25357(us) 2337566 * Stop            (srpc_rpc_backend.cc:638): SrpcRpcBackend::Stop: Closing client connections
20260909-06:48.43-25371(us) 2337566 * Stop            (srpc_rpc_backend.cc:642): SrpcRpcBackend::Stop: Found 0 client connections to close
20260909-06:48.43-25385(us) 2337566 * Stop            (srpc_rpc_backend.cc:662): SrpcRpcBackend::Stop: Closed 0 client connections
20260909-06:48.43-25401(us) 2337566 * Stop            (srpc_rpc_backend.cc:675): SrpcRpcBackend stats: msg_size_resp_sent: 0 bytes, counter: 0, avg: 0.000000
20260909-06:48.43-25416(us) 2337566 * Stop            (srpc_rpc_backend.cc:676): SrpcRpcBackend::Stop: END
20260909-06:48.43-25431(us) 2337566 * Stop            (srpc_rpc_backend.cc:593): SrpcRpcBackend::Stop: BEGIN - Setting stop flag
20260909-06:48.43-25446(us) 2337566 * Stop            (srpc_rpc_backend.cc:596): SrpcRpcBackend::Stop: Waiting for event loop to exit...
20260909-06:48.43-25460(us) 2337566 * Stop            (srpc_rpc_backend.cc:612): SrpcRpcBackend::Stop: Event loop exited successfully
20260909-06:48.43-25475(us) 2337566 * Stop            (srpc_rpc_backend.cc:616): SrpcRpcBackend::Stop: Signaling 0 request queues to stop
20260909-06:48.43-25489(us) 2337566 * Stop            (srpc_rpc_backend.cc:624): SrpcRpcBackend::Stop: Signaling 0 response queues to stop
20260909-06:48.43-25509(us) 2337566 * Stop            (srpc_rpc_backend.cc:635): SrpcRpcBackend::Stop: Server cleanup deferred to destructor
20260909-06:48.43-25523(us) 2337566 * Stop            (srpc_rpc_backend.cc:638): SrpcRpcBackend::Stop: Closing client connections
20260909-06:48.43-25538(us) 2337566 * Stop            (srpc_rpc_backend.cc:642): SrpcRpcBackend::Stop: Found 0 client connections to close
20260909-06:48.43-25552(us) 2337566 * Stop            (srpc_rpc_backend.cc:662): SrpcRpcBackend::Stop: Closed 0 client connections
20260909-06:48.43-25571(us) 2337566 * Stop            (srpc_rpc_backend.cc:675): SrpcRpcBackend stats: msg_size_resp_sent: 0 bytes, counter: 0, avg: 0.000000
20260909-06:48.43-25586(us) 2337566 * Stop            (srpc_rpc_backend.cc:676): SrpcRpcBackend::Stop: END
20260909-06:48.43-25601(us) 2337566 * Stop            (srpc_rpc_backend.cc:593): SrpcRpcBackend::Stop: BEGIN - Setting stop flag
20260909-06:48.43-25616(us) 2337566 * Stop            (srpc_rpc_backend.cc:596): SrpcRpcBackend::Stop: Waiting for event loop to exit...
20260909-06:48.43-25630(us) 2337566 * Stop            (srpc_rpc_backend.cc:612): SrpcRpcBackend::Stop: Event loop exited successfully
20260909-06:48.43-25650(us) 2337566 * Stop            (srpc_rpc_backend.cc:616): SrpcRpcBackend::Stop: Signaling 0 request queues to stop
20260909-06:48.43-25664(us) 2337566 * Stop            (srpc_rpc_backend.cc:624): SrpcRpcBackend::Stop: Signaling 0 response queues to stop
20260909-06:48.43-25679(us) 2337566 * Stop            (srpc_rpc_backend.cc:635): SrpcRpcBackend::Stop: Server cleanup deferred to destructor
20260909-06:48.43-25693(us) 2337566 * Stop            (srpc_rpc_backend.cc:638): SrpcRpcBackend::Stop: Closing client connections
20260909-06:48.43-25721(us) 2337566 * PrintStats      (srpc_rpc_backend.cc:686): SrpcRpcBackend request stats: msg_size_req_sent: 0 bytes, counter: 0, avg: 0.000000
20260909-06:48.43-25750(us) 2337566 * Stop            (srpc_rpc_backend.cc:642): SrpcRpcBackend::Stop: Found 0 client connections to close
20260909-06:48.43-25768(us) 2337566 * Stop            (srpc_rpc_backend.cc:662): SrpcRpcBackend::Stop: Closed 0 client connections
20260909-06:48.43-25781(us) 2337566 * Stop            (srpc_rpc_backend.cc:675): SrpcRpcBackend stats: msg_size_resp_sent: 0 bytes, counter: 0, avg: 0.000000
20260909-06:48.43-25799(us) 2337566 * Stop            (srpc_rpc_backend.cc:676): SrpcRpcBackend::Stop: END
20260909-06:48.43-25813(us) 2337566 * Stop            (srpc_rpc_backend.cc:593): SrpcRpcBackend::Stop: BEGIN - Setting stop flag
20260909-06:48.43-25827(us) 2337566 * Stop            (srpc_rpc_backend.cc:596): SrpcRpcBackend::Stop: Waiting for event loop to exit...
20260909-06:48.43-25846(us) 2337566 * Stop            (srpc_rpc_backend.cc:612): SrpcRpcBackend::Stop: Event loop exited successfully
20260909-06:48.43-25859(us) 2337566 * Stop            (srpc_rpc_backend.cc:616): SrpcRpcBackend::Stop: Signaling 0 request queues to stop
20260909-06:48.43-25872(us) 2337566 * Stop            (srpc_rpc_backend.cc:624): SrpcRpcBackend::Stop: Signaling 0 response queues to stop
20260909-06:48.43-25884(us) 2337566 * Stop            (srpc_rpc_backend.cc:635): SrpcRpcBackend::Stop: Server cleanup deferred to destructor
20260909-06:48.43-25897(us) 2337566 * Stop            (srpc_rpc_backend.cc:638): SrpcRpcBackend::Stop: Closing client connections
20260909-06:48.43-25910(us) 2337566 * Stop            (srpc_rpc_backend.cc:642): SrpcRpcBackend::Stop: Found 0 client connections to close
20260909-06:48.43-25923(us) 2337566 * Stop            (srpc_rpc_backend.cc:662): SrpcRpcBackend::Stop: Closed 0 client connections
20260909-06:48.43-25936(us) 2337566 * Stop            (srpc_rpc_backend.cc:675): SrpcRpcBackend stats: msg_size_resp_sent: 0 bytes, counter: 0, avg: 0.000000
20260909-06:48.43-25949(us) 2337566 * Stop            (srpc_rpc_backend.cc:676): SrpcRpcBackend::Stop: END
20260909-06:48.43-25963(us) 2337566 * Stop            (srpc_rpc_backend.cc:593): SrpcRpcBackend::Stop: BEGIN - Setting stop flag
20260909-06:48.43-25975(us) 2337566 * Stop            (srpc_rpc_backend.cc:596): SrpcRpcBackend::Stop: Waiting for event loop to exit...
20260909-06:48.43-25988(us) 2337566 * Stop            (srpc_rpc_backend.cc:612): SrpcRpcBackend::Stop: Event loop exited successfully
20260909-06:48.43-26000(us) 2337566 * Stop            (srpc_rpc_backend.cc:616): SrpcRpcBackend::Stop: Signaling 0 request queues to stop
20260909-06:48.43-26013(us) 2337566 * Stop            (srpc_rpc_backend.cc:624): SrpcRpcBackend::Stop: Signaling 0 response queues to stop
20260909-06:48.43-26026(us) 2337566 * Stop            (srpc_rpc_backend.cc:635): SrpcRpcBackend::Stop: Server cleanup deferred to destructor
20260909-06:48.43-26039(us) 2337566 * Stop            (srpc_rpc_backend.cc:638): SrpcRpcBackend::Stop: Closing client connections
20260909-06:48.43-26051(us) 2337566 * Stop            (srpc_rpc_backend.cc:642): SrpcRpcBackend::Stop: Found 0 client connections to close
20260909-06:48.43-26070(us) 2337566 * Stop            (srpc_rpc_backend.cc:662): SrpcRpcBackend::Stop: Closed 0 client connections
20260909-06:48.43-26083(us) 2337566 * Stop            (srpc_rpc_backend.cc:675): SrpcRpcBackend stats: msg_size_resp_sent: 0 bytes, counter: 0, avg: 0.000000
20260909-06:48.43-26096(us) 2337566 * Stop            (srpc_rpc_backend.cc:676): SrpcRpcBackend::Stop: END
20260909-06:48.43-26113(us) 2337566 * Stop            (srpc_rpc_backend.cc:593): SrpcRpcBackend::Stop: BEGIN - Setting stop flag
20260909-06:48.43-26126(us) 2337566 * Stop            (srpc_rpc_backend.cc:596): SrpcRpcBackend::Stop: Waiting for event loop to exit...
20260909-06:48.43-26144(us) 2337566 * Stop            (srpc_rpc_backend.cc:612): SrpcRpcBackend::Stop: Event loop exited successfully
20260909-06:48.43-26156(us) 2337566 * Stop            (srpc_rpc_backend.cc:616): SrpcRpcBackend::Stop: Signaling 0 request queues to stop
20260909-06:48.43-26175(us) 2337566 * Stop            (srpc_rpc_backend.cc:624): SrpcRpcBackend::Stop: Signaling 0 response queues to stop
20260909-06:48.43-26187(us) 2337566 * Stop            (srpc_rpc_backend.cc:635): SrpcRpcBackend::Stop: Server cleanup deferred to destructor
20260909-06:48.43-26200(us) 2337566 * Stop            (srpc_rpc_backend.cc:638): SrpcRpcBackend::Stop: Closing client connections
20260909-06:48.43-26213(us) 2337566 * Stop            (srpc_rpc_backend.cc:642): SrpcRpcBackend::Stop: Found 0 client connections to close
20260909-06:48.43-26225(us) 2337566 * Stop            (srpc_rpc_backend.cc:662): SrpcRpcBackend::Stop: Closed 0 client connections
20260909-06:48.43-26238(us) 2337566 * Stop            (srpc_rpc_backend.cc:675): SrpcRpcBackend stats: msg_size_resp_sent: 0 bytes, counter: 0, avg: 0.000000
20260909-06:48.43-26251(us) 2337566 * Stop            (srpc_rpc_backend.cc:676): SrpcRpcBackend::Stop: END
[SHUTDOWN] First stop() completed
[SHUTDOWN] Joining 16 worker threads
[SHUTDOWN] Joining worker 0
20260909-06:48.44-28962(us) 2337566 * Stop            (srpc_rpc_backend.cc:589): SrpcRpcBackend::Stop: Already stopped, returning
20260909-06:48.44-29018(us) 2337566 * Shutdown        (srpc_rpc_backend.cc:112): SrpcRpcBackend::Shutdown: About to delete server
20260909-06:48.44-29035(us) 2337566 * Shutdown        (srpc_rpc_backend.cc:116): SrpcRpcBackend::Shutdown: Server pointer is valid, deleting...
20260909-06:48.44-29064(us) 2337566 * Shutdown        (srpc_rpc_backend.cc:120): SrpcRpcBackend::Shutdown: Server deleted successfully
20260909-06:48.44-29078(us) 2337566 * Shutdown        (srpc_rpc_backend.cc:132): SrpcRpcBackend::Shutdown: About to shutdown poll_thread_worker_
20260909-06:48.44-29092(us) 2337566 * Shutdown        (srpc_rpc_backend.cc:136): SrpcRpcBackend::Shutdown: poll_thread_worker_ is valid, calling shutdown()
20260909-06:48.44-30400(us) 2337566 * Shutdown        (srpc_rpc_backend.cc:138): SrpcRpcBackend::Shutdown: poll_thread_worker_->shutdown() completed
20260909-06:48.44-30440(us) 2337566 * Shutdown        (srpc_rpc_backend.cc:140): SrpcRpcBackend::Shutdown: poll_thread_worker_ reset to None
20260909-06:48.44-30465(us) 2337566 * Shutdown        (srpc_rpc_backend.cc:145): SrpcRpcBackend::Shutdown: Shutdown sequence completed, destructor will now exit
20260909-06:48.44-30480(us) 2337566 * ~SrpcRpcBackend (srpc_rpc_backend.cc:52): SrpcRpcBackend::~SrpcRpcBackend: START destructor
20260909-06:48.44-30494(us) 2337566 * Stop            (srpc_rpc_backend.cc:589): SrpcRpcBackend::Stop: Already stopped, returning
20260909-06:48.44-30508(us) 2337566 * Shutdown        (srpc_rpc_backend.cc:112): SrpcRpcBackend::Shutdown: About to delete server
20260909-06:48.44-30523(us) 2337566 * Shutdown        (srpc_rpc_backend.cc:129): SrpcRpcBackend::Shutdown: Server pointer is null, skipping deletion
20260909-06:48.44-30537(us) 2337566 * Shutdown        (srpc_rpc_backend.cc:132): SrpcRpcBackend::Shutdown: About to shutdown poll_thread_worker_
20260909-06:48.44-30551(us) 2337566 * Shutdown        (srpc_rpc_backend.cc:142): SrpcRpcBackend::Shutdown: poll_thread_worker_ is null, skipping shutdown
20260909-06:48.44-30566(us) 2337566 * Shutdown        (srpc_rpc_backend.cc:145): SrpcRpcBackend::Shutdown: Shutdown sequence completed, destructor will now exit
20260909-06:48.44-30581(us) 2337566 * ~SrpcRpcBackend (srpc_rpc_backend.cc:54): SrpcRpcBackend::~SrpcRpcBackend: Shutdown() completed
20260909-06:48.44-34991(us) 2337566 * Stop            (srpc_rpc_backend.cc:589): SrpcRpcBackend::Stop: Already stopped, returning
20260909-06:48.44-35044(us) 2337566 * Shutdown        (srpc_rpc_backend.cc:112): SrpcRpcBackend::Shutdown: About to delete server
20260909-06:48.44-35061(us) 2337566 * Shutdown        (srpc_rpc_backend.cc:116): SrpcRpcBackend::Shutdown: Server pointer is valid, deleting...
20260909-06:48.44-35083(us) 2337566 * Shutdown        (srpc_rpc_backend.cc:120): SrpcRpcBackend::Shutdown: Server deleted successfully
20260909-06:48.44-35098(us) 2337566 * Shutdown        (srpc_rpc_backend.cc:132): SrpcRpcBackend::Shutdown: About to shutdown poll_thread_worker_
20260909-06:48.44-35112(us) 2337566 * Shutdown        (srpc_rpc_backend.cc:136): SrpcRpcBackend::Shutdown: poll_thread_worker_ is valid, calling shutdown()
20260909-06:48.44-35914(us) 2337566 * Stop            (srpc_rpc_backend.cc:589): SrpcRpcBackend::Stop: Already stopped, returning
20260909-06:48.44-35966(us) 2337566 * Shutdown        (srpc_rpc_backend.cc:112): SrpcRpcBackend::Shutdown: About to delete server
20260909-06:48.44-35992(us) 2337566 * Shutdown        (srpc_rpc_backend.cc:116): SrpcRpcBackend::Shutdown: Server pointer is valid, deleting...
20260909-06:48.44-36026(us) 2337566 * Shutdown        (srpc_rpc_backend.cc:120): SrpcRpcBackend::Shutdown: Server deleted successfully
20260909-06:48.44-36052(us) 2337566 * Shutdown        (srpc_rpc_backend.cc:132): SrpcRpcBackend::Shutdown: About to shutdown poll_thread_worker_
20260909-06:48.44-36089(us) 2337566 * Shutdown        (srpc_rpc_backend.cc:136): SrpcRpcBackend::Shutdown: poll_thread_worker_ is valid, calling shutdown()
20260909-06:48.44-36130(us) 2337566 * Shutdown        (srpc_rpc_backend.cc:138): SrpcRpcBackend::Shutdown: poll_thread_worker_->shutdown() completed
20260909-06:48.44-36240(us) 2337566 * Shutdown        (srpc_rpc_backend.cc:140): SrpcRpcBackend::Shutdown: poll_thread_worker_ reset to None
20260909-06:48.44-36258(us) 2337566 * Shutdown        (srpc_rpc_backend.cc:145): SrpcRpcBackend::Shutdown: Shutdown sequence completed, destructor will now exit
20260909-06:48.44-36273(us) 2337566 * ~SrpcRpcBackend (srpc_rpc_backend.cc:52): SrpcRpcBackend::~SrpcRpcBackend: START destructor
20260909-06:48.44-36288(us) 2337566 * Stop            (srpc_rpc_backend.cc:589): SrpcRpcBackend::Stop: Already stopped, returning
20260909-06:48.44-36302(us) 2337566 * Shutdown        (srpc_rpc_backend.cc:112): SrpcRpcBackend::Shutdown: About to delete server
20260909-06:48.44-36316(us) 2337566 * Shutdown        (srpc_rpc_backend.cc:129): SrpcRpcBackend::Shutdown: Server pointer is null, skipping deletion
20260909-06:48.44-36331(us) 2337566 * Shutdown        (srpc_rpc_backend.cc:132): SrpcRpcBackend::Shutdown: About to shutdown poll_thread_worker_
20260909-06:48.44-36345(us) 2337566 * Shutdown        (srpc_rpc_backend.cc:142): SrpcRpcBackend::Shutdown: poll_thread_worker_ is null, skipping shutdown
20260909-06:48.44-36365(us) 2337566 * Shutdown        (srpc_rpc_backend.cc:145): SrpcRpcBackend::Shutdown: Shutdown sequence completed, destructor will now exit
20260909-06:48.44-36402(us) 2337566 * ~SrpcRpcBackend (srpc_rpc_backend.cc:54): SrpcRpcBackend::~SrpcRpcBackend: Shutdown() completed
20260909-06:48.44-36429(us) 2337566 * Stop            (srpc_rpc_backend.cc:589): SrpcRpcBackend::Stop: Already stopped, returning
20260909-06:48.44-36503(us) 2337566 * Shutdown        (srpc_rpc_backend.cc:112): SrpcRpcBackend::Shutdown: About to delete server
20260909-06:48.44-36532(us) 2337566 * Shutdown        (srpc_rpc_backend.cc:116): SrpcRpcBackend::Shutdown: Server pointer is valid, deleting...
20260909-06:48.44-36566(us) 2337566 * Shutdown        (srpc_rpc_backend.cc:120): SrpcRpcBackend::Shutdown: Server deleted successfully
20260909-06:48.44-36589(us) 2337566 * Shutdown        (srpc_rpc_backend.cc:132): SrpcRpcBackend::Shutdown: About to shutdown poll_thread_worker_
20260909-06:48.44-36614(us) 2337566 * Shutdown        (srpc_rpc_backend.cc:136): SrpcRpcBackend::Shutdown: poll_thread_worker_ is valid, calling shutdown()
20260909-06:48.44-36789(us) 2337566 * Stop            (srpc_rpc_backend.cc:589): SrpcRpcBackend::Stop: Already stopped, returning
20260909-06:48.44-36855(us) 2337566 * Shutdown        (srpc_rpc_backend.cc:112): SrpcRpcBackend::Shutdown: About to delete server
20260909-06:48.44-36887(us) 2337566 * Shutdown        (srpc_rpc_backend.cc:116): SrpcRpcBackend::Shutdown: Server pointer is valid, deleting...
20260909-06:48.44-36934(us) 2337566 * Shutdown        (srpc_rpc_backend.cc:120): SrpcRpcBackend::Shutdown: Server deleted successfully
20260909-06:48.44-36968(us) 2337566 * Shutdown        (srpc_rpc_backend.cc:132): SrpcRpcBackend::Shutdown: About to shutdown poll_thread_worker_
20260909-06:48.44-37006(us) 2337566 * Shutdown        (srpc_rpc_backend.cc:136): SrpcRpcBackend::Shutdown: poll_thread_worker_ is valid, calling shutdown()
20260909-06:48.44-37046(us) 2337566 * Shutdown        (srpc_rpc_backend.cc:138): SrpcRpcBackend::Shutdown: poll_thread_worker_->shutdown() completed
20260909-06:48.44-37123(us) 2337566 * Shutdown        (srpc_rpc_backend.cc:140): SrpcRpcBackend::Shutdown: poll_thread_worker_ reset to None
20260909-06:48.44-37143(us) 2337566 * Shutdown        (srpc_rpc_backend.cc:145): SrpcRpcBackend::Shutdown: Shutdown sequence completed, destructor will now exit
20260909-06:48.44-37162(us) 2337566 * ~SrpcRpcBackend (srpc_rpc_backend.cc:52): SrpcRpcBackend::~SrpcRpcBackend: START destructor
20260909-06:48.44-37185(us) 2337566 * Stop            (srpc_rpc_backend.cc:589): SrpcRpcBackend::Stop: Already stopped, returning
20260909-06:48.44-37209(us) 2337566 * Shutdown        (srpc_rpc_backend.cc:112): SrpcRpcBackend::Shutdown: About to delete server
20260909-06:48.44-37232(us) 2337566 * Shutdown        (srpc_rpc_backend.cc:129): SrpcRpcBackend::Shutdown: Server pointer is null, skipping deletion
20260909-06:48.44-37256(us) 2337566 * Shutdown        (srpc_rpc_backend.cc:132): SrpcRpcBackend::Shutdown: About to shutdown poll_thread_worker_
20260909-06:48.44-37277(us) 2337566 * Shutdown        (srpc_rpc_backend.cc:142): SrpcRpcBackend::Shutdown: poll_thread_worker_ is null, skipping shutdown
20260909-06:48.44-37299(us) 2337566 * Shutdown        (srpc_rpc_backend.cc:145): SrpcRpcBackend::Shutdown: Shutdown sequence completed, destructor will now exit
20260909-06:48.44-37324(us) 2337566 * ~SrpcRpcBackend (srpc_rpc_backend.cc:54): SrpcRpcBackend::~SrpcRpcBackend: Shutdown() completed
20260909-06:48.44-37368(us) 2337566 * Stop            (srpc_rpc_backend.cc:589): SrpcRpcBackend::Stop: Already stopped, returning
20260909-06:48.44-37403(us) 2337566 * Shutdown        (srpc_rpc_backend.cc:112): SrpcRpcBackend::Shutdown: About to delete server
20260909-06:48.44-37423(us) 2337566 * Shutdown        (srpc_rpc_backend.cc:116): SrpcRpcBackend::Shutdown: Server pointer is valid, deleting...
20260909-06:48.44-37446(us) 2337566 * Shutdown        (srpc_rpc_backend.cc:120): SrpcRpcBackend::Shutdown: Server deleted successfully
20260909-06:48.44-37464(us) 2337566 * Shutdown        (srpc_rpc_backend.cc:132): SrpcRpcBackend::Shutdown: About to shutdown poll_thread_worker_
20260909-06:48.44-37483(us) 2337566 * Shutdown        (srpc_rpc_backend.cc:136): SrpcRpcBackend::Shutdown: poll_thread_worker_ is valid, calling shutdown()
20260909-06:48.44-37523(us) 2337566 * Shutdown        (srpc_rpc_backend.cc:138): SrpcRpcBackend::Shutdown: poll_thread_worker_->shutdown() completed
20260909-06:48.44-37586(us) 2337566 * Shutdown        (srpc_rpc_backend.cc:140): SrpcRpcBackend::Shutdown: poll_thread_worker_ reset to None
20260909-06:48.44-37615(us) 2337566 * Shutdown        (srpc_rpc_backend.cc:145): SrpcRpcBackend::Shutdown: Shutdown sequence completed, destructor will now exit
20260909-06:48.44-37638(us) 2337566 * ~SrpcRpcBackend (srpc_rpc_backend.cc:52): SrpcRpcBackend::~SrpcRpcBackend: START destructor
20260909-06:48.44-37665(us) 2337566 * Stop            (srpc_rpc_backend.cc:589): SrpcRpcBackend::Stop: Already stopped, returning
20260909-06:48.44-37692(us) 2337566 * Shutdown        (srpc_rpc_backend.cc:112): SrpcRpcBackend::Shutdown: About to delete server
20260909-06:48.44-37719(us) 2337566 * Shutdown        (srpc_rpc_backend.cc:129): SrpcRpcBackend::Shutdown: Server pointer is null, skipping deletion
20260909-06:48.44-37747(us) 2337566 * Shutdown        (srpc_rpc_backend.cc:132): SrpcRpcBackend::Shutdown: About to shutdown poll_thread_worker_
20260909-06:48.44-37772(us) 2337566 * Shutdown        (srpc_rpc_backend.cc:142): SrpcRpcBackend::Shutdown: poll_thread_worker_ is null, skipping shutdown
20260909-06:48.44-37795(us) 2337566 * Shutdown        (srpc_rpc_backend.cc:145): SrpcRpcBackend::Shutdown: Shutdown sequence completed, destructor will now exit
20260909-06:48.44-37825(us) 2337566 * ~SrpcRpcBackend (srpc_rpc_backend.cc:54): SrpcRpcBackend::~SrpcRpcBackend: Shutdown() completed
20260909-06:48.44-40326(us) 2337566 * Shutdown        (srpc_rpc_backend.cc:138): SrpcRpcBackend::Shutdown: poll_thread_worker_->shutdown() completed
20260909-06:48.44-40380(us) 2337566 * Shutdown        (srpc_rpc_backend.cc:138): SrpcRpcBackend::Shutdown: poll_thread_worker_->shutdown() completed
20260909-06:48.44-40480(us) 2337566 * Shutdown        (srpc_rpc_backend.cc:140): SrpcRpcBackend::Shutdown: poll_thread_worker_ reset to None
20260909-06:48.44-40508(us) 2337566 * Shutdown        (srpc_rpc_backend.cc:145): SrpcRpcBackend::Shutdown: Shutdown sequence completed, destructor will now exit
20260909-06:48.44-40527(us) 2337566 * ~SrpcRpcBackend (srpc_rpc_backend.cc:52): SrpcRpcBackend::~SrpcRpcBackend: START destructor
20260909-06:48.44-40556(us) 2337566 * Stop            (srpc_rpc_backend.cc:589): SrpcRpcBackend::Stop: Already stopped, returning
20260909-06:48.44-40575(us) 2337566 * Shutdown        (srpc_rpc_backend.cc:112): SrpcRpcBackend::Shutdown: About to delete server
20260909-06:48.44-40597(us) 2337566 * Shutdown        (srpc_rpc_backend.cc:129): SrpcRpcBackend::Shutdown: Server pointer is null, skipping deletion
20260909-06:48.44-40615(us) 2337566 * Shutdown        (srpc_rpc_backend.cc:132): SrpcRpcBackend::Shutdown: About to shutdown poll_thread_worker_
20260909-06:48.44-40636(us) 2337566 * Shutdown        (srpc_rpc_backend.cc:142): SrpcRpcBackend::Shutdown: poll_thread_worker_ is null, skipping shutdown
20260909-06:48.44-40655(us) 2337566 * Shutdown        (srpc_rpc_backend.cc:145): SrpcRpcBackend::Shutdown: Shutdown sequence completed, destructor will now exit
20260909-06:48.44-40675(us) 2337566 * ~SrpcRpcBackend (srpc_rpc_backend.cc:54): SrpcRpcBackend::~SrpcRpcBackend: Shutdown() completed
20260909-06:48.44-40709(us) 2337566 * Shutdown        (srpc_rpc_backend.cc:140): SrpcRpcBackend::Shutdown: poll_thread_worker_ reset to None
20260909-06:48.44-40754(us) 2337566 * Shutdown        (srpc_rpc_backend.cc:145): SrpcRpcBackend::Shutdown: Shutdown sequence completed, destructor will now exit
20260909-06:48.44-40787(us) 2337566 * ~SrpcRpcBackend (srpc_rpc_backend.cc:52): SrpcRpcBackend::~SrpcRpcBackend: START destructor
20260909-06:48.44-40822(us) 2337566 * Stop            (srpc_rpc_backend.cc:589): SrpcRpcBackend::Stop: Already stopped, returning
20260909-06:48.44-40875(us) 2337566 * Shutdown        (srpc_rpc_backend.cc:112): SrpcRpcBackend::Shutdown: About to delete server
20260909-06:48.44-40912(us) 2337566 * Shutdown        (srpc_rpc_backend.cc:129): SrpcRpcBackend::Shutdown: Server pointer is null, skipping deletion
20260909-06:48.44-40951(us) 2337566 * Shutdown        (srpc_rpc_backend.cc:132): SrpcRpcBackend::Shutdown: About to shutdown poll_thread_worker_
20260909-06:48.44-41033(us) 2337566 * Shutdown        (srpc_rpc_backend.cc:142): SrpcRpcBackend::Shutdown: poll_thread_worker_ is null, skipping shutdown
20260909-06:48.44-41072(us) 2337566 * Shutdown        (srpc_rpc_backend.cc:145): SrpcRpcBackend::Shutdown: Shutdown sequence completed, destructor will now exit
20260909-06:48.44-41109(us) 2337566 * ~SrpcRpcBackend (srpc_rpc_backend.cc:54): SrpcRpcBackend::~SrpcRpcBackend: Shutdown() completed
20260909-06:48.44-42188(us) 2337566 * Stop            (srpc_rpc_backend.cc:589): SrpcRpcBackend::Stop: Already stopped, returning
20260909-06:48.44-42218(us) 2337566 * Shutdown        (srpc_rpc_backend.cc:112): SrpcRpcBackend::Shutdown: About to delete server
20260909-06:48.44-42234(us) 2337566 * Shutdown        (srpc_rpc_backend.cc:116): SrpcRpcBackend::Shutdown: Server pointer is valid, deleting...
20260909-06:48.44-42253(us) 2337566 * Shutdown        (srpc_rpc_backend.cc:120): SrpcRpcBackend::Shutdown: Server deleted successfully
20260909-06:48.44-42276(us) 2337566 * Shutdown        (srpc_rpc_backend.cc:132): SrpcRpcBackend::Shutdown: About to shutdown poll_thread_worker_
20260909-06:48.44-42291(us) 2337566 * Shutdown        (srpc_rpc_backend.cc:136): SrpcRpcBackend::Shutdown: poll_thread_worker_ is valid, calling shutdown()
20260909-06:48.44-43291(us) 2337566 * Shutdown        (srpc_rpc_backend.cc:138): SrpcRpcBackend::Shutdown: poll_thread_worker_->shutdown() completed
20260909-06:48.44-43323(us) 2337566 * Shutdown        (srpc_rpc_backend.cc:140): SrpcRpcBackend::Shutdown: poll_thread_worker_ reset to None
20260909-06:48.44-43337(us) 2337566 * Shutdown        (srpc_rpc_backend.cc:145): SrpcRpcBackend::Shutdown: Shutdown sequence completed, destructor will now exit
20260909-06:48.44-43352(us) 2337566 * ~SrpcRpcBackend (srpc_rpc_backend.cc:52): SrpcRpcBackend::~SrpcRpcBackend: START destructor
20260909-06:48.44-43367(us) 2337566 * Stop            (srpc_rpc_backend.cc:589): SrpcRpcBackend::Stop: Already stopped, returning
20260909-06:48.44-43382(us) 2337566 * Shutdown        (srpc_rpc_backend.cc:112): SrpcRpcBackend::Shutdown: About to delete server
20260909-06:48.44-43396(us) 2337566 * Shutdown        (srpc_rpc_backend.cc:129): SrpcRpcBackend::Shutdown: Server pointer is null, skipping deletion
20260909-06:48.44-43417(us) 2337566 * Shutdown        (srpc_rpc_backend.cc:132): SrpcRpcBackend::Shutdown: About to shutdown poll_thread_worker_
20260909-06:48.44-43431(us) 2337566 * Shutdown        (srpc_rpc_backend.cc:142): SrpcRpcBackend::Shutdown: poll_thread_worker_ is null, skipping shutdown
20260909-06:48.44-43445(us) 2337566 * Shutdown        (srpc_rpc_backend.cc:145): SrpcRpcBackend::Shutdown: Shutdown sequence completed, destructor will now exit
20260909-06:48.44-43460(us) 2337566 * ~SrpcRpcBackend (srpc_rpc_backend.cc:54): SrpcRpcBackend::~SrpcRpcBackend: Shutdown() completed
20260909-06:48.44-43847(us) 2337566 * Stop            (srpc_rpc_backend.cc:589): SrpcRpcBackend::Stop: Already stopped, returning
20260909-06:48.44-43909(us) 2337566 * Shutdown        (srpc_rpc_backend.cc:112): SrpcRpcBackend::Shutdown: About to delete server
20260909-06:48.44-43933(us) 2337566 * Shutdown        (srpc_rpc_backend.cc:116): SrpcRpcBackend::Shutdown: Server pointer is valid, deleting...
20260909-06:48.44-43968(us) 2337566 * Shutdown        (srpc_rpc_backend.cc:120): SrpcRpcBackend::Shutdown: Server deleted successfully
20260909-06:48.44-43993(us) 2337566 * Shutdown        (srpc_rpc_backend.cc:132): SrpcRpcBackend::Shutdown: About to shutdown poll_thread_worker_
20260909-06:48.44-44028(us) 2337566 * Shutdown        (srpc_rpc_backend.cc:136): SrpcRpcBackend::Shutdown: poll_thread_worker_ is valid, calling shutdown()
20260909-06:48.44-45077(us) 2337566 * Shutdown        (srpc_rpc_backend.cc:138): SrpcRpcBackend::Shutdown: poll_thread_worker_->shutdown() completed
20260909-06:48.44-45119(us) 2337566 * Shutdown        (srpc_rpc_backend.cc:140): SrpcRpcBackend::Shutdown: poll_thread_worker_ reset to None
20260909-06:48.44-45138(us) 2337566 * Shutdown        (srpc_rpc_backend.cc:145): SrpcRpcBackend::Shutdown: Shutdown sequence completed, destructor will now exit
20260909-06:48.44-45158(us) 2337566 * ~SrpcRpcBackend (srpc_rpc_backend.cc:52): SrpcRpcBackend::~SrpcRpcBackend: START destructor
20260909-06:48.44-45176(us) 2337566 * Stop            (srpc_rpc_backend.cc:589): SrpcRpcBackend::Stop: Already stopped, returning
20260909-06:48.44-45194(us) 2337566 * Shutdown        (srpc_rpc_backend.cc:112): SrpcRpcBackend::Shutdown: About to delete server
20260909-06:48.44-45215(us) 2337566 * Shutdown        (srpc_rpc_backend.cc:129): SrpcRpcBackend::Shutdown: Server pointer is null, skipping deletion
20260909-06:48.44-45234(us) 2337566 * Shutdown        (srpc_rpc_backend.cc:132): SrpcRpcBackend::Shutdown: About to shutdown poll_thread_worker_
20260909-06:48.44-45260(us) 2337566 * Shutdown        (srpc_rpc_backend.cc:142): SrpcRpcBackend::Shutdown: poll_thread_worker_ is null, skipping shutdown
20260909-06:48.44-45279(us) 2337566 * Shutdown        (srpc_rpc_backend.cc:145): SrpcRpcBackend::Shutdown: Shutdown sequence completed, destructor will now exit
20260909-06:48.44-45298(us) 2337566 * ~SrpcRpcBackend (srpc_rpc_backend.cc:54): SrpcRpcBackend::~SrpcRpcBackend: Shutdown() completed
[SHUTDOWN] Worker 0 joined
[SHUTDOWN] Joining worker 1
[SHUTDOWN] Worker 1 joined
[SHUTDOWN] Joining worker 2
20260909-06:48.44-47516(us) 2337566 * Stop            (srpc_rpc_backend.cc:589): SrpcRpcBackend::Stop: Already stopped, returning
20260909-06:48.44-47563(us) 2337566 * Shutdown        (srpc_rpc_backend.cc:112): SrpcRpcBackend::Shutdown: About to delete server
20260909-06:48.44-47592(us) 2337566 * Shutdown        (srpc_rpc_backend.cc:116): SrpcRpcBackend::Shutdown: Server pointer is valid, deleting...
20260909-06:48.44-47634(us) 2337566 * Shutdown        (srpc_rpc_backend.cc:120): SrpcRpcBackend::Shutdown: Server deleted successfully
20260909-06:48.44-47662(us) 2337566 * Shutdown        (srpc_rpc_backend.cc:132): SrpcRpcBackend::Shutdown: About to shutdown poll_thread_worker_
20260909-06:48.44-47687(us) 2337566 * Shutdown        (srpc_rpc_backend.cc:136): SrpcRpcBackend::Shutdown: poll_thread_worker_ is valid, calling shutdown()
20260909-06:48.44-49046(us) 2337566 * Shutdown        (srpc_rpc_backend.cc:138): SrpcRpcBackend::Shutdown: poll_thread_worker_->shutdown() completed
20260909-06:48.44-49104(us) 2337566 * Shutdown        (srpc_rpc_backend.cc:140): SrpcRpcBackend::Shutdown: poll_thread_worker_ reset to None
20260909-06:48.44-49131(us) 2337566 * Shutdown        (srpc_rpc_backend.cc:145): SrpcRpcBackend::Shutdown: Shutdown sequence completed, destructor will now exit
20260909-06:48.44-49157(us) 2337566 * ~SrpcRpcBackend (srpc_rpc_backend.cc:52): SrpcRpcBackend::~SrpcRpcBackend: START destructor
20260909-06:48.44-49182(us) 2337566 * Stop            (srpc_rpc_backend.cc:589): SrpcRpcBackend::Stop: Already stopped, returning
20260909-06:48.44-49213(us) 2337566 * Shutdown        (srpc_rpc_backend.cc:112): SrpcRpcBackend::Shutdown: About to delete server
20260909-06:48.44-49240(us) 2337566 * Shutdown        (srpc_rpc_backend.cc:129): SrpcRpcBackend::Shutdown: Server pointer is null, skipping deletion
20260909-06:48.44-49265(us) 2337566 * Shutdown        (srpc_rpc_backend.cc:132): SrpcRpcBackend::Shutdown: About to shutdown poll_thread_worker_
20260909-06:48.44-49295(us) 2337566 * Shutdown        (srpc_rpc_backend.cc:142): SrpcRpcBackend::Shutdown: poll_thread_worker_ is null, skipping shutdown
20260909-06:48.44-49320(us) 2337566 * Shutdown        (srpc_rpc_backend.cc:145): SrpcRpcBackend::Shutdown: Shutdown sequence completed, destructor will now exit
20260909-06:48.44-49351(us) 2337566 * ~SrpcRpcBackend (srpc_rpc_backend.cc:54): SrpcRpcBackend::~SrpcRpcBackend: Shutdown() completed
20260909-06:48.44-50713(us) 2337566 * Stop            (srpc_rpc_backend.cc:589): SrpcRpcBackend::Stop: Already stopped, returning
20260909-06:48.44-50785(us) 2337566 * Shutdown        (srpc_rpc_backend.cc:112): SrpcRpcBackend::Shutdown: About to delete server
20260909-06:48.44-50806(us) 2337566 * Shutdown        (srpc_rpc_backend.cc:116): SrpcRpcBackend::Shutdown: Server pointer is valid, deleting...
20260909-06:48.44-50845(us) 2337566 * Shutdown        (srpc_rpc_backend.cc:120): SrpcRpcBackend::Shutdown: Server deleted successfully
20260909-06:48.44-50864(us) 2337566 * Shutdown        (srpc_rpc_backend.cc:132): SrpcRpcBackend::Shutdown: About to shutdown poll_thread_worker_
20260909-06:48.44-50883(us) 2337566 * Shutdown        (srpc_rpc_backend.cc:136): SrpcRpcBackend::Shutdown: poll_thread_worker_ is valid, calling shutdown()
20260909-06:48.44-51005(us) 2337566 * Stop            (srpc_rpc_backend.cc:589): SrpcRpcBackend::Stop: Already stopped, returning
20260909-06:48.44-51053(us) 2337566 * Shutdown        (srpc_rpc_backend.cc:112): SrpcRpcBackend::Shutdown: About to delete server
20260909-06:48.44-51077(us) 2337566 * Shutdown        (srpc_rpc_backend.cc:116): SrpcRpcBackend::Shutdown: Server pointer is valid, deleting...
20260909-06:48.44-51114(us) 2337566 * Shutdown        (srpc_rpc_backend.cc:120): SrpcRpcBackend::Shutdown: Server deleted successfully
20260909-06:48.44-51137(us) 2337566 * Shutdown        (srpc_rpc_backend.cc:132): SrpcRpcBackend::Shutdown: About to shutdown poll_thread_worker_
20260909-06:48.44-51160(us) 2337566 * Shutdown        (srpc_rpc_backend.cc:136): SrpcRpcBackend::Shutdown: poll_thread_worker_ is valid, calling shutdown()
20260909-06:48.44-51190(us) 2337566 * Stop            (srpc_rpc_backend.cc:589): SrpcRpcBackend::Stop: Already stopped, returning
20260909-06:48.44-51243(us) 2337566 * Shutdown        (srpc_rpc_backend.cc:112): SrpcRpcBackend::Shutdown: About to delete server
20260909-06:48.44-51267(us) 2337566 * Shutdown        (srpc_rpc_backend.cc:116): SrpcRpcBackend::Shutdown: Server pointer is valid, deleting...
20260909-06:48.44-51293(us) 2337566 * Shutdown        (srpc_rpc_backend.cc:120): SrpcRpcBackend::Shutdown: Server deleted successfully
20260909-06:48.44-51314(us) 2337566 * Shutdown        (srpc_rpc_backend.cc:132): SrpcRpcBackend::Shutdown: About to shutdown poll_thread_worker_
20260909-06:48.44-51336(us) 2337566 * Shutdown        (srpc_rpc_backend.cc:136): SrpcRpcBackend::Shutdown: poll_thread_worker_ is valid, calling shutdown()
20260909-06:48.44-51359(us) 2337566 * Stop            (srpc_rpc_backend.cc:589): SrpcRpcBackend::Stop: Already stopped, returning
20260909-06:48.44-51408(us) 2337566 * Shutdown        (srpc_rpc_backend.cc:112): SrpcRpcBackend::Shutdown: About to delete server
20260909-06:48.44-51433(us) 2337566 * Shutdown        (srpc_rpc_backend.cc:116): SrpcRpcBackend::Shutdown: Server pointer is valid, deleting...
20260909-06:48.44-51460(us) 2337566 * Shutdown        (srpc_rpc_backend.cc:120): SrpcRpcBackend::Shutdown: Server deleted successfully
20260909-06:48.44-51483(us) 2337566 * Shutdown        (srpc_rpc_backend.cc:132): SrpcRpcBackend::Shutdown: About to shutdown poll_thread_worker_
20260909-06:48.44-51509(us) 2337566 * Shutdown        (srpc_rpc_backend.cc:136): SrpcRpcBackend::Shutdown: poll_thread_worker_ is valid, calling shutdown()
20260909-06:48.44-51539(us) 2337566 * Stop            (srpc_rpc_backend.cc:589): SrpcRpcBackend::Stop: Already stopped, returning
20260909-06:48.44-51596(us) 2337566 * Shutdown        (srpc_rpc_backend.cc:112): SrpcRpcBackend::Shutdown: About to delete server
20260909-06:48.44-51621(us) 2337566 * Shutdown        (srpc_rpc_backend.cc:116): SrpcRpcBackend::Shutdown: Server pointer is valid, deleting...
20260909-06:48.44-51650(us) 2337566 * Shutdown        (srpc_rpc_backend.cc:120): SrpcRpcBackend::Shutdown: Server deleted successfully
20260909-06:48.44-51675(us) 2337566 * Shutdown        (srpc_rpc_backend.cc:132): SrpcRpcBackend::Shutdown: About to shutdown poll_thread_worker_
20260909-06:48.44-51698(us) 2337566 * Shutdown        (srpc_rpc_backend.cc:136): SrpcRpcBackend::Shutdown: poll_thread_worker_ is valid, calling shutdown()
20260909-06:48.44-51729(us) 2337566 * Stop            (srpc_rpc_backend.cc:589): SrpcRpcBackend::Stop: Already stopped, returning
20260909-06:48.44-51800(us) 2337566 * Shutdown        (srpc_rpc_backend.cc:112): SrpcRpcBackend::Shutdown: About to delete server
20260909-06:48.44-51822(us) 2337566 * Shutdown        (srpc_rpc_backend.cc:116): SrpcRpcBackend::Shutdown: Server pointer is valid, deleting...
20260909-06:48.44-51863(us) 2337566 * Shutdown        (srpc_rpc_backend.cc:120): SrpcRpcBackend::Shutdown: Server deleted successfully
20260909-06:48.44-51883(us) 2337566 * Shutdown        (srpc_rpc_backend.cc:132): SrpcRpcBackend::Shutdown: About to shutdown poll_thread_worker_
20260909-06:48.44-51902(us) 2337566 * Shutdown        (srpc_rpc_backend.cc:136): SrpcRpcBackend::Shutdown: poll_thread_worker_ is valid, calling shutdown()
20260909-06:48.44-53314(us) 2337566 * Shutdown        (srpc_rpc_backend.cc:138): SrpcRpcBackend::Shutdown: poll_thread_worker_->shutdown() completed
20260909-06:48.44-53360(us) 2337566 * Shutdown        (srpc_rpc_backend.cc:140): SrpcRpcBackend::Shutdown: poll_thread_worker_ reset to None
20260909-06:48.44-53380(us) 2337566 * Shutdown        (srpc_rpc_backend.cc:145): SrpcRpcBackend::Shutdown: Shutdown sequence completed, destructor will now exit
20260909-06:48.44-53407(us) 2337566 * ~SrpcRpcBackend (srpc_rpc_backend.cc:52): SrpcRpcBackend::~SrpcRpcBackend: START destructor
20260909-06:48.44-53427(us) 2337566 * Stop            (srpc_rpc_backend.cc:589): SrpcRpcBackend::Stop: Already stopped, returning
20260909-06:48.44-53451(us) 2337566 * Shutdown        (srpc_rpc_backend.cc:112): SrpcRpcBackend::Shutdown: About to delete server
20260909-06:48.44-53470(us) 2337566 * Shutdown        (srpc_rpc_backend.cc:129): SrpcRpcBackend::Shutdown: Server pointer is null, skipping deletion
20260909-06:48.44-53489(us) 2337566 * Shutdown        (srpc_rpc_backend.cc:132): SrpcRpcBackend::Shutdown: About to shutdown poll_thread_worker_
20260909-06:48.44-53512(us) 2337566 * Shutdown        (srpc_rpc_backend.cc:142): SrpcRpcBackend::Shutdown: poll_thread_worker_ is null, skipping shutdown
20260909-06:48.44-53531(us) 2337566 * Shutdown        (srpc_rpc_backend.cc:145): SrpcRpcBackend::Shutdown: Shutdown sequence completed, destructor will now exit
20260909-06:48.44-53549(us) 2337566 * ~SrpcRpcBackend (srpc_rpc_backend.cc:54): SrpcRpcBackend::~SrpcRpcBackend: Shutdown() completed
20260909-06:48.44-53776(us) 2337566 * Shutdown        (srpc_rpc_backend.cc:138): SrpcRpcBackend::Shutdown: poll_thread_worker_->shutdown() completed
20260909-06:48.44-53845(us) 2337566 * Shutdown        (srpc_rpc_backend.cc:140): SrpcRpcBackend::Shutdown: poll_thread_worker_ reset to None
20260909-06:48.44-53870(us) 2337566 * Shutdown        (srpc_rpc_backend.cc:145): SrpcRpcBackend::Shutdown: Shutdown sequence completed, destructor will now exit
20260909-06:48.44-53897(us) 2337566 * ~SrpcRpcBackend (srpc_rpc_backend.cc:52): SrpcRpcBackend::~SrpcRpcBackend: START destructor
20260909-06:48.44-53939(us) 2337566 * Stop            (srpc_rpc_backend.cc:589): SrpcRpcBackend::Stop: Already stopped, returning
20260909-06:48.44-53961(us) 2337566 * Shutdown        (srpc_rpc_backend.cc:112): SrpcRpcBackend::Shutdown: About to delete server
20260909-06:48.44-53982(us) 2337566 * Shutdown        (srpc_rpc_backend.cc:129): SrpcRpcBackend::Shutdown: Server pointer is null, skipping deletion
20260909-06:48.44-54003(us) 2337566 * Shutdown        (srpc_rpc_backend.cc:132): SrpcRpcBackend::Shutdown: About to shutdown poll_thread_worker_
20260909-06:48.44-54028(us) 2337566 * Shutdown        (srpc_rpc_backend.cc:142): SrpcRpcBackend::Shutdown: poll_thread_worker_ is null, skipping shutdown
20260909-06:48.44-54049(us) 2337566 * Shutdown        (srpc_rpc_backend.cc:145): SrpcRpcBackend::Shutdown: Shutdown sequence completed, destructor will now exit
20260909-06:48.44-54075(us) 2337566 * ~SrpcRpcBackend (srpc_rpc_backend.cc:54): SrpcRpcBackend::~SrpcRpcBackend: Shutdown() completed
20260909-06:48.44-54102(us) 2337566 * Shutdown        (srpc_rpc_backend.cc:138): SrpcRpcBackend::Shutdown: poll_thread_worker_->shutdown() completed
20260909-06:48.44-54150(us) 2337566 * Shutdown        (srpc_rpc_backend.cc:140): SrpcRpcBackend::Shutdown: poll_thread_worker_ reset to None
20260909-06:48.44-54170(us) 2337566 * Shutdown        (srpc_rpc_backend.cc:145): SrpcRpcBackend::Shutdown: Shutdown sequence completed, destructor will now exit
20260909-06:48.44-54195(us) 2337566 * ~SrpcRpcBackend (srpc_rpc_backend.cc:52): SrpcRpcBackend::~SrpcRpcBackend: START destructor
20260909-06:48.44-54215(us) 2337566 * Stop            (srpc_rpc_backend.cc:589): SrpcRpcBackend::Stop: Already stopped, returning
20260909-06:48.44-54241(us) 2337566 * Shutdown        (srpc_rpc_backend.cc:112): SrpcRpcBackend::Shutdown: About to delete server
20260909-06:48.44-54271(us) 2337566 * Shutdown        (srpc_rpc_backend.cc:129): SrpcRpcBackend::Shutdown: Server pointer is null, skipping deletion
20260909-06:48.44-54302(us) 2337566 * Shutdown        (srpc_rpc_backend.cc:132): SrpcRpcBackend::Shutdown: About to shutdown poll_thread_worker_
20260909-06:48.44-54333(us) 2337566 * Shutdown        (srpc_rpc_backend.cc:142): SrpcRpcBackend::Shutdown: poll_thread_worker_ is null, skipping shutdown
20260909-06:48.44-54358(us) 2337566 * Shutdown        (srpc_rpc_backend.cc:145): SrpcRpcBackend::Shutdown: Shutdown sequence completed, destructor will now exit
20260909-06:48.44-54380(us) 2337566 * ~SrpcRpcBackend (srpc_rpc_backend.cc:54): SrpcRpcBackend::~SrpcRpcBackend: Shutdown() completed
20260909-06:48.44-54409(us) 2337566 * Shutdown        (srpc_rpc_backend.cc:138): SrpcRpcBackend::Shutdown: poll_thread_worker_->shutdown() completed
20260909-06:48.44-54460(us) 2337566 * Shutdown        (srpc_rpc_backend.cc:140): SrpcRpcBackend::Shutdown: poll_thread_worker_ reset to None
20260909-06:48.44-54488(us) 2337566 * Shutdown        (srpc_rpc_backend.cc:145): SrpcRpcBackend::Shutdown: Shutdown sequence completed, destructor will now exit
20260909-06:48.44-54510(us) 2337566 * ~SrpcRpcBackend (srpc_rpc_backend.cc:52): SrpcRpcBackend::~SrpcRpcBackend: START destructor
20260909-06:48.44-54530(us) 2337566 * Stop            (srpc_rpc_backend.cc:589): SrpcRpcBackend::Stop: Already stopped, returning
20260909-06:48.44-54555(us) 2337566 * Shutdown        (srpc_rpc_backend.cc:112): SrpcRpcBackend::Shutdown: About to delete server
20260909-06:48.44-54574(us) 2337566 * Shutdown        (srpc_rpc_backend.cc:129): SrpcRpcBackend::Shutdown: Server pointer is null, skipping deletion
20260909-06:48.44-54599(us) 2337566 * Shutdown        (srpc_rpc_backend.cc:132): SrpcRpcBackend::Shutdown: About to shutdown poll_thread_worker_
20260909-06:48.44-54618(us) 2337566 * Shutdown        (srpc_rpc_backend.cc:142): SrpcRpcBackend::Shutdown: poll_thread_worker_ is null, skipping shutdown
20260909-06:48.44-54648(us) 2337566 * Shutdown        (srpc_rpc_backend.cc:145): SrpcRpcBackend::Shutdown: Shutdown sequence completed, destructor will now exit
20260909-06:48.44-54680(us) 2337566 * ~SrpcRpcBackend (srpc_rpc_backend.cc:54): SrpcRpcBackend::~SrpcRpcBackend: Shutdown() completed
20260909-06:48.44-54723(us) 2337566 * Shutdown        (srpc_rpc_backend.cc:138): SrpcRpcBackend::Shutdown: poll_thread_worker_->shutdown() completed
20260909-06:48.44-54784(us) 2337566 * Shutdown        (srpc_rpc_backend.cc:140): SrpcRpcBackend::Shutdown: poll_thread_worker_ reset to None
20260909-06:48.44-54806(us) 2337566 * Shutdown        (srpc_rpc_backend.cc:145): SrpcRpcBackend::Shutdown: Shutdown sequence completed, destructor will now exit
20260909-06:48.44-54852(us) 2337566 * ~SrpcRpcBackend (srpc_rpc_backend.cc:52): SrpcRpcBackend::~SrpcRpcBackend: START destructor
20260909-06:48.44-54885(us) 2337566 * Stop            (srpc_rpc_backend.cc:589): SrpcRpcBackend::Stop: Already stopped, returning
20260909-06:48.44-54920(us) 2337566 * Shutdown        (srpc_rpc_backend.cc:112): SrpcRpcBackend::Shutdown: About to delete server
20260909-06:48.44-54951(us) 2337566 * Shutdown        (srpc_rpc_backend.cc:129): SrpcRpcBackend::Shutdown: Server pointer is null, skipping deletion
20260909-06:48.44-54985(us) 2337566 * Shutdown        (srpc_rpc_backend.cc:132): SrpcRpcBackend::Shutdown: About to shutdown poll_thread_worker_
20260909-06:48.44-55022(us) 2337566 * Shutdown        (srpc_rpc_backend.cc:142): SrpcRpcBackend::Shutdown: poll_thread_worker_ is null, skipping shutdown
20260909-06:48.44-55055(us) 2337566 * Shutdown        (srpc_rpc_backend.cc:145): SrpcRpcBackend::Shutdown: Shutdown sequence completed, destructor will now exit
20260909-06:48.44-55098(us) 2337566 * ~SrpcRpcBackend (srpc_rpc_backend.cc:54): SrpcRpcBackend::~SrpcRpcBackend: Shutdown() completed
20260909-06:48.44-55141(us) 2337566 * Shutdown        (srpc_rpc_backend.cc:138): SrpcRpcBackend::Shutdown: poll_thread_worker_->shutdown() completed
20260909-06:48.44-55242(us) 2337566 * Shutdown        (srpc_rpc_backend.cc:140): SrpcRpcBackend::Shutdown: poll_thread_worker_ reset to None
20260909-06:48.44-55278(us) 2337566 * Shutdown        (srpc_rpc_backend.cc:145): SrpcRpcBackend::Shutdown: Shutdown sequence completed, destructor will now exit
20260909-06:48.44-55316(us) 2337566 * ~SrpcRpcBackend (srpc_rpc_backend.cc:52): SrpcRpcBackend::~SrpcRpcBackend: START destructor
20260909-06:48.44-55362(us) 2337566 * Stop            (srpc_rpc_backend.cc:589): SrpcRpcBackend::Stop: Already stopped, returning
20260909-06:48.44-55412(us) 2337566 * Shutdown        (srpc_rpc_backend.cc:112): SrpcRpcBackend::Shutdown: About to delete server
20260909-06:48.44-55444(us) 2337566 * Shutdown        (srpc_rpc_backend.cc:129): SrpcRpcBackend::Shutdown: Server pointer is null, skipping deletion
20260909-06:48.44-55480(us) 2337566 * Shutdown        (srpc_rpc_backend.cc:132): SrpcRpcBackend::Shutdown: About to shutdown poll_thread_worker_
20260909-06:48.44-55525(us) 2337566 * Shutdown        (srpc_rpc_backend.cc:142): SrpcRpcBackend::Shutdown: poll_thread_worker_ is null, skipping shutdown
20260909-06:48.44-55562(us) 2337566 * Shutdown        (srpc_rpc_backend.cc:145): SrpcRpcBackend::Shutdown: Shutdown sequence completed, destructor will now exit
20260909-06:48.44-55599(us) 2337566 * ~SrpcRpcBackend (srpc_rpc_backend.cc:54): SrpcRpcBackend::~SrpcRpcBackend: Shutdown() completed
[SHUTDOWN] Worker 2 joined
[SHUTDOWN] Joining worker 3
[SHUTDOWN] Worker 3 joined
[SHUTDOWN] Joining worker 4
[SHUTDOWN] Worker 4 joined
[SHUTDOWN] Joining worker 5
[SHUTDOWN] Worker 5 joined
[SHUTDOWN] Joining worker 6
[SHUTDOWN] Worker 6 joined
[SHUTDOWN] Joining worker 7
[SHUTDOWN] Worker 7 joined
[SHUTDOWN] Joining worker 8
[SHUTDOWN] Worker 8 joined
[SHUTDOWN] Joining worker 9
[SHUTDOWN] Worker 9 joined
[SHUTDOWN] Joining worker 10
[SHUTDOWN] Worker 10 joined
[SHUTDOWN] Joining worker 11
[SHUTDOWN] Worker 11 joined
[SHUTDOWN] Joining worker 12
20260909-06:48.44-58525(us) 2337566 * Stop            (srpc_rpc_backend.cc:589): SrpcRpcBackend::Stop: Already stopped, returning
20260909-06:48.44-58558(us) 2337566 * Shutdown        (srpc_rpc_backend.cc:112): SrpcRpcBackend::Shutdown: About to delete server
20260909-06:48.44-58572(us) 2337566 * Shutdown        (srpc_rpc_backend.cc:116): SrpcRpcBackend::Shutdown: Server pointer is valid, deleting...
20260909-06:48.44-58591(us) 2337566 * Shutdown        (srpc_rpc_backend.cc:120): SrpcRpcBackend::Shutdown: Server deleted successfully
20260909-06:48.44-58605(us) 2337566 * Shutdown        (srpc_rpc_backend.cc:132): SrpcRpcBackend::Shutdown: About to shutdown poll_thread_worker_
20260909-06:48.44-58618(us) 2337566 * Shutdown        (srpc_rpc_backend.cc:136): SrpcRpcBackend::Shutdown: poll_thread_worker_ is valid, calling shutdown()
20260909-06:48.44-59065(us) 2337566 * Shutdown        (srpc_rpc_backend.cc:138): SrpcRpcBackend::Shutdown: poll_thread_worker_->shutdown() completed
20260909-06:48.44-59099(us) 2337566 * Shutdown        (srpc_rpc_backend.cc:140): SrpcRpcBackend::Shutdown: poll_thread_worker_ reset to None
20260909-06:48.44-59112(us) 2337566 * Shutdown        (srpc_rpc_backend.cc:145): SrpcRpcBackend::Shutdown: Shutdown sequence completed, destructor will now exit
20260909-06:48.44-59130(us) 2337566 * ~SrpcRpcBackend (srpc_rpc_backend.cc:52): SrpcRpcBackend::~SrpcRpcBackend: START destructor
20260909-06:48.44-59144(us) 2337566 * Stop            (srpc_rpc_backend.cc:589): SrpcRpcBackend::Stop: Already stopped, returning
20260909-06:48.44-59157(us) 2337566 * Shutdown        (srpc_rpc_backend.cc:112): SrpcRpcBackend::Shutdown: About to delete server
20260909-06:48.44-59175(us) 2337566 * Shutdown        (srpc_rpc_backend.cc:129): SrpcRpcBackend::Shutdown: Server pointer is null, skipping deletion
20260909-06:48.44-59192(us) 2337566 * Shutdown        (srpc_rpc_backend.cc:132): SrpcRpcBackend::Shutdown: About to shutdown poll_thread_worker_
20260909-06:48.44-59208(us) 2337566 * Shutdown        (srpc_rpc_backend.cc:142): SrpcRpcBackend::Shutdown: poll_thread_worker_ is null, skipping shutdown
20260909-06:48.44-59225(us) 2337566 * Shutdown        (srpc_rpc_backend.cc:145): SrpcRpcBackend::Shutdown: Shutdown sequence completed, destructor will now exit
20260909-06:48.44-59242(us) 2337566 * ~SrpcRpcBackend (srpc_rpc_backend.cc:54): SrpcRpcBackend::~SrpcRpcBackend: Shutdown() completed
[SHUTDOWN] Worker 12 joined
[SHUTDOWN] Joining worker 13
[SHUTDOWN] Worker 13 joined
[SHUTDOWN] Joining worker 14
[SHUTDOWN] Worker 14 joined
[SHUTDOWN] Joining worker 15
[SHUTDOWN] Worker 15 joined
[SHUTDOWN] All workers joined
[SHUTDOWN] Calling stop_rpc_server()
[STOP_SERVER] Stopping 2 server transports
[STOP_SERVER] Stopping server transport 0
20260909-06:48.44-60183(us) 2337566 * Stop            (srpc_rpc_backend.cc:593): SrpcRpcBackend::Stop: BEGIN - Setting stop flag
20260909-06:48.44-60214(us) 2337566 * Stop            (srpc_rpc_backend.cc:596): SrpcRpcBackend::Stop: Waiting for event loop to exit...
20260909-06:48.44-60278(us) 2337566 * RunEventLoop    (srpc_rpc_backend.cc:577): SrpcRpcBackend::RunEventLoop: Stop flag detected, exiting event loop
20260909-06:48.44-60307(us) 2337566 * RunEventLoop    (srpc_rpc_backend.cc:581): SrpcRpcBackend::RunEventLoop: Exited cleanly
20260909-06:48.44-60320(us) 2337566 * rpc_server      (rpc_setup.cc:126): the rpc_server is terminated on shardIdx:0, alpha:0!
20260909-06:48.44-70306(us) 2337566 * Stop            (srpc_rpc_backend.cc:612): SrpcRpcBackend::Stop: Event loop exited successfully
20260909-06:48.44-70331(us) 2337566 * Stop            (srpc_rpc_backend.cc:616): SrpcRpcBackend::Stop: Signaling 0 request queues to stop
20260909-06:48.44-70348(us) 2337566 * Stop            (srpc_rpc_backend.cc:624): SrpcRpcBackend::Stop: Signaling 0 response queues to stop
20260909-06:48.44-70367(us) 2337566 * Stop            (srpc_rpc_backend.cc:635): SrpcRpcBackend::Stop: Server cleanup deferred to destructor
20260909-06:48.44-70384(us) 2337566 * Stop            (srpc_rpc_backend.cc:638): SrpcRpcBackend::Stop: Closing client connections
20260909-06:48.44-70402(us) 2337566 * Stop            (srpc_rpc_backend.cc:642): SrpcRpcBackend::Stop: Found 0 client connections to close
20260909-06:48.44-70420(us) 2337566 * Stop            (srpc_rpc_backend.cc:662): SrpcRpcBackend::Stop: Closed 0 client connections
20260909-06:48.44-70438(us) 2337566 * Stop            (srpc_rpc_backend.cc:675): SrpcRpcBackend stats: msg_size_resp_sent: 0 bytes, counter: 0, avg: 0.000000
20260909-06:48.44-70464(us) 2337566 * Stop            (srpc_rpc_backend.cc:676): SrpcRpcBackend::Stop: END
[STOP_SERVER] Server transport 0 stopped
[STOP_SERVER] Stopping server transport 1
20260909-06:48.44-70500(us) 2337566 * Stop            (srpc_rpc_backend.cc:593): SrpcRpcBackend::Stop: BEGIN - Setting stop flag
20260909-06:48.44-70518(us) 2337566 * Stop            (srpc_rpc_backend.cc:596): SrpcRpcBackend::Stop: Waiting for event loop to exit...
20260909-06:48.44-70630(us) 2337566 * RunEventLoop    (srpc_rpc_backend.cc:577): SrpcRpcBackend::RunEventLoop: Stop flag detected, exiting event loop
20260909-06:48.44-70654(us) 2337566 * RunEventLoop    (srpc_rpc_backend.cc:581): SrpcRpcBackend::RunEventLoop: Exited cleanly
20260909-06:48.44-70667(us) 2337566 * rpc_server      (rpc_setup.cc:126): the rpc_server is terminated on shardIdx:0, alpha:1!
20260909-06:48.44-80608(us) 2337566 * Stop            (srpc_rpc_backend.cc:612): SrpcRpcBackend::Stop: Event loop exited successfully
20260909-06:48.44-80632(us) 2337566 * Stop            (srpc_rpc_backend.cc:616): SrpcRpcBackend::Stop: Signaling 0 request queues to stop
20260909-06:48.44-80649(us) 2337566 * Stop            (srpc_rpc_backend.cc:624): SrpcRpcBackend::Stop: Signaling 0 response queues to stop
20260909-06:48.44-80666(us) 2337566 * Stop            (srpc_rpc_backend.cc:635): SrpcRpcBackend::Stop: Server cleanup deferred to destructor
20260909-06:48.44-80683(us) 2337566 * Stop            (srpc_rpc_backend.cc:638): SrpcRpcBackend::Stop: Closing client connections
20260909-06:48.44-80704(us) 2337566 * Stop            (srpc_rpc_backend.cc:642): SrpcRpcBackend::Stop: Found 0 client connections to close
20260909-06:48.44-80721(us) 2337566 * Stop            (srpc_rpc_backend.cc:662): SrpcRpcBackend::Stop: Closed 0 client connections
20260909-06:48.44-80742(us) 2337566 * Stop            (srpc_rpc_backend.cc:675): SrpcRpcBackend stats: msg_size_resp_sent: 0 bytes, counter: 0, avg: 0.000000
20260909-06:48.44-80760(us) 2337566 * Stop            (srpc_rpc_backend.cc:676): SrpcRpcBackend::Stop: END
[STOP_SERVER] Server transport 1 stopped
20260909-06:48.44-80903(us) 2337566 * Stop            (srpc_rpc_backend.cc:589): SrpcRpcBackend::Stop: Already stopped, returning
20260909-06:48.44-80925(us) 2337566 * Shutdown        (srpc_rpc_backend.cc:112): SrpcRpcBackend::Shutdown: About to delete server
20260909-06:48.44-80942(us) 2337566 * Shutdown        (srpc_rpc_backend.cc:116): SrpcRpcBackend::Shutdown: Server pointer is valid, deleting...
20260909-06:48.44-80966(us) 2337566 * Shutdown        (srpc_rpc_backend.cc:120): SrpcRpcBackend::Shutdown: Server deleted successfully
20260909-06:48.44-80986(us) 2337566 * Shutdown        (srpc_rpc_backend.cc:132): SrpcRpcBackend::Shutdown: About to shutdown poll_thread_worker_
20260909-06:48.44-81002(us) 2337566 * Shutdown        (srpc_rpc_backend.cc:136): SrpcRpcBackend::Shutdown: poll_thread_worker_ is valid, calling shutdown()
20260909-06:48.44-82428(us) 2337566 * Shutdown        (srpc_rpc_backend.cc:138): SrpcRpcBackend::Shutdown: poll_thread_worker_->shutdown() completed
20260909-06:48.44-82466(us) 2337566 * Shutdown        (srpc_rpc_backend.cc:140): SrpcRpcBackend::Shutdown: poll_thread_worker_ reset to None
20260909-06:48.44-82490(us) 2337566 * Shutdown        (srpc_rpc_backend.cc:145): SrpcRpcBackend::Shutdown: Shutdown sequence completed, destructor will now exit
20260909-06:48.44-82513(us) 2337566 * ~SrpcRpcBackend (srpc_rpc_backend.cc:52): SrpcRpcBackend::~SrpcRpcBackend: START destructor
20260909-06:48.44-82531(us) 2337566 * Stop            (srpc_rpc_backend.cc:589): SrpcRpcBackend::Stop: Already stopped, returning
20260909-06:48.44-82548(us) 2337566 * Shutdown        (srpc_rpc_backend.cc:112): SrpcRpcBackend::Shutdown: About to delete server
20260909-06:48.44-82572(us) 2337566 * Shutdown        (srpc_rpc_backend.cc:129): SrpcRpcBackend::Shutdown: Server pointer is null, skipping deletion
20260909-06:48.44-82594(us) 2337566 * Shutdown        (srpc_rpc_backend.cc:132): SrpcRpcBackend::Shutdown: About to shutdown poll_thread_worker_
20260909-06:48.44-82616(us) 2337566 * Shutdown        (srpc_rpc_backend.cc:142): SrpcRpcBackend::Shutdown: poll_thread_worker_ is null, skipping shutdown
20260909-06:48.44-82638(us) 2337566 * Shutdown        (srpc_rpc_backend.cc:145): SrpcRpcBackend::Shutdown: Shutdown sequence completed, destructor will now exit
20260909-06:48.44-82657(us) 2337566 * ~SrpcRpcBackend (srpc_rpc_backend.cc:54): SrpcRpcBackend::~SrpcRpcBackend: Shutdown() completed
20260909-06:48.44-82708(us) 2337566 * Stop            (srpc_rpc_backend.cc:589): SrpcRpcBackend::Stop: Already stopped, returning
20260909-06:48.44-82728(us) 2337566 * Shutdown        (srpc_rpc_backend.cc:112): SrpcRpcBackend::Shutdown: About to delete server
20260909-06:48.44-82745(us) 2337566 * Shutdown        (srpc_rpc_backend.cc:116): SrpcRpcBackend::Shutdown: Server pointer is valid, deleting...
20260909-06:48.44-82768(us) 2337566 * Shutdown        (srpc_rpc_backend.cc:120): SrpcRpcBackend::Shutdown: Server deleted successfully
20260909-06:48.44-82787(us) 2337566 * Shutdown        (srpc_rpc_backend.cc:132): SrpcRpcBackend::Shutdown: About to shutdown poll_thread_worker_
20260909-06:48.44-82804(us) 2337566 * Shutdown        (srpc_rpc_backend.cc:136): SrpcRpcBackend::Shutdown: poll_thread_worker_ is valid, calling shutdown()
20260909-06:48.44-84125(us) 2337566 * Shutdown        (srpc_rpc_backend.cc:138): SrpcRpcBackend::Shutdown: poll_thread_worker_->shutdown() completed
20260909-06:48.44-84162(us) 2337566 * Shutdown        (srpc_rpc_backend.cc:140): SrpcRpcBackend::Shutdown: poll_thread_worker_ reset to None
20260909-06:48.44-84186(us) 2337566 * Shutdown        (srpc_rpc_backend.cc:145): SrpcRpcBackend::Shutdown: Shutdown sequence completed, destructor will now exit
20260909-06:48.44-84209(us) 2337566 * ~SrpcRpcBackend (srpc_rpc_backend.cc:52): SrpcRpcBackend::~SrpcRpcBackend: START destructor
20260909-06:48.44-84227(us) 2337566 * Stop            (srpc_rpc_backend.cc:589): SrpcRpcBackend::Stop: Already stopped, returning
20260909-06:48.44-84244(us) 2337566 * Shutdown        (srpc_rpc_backend.cc:112): SrpcRpcBackend::Shutdown: About to delete server
20260909-06:48.44-84265(us) 2337566 * Shutdown        (srpc_rpc_backend.cc:129): SrpcRpcBackend::Shutdown: Server pointer is null, skipping deletion
20260909-06:48.44-84282(us) 2337566 * Shutdown        (srpc_rpc_backend.cc:132): SrpcRpcBackend::Shutdown: About to shutdown poll_thread_worker_
20260909-06:48.44-84302(us) 2337566 * Shutdown        (srpc_rpc_backend.cc:142): SrpcRpcBackend::Shutdown: poll_thread_worker_ is null, skipping shutdown
20260909-06:48.44-84319(us) 2337566 * Shutdown        (srpc_rpc_backend.cc:145): SrpcRpcBackend::Shutdown: Shutdown sequence completed, destructor will now exit
20260909-06:48.44-84342(us) 2337566 * ~SrpcRpcBackend (srpc_rpc_backend.cc:54): SrpcRpcBackend::~SrpcRpcBackend: Shutdown() completed
[STOP_SERVER] All server transports stopped
[SHUTDOWN] stop_rpc_server() completed
[SHUTDOWN] Calling second stop()
20260909-06:48.44-84409(us) 2337566 ! stop            (bench.cc:514):     stop all rpc clients. set stop=false
[SHUTDOWN] Second stop() completed
20260909-06:48.44-84433(us) 2337566 ! run             (bench.cc:774):     TPCC_BENCH_MEASURE_END
[SHUTDOWN] Calling do_txn_finish()
[SHUTDOWN] do_txn_finish() completed
--- n_commits per partition ---
 par_id: 0, n_commits: 401946
 par_id: 1, n_commits: 408103
 par_id: 2, n_commits: 406854
 par_id: 3, n_commits: 390244
 par_id: 4, n_commits: 399785
 par_id: 5, n_commits: 407553
 par_id: 6, n_commits: 412339
 par_id: 7, n_commits: 391014
 par_id: 8, n_commits: 407645
 par_id: 9, n_commits: 406430
 par_id: 10, n_commits: 402706
 par_id: 11, n_commits: 384392
 par_id: 12, n_commits: 410074
 par_id: 13, n_commits: 394200
 par_id: 14, n_commits: 394347
 par_id: 15, n_commits: 402930
--- benchmark statistics ---
runtime: 10.1668 sec
memory delta: 1500.14 MB
n_commits: 6420562
latency_numer_us: 157670244
latency_numer_us_remote: 0
memory delta rate: 147.553 MB/sec
logical memory delta: 407.187 MB
logical memory delta rate: 40.0509 MB/sec
agg_nosync_throughput: 631538 ops/sec
avg_nosync_per_core_throughput: 39471.1 ops/sec/core
agg_throughput: 631525 ops/sec
avg_per_core_throughput: 39470.3 ops/sec/core
agg_persist_throughput: 631525 ops/sec
avg_per_core_persist_throughput: 39470.3 ops/sec/core
avg_latency: 0.0245571 ms
avg_persist_latency: 0 ms
agg_abort_rate: 100.425 aborts/sec
avg_per_core_abort_rate: 6.27659 aborts/sec/core
  NewOrder_local_commit_latency: 0.0275645 ms
  NewOrder_local_abort_latency: 0.670031 ms
  NewOrder_local_abort_ratio: 9.44775e-05
  Payment_local_commit_latency: 0.00885426 ms
  Payment_local_abort_latency: 0.0600451 ms
  Payment_local_abort_ratio: 7.60282e-06
  Delivery_local_commit_latency: 0.100275 ms
  Delivery_local_abort_latency: 0 ms
  Delivery_local_abort_ratio: 0
  OrderStatus_local_commit_latency: 0.00912961 ms
  OrderStatus_local_abort_latency: 0.040092 ms
  OrderStatus_local_abort_ratio: 3.9106e-06
  StockLevel_local_commit_latency: 0.111724 ms
  StockLevel_local_abort_latency: 0.145273 ms
  StockLevel_local_abort_ratio: 0.00282391
  NewOrder_remote_ratio: 0 %
  NewOrder_remote_abort_ratio: 0 %
  NewOrder_remote_commit_latency: 0 ms
  NewOrder_remote_abort_latency: 0 ms
  Payment_remote_ratio: 0 %
  Payment_remote_abort_ratio: 0 %
  Payment_remote_commit_latency: 0 ms
  Payment_remote_abort_latency: 0 ms
--- system counters (for benchmark) ---
--- perf counters (if enabled, for benchmark) ---
--- allocator stats ---
[SiloRuntime 0] ncpus=16
[SiloRuntime 0] cpu=0 fully_faulted?=0 remaining=134217728 bytes
[SiloRuntime 0] cpu=1 fully_faulted?=0 remaining=134217728 bytes
[SiloRuntime 0] cpu=2 fully_faulted?=0 remaining=134217728 bytes
[SiloRuntime 0] cpu=3 fully_faulted?=0 remaining=134217728 bytes
[SiloRuntime 0] cpu=4 fully_faulted?=0 remaining=134217728 bytes
[SiloRuntime 0] cpu=5 fully_faulted?=0 remaining=134217728 bytes
[SiloRuntime 0] cpu=6 fully_faulted?=0 remaining=134217728 bytes
[SiloRuntime 0] cpu=7 fully_faulted?=0 remaining=134217728 bytes
[SiloRuntime 0] cpu=8 fully_faulted?=0 remaining=134217728 bytes
[SiloRuntime 0] cpu=9 fully_faulted?=0 remaining=134217728 bytes
[SiloRuntime 0] cpu=10 fully_faulted?=0 remaining=134217728 bytes
[SiloRuntime 0] cpu=11 fully_faulted?=0 remaining=134217728 bytes
[SiloRuntime 0] cpu=12 fully_faulted?=0 remaining=134217728 bytes
[SiloRuntime 0] cpu=13 fully_faulted?=0 remaining=134217728 bytes
[SiloRuntime 0] cpu=14 fully_faulted?=0 remaining=134217728 bytes
[SiloRuntime 0] cpu=15 fully_faulted?=0 remaining=134217728 bytes
---------------------------------------
--- system counters for n_commits ---
[STOP_SERVER] Stopping 0 server transports
[STOP_SERVER] All server transports stopped
