20260909-06:48.45-374494(us) 2337813 * ParseNewFormat  (configuration.cc:102): Using new configuration format
20260909-06:48.45-374611(us) 2337813 * ParseNewFormat  (configuration.cc:162): Loaded 1 sites in 1 shards
20260909-06:48.45-374639(us) 2337813 * handle_new_config_format (dbtest.cc:368):    Site local_s0: shard=0, replica_idx=0, is_leader=1, cluster=localhost
STO_TPCC_NATIVE_ALLOCATOR configured_bytes=2147483648 scope=native_only rust_heap_excluded=1
SiloRuntime[0]::InitializeAllocator()
  hugepgsize: 2097152
  mmap() region [0x7a320fa00000, 0x7a328fc00000)
  runtime0 cpu0 owns [0x7a320fa00000, 0x7a3217a00000)
  runtime0 cpu1 owns [0x7a3217a00000, 0x7a321fa00000)
  runtime0 cpu2 owns [0x7a321fa00000, 0x7a3227a00000)
  runtime0 cpu3 owns [0x7a3227a00000, 0x7a322fa00000)
  runtime0 cpu4 owns [0x7a322fa00000, 0x7a3237a00000)
  runtime0 cpu5 owns [0x7a3237a00000, 0x7a323fa00000)
  runtime0 cpu6 owns [0x7a323fa00000, 0x7a3247a00000)
  runtime0 cpu7 owns [0x7a3247a00000, 0x7a324fa00000)
  runtime0 cpu8 owns [0x7a324fa00000, 0x7a3257a00000)
  runtime0 cpu9 owns [0x7a3257a00000, 0x7a325fa00000)
  runtime0 cpu10 owns [0x7a325fa00000, 0x7a3267a00000)
  runtime0 cpu11 owns [0x7a3267a00000, 0x7a326fa00000)
  runtime0 cpu12 owns [0x7a326fa00000, 0x7a3277a00000)
  runtime0 cpu13 owns [0x7a3277a00000, 0x7a327fa00000)
  runtime0 cpu14 owns [0x7a327fa00000, 0x7a3287a00000)
  runtime0 cpu15 owns [0x7a3287a00000, 0x7a328fa00000)
Database Benchmark:
  pid: 2337813
settings:
  num-cpus    : 128
  num-threads : 16
  shardIndex  : 0
  paxos_proc_name  : localhost
  nshards     : 1
  is_micro    : 0
  is_replicated : 0
  storage_engine : rust
  var-encode  : yes
  allocator   : jemalloc
system properties:
  tuple_prefetch          : no
  btree_node_prefetch     : yes
tpcc settings:
  cross_partition_transactions : 1
  read_only_snapshots          : 1
  partition_locks              : 0
  separate_tree_per_partition  : 1
  new_order_remote_item_pct    : 1
  new_order_fast_id_gen        : 1
  uniform_item_dist            : 0
  order_status_scan_hack       : 0
  workload_mix                 : [45, 43, 4, 4, 4]
20260909-06:48.45-393404(us) 2337813 * ParseNewFormat  (configuration.cc:102): Using new configuration format
20260909-06:48.45-393485(us) 2337813 * ParseNewFormat  (configuration.cc:162): Loaded 1 sites in 1 shards
20260909-06:48.45-393849(us) 2337813 * Initialize      (srpc_rpc_backend.cc:66): SrpcRpcBackend::Initialize: poll_thread_worker_ created, is_some=1
20260909-06:48.45-393948(us) 2337813 * ParseNewFormat  (configuration.cc:102): Using new configuration format
20260909-06:48.45-394036(us) 2337813 * Initialize      (srpc_rpc_backend.cc:97): SrpcRpcBackend initialized on 127.0.0.1:31021 (listening on 0.0.0.0:31021)
20260909-06:48.45-394066(us) 2337813 * FastTransport   (fasttransport.cc:147): FastTransport initialized with srpc/rpc backend on 127.0.0.1:31021
20260909-06:48.45-394089(us) 2337813 * RunEventLoop    (srpc_rpc_backend.cc:516): SrpcRpcBackend::RunEventLoop: Starting event loop
20260909-06:48.45-394122(us) 2337813 * ParseNewFormat  (configuration.cc:162): Loaded 1 sites in 1 shards
20260909-06:48.45-394486(us) 2337813 * Initialize      (srpc_rpc_backend.cc:66): SrpcRpcBackend::Initialize: poll_thread_worker_ created, is_some=1
20260909-06:48.45-394616(us) 2337813 * Initialize      (srpc_rpc_backend.cc:97): SrpcRpcBackend initialized on 127.0.0.1:31022 (listening on 0.0.0.0:31022)
20260909-06:48.45-394640(us) 2337813 * FastTransport   (fasttransport.cc:147): FastTransport initialized with srpc/rpc backend on 127.0.0.1:31022
20260909-06:48.45-394663(us) 2337813 * RunEventLoop    (srpc_rpc_backend.cc:516): SrpcRpcBackend::RunEventLoop: Starting event loop
20260909-06:48.45-396986(us) 2337813 ! run             (bench.cc:537):     # of loaders size:6
20260909-06:48.45-398235(us) 2337813 * benchmark_thread_init (mbta_wrapper.hh:1811): thread_init: thread_id=0, shard_index=0, getShardIndex=0, loader=1
20260909-06:48.45-398590(us) 2337813 * benchmark_thread_init (mbta_wrapper.hh:1811): thread_init: thread_id=1, shard_index=0, getShardIndex=0, loader=1
20260909-06:48.45-398626(us) 2337813 * benchmark_thread_init (mbta_wrapper.hh:1811): thread_init: thread_id=2, shard_index=0, getShardIndex=0, loader=1
20260909-06:48.45-398682(us) 2337813 * benchmark_thread_init (mbta_wrapper.hh:1811): thread_init: thread_id=3, shard_index=0, getShardIndex=0, loader=1
20260909-06:48.45-399066(us) 2337813 * benchmark_thread_init (mbta_wrapper.hh:1811): thread_init: thread_id=4, shard_index=0, getShardIndex=0, loader=1
PinToWarehouseId(): coreid=4 pinned to whse=1 (partid=0)
PinToWarehouseId(): coreid=3 pinned to whse=1 (partid=0)20260909-06:48.45-399227(us) 2337813 * benchmark_thread_init (mbta_wrapper.hh:1811): thread_init: thread_id=5, shard_index=0, getShardIndex=0, loader=1

num batches: 30
PinToWarehouseId(): coreid=5 pinned to whse=1 (partid=0)
PinToWarehouseId(): coreid=4 pinned to whse=2 (partid=1)
PinToWarehouseId(): coreid=6 pinned to whse=1 (partid=0)
PinToWarehouseId(): coreid=4 pinned to whse=3 (partid=2)
PinToWarehouseId(): coreid=4 pinned to whse=4 (partid=3)
PinToWarehouseId(): coreid=4 pinned to whse=5 (partid=4)
PinToWarehouseId(): coreid=4 pinned to whse=6 (partid=5)
PinToWarehouseId(): coreid=4 pinned to whse=7 (partid=6)
PinToWarehouseId(): coreid=4 pinned to whse=8 (partid=7)
PinToWarehouseId(): coreid=4 pinned to whse=9 (partid=8)
PinToWarehouseId(): coreid=4 pinned to whse=10 (partid=9)
PinToWarehouseId(): coreid=4 pinned to whse=11 (partid=10)
PinToWarehouseId(): coreid=4 pinned to whse=12 (partid=11)
PinToWarehouseId(): coreid=4 pinned to whse=13 (partid=12)
PinToWarehouseId(): coreid=4 pinned to whse=14 (partid=13)
PinToWarehouseId(): coreid=4 pinned to whse=15 (partid=14)
[INFO] finished loading warehouse
[INFO]   * average warehouse record length: 97 bytes
PinToWarehouseId(): coreid=4 pinned to whse=16 (partid=15)
[INFO] finished loading district
[INFO]   * average district record length: 99 bytes
[INFO] finished loading item
[INFO]   * average item record length: 84.1739 bytes
PinToWarehouseId(): coreid=6 pinned to whse=2 (partid=1)
PinToWarehouseId(): coreid=5 pinned to whse=2 (partid=1)
PinToWarehouseId(): coreid=6 pinned to whse=3 (partid=2)
PinToWarehouseId(): coreid=5 pinned to whse=3 (partid=2)
PinToWarehouseId(): coreid=6 pinned to whse=4 (partid=3)
PinToWarehouseId(): coreid=6 pinned to whse=5 (partid=4)
PinToWarehouseId(): coreid=5 pinned to whse=4 (partid=3)
PinToWarehouseId(): coreid=3 pinned to whse=2 (partid=1)
PinToWarehouseId(): coreid=6 pinned to whse=6 (partid=5)
PinToWarehouseId(): coreid=5 pinned to whse=5 (partid=4)
PinToWarehouseId(): coreid=6 pinned to whse=7 (partid=6)
PinToWarehouseId(): coreid=6 pinned to whse=8 (partid=7)
PinToWarehouseId(): coreid=5 pinned to whse=6 (partid=5)
PinToWarehouseId(): coreid=6 pinned to whse=9 (partid=8)
PinToWarehouseId(): coreid=5 pinned to whse=7 (partid=6)
PinToWarehouseId(): coreid=6 pinned to whse=10 (partid=9)
PinToWarehouseId(): coreid=3 pinned to whse=3 (partid=2)
PinToWarehouseId(): coreid=6 pinned to whse=11 (partid=10)
PinToWarehouseId(): coreid=5 pinned to whse=8 (partid=7)
PinToWarehouseId(): coreid=6 pinned to whse=12 (partid=11)
PinToWarehouseId(): coreid=5 pinned to whse=9 (partid=8)
PinToWarehouseId(): coreid=6 pinned to whse=13 (partid=12)
PinToWarehouseId(): coreid=6 pinned to whse=14 (partid=13)
PinToWarehouseId(): coreid=5 pinned to whse=10 (partid=9)
PinToWarehouseId(): coreid=6 pinned to whse=15 (partid=14)
PinToWarehouseId(): coreid=3 pinned to whse=4 (partid=3)
PinToWarehouseId(): coreid=5 pinned to whse=11 (partid=10)
PinToWarehouseId(): coreid=6 pinned to whse=16 (partid=15)
[INFO] finished loading order
[INFO]   * average order_line record length: 11.2927 bytes
[INFO]   * average oorder record length: 7.9446 bytes
[INFO]   * average new_order record length: 12 bytes
PinToWarehouseId(): coreid=5 pinned to whse=12 (partid=11)
PinToWarehouseId(): coreid=5 pinned to whse=13 (partid=12)
PinToWarehouseId(): coreid=3 pinned to whse=5 (partid=4)
PinToWarehouseId(): coreid=5 pinned to whse=14 (partid=13)
PinToWarehouseId(): coreid=5 pinned to whse=15 (partid=14)
PinToWarehouseId(): coreid=5 pinned to whse=16 (partid=15)
[INFO] finished loading customer
[INFO]   * average customer record length: 153.983 bytes 
PinToWarehouseId(): coreid=3 pinned to whse=6 (partid=5)
PinToWarehouseId(): coreid=3 pinned to whse=7 (partid=6)
PinToWarehouseId(): coreid=3 pinned to whse=8 (partid=7)
PinToWarehouseId(): coreid=3 pinned to whse=9 (partid=8)
PinToWarehouseId(): coreid=3 pinned to whse=10 (partid=9)
PinToWarehouseId(): coreid=3 pinned to whse=11 (partid=10)
PinToWarehouseId(): coreid=3 pinned to whse=12 (partid=11)
PinToWarehouseId(): coreid=3 pinned to whse=13 (partid=12)
PinToWarehouseId(): coreid=3 pinned to whse=14 (partid=13)
PinToWarehouseId(): coreid=3 pinned to whse=15 (partid=14)
PinToWarehouseId(): coreid=3 pinned to whse=16 (partid=15)
[INFO] finished loading stock
[INFO]   * average stock record length: 8 bytes
timed region dataloading took 21828.5 ms
DB size: 2396.64 MB
[0, 0, 0] txns persisted in loading phase
20260909-06:49.07-225591(us) 2337813 ! run             (bench.cc:607):     # of nthreads:16
starting benchmark...
STO_TPCC_CAPACITY phase=load_complete scope=database allocated_registry_bytes=1012510984 max_registry_bytes=8589934592 registry_headroom_bytes=7577423608
STO_TPCC_CAPACITY phase=load_complete table=customer_0 retained_records=90000 consumed_record_ids=90000 retained_key_bytes=1080000 allocated_registry_bytes=17856776 max_retained_records=18446744073709551615 max_consumed_record_ids=18446744073709551615 max_retained_key_bytes=18446744073709551615
STO_TPCC_CAPACITY phase=load_complete table=customer_1 retained_records=90000 consumed_record_ids=90000 retained_key_bytes=1080000 allocated_registry_bytes=17856776 max_retained_records=18446744073709551615 max_consumed_record_ids=18446744073709551615 max_retained_key_bytes=18446744073709551615
STO_TPCC_CAPACITY phase=load_complete table=customer_2 retained_records=90000 consumed_record_ids=90000 retained_key_bytes=1080000 allocated_registry_bytes=17856776 max_retained_records=18446744073709551615 max_consumed_record_ids=18446744073709551615 max_retained_key_bytes=18446744073709551615
STO_TPCC_CAPACITY phase=load_complete table=customer_3 retained_records=90000 consumed_record_ids=90000 retained_key_bytes=1080000 allocated_registry_bytes=17856776 max_retained_records=18446744073709551615 max_consumed_record_ids=18446744073709551615 max_retained_key_bytes=18446744073709551615
STO_TPCC_CAPACITY phase=load_complete table=customer_4 retained_records=90000 consumed_record_ids=90000 retained_key_bytes=1080000 allocated_registry_bytes=17856776 max_retained_records=18446744073709551615 max_consumed_record_ids=18446744073709551615 max_retained_key_bytes=18446744073709551615
STO_TPCC_CAPACITY phase=load_complete table=customer_5 retained_records=90000 consumed_record_ids=90000 retained_key_bytes=1080000 allocated_registry_bytes=17856776 max_retained_records=18446744073709551615 max_consumed_record_ids=18446744073709551615 max_retained_key_bytes=18446744073709551615
STO_TPCC_CAPACITY phase=load_complete table=customer_6 retained_records=90000 consumed_record_ids=90000 retained_key_bytes=1080000 allocated_registry_bytes=17856776 max_retained_records=18446744073709551615 max_consumed_record_ids=18446744073709551615 max_retained_key_bytes=18446744073709551615
STO_TPCC_CAPACITY phase=load_complete table=customer_7 retained_records=90000 consumed_record_ids=90000 retained_key_bytes=1080000 allocated_registry_bytes=17856776 max_retained_records=18446744073709551615 max_consumed_record_ids=18446744073709551615 max_retained_key_bytes=18446744073709551615
STO_TPCC_CAPACITY phase=load_complete table=customer_8 retained_records=90000 consumed_record_ids=90000 retained_key_bytes=1080000 allocated_registry_bytes=17856776 max_retained_records=18446744073709551615 max_consumed_record_ids=18446744073709551615 max_retained_key_bytes=18446744073709551615
STO_TPCC_CAPACITY phase=load_complete table=customer_9 retained_records=90000 consumed_record_ids=90000 retained_key_bytes=1080000 allocated_registry_bytes=17856776 max_retained_records=18446744073709551615 max_consumed_record_ids=18446744073709551615 max_retained_key_bytes=18446744073709551615
STO_TPCC_CAPACITY phase=load_complete table=customer_10 retained_records=90000 consumed_record_ids=90000 retained_key_bytes=1080000 allocated_registry_bytes=17856776 max_retained_records=18446744073709551615 max_consumed_record_ids=18446744073709551615 max_retained_key_bytes=18446744073709551615
STO_TPCC_CAPACITY phase=load_complete table=customer_11 retained_records=90000 consumed_record_ids=90000 retained_key_bytes=1080000 allocated_registry_bytes=17856776 max_retained_records=18446744073709551615 max_consumed_record_ids=18446744073709551615 max_retained_key_bytes=18446744073709551615
STO_TPCC_CAPACITY phase=load_complete table=customer_12 retained_records=90000 consumed_record_ids=90000 retained_key_bytes=1080000 allocated_registry_bytes=17856776 max_retained_records=18446744073709551615 max_consumed_record_ids=18446744073709551615 max_retained_key_bytes=18446744073709551615
STO_TPCC_CAPACITY phase=load_complete table=customer_13 retained_records=90000 consumed_record_ids=90000 retained_key_bytes=1080000 allocated_registry_bytes=17856776 max_retained_records=18446744073709551615 max_consumed_record_ids=18446744073709551615 max_retained_key_bytes=18446744073709551615
STO_TPCC_CAPACITY phase=load_complete table=customer_14 retained_records=90000 consumed_record_ids=90000 retained_key_bytes=1080000 allocated_registry_bytes=17856776 max_retained_records=18446744073709551615 max_consumed_record_ids=18446744073709551615 max_retained_key_bytes=18446744073709551615
STO_TPCC_CAPACITY phase=load_complete table=customer_15 retained_records=90000 consumed_record_ids=90000 retained_key_bytes=1080000 allocated_registry_bytes=17856776 max_retained_records=18446744073709551615 max_consumed_record_ids=18446744073709551615 max_retained_key_bytes=18446744073709551615
STO_TPCC_CAPACITY phase=load_complete table=customer_name_idx_0 retained_records=30000 consumed_record_ids=30000 retained_key_bytes=1200000 allocated_registry_bytes=2156376 max_retained_records=18446744073709551615 max_consumed_record_ids=18446744073709551615 max_retained_key_bytes=18446744073709551615
STO_TPCC_CAPACITY phase=load_complete table=customer_name_idx_1 retained_records=30000 consumed_record_ids=30000 retained_key_bytes=1200000 allocated_registry_bytes=2156376 max_retained_records=18446744073709551615 max_consumed_record_ids=18446744073709551615 max_retained_key_bytes=18446744073709551615
STO_TPCC_CAPACITY phase=load_complete table=customer_name_idx_2 retained_records=30000 consumed_record_ids=30000 retained_key_bytes=1200000 allocated_registry_bytes=2156376 max_retained_records=18446744073709551615 max_consumed_record_ids=18446744073709551615 max_retained_key_bytes=18446744073709551615
STO_TPCC_CAPACITY phase=load_complete table=customer_name_idx_3 retained_records=30000 consumed_record_ids=30000 retained_key_bytes=1200000 allocated_registry_bytes=2156376 max_retained_records=18446744073709551615 max_consumed_record_ids=18446744073709551615 max_retained_key_bytes=18446744073709551615
STO_TPCC_CAPACITY phase=load_complete table=customer_name_idx_4 retained_records=30000 consumed_record_ids=30000 retained_key_bytes=1200000 allocated_registry_bytes=2156376 max_retained_records=18446744073709551615 max_consumed_record_ids=18446744073709551615 max_retained_key_bytes=18446744073709551615
STO_TPCC_CAPACITY phase=load_complete table=customer_name_idx_5 retained_records=30000 consumed_record_ids=30000 retained_key_bytes=1200000 allocated_registry_bytes=2156376 max_retained_records=18446744073709551615 max_consumed_record_ids=18446744073709551615 max_retained_key_bytes=18446744073709551615
STO_TPCC_CAPACITY phase=load_complete table=customer_name_idx_6 retained_records=30000 consumed_record_ids=30000 retained_key_bytes=1200000 allocated_registry_bytes=2156376 max_retained_records=18446744073709551615 max_consumed_record_ids=18446744073709551615 max_retained_key_bytes=18446744073709551615
STO_TPCC_CAPACITY phase=load_complete table=customer_name_idx_7 retained_records=30000 consumed_record_ids=30000 retained_key_bytes=1200000 allocated_registry_bytes=2156376 max_retained_records=18446744073709551615 max_consumed_record_ids=18446744073709551615 max_retained_key_bytes=18446744073709551615
STO_TPCC_CAPACITY phase=load_complete table=customer_name_idx_8 retained_records=30000 consumed_record_ids=30000 retained_key_bytes=1200000 allocated_registry_bytes=2156376 max_retained_records=18446744073709551615 max_consumed_record_ids=18446744073709551615 max_retained_key_bytes=18446744073709551615
STO_TPCC_CAPACITY phase=load_complete table=customer_name_idx_9 retained_records=30000 consumed_record_ids=30000 retained_key_bytes=1200000 allocated_registry_bytes=2156376 max_retained_records=18446744073709551615 max_consumed_record_ids=18446744073709551615 max_retained_key_bytes=18446744073709551615
STO_TPCC_CAPACITY phase=load_complete table=customer_name_idx_10 retained_records=30000 consumed_record_ids=30000 retained_key_bytes=1200000 allocated_registry_bytes=2156376 max_retained_records=18446744073709551615 max_consumed_record_ids=18446744073709551615 max_retained_key_bytes=18446744073709551615
STO_TPCC_CAPACITY phase=load_complete table=customer_name_idx_11 retained_records=30000 consumed_record_ids=30000 retained_key_bytes=1200000 allocated_registry_bytes=2156376 max_retained_records=18446744073709551615 max_consumed_record_ids=18446744073709551615 max_retained_key_bytes=18446744073709551615
STO_TPCC_CAPACITY phase=load_complete table=customer_name_idx_12 retained_records=30000 consumed_record_ids=30000 retained_key_bytes=1200000 allocated_registry_bytes=2156376 max_retained_records=18446744073709551615 max_consumed_record_ids=18446744073709551615 max_retained_key_bytes=18446744073709551615
STO_TPCC_CAPACITY phase=load_complete table=customer_name_idx_13 retained_records=30000 consumed_record_ids=30000 retained_key_bytes=1200000 allocated_registry_bytes=2156376 max_retained_records=18446744073709551615 max_consumed_record_ids=18446744073709551615 max_retained_key_bytes=18446744073709551615
STO_TPCC_CAPACITY phase=load_complete table=customer_name_idx_14 retained_records=30000 consumed_record_ids=30000 retained_key_bytes=1200000 allocated_registry_bytes=2156376 max_retained_records=18446744073709551615 max_consumed_record_ids=18446744073709551615 max_retained_key_bytes=18446744073709551615
STO_TPCC_CAPACITY phase=load_complete table=customer_name_idx_15 retained_records=30000 consumed_record_ids=30000 retained_key_bytes=1200000 allocated_registry_bytes=2156376 max_retained_records=18446744073709551615 max_consumed_record_ids=18446744073709551615 max_retained_key_bytes=18446744073709551615
STO_TPCC_CAPACITY phase=load_complete table=district_0 retained_records=10 consumed_record_ids=10 retained_key_bytes=80 allocated_registry_bytes=205424 max_retained_records=18446744073709551615 max_consumed_record_ids=18446744073709551615 max_retained_key_bytes=18446744073709551615
STO_TPCC_CAPACITY phase=load_complete table=district_1 retained_records=10 consumed_record_ids=10 retained_key_bytes=80 allocated_registry_bytes=205424 max_retained_records=18446744073709551615 max_consumed_record_ids=18446744073709551615 max_retained_key_bytes=18446744073709551615
STO_TPCC_CAPACITY phase=load_complete table=district_2 retained_records=10 consumed_record_ids=10 retained_key_bytes=80 allocated_registry_bytes=205424 max_retained_records=18446744073709551615 max_consumed_record_ids=18446744073709551615 max_retained_key_bytes=18446744073709551615
STO_TPCC_CAPACITY phase=load_complete table=district_3 retained_records=10 consumed_record_ids=10 retained_key_bytes=80 allocated_registry_bytes=205424 max_retained_records=18446744073709551615 max_consumed_record_ids=18446744073709551615 max_retained_key_bytes=18446744073709551615
STO_TPCC_CAPACITY phase=load_complete table=district_4 retained_records=10 consumed_record_ids=10 retained_key_bytes=80 allocated_registry_bytes=205424 max_retained_records=18446744073709551615 max_consumed_record_ids=18446744073709551615 max_retained_key_bytes=18446744073709551615
STO_TPCC_CAPACITY phase=load_complete table=district_5 retained_records=10 consumed_record_ids=10 retained_key_bytes=80 allocated_registry_bytes=205424 max_retained_records=18446744073709551615 max_consumed_record_ids=18446744073709551615 max_retained_key_bytes=18446744073709551615
STO_TPCC_CAPACITY phase=load_complete table=district_6 retained_records=10 consumed_record_ids=10 retained_key_bytes=80 allocated_registry_bytes=205424 max_retained_records=18446744073709551615 max_consumed_record_ids=18446744073709551615 max_retained_key_bytes=18446744073709551615
STO_TPCC_CAPACITY phase=load_complete table=district_7 retained_records=10 consumed_record_ids=10 retained_key_bytes=80 allocated_registry_bytes=205424 max_retained_records=18446744073709551615 max_consumed_record_ids=18446744073709551615 max_retained_key_bytes=18446744073709551615
STO_TPCC_CAPACITY phase=load_complete table=district_8 retained_records=10 consumed_record_ids=10 retained_key_bytes=80 allocated_registry_bytes=205424 max_retained_records=18446744073709551615 max_consumed_record_ids=18446744073709551615 max_retained_key_bytes=18446744073709551615
STO_TPCC_CAPACITY phase=load_complete table=district_9 retained_records=10 consumed_record_ids=10 retained_key_bytes=80 allocated_registry_bytes=205424 max_retained_records=18446744073709551615 max_consumed_record_ids=18446744073709551615 max_retained_key_bytes=18446744073709551615
STO_TPCC_CAPACITY phase=load_complete table=district_10 retained_records=10 consumed_record_ids=10 retained_key_bytes=80 allocated_registry_bytes=205424 max_retained_records=18446744073709551615 max_consumed_record_ids=18446744073709551615 max_retained_key_bytes=18446744073709551615
STO_TPCC_CAPACITY phase=load_complete table=district_11 retained_records=10 consumed_record_ids=10 retained_key_bytes=80 allocated_registry_bytes=205424 max_retained_records=18446744073709551615 max_consumed_record_ids=18446744073709551615 max_retained_key_bytes=18446744073709551615
STO_TPCC_CAPACITY phase=load_complete table=district_12 retained_records=10 consumed_record_ids=10 retained_key_bytes=80 allocated_registry_bytes=205424 max_retained_records=18446744073709551615 max_consumed_record_ids=18446744073709551615 max_retained_key_bytes=18446744073709551615
STO_TPCC_CAPACITY phase=load_complete table=district_13 retained_records=10 consumed_record_ids=10 retained_key_bytes=80 allocated_registry_bytes=205424 max_retained_records=18446744073709551615 max_consumed_record_ids=18446744073709551615 max_retained_key_bytes=18446744073709551615
STO_TPCC_CAPACITY phase=load_complete table=district_14 retained_records=10 consumed_record_ids=10 retained_key_bytes=80 allocated_registry_bytes=205424 max_retained_records=18446744073709551615 max_consumed_record_ids=18446744073709551615 max_retained_key_bytes=18446744073709551615
STO_TPCC_CAPACITY phase=load_complete table=district_15 retained_records=10 consumed_record_ids=10 retained_key_bytes=80 allocated_registry_bytes=205424 max_retained_records=18446744073709551615 max_consumed_record_ids=18446744073709551615 max_retained_key_bytes=18446744073709551615
STO_TPCC_CAPACITY phase=load_complete table=history_0 retained_records=30000 consumed_record_ids=30000 retained_key_bytes=720000 allocated_registry_bytes=2156376 max_retained_records=18446744073709551615 max_consumed_record_ids=18446744073709551615 max_retained_key_bytes=18446744073709551615
STO_TPCC_CAPACITY phase=load_complete table=history_1 retained_records=30000 consumed_record_ids=30000 retained_key_bytes=720000 allocated_registry_bytes=2156376 max_retained_records=18446744073709551615 max_consumed_record_ids=18446744073709551615 max_retained_key_bytes=18446744073709551615
STO_TPCC_CAPACITY phase=load_complete table=history_2 retained_records=30000 consumed_record_ids=30000 retained_key_bytes=720000 allocated_registry_bytes=2156376 max_retained_records=18446744073709551615 max_consumed_record_ids=18446744073709551615 max_retained_key_bytes=18446744073709551615
STO_TPCC_CAPACITY phase=load_complete table=history_3 retained_records=30000 consumed_record_ids=30000 retained_key_bytes=720000 allocated_registry_bytes=2156376 max_retained_records=18446744073709551615 max_consumed_record_ids=18446744073709551615 max_retained_key_bytes=18446744073709551615
STO_TPCC_CAPACITY phase=load_complete table=history_4 retained_records=30000 consumed_record_ids=30000 retained_key_bytes=720000 allocated_registry_bytes=2156376 max_retained_records=18446744073709551615 max_consumed_record_ids=18446744073709551615 max_retained_key_bytes=18446744073709551615
STO_TPCC_CAPACITY phase=load_complete table=history_5 retained_records=30000 consumed_record_ids=30000 retained_key_bytes=720000 allocated_registry_bytes=2156376 max_retained_records=18446744073709551615 max_consumed_record_ids=18446744073709551615 max_retained_key_bytes=18446744073709551615
STO_TPCC_CAPACITY phase=load_complete table=history_6 retained_records=30000 consumed_record_ids=30000 retained_key_bytes=720000 allocated_registry_bytes=2156376 max_retained_records=18446744073709551615 max_consumed_record_ids=18446744073709551615 max_retained_key_bytes=18446744073709551615
STO_TPCC_CAPACITY phase=load_complete table=history_7 retained_records=30000 consumed_record_ids=30000 retained_key_bytes=720000 allocated_registry_bytes=2156376 max_retained_records=18446744073709551615 max_consumed_record_ids=18446744073709551615 max_retained_key_bytes=18446744073709551615
STO_TPCC_CAPACITY phase=load_complete table=history_8 retained_records=30000 consumed_record_ids=30000 retained_key_bytes=720000 allocated_registry_bytes=2156376 max_retained_records=18446744073709551615 max_consumed_record_ids=18446744073709551615 max_retained_key_bytes=18446744073709551615
STO_TPCC_CAPACITY phase=load_complete table=history_9 retained_records=30000 consumed_record_ids=30000 retained_key_bytes=720000 allocated_registry_bytes=2156376 max_retained_records=18446744073709551615 max_consumed_record_ids=18446744073709551615 max_retained_key_bytes=18446744073709551615
STO_TPCC_CAPACITY phase=load_complete table=history_10 retained_records=30000 consumed_record_ids=30000 retained_key_bytes=720000 allocated_registry_bytes=2156376 max_retained_records=18446744073709551615 max_consumed_record_ids=18446744073709551615 max_retained_key_bytes=18446744073709551615
STO_TPCC_CAPACITY phase=load_complete table=history_11 retained_records=30000 consumed_record_ids=30000 retained_key_bytes=720000 allocated_registry_bytes=2156376 max_retained_records=18446744073709551615 max_consumed_record_ids=18446744073709551615 max_retained_key_bytes=18446744073709551615
STO_TPCC_CAPACITY phase=load_complete table=history_12 retained_records=30000 consumed_record_ids=30000 retained_key_bytes=720000 allocated_registry_bytes=2156376 max_retained_records=18446744073709551615 max_consumed_record_ids=18446744073709551615 max_retained_key_bytes=18446744073709551615
STO_TPCC_CAPACITY phase=load_complete table=history_13 retained_records=30000 consumed_record_ids=30000 retained_key_bytes=720000 allocated_registry_bytes=2156376 max_retained_records=18446744073709551615 max_consumed_record_ids=18446744073709551615 max_retained_key_bytes=18446744073709551615
STO_TPCC_CAPACITY phase=load_complete table=history_14 retained_records=30000 consumed_record_ids=30000 retained_key_bytes=720000 allocated_registry_bytes=2156376 max_retained_records=18446744073709551615 max_consumed_record_ids=18446744073709551615 max_retained_key_bytes=18446744073709551615
STO_TPCC_CAPACITY phase=load_complete table=history_15 retained_records=30000 consumed_record_ids=30000 retained_key_bytes=720000 allocated_registry_bytes=2156376 max_retained_records=18446744073709551615 max_consumed_record_ids=18446744073709551615 max_retained_key_bytes=18446744073709551615
STO_TPCC_CAPACITY phase=load_complete table=new_order_0 retained_records=9000 consumed_record_ids=9000 retained_key_bytes=108000 allocated_registry_bytes=649024 max_retained_records=18446744073709551615 max_consumed_record_ids=18446744073709551615 max_retained_key_bytes=18446744073709551615
STO_TPCC_CAPACITY phase=load_complete table=new_order_1 retained_records=9000 consumed_record_ids=9000 retained_key_bytes=108000 allocated_registry_bytes=649024 max_retained_records=18446744073709551615 max_consumed_record_ids=18446744073709551615 max_retained_key_bytes=18446744073709551615
STO_TPCC_CAPACITY phase=load_complete table=new_order_2 retained_records=9000 consumed_record_ids=9000 retained_key_bytes=108000 allocated_registry_bytes=649024 max_retained_records=18446744073709551615 max_consumed_record_ids=18446744073709551615 max_retained_key_bytes=18446744073709551615
STO_TPCC_CAPACITY phase=load_complete table=new_order_3 retained_records=9000 consumed_record_ids=9000 retained_key_bytes=108000 allocated_registry_bytes=649024 max_retained_records=18446744073709551615 max_consumed_record_ids=18446744073709551615 max_retained_key_bytes=18446744073709551615
STO_TPCC_CAPACITY phase=load_complete table=new_order_4 retained_records=9000 consumed_record_ids=9000 retained_key_bytes=108000 allocated_registry_bytes=649024 max_retained_records=18446744073709551615 max_consumed_record_ids=18446744073709551615 max_retained_key_bytes=18446744073709551615
STO_TPCC_CAPACITY phase=load_complete table=new_order_5 retained_records=9000 consumed_record_ids=9000 retained_key_bytes=108000 allocated_registry_bytes=649024 max_retained_records=18446744073709551615 max_consumed_record_ids=18446744073709551615 max_retained_key_bytes=18446744073709551615
STO_TPCC_CAPACITY phase=load_complete table=new_order_6 retained_records=9000 consumed_record_ids=9000 retained_key_bytes=108000 allocated_registry_bytes=649024 max_retained_records=18446744073709551615 max_consumed_record_ids=18446744073709551615 max_retained_key_bytes=18446744073709551615
STO_TPCC_CAPACITY phase=load_complete table=new_order_7 retained_records=9000 consumed_record_ids=9000 retained_key_bytes=108000 allocated_registry_bytes=649024 max_retained_records=18446744073709551615 max_consumed_record_ids=18446744073709551615 max_retained_key_bytes=18446744073709551615
STO_TPCC_CAPACITY phase=load_complete table=new_order_8 retained_records=9000 consumed_record_ids=9000 retained_key_bytes=108000 allocated_registry_bytes=649024 max_retained_records=18446744073709551615 max_consumed_record_ids=18446744073709551615 max_retained_key_bytes=18446744073709551615
STO_TPCC_CAPACITY phase=load_complete table=new_order_9 retained_records=9000 consumed_record_ids=9000 retained_key_bytes=108000 allocated_registry_bytes=649024 max_retained_records=18446744073709551615 max_consumed_record_ids=18446744073709551615 max_retained_key_bytes=18446744073709551615
STO_TPCC_CAPACITY phase=load_complete table=new_order_10 retained_records=9000 consumed_record_ids=9000 retained_key_bytes=108000 allocated_registry_bytes=649024 max_retained_records=18446744073709551615 max_consumed_record_ids=18446744073709551615 max_retained_key_bytes=18446744073709551615
STO_TPCC_CAPACITY phase=load_complete table=new_order_11 retained_records=9000 consumed_record_ids=9000 retained_key_bytes=108000 allocated_registry_bytes=649024 max_retained_records=18446744073709551615 max_consumed_record_ids=18446744073709551615 max_retained_key_bytes=18446744073709551615
STO_TPCC_CAPACITY phase=load_complete table=new_order_12 retained_records=9000 consumed_record_ids=9000 retained_key_bytes=108000 allocated_registry_bytes=649024 max_retained_records=18446744073709551615 max_consumed_record_ids=18446744073709551615 max_retained_key_bytes=18446744073709551615
STO_TPCC_CAPACITY phase=load_complete table=new_order_13 retained_records=9000 consumed_record_ids=9000 retained_key_bytes=108000 allocated_registry_bytes=649024 max_retained_records=18446744073709551615 max_consumed_record_ids=18446744073709551615 max_retained_key_bytes=18446744073709551615
STO_TPCC_CAPACITY phase=load_complete table=new_order_14 retained_records=9000 consumed_record_ids=9000 retained_key_bytes=108000 allocated_registry_bytes=649024 max_retained_records=18446744073709551615 max_consumed_record_ids=18446744073709551615 max_retained_key_bytes=18446744073709551615
STO_TPCC_CAPACITY phase=load_complete table=new_order_15 retained_records=9000 consumed_record_ids=9000 retained_key_bytes=108000 allocated_registry_bytes=649024 max_retained_records=18446744073709551615 max_consumed_record_ids=18446744073709551615 max_retained_key_bytes=18446744073709551615
STO_TPCC_CAPACITY phase=load_complete table=oorder_0 retained_records=30000 consumed_record_ids=30000 retained_key_bytes=360000 allocated_registry_bytes=2156376 max_retained_records=18446744073709551615 max_consumed_record_ids=18446744073709551615 max_retained_key_bytes=18446744073709551615
STO_TPCC_CAPACITY phase=load_complete table=oorder_1 retained_records=30000 consumed_record_ids=30000 retained_key_bytes=360000 allocated_registry_bytes=2156376 max_retained_records=18446744073709551615 max_consumed_record_ids=18446744073709551615 max_retained_key_bytes=18446744073709551615
STO_TPCC_CAPACITY phase=load_complete table=oorder_2 retained_records=30000 consumed_record_ids=30000 retained_key_bytes=360000 allocated_registry_bytes=2156376 max_retained_records=18446744073709551615 max_consumed_record_ids=18446744073709551615 max_retained_key_bytes=18446744073709551615
STO_TPCC_CAPACITY phase=load_complete table=oorder_3 retained_records=30000 consumed_record_ids=30000 retained_key_bytes=360000 allocated_registry_bytes=2156376 max_retained_records=18446744073709551615 max_consumed_record_ids=18446744073709551615 max_retained_key_bytes=18446744073709551615
STO_TPCC_CAPACITY phase=load_complete table=oorder_4 retained_records=30000 consumed_record_ids=30000 retained_key_bytes=360000 allocated_registry_bytes=2156376 max_retained_records=18446744073709551615 max_consumed_record_ids=18446744073709551615 max_retained_key_bytes=18446744073709551615
STO_TPCC_CAPACITY phase=load_complete table=oorder_5 retained_records=30000 consumed_record_ids=30000 retained_key_bytes=360000 allocated_registry_bytes=2156376 max_retained_records=18446744073709551615 max_consumed_record_ids=18446744073709551615 max_retained_key_bytes=18446744073709551615
STO_TPCC_CAPACITY phase=load_complete table=oorder_6 retained_records=30000 consumed_record_ids=30000 retained_key_bytes=360000 allocated_registry_bytes=2156376 max_retained_records=18446744073709551615 max_consumed_record_ids=18446744073709551615 max_retained_key_bytes=18446744073709551615
STO_TPCC_CAPACITY phase=load_complete table=oorder_7 retained_records=30000 consumed_record_ids=30000 retained_key_bytes=360000 allocated_registry_bytes=2156376 max_retained_records=18446744073709551615 max_consumed_record_ids=18446744073709551615 max_retained_key_bytes=18446744073709551615
STO_TPCC_CAPACITY phase=load_complete table=oorder_8 retained_records=30000 consumed_record_ids=30000 retained_key_bytes=360000 allocated_registry_bytes=2156376 max_retained_records=18446744073709551615 max_consumed_record_ids=18446744073709551615 max_retained_key_bytes=18446744073709551615
STO_TPCC_CAPACITY phase=load_complete table=oorder_9 retained_records=30000 consumed_record_ids=30000 retained_key_bytes=360000 allocated_registry_bytes=2156376 max_retained_records=18446744073709551615 max_consumed_record_ids=18446744073709551615 max_retained_key_bytes=18446744073709551615
STO_TPCC_CAPACITY phase=load_complete table=oorder_10 retained_records=30000 consumed_record_ids=30000 retained_key_bytes=360000 allocated_registry_bytes=2156376 max_retained_records=18446744073709551615 max_consumed_record_ids=18446744073709551615 max_retained_key_bytes=18446744073709551615
STO_TPCC_CAPACITY phase=load_complete table=oorder_11 retained_records=30000 consumed_record_ids=30000 retained_key_bytes=360000 allocated_registry_bytes=2156376 max_retained_records=18446744073709551615 max_consumed_record_ids=18446744073709551615 max_retained_key_bytes=18446744073709551615
STO_TPCC_CAPACITY phase=load_complete table=oorder_12 retained_records=30000 consumed_record_ids=30000 retained_key_bytes=360000 allocated_registry_bytes=2156376 max_retained_records=18446744073709551615 max_consumed_record_ids=18446744073709551615 max_retained_key_bytes=18446744073709551615
STO_TPCC_CAPACITY phase=load_complete table=oorder_13 retained_records=30000 consumed_record_ids=30000 retained_key_bytes=360000 allocated_registry_bytes=2156376 max_retained_records=18446744073709551615 max_consumed_record_ids=18446744073709551615 max_retained_key_bytes=18446744073709551615
STO_TPCC_CAPACITY phase=load_complete table=oorder_14 retained_records=30000 consumed_record_ids=30000 retained_key_bytes=360000 allocated_registry_bytes=2156376 max_retained_records=18446744073709551615 max_consumed_record_ids=18446744073709551615 max_retained_key_bytes=18446744073709551615
STO_TPCC_CAPACITY phase=load_complete table=oorder_15 retained_records=30000 consumed_record_ids=30000 retained_key_bytes=360000 allocated_registry_bytes=2156376 max_retained_records=18446744073709551615 max_consumed_record_ids=18446744073709551615 max_retained_key_bytes=18446744073709551615
STO_TPCC_CAPACITY phase=load_complete table=oorder_c_id_idx_0 retained_records=30000 consumed_record_ids=30000 retained_key_bytes=480000 allocated_registry_bytes=2156376 max_retained_records=18446744073709551615 max_consumed_record_ids=18446744073709551615 max_retained_key_bytes=18446744073709551615
STO_TPCC_CAPACITY phase=load_complete table=oorder_c_id_idx_1 retained_records=30000 consumed_record_ids=30000 retained_key_bytes=480000 allocated_registry_bytes=2156376 max_retained_records=18446744073709551615 max_consumed_record_ids=18446744073709551615 max_retained_key_bytes=18446744073709551615
STO_TPCC_CAPACITY phase=load_complete table=oorder_c_id_idx_2 retained_records=30000 consumed_record_ids=30000 retained_key_bytes=480000 allocated_registry_bytes=2156376 max_retained_records=18446744073709551615 max_consumed_record_ids=18446744073709551615 max_retained_key_bytes=18446744073709551615
STO_TPCC_CAPACITY phase=load_complete table=oorder_c_id_idx_3 retained_records=30000 consumed_record_ids=30000 retained_key_bytes=480000 allocated_registry_bytes=2156376 max_retained_records=18446744073709551615 max_consumed_record_ids=18446744073709551615 max_retained_key_bytes=18446744073709551615
STO_TPCC_CAPACITY phase=load_complete table=oorder_c_id_idx_4 retained_records=30000 consumed_record_ids=30000 retained_key_bytes=480000 allocated_registry_bytes=2156376 max_retained_records=18446744073709551615 max_consumed_record_ids=18446744073709551615 max_retained_key_bytes=18446744073709551615
STO_TPCC_CAPACITY phase=load_complete table=oorder_c_id_idx_5 retained_records=30000 consumed_record_ids=30000 retained_key_bytes=480000 allocated_registry_bytes=2156376 max_retained_records=18446744073709551615 max_consumed_record_ids=18446744073709551615 max_retained_key_bytes=18446744073709551615
STO_TPCC_CAPACITY phase=load_complete table=oorder_c_id_idx_6 retained_records=30000 consumed_record_ids=30000 retained_key_bytes=480000 allocated_registry_bytes=2156376 max_retained_records=18446744073709551615 max_consumed_record_ids=18446744073709551615 max_retained_key_bytes=18446744073709551615
STO_TPCC_CAPACITY phase=load_complete table=oorder_c_id_idx_7 retained_records=30000 consumed_record_ids=30000 retained_key_bytes=480000 allocated_registry_bytes=2156376 max_retained_records=18446744073709551615 max_consumed_record_ids=18446744073709551615 max_retained_key_bytes=18446744073709551615
STO_TPCC_CAPACITY phase=load_complete table=oorder_c_id_idx_8 retained_records=30000 consumed_record_ids=30000 retained_key_bytes=480000 allocated_registry_bytes=2156376 max_retained_records=18446744073709551615 max_consumed_record_ids=18446744073709551615 max_retained_key_bytes=18446744073709551615
STO_TPCC_CAPACITY phase=load_complete table=oorder_c_id_idx_9 retained_records=30000 consumed_record_ids=30000 retained_key_bytes=480000 allocated_registry_bytes=2156376 max_retained_records=18446744073709551615 max_consumed_record_ids=18446744073709551615 max_retained_key_bytes=18446744073709551615
STO_TPCC_CAPACITY phase=load_complete table=oorder_c_id_idx_10 retained_records=30000 consumed_record_ids=30000 retained_key_bytes=480000 allocated_registry_bytes=2156376 max_retained_records=18446744073709551615 max_consumed_record_ids=18446744073709551615 max_retained_key_bytes=18446744073709551615
STO_TPCC_CAPACITY phase=load_complete table=oorder_c_id_idx_11 retained_records=30000 consumed_record_ids=30000 retained_key_bytes=480000 allocated_registry_bytes=2156376 max_retained_records=18446744073709551615 max_consumed_record_ids=18446744073709551615 max_retained_key_bytes=18446744073709551615
STO_TPCC_CAPACITY phase=load_complete table=oorder_c_id_idx_12 retained_records=30000 consumed_record_ids=30000 retained_key_bytes=480000 allocated_registry_bytes=2156376 max_retained_records=18446744073709551615 max_consumed_record_ids=18446744073709551615 max_retained_key_bytes=18446744073709551615
STO_TPCC_CAPACITY phase=load_complete table=oorder_c_id_idx_13 retained_records=30000 consumed_record_ids=30000 retained_key_bytes=480000 allocated_registry_bytes=2156376 max_retained_records=18446744073709551615 max_consumed_record_ids=18446744073709551615 max_retained_key_bytes=18446744073709551615
STO_TPCC_CAPACITY phase=load_complete table=oorder_c_id_idx_14 retained_records=30000 consumed_record_ids=30000 retained_key_bytes=480000 allocated_registry_bytes=2156376 max_retained_records=18446744073709551615 max_consumed_record_ids=18446744073709551615 max_retained_key_bytes=18446744073709551615
STO_TPCC_CAPACITY phase=load_complete table=oorder_c_id_idx_15 retained_records=30000 consumed_record_ids=30000 retained_key_bytes=480000 allocated_registry_bytes=2156376 max_retained_records=18446744073709551615 max_consumed_record_ids=18446744073709551615 max_retained_key_bytes=18446744073709551615
STO_TPCC_CAPACITY phase=load_complete table=order_line_0 retained_records=299560 consumed_record_ids=299560 retained_key_bytes=4792960 allocated_registry_bytes=21049824 max_retained_records=18446744073709551615 max_consumed_record_ids=18446744073709551615 max_retained_key_bytes=18446744073709551615
STO_TPCC_CAPACITY phase=load_complete table=order_line_1 retained_records=300029 consumed_record_ids=300029 retained_key_bytes=4800464 allocated_registry_bytes=21049824 max_retained_records=18446744073709551615 max_consumed_record_ids=18446744073709551615 max_retained_key_bytes=18446744073709551615
STO_TPCC_CAPACITY phase=load_complete table=order_line_2 retained_records=300826 consumed_record_ids=300826 retained_key_bytes=4813216 allocated_registry_bytes=21121560 max_retained_records=18446744073709551615 max_consumed_record_ids=18446744073709551615 max_retained_key_bytes=18446744073709551615
STO_TPCC_CAPACITY phase=load_complete table=order_line_3 retained_records=300078 consumed_record_ids=300078 retained_key_bytes=4801248 allocated_registry_bytes=21121560 max_retained_records=18446744073709551615 max_consumed_record_ids=18446744073709551615 max_retained_key_bytes=18446744073709551615
STO_TPCC_CAPACITY phase=load_complete table=order_line_4 retained_records=299993 consumed_record_ids=299993 retained_key_bytes=4799888 allocated_registry_bytes=21049824 max_retained_records=18446744073709551615 max_consumed_record_ids=18446744073709551615 max_retained_key_bytes=18446744073709551615
STO_TPCC_CAPACITY phase=load_complete table=order_line_5 retained_records=299158 consumed_record_ids=299158 retained_key_bytes=4786528 allocated_registry_bytes=21049824 max_retained_records=18446744073709551615 max_consumed_record_ids=18446744073709551615 max_retained_key_bytes=18446744073709551615
STO_TPCC_CAPACITY phase=load_complete table=order_line_6 retained_records=299682 consumed_record_ids=299682 retained_key_bytes=4794912 allocated_registry_bytes=21049824 max_retained_records=18446744073709551615 max_consumed_record_ids=18446744073709551615 max_retained_key_bytes=18446744073709551615
STO_TPCC_CAPACITY phase=load_complete table=order_line_7 retained_records=299597 consumed_record_ids=299597 retained_key_bytes=4793552 allocated_registry_bytes=21049824 max_retained_records=18446744073709551615 max_consumed_record_ids=18446744073709551615 max_retained_key_bytes=18446744073709551615
STO_TPCC_CAPACITY phase=load_complete table=order_line_8 retained_records=299625 consumed_record_ids=299625 retained_key_bytes=4794000 allocated_registry_bytes=21049824 max_retained_records=18446744073709551615 max_consumed_record_ids=18446744073709551615 max_retained_key_bytes=18446744073709551615
STO_TPCC_CAPACITY phase=load_complete table=order_line_9 retained_records=301071 consumed_record_ids=301071 retained_key_bytes=4817136 allocated_registry_bytes=21193296 max_retained_records=18446744073709551615 max_consumed_record_ids=18446744073709551615 max_retained_key_bytes=18446744073709551615
STO_TPCC_CAPACITY phase=load_complete table=order_line_10 retained_records=300468 consumed_record_ids=300468 retained_key_bytes=4807488 allocated_registry_bytes=21121560 max_retained_records=18446744073709551615 max_consumed_record_ids=18446744073709551615 max_retained_key_bytes=18446744073709551615
STO_TPCC_CAPACITY phase=load_complete table=order_line_11 retained_records=300005 consumed_record_ids=300005 retained_key_bytes=4800080 allocated_registry_bytes=21049824 max_retained_records=18446744073709551615 max_consumed_record_ids=18446744073709551615 max_retained_key_bytes=18446744073709551615
STO_TPCC_CAPACITY phase=load_complete table=order_line_12 retained_records=300112 consumed_record_ids=300112 retained_key_bytes=4801792 allocated_registry_bytes=21121560 max_retained_records=18446744073709551615 max_consumed_record_ids=18446744073709551615 max_retained_key_bytes=18446744073709551615
STO_TPCC_CAPACITY phase=load_complete table=order_line_13 retained_records=299780 consumed_record_ids=299780 retained_key_bytes=4796480 allocated_registry_bytes=21049824 max_retained_records=18446744073709551615 max_consumed_record_ids=18446744073709551615 max_retained_key_bytes=18446744073709551615
STO_TPCC_CAPACITY phase=load_complete table=order_line_14 retained_records=299489 consumed_record_ids=299489 retained_key_bytes=4791824 allocated_registry_bytes=21049824 max_retained_records=18446744073709551615 max_consumed_record_ids=18446744073709551615 max_retained_key_bytes=18446744073709551615
STO_TPCC_CAPACITY phase=load_complete table=order_line_15 retained_records=299839 consumed_record_ids=299839 retained_key_bytes=4797424 allocated_registry_bytes=21049824 max_retained_records=18446744073709551615 max_consumed_record_ids=18446744073709551615 max_retained_key_bytes=18446744073709551615
STO_TPCC_CAPACITY phase=load_complete table=stock_0 retained_records=100000 consumed_record_ids=100999 retained_key_bytes=800000 allocated_registry_bytes=7111536 max_retained_records=18446744073709551615 max_consumed_record_ids=18446744073709551615 max_retained_key_bytes=18446744073709551615
STO_TPCC_CAPACITY phase=load_complete table=stock_1 retained_records=100000 consumed_record_ids=100999 retained_key_bytes=800000 allocated_registry_bytes=7111536 max_retained_records=18446744073709551615 max_consumed_record_ids=18446744073709551615 max_retained_key_bytes=18446744073709551615
STO_TPCC_CAPACITY phase=load_complete table=stock_2 retained_records=100000 consumed_record_ids=100999 retained_key_bytes=800000 allocated_registry_bytes=7111536 max_retained_records=18446744073709551615 max_consumed_record_ids=18446744073709551615 max_retained_key_bytes=18446744073709551615
STO_TPCC_CAPACITY phase=load_complete table=stock_3 retained_records=100000 consumed_record_ids=100999 retained_key_bytes=800000 allocated_registry_bytes=7111536 max_retained_records=18446744073709551615 max_consumed_record_ids=18446744073709551615 max_retained_key_bytes=18446744073709551615
STO_TPCC_CAPACITY phase=load_complete table=stock_4 retained_records=100000 consumed_record_ids=100999 retained_key_bytes=800000 allocated_registry_bytes=7111536 max_retained_records=18446744073709551615 max_consumed_record_ids=18446744073709551615 max_retained_key_bytes=18446744073709551615
STO_TPCC_CAPACITY phase=load_complete table=stock_5 retained_records=100000 consumed_record_ids=100999 retained_key_bytes=800000 allocated_registry_bytes=7111536 max_retained_records=18446744073709551615 max_consumed_record_ids=18446744073709551615 max_retained_key_bytes=18446744073709551615
STO_TPCC_CAPACITY phase=load_complete table=stock_6 retained_records=100000 consumed_record_ids=100999 retained_key_bytes=800000 allocated_registry_bytes=7111536 max_retained_records=18446744073709551615 max_consumed_record_ids=18446744073709551615 max_retained_key_bytes=18446744073709551615
STO_TPCC_CAPACITY phase=load_complete table=stock_7 retained_records=100000 consumed_record_ids=100999 retained_key_bytes=800000 allocated_registry_bytes=7111536 max_retained_records=18446744073709551615 max_consumed_record_ids=18446744073709551615 max_retained_key_bytes=18446744073709551615
STO_TPCC_CAPACITY phase=load_complete table=stock_8 retained_records=100000 consumed_record_ids=100999 retained_key_bytes=800000 allocated_registry_bytes=7111536 max_retained_records=18446744073709551615 max_consumed_record_ids=18446744073709551615 max_retained_key_bytes=18446744073709551615
STO_TPCC_CAPACITY phase=load_complete table=stock_9 retained_records=100000 consumed_record_ids=100999 retained_key_bytes=800000 allocated_registry_bytes=7111536 max_retained_records=18446744073709551615 max_consumed_record_ids=18446744073709551615 max_retained_key_bytes=18446744073709551615
STO_TPCC_CAPACITY phase=load_complete table=stock_10 retained_records=100000 consumed_record_ids=100999 retained_key_bytes=800000 allocated_registry_bytes=7111536 max_retained_records=18446744073709551615 max_consumed_record_ids=18446744073709551615 max_retained_key_bytes=18446744073709551615
STO_TPCC_CAPACITY phase=load_complete table=stock_11 retained_records=100000 consumed_record_ids=100999 retained_key_bytes=800000 allocated_registry_bytes=7111536 max_retained_records=18446744073709551615 max_consumed_record_ids=18446744073709551615 max_retained_key_bytes=18446744073709551615
STO_TPCC_CAPACITY phase=load_complete table=stock_12 retained_records=100000 consumed_record_ids=100999 retained_key_bytes=800000 allocated_registry_bytes=7111536 max_retained_records=18446744073709551615 max_consumed_record_ids=18446744073709551615 max_retained_key_bytes=18446744073709551615
STO_TPCC_CAPACITY phase=load_complete table=stock_13 retained_records=100000 consumed_record_ids=100999 retained_key_bytes=800000 allocated_registry_bytes=7111536 max_retained_records=18446744073709551615 max_consumed_record_ids=18446744073709551615 max_retained_key_bytes=18446744073709551615
STO_TPCC_CAPACITY phase=load_complete table=stock_14 retained_records=100000 consumed_record_ids=100999 retained_key_bytes=800000 allocated_registry_bytes=7111536 max_retained_records=18446744073709551615 max_consumed_record_ids=18446744073709551615 max_retained_key_bytes=18446744073709551615
STO_TPCC_CAPACITY phase=load_complete table=stock_15 retained_records=100000 consumed_record_ids=100999 retained_key_bytes=800000 allocated_registry_bytes=7111536 max_retained_records=18446744073709551615 max_consumed_record_ids=18446744073709551615 max_retained_key_bytes=18446744073709551615
STO_TPCC_CAPACITY phase=load_complete table=stock_data_0 retained_records=100000 consumed_record_ids=100999 retained_key_bytes=800000 allocated_registry_bytes=7111536 max_retained_records=18446744073709551615 max_consumed_record_ids=18446744073709551615 max_retained_key_bytes=18446744073709551615
STO_TPCC_CAPACITY phase=load_complete table=stock_data_1 retained_records=100000 consumed_record_ids=100999 retained_key_bytes=800000 allocated_registry_bytes=7111536 max_retained_records=18446744073709551615 max_consumed_record_ids=18446744073709551615 max_retained_key_bytes=18446744073709551615
STO_TPCC_CAPACITY phase=load_complete table=stock_data_2 retained_records=100000 consumed_record_ids=100999 retained_key_bytes=800000 allocated_registry_bytes=7111536 max_retained_records=18446744073709551615 max_consumed_record_ids=18446744073709551615 max_retained_key_bytes=18446744073709551615
STO_TPCC_CAPACITY phase=load_complete table=stock_data_3 retained_records=100000 consumed_record_ids=100999 retained_key_bytes=800000 allocated_registry_bytes=7111536 max_retained_records=18446744073709551615 max_consumed_record_ids=18446744073709551615 max_retained_key_bytes=18446744073709551615
STO_TPCC_CAPACITY phase=load_complete table=stock_data_4 retained_records=100000 consumed_record_ids=100999 retained_key_bytes=800000 allocated_registry_bytes=7111536 max_retained_records=18446744073709551615 max_consumed_record_ids=18446744073709551615 max_retained_key_bytes=18446744073709551615
STO_TPCC_CAPACITY phase=load_complete table=stock_data_5 retained_records=100000 consumed_record_ids=100999 retained_key_bytes=800000 allocated_registry_bytes=7111536 max_retained_records=18446744073709551615 max_consumed_record_ids=18446744073709551615 max_retained_key_bytes=18446744073709551615
STO_TPCC_CAPACITY phase=load_complete table=stock_data_6 retained_records=100000 consumed_record_ids=100999 retained_key_bytes=800000 allocated_registry_bytes=7111536 max_retained_records=18446744073709551615 max_consumed_record_ids=18446744073709551615 max_retained_key_bytes=18446744073709551615
STO_TPCC_CAPACITY phase=load_complete table=stock_data_7 retained_records=100000 consumed_record_ids=100999 retained_key_bytes=800000 allocated_registry_bytes=7111536 max_retained_records=18446744073709551615 max_consumed_record_ids=18446744073709551615 max_retained_key_bytes=18446744073709551615
STO_TPCC_CAPACITY phase=load_complete table=stock_data_8 retained_records=100000 consumed_record_ids=100999 retained_key_bytes=800000 allocated_registry_bytes=7111536 max_retained_records=18446744073709551615 max_consumed_record_ids=18446744073709551615 max_retained_key_bytes=18446744073709551615
STO_TPCC_CAPACITY phase=load_complete table=stock_data_9 retained_records=100000 consumed_record_ids=100999 retained_key_bytes=800000 allocated_registry_bytes=7111536 max_retained_records=18446744073709551615 max_consumed_record_ids=18446744073709551615 max_retained_key_bytes=18446744073709551615
STO_TPCC_CAPACITY phase=load_complete table=stock_data_10 retained_records=100000 consumed_record_ids=100999 retained_key_bytes=800000 allocated_registry_bytes=7111536 max_retained_records=18446744073709551615 max_consumed_record_ids=18446744073709551615 max_retained_key_bytes=18446744073709551615
STO_TPCC_CAPACITY phase=load_complete table=stock_data_11 retained_records=100000 consumed_record_ids=100999 retained_key_bytes=800000 allocated_registry_bytes=7111536 max_retained_records=18446744073709551615 max_consumed_record_ids=18446744073709551615 max_retained_key_bytes=18446744073709551615
STO_TPCC_CAPACITY phase=load_complete table=stock_data_12 retained_records=100000 consumed_record_ids=100999 retained_key_bytes=800000 allocated_registry_bytes=7111536 max_retained_records=18446744073709551615 max_consumed_record_ids=18446744073709551615 max_retained_key_bytes=18446744073709551615
STO_TPCC_CAPACITY phase=load_complete table=stock_data_13 retained_records=100000 consumed_record_ids=100999 retained_key_bytes=800000 allocated_registry_bytes=7111536 max_retained_records=18446744073709551615 max_consumed_record_ids=18446744073709551615 max_retained_key_bytes=18446744073709551615
STO_TPCC_CAPACITY phase=load_complete table=stock_data_14 retained_records=100000 consumed_record_ids=100999 retained_key_bytes=800000 allocated_registry_bytes=7111536 max_retained_records=18446744073709551615 max_consumed_record_ids=18446744073709551615 max_retained_key_bytes=18446744073709551615
STO_TPCC_CAPACITY phase=load_complete table=stock_data_15 retained_records=100000 consumed_record_ids=100999 retained_key_bytes=800000 allocated_registry_bytes=7111536 max_retained_records=18446744073709551615 max_consumed_record_ids=18446744073709551615 max_retained_key_bytes=18446744073709551615
STO_TPCC_CAPACITY phase=load_complete table=warehouse_0 retained_records=1 consumed_record_ids=1 retained_key_bytes=4 allocated_registry_bytes=205424 max_retained_records=18446744073709551615 max_consumed_record_ids=18446744073709551615 max_retained_key_bytes=18446744073709551615
STO_TPCC_CAPACITY phase=load_complete table=warehouse_1 retained_records=1 consumed_record_ids=1 retained_key_bytes=4 allocated_registry_bytes=205424 max_retained_records=18446744073709551615 max_consumed_record_ids=18446744073709551615 max_retained_key_bytes=18446744073709551615
STO_TPCC_CAPACITY phase=load_complete table=warehouse_2 retained_records=1 consumed_record_ids=1 retained_key_bytes=4 allocated_registry_bytes=205424 max_retained_records=18446744073709551615 max_consumed_record_ids=18446744073709551615 max_retained_key_bytes=18446744073709551615
STO_TPCC_CAPACITY phase=load_complete table=warehouse_3 retained_records=1 consumed_record_ids=1 retained_key_bytes=4 allocated_registry_bytes=205424 max_retained_records=18446744073709551615 max_consumed_record_ids=18446744073709551615 max_retained_key_bytes=18446744073709551615
STO_TPCC_CAPACITY phase=load_complete table=warehouse_4 retained_records=1 consumed_record_ids=1 retained_key_bytes=4 allocated_registry_bytes=205424 max_retained_records=18446744073709551615 max_consumed_record_ids=18446744073709551615 max_retained_key_bytes=18446744073709551615
STO_TPCC_CAPACITY phase=load_complete table=warehouse_5 retained_records=1 consumed_record_ids=1 retained_key_bytes=4 allocated_registry_bytes=205424 max_retained_records=18446744073709551615 max_consumed_record_ids=18446744073709551615 max_retained_key_bytes=18446744073709551615
STO_TPCC_CAPACITY phase=load_complete table=warehouse_6 retained_records=1 consumed_record_ids=1 retained_key_bytes=4 allocated_registry_bytes=205424 max_retained_records=18446744073709551615 max_consumed_record_ids=18446744073709551615 max_retained_key_bytes=18446744073709551615
STO_TPCC_CAPACITY phase=load_complete table=warehouse_7 retained_records=1 consumed_record_ids=1 retained_key_bytes=4 allocated_registry_bytes=205424 max_retained_records=18446744073709551615 max_consumed_record_ids=18446744073709551615 max_retained_key_bytes=18446744073709551615
STO_TPCC_CAPACITY phase=load_complete table=warehouse_8 retained_records=1 consumed_record_ids=1 retained_key_bytes=4 allocated_registry_bytes=205424 max_retained_records=18446744073709551615 max_consumed_record_ids=18446744073709551615 max_retained_key_bytes=18446744073709551615
STO_TPCC_CAPACITY phase=load_complete table=warehouse_9 retained_records=1 consumed_record_ids=1 retained_key_bytes=4 allocated_registry_bytes=205424 max_retained_records=18446744073709551615 max_consumed_record_ids=18446744073709551615 max_retained_key_bytes=18446744073709551615
STO_TPCC_CAPACITY phase=load_complete table=warehouse_10 retained_records=1 consumed_record_ids=1 retained_key_bytes=4 allocated_registry_bytes=205424 max_retained_records=18446744073709551615 max_consumed_record_ids=18446744073709551615 max_retained_key_bytes=18446744073709551615
STO_TPCC_CAPACITY phase=load_complete table=warehouse_11 retained_records=1 consumed_record_ids=1 retained_key_bytes=4 allocated_registry_bytes=205424 max_retained_records=18446744073709551615 max_consumed_record_ids=18446744073709551615 max_retained_key_bytes=18446744073709551615
STO_TPCC_CAPACITY phase=load_complete table=warehouse_12 retained_records=1 consumed_record_ids=1 retained_key_bytes=4 allocated_registry_bytes=205424 max_retained_records=18446744073709551615 max_consumed_record_ids=18446744073709551615 max_retained_key_bytes=18446744073709551615
STO_TPCC_CAPACITY phase=load_complete table=warehouse_13 retained_records=1 consumed_record_ids=1 retained_key_bytes=4 allocated_registry_bytes=205424 max_retained_records=18446744073709551615 max_consumed_record_ids=18446744073709551615 max_retained_key_bytes=18446744073709551615
STO_TPCC_CAPACITY phase=load_complete table=warehouse_14 retained_records=1 consumed_record_ids=1 retained_key_bytes=4 allocated_registry_bytes=205424 max_retained_records=18446744073709551615 max_consumed_record_ids=18446744073709551615 max_retained_key_bytes=18446744073709551615
STO_TPCC_CAPACITY phase=load_complete table=warehouse_15 retained_records=1 consumed_record_ids=1 retained_key_bytes=4 allocated_registry_bytes=205424 max_retained_records=18446744073709551615 max_consumed_record_ids=18446744073709551615 max_retained_key_bytes=18446744073709551615
STO_TPCC_CAPACITY phase=load_complete table=item retained_records=100000 consumed_record_ids=100000 retained_key_bytes=400000 allocated_registry_bytes=7039800 max_retained_records=18446744073709551615 max_consumed_record_ids=18446744073709551615 max_retained_key_bytes=18446744073709551615
tpcc: worker id 128 => warehouses [1, 2)
tpcc: worker id 129 => warehouses [2, 3)
tpcc: worker id 130 => warehouses [3, 4)
tpcc: worker id 131 => warehouses [4, 5)
tpcc: worker id 132 => warehouses [5, 6)
tpcc: worker id 133 => warehouses [6, 7)
tpcc: worker id 134 => warehouses [7, 8)
tpcc: worker id 135 => warehouses [8, 9)
tpcc: worker id 136 => warehouses [9, 10)
tpcc: worker id 137 => warehouses [10, 11)
tpcc: worker id 138 => warehouses [11, 12)
tpcc: worker id 139 => warehouses [12, 13)
tpcc: worker id 140 => warehouses [13, 14)
tpcc: worker id 141 => warehouses [14, 15)
tpcc: worker id 142 => warehouses [15, 16)
tpcc: worker id 143 => warehouses [16, 17)
20260909-06:49.07-242029(us) 2337813 * benchmark_thread_init (mbta_wrapper.hh:1811): thread_init: thread_id=6, shard_index=0, getShardIndex=0, loader=0
20260909-06:49.07-242219(us) 2337813 * benchmark_thread_init (mbta_wrapper.hh:1811): thread_init: thread_id=7, shard_index=0, getShardIndex=0, loader=0
20260909-06:49.07-242265(us) 2337813 * benchmark_thread_init (mbta_wrapper.hh:1811): thread_init: thread_id=8, shard_index=0, getShardIndex=0, loader=0
20260909-06:49.07-242356(us) 2337813 * benchmark_thread_init (mbta_wrapper.hh:1811): thread_init: thread_id=9, shard_index=0, getShardIndex=0, loader=0
20260909-06:49.07-242573(us) 2337813 * benchmark_thread_init (mbta_wrapper.hh:1811): thread_init: thread_id=10, shard_index=0, getShardIndex=0, loader=0
20260909-06:49.07-242782(us) 2337813 * benchmark_thread_init (mbta_wrapper.hh:1811): thread_init: thread_id=11, shard_index=0, getShardIndex=0, loader=0
20260909-06:49.07-243027(us) 2337813 * ParseNewFormat  (configuration.cc:102): Using new configuration format
20260909-06:49.07-243125(us) 2337813 * ParseNewFormat  (configuration.cc:162): Loaded 1 sites in 1 shards
20260909-06:49.07-243170(us) 2337813 * ParseNewFormat  (configuration.cc:102): Using new configuration format
20260909-06:49.07-243240(us) 2337813 * ParseNewFormat  (configuration.cc:162): Loaded 1 sites in 1 shards
20260909-06:49.07-243274(us) 2337813 * benchmark_thread_init (mbta_wrapper.hh:1811): thread_init: thread_id=12, shard_index=0, getShardIndex=0, loader=0
20260909-06:49.07-243329(us) 2337813 * ParseNewFormat  (configuration.cc:102): Using new configuration format
20260909-06:49.07-243411(us) 2337813 * ParseNewFormat  (configuration.cc:162): Loaded 1 sites in 1 shards
20260909-06:49.07-243450(us) 2337813 * ParseNewFormat  (configuration.cc:102): Using new configuration format
20260909-06:49.07-243555(us) 2337813 * ParseNewFormat  (configuration.cc:162): Loaded 1 sites in 1 shards
20260909-06:49.07-243594(us) 2337813 * benchmark_thread_init (mbta_wrapper.hh:1811): thread_init: thread_id=13, shard_index=0, getShardIndex=0, loader=0
20260909-06:49.07-243637(us) 2337813 * ParseNewFormat  (configuration.cc:102): Using new configuration format
20260909-06:49.07-243689(us) 2337813 * ParseNewFormat  (configuration.cc:102): Using new configuration format
20260909-06:49.07-243739(us) 2337813 * benchmark_thread_init (mbta_wrapper.hh:1811): thread_init: thread_id=14, shard_index=0, getShardIndex=0, loader=0
20260909-06:49.07-243794(us) 2337813 * ParseNewFormat  (configuration.cc:102): Using new configuration format
20260909-06:49.07-243864(us) 2337813 * ParseNewFormat  (configuration.cc:162): Loaded 1 sites in 1 shards
20260909-06:49.07-243901(us) 2337813 * ParseNewFormat  (configuration.cc:162): Loaded 1 sites in 1 shards
20260909-06:49.07-243959(us) 2337813 * ParseNewFormat  (configuration.cc:102): Using new configuration format
20260909-06:49.07-244010(us) 2337813 * ParseNewFormat  (configuration.cc:102): Using new configuration format
20260909-06:49.07-244060(us) 2337813 * ParseNewFormat  (configuration.cc:162): Loaded 1 sites in 1 shards
20260909-06:49.07-244097(us) 2337813 * ParseNewFormat  (configuration.cc:162): Loaded 1 sites in 1 shards
20260909-06:49.07-244141(us) 2337813 * ParseNewFormat  (configuration.cc:102): Using new configuration format
20260909-06:49.07-244195(us) 2337813 * ParseNewFormat  (configuration.cc:102): Using new configuration format
20260909-06:49.07-244232(us) 2337813 * ParseNewFormat  (configuration.cc:162): Loaded 1 sites in 1 shards
20260909-06:49.07-244265(us) 2337813 * ParseNewFormat  (configuration.cc:162): Loaded 1 sites in 1 shards
20260909-06:49.07-244306(us) 2337813 * ParseNewFormat  (configuration.cc:162): Loaded 1 sites in 1 shards
20260909-06:49.07-244347(us) 2337813 * Initialize      (srpc_rpc_backend.cc:66): SrpcRpcBackend::Initialize: poll_thread_worker_ created, is_some=1
20260909-06:49.07-244401(us) 2337813 * ParseNewFormat  (configuration.cc:102): Using new configuration format
20260909-06:49.07-244461(us) 2337813 * Initialize      (srpc_rpc_backend.cc:97): SrpcRpcBackend initialized on 127.0.0.1:31000 (listening on 0.0.0.0:31000)
20260909-06:49.07-244489(us) 2337813 * FastTransport   (fasttransport.cc:147): FastTransport initialized with srpc/rpc backend on 127.0.0.1:31000
20260909-06:49.07-244524(us) 2337813 * Initialize      (srpc_rpc_backend.cc:66): SrpcRpcBackend::Initialize: poll_thread_worker_ created, is_some=1
20260909-06:49.07-244608(us) 2337813 * ParseNewFormat  (configuration.cc:162): Loaded 1 sites in 1 shards
20260909-06:49.07-244662(us) 2337813 * ParseNewFormat  (configuration.cc:102): Using new configuration format
20260909-06:49.07-244708(us) 2337813 * benchmark_thread_init (mbta_wrapper.hh:1811): thread_init: thread_id=15, shard_index=0, getShardIndex=0, loader=0
20260909-06:49.07-244807(us) 2337813 * Initialize      (srpc_rpc_backend.cc:97): SrpcRpcBackend initialized on 127.0.0.1:31001 (listening on 0.0.0.0:31001)
20260909-06:49.07-244892(us) 2337813 * FastTransport   (fasttransport.cc:147): FastTransport initialized with srpc/rpc backend on 127.0.0.1:31001
20260909-06:49.07-244965(us) 2337813 * Initialize      (srpc_rpc_backend.cc:66): SrpcRpcBackend::Initialize: poll_thread_worker_ created, is_some=1
20260909-06:49.07-245029(us) 2337813 * benchmark_thread_init (mbta_wrapper.hh:1811): thread_init: thread_id=16, shard_index=0, getShardIndex=0, loader=0
20260909-06:49.07-245069(us) 2337813 * benchmark_thread_init (mbta_wrapper.hh:1811): thread_init: thread_id=17, shard_index=0, getShardIndex=0, loader=0
20260909-06:49.07-245224(us) 2337813 * ParseNewFormat  (configuration.cc:102): Using new configuration format
20260909-06:49.07-245283(us) 2337813 * ParseNewFormat  (configuration.cc:162): Loaded 1 sites in 1 shards
20260909-06:49.07-245309(us) 2337813 * Initialize      (srpc_rpc_backend.cc:66): SrpcRpcBackend::Initialize: poll_thread_worker_ created, is_some=1
20260909-06:49.07-245345(us) 2337813 * ParseNewFormat  (configuration.cc:102): Using new configuration format
20260909-06:49.07-245401(us) 2337813 * Initialize      (srpc_rpc_backend.cc:97): SrpcRpcBackend initialized on 127.0.0.1:31002 (listening on 0.0.0.0:31002)
20260909-06:49.07-245418(us) 2337813 * ParseNewFormat  (configuration.cc:102): Using new configuration format
20260909-06:49.07-245457(us) 2337813 * ParseNewFormat  (configuration.cc:162): Loaded 1 sites in 1 shards
20260909-06:49.07-245508(us) 2337813 * ParseNewFormat  (configuration.cc:162): Loaded 1 sites in 1 shards
20260909-06:49.07-245558(us) 2337813 * FastTransport   (fasttransport.cc:147): FastTransport initialized with srpc/rpc backend on 127.0.0.1:31002
20260909-06:49.07-245588(us) 2337813 * ParseNewFormat  (configuration.cc:102): Using new configuration format
20260909-06:49.07-245642(us) 2337813 * Initialize      (srpc_rpc_backend.cc:97): SrpcRpcBackend initialized on 127.0.0.1:31003 (listening on 0.0.0.0:31003)
20260909-06:49.07-245673(us) 2337813 * FastTransport   (fasttransport.cc:147): FastTransport initialized with srpc/rpc backend on 127.0.0.1:31003
20260909-06:49.07-245713(us) 2337813 * ParseNewFormat  (configuration.cc:162): Loaded 1 sites in 1 shards
20260909-06:49.07-245768(us) 2337813 * Initialize      (srpc_rpc_backend.cc:66): SrpcRpcBackend::Initialize: poll_thread_worker_ created, is_some=1
20260909-06:49.07-245808(us) 2337813 * benchmark_thread_init (mbta_wrapper.hh:1811): thread_init: thread_id=18, shard_index=0, getShardIndex=0, loader=0
20260909-06:49.07-245873(us) 2337813 * ParseNewFormat  (configuration.cc:102): Using new configuration format
20260909-06:49.07-245921(us) 2337813 * ParseNewFormat  (configuration.cc:102): Using new configuration format
20260909-06:49.07-246002(us) 2337813 * ParseNewFormat  (configuration.cc:162): Loaded 1 sites in 1 shards
20260909-06:49.07-246059(us) 2337813 * Initialize      (srpc_rpc_backend.cc:97): SrpcRpcBackend initialized on 127.0.0.1:31007 (listening on 0.0.0.0:31007)
20260909-06:49.07-246080(us) 2337813 * FastTransport   (fasttransport.cc:147): FastTransport initialized with srpc/rpc backend on 127.0.0.1:31007
20260909-06:49.07-246106(us) 2337813 * ParseNewFormat  (configuration.cc:162): Loaded 1 sites in 1 shards
20260909-06:49.07-246140(us) 2337813 * ParseNewFormat  (configuration.cc:162): Loaded 1 sites in 1 shards
20260909-06:49.07-246195(us) 2337813 * ParseNewFormat  (configuration.cc:102): Using new configuration format
20260909-06:49.07-246273(us) 2337813 * ParseNewFormat  (configuration.cc:162): Loaded 1 sites in 1 shards
20260909-06:49.07-246334(us) 2337813 * Initialize      (srpc_rpc_backend.cc:66): SrpcRpcBackend::Initialize: poll_thread_worker_ created, is_some=1
20260909-06:49.07-246410(us) 2337813 * Initialize      (srpc_rpc_backend.cc:97): SrpcRpcBackend initialized on 127.0.0.1:31006 (listening on 0.0.0.0:31006)
20260909-06:49.07-246435(us) 2337813 * FastTransport   (fasttransport.cc:147): FastTransport initialized with srpc/rpc backend on 127.0.0.1:31006
20260909-06:49.07-246463(us) 2337813 * Initialize      (srpc_rpc_backend.cc:66): SrpcRpcBackend::Initialize: poll_thread_worker_ created, is_some=1
20260909-06:49.07-246526(us) 2337813 * benchmark_thread_init (mbta_wrapper.hh:1811): thread_init: thread_id=19, shard_index=0, getShardIndex=0, loader=0
20260909-06:49.07-246707(us) 2337813 * ParseNewFormat  (configuration.cc:102): Using new configuration format
20260909-06:49.07-246762(us) 2337813 * ParseNewFormat  (configuration.cc:162): Loaded 1 sites in 1 shards
20260909-06:49.07-246808(us) 2337813 * benchmark_thread_init (mbta_wrapper.hh:1811): thread_init: thread_id=20, shard_index=0, getShardIndex=0, loader=0
20260909-06:49.07-246880(us) 2337813 * ParseNewFormat  (configuration.cc:102): Using new configuration format
20260909-06:49.07-246918(us) 2337813 * ParseNewFormat  (configuration.cc:102): Using new configuration format
20260909-06:49.07-246954(us) 2337813 * ParseNewFormat  (configuration.cc:102): Using new configuration format
20260909-06:49.07-246997(us) 2337813 * ParseNewFormat  (configuration.cc:102): Using new configuration format
20260909-06:49.07-247027(us) 2337813 * ParseNewFormat  (configuration.cc:162): Loaded 1 sites in 1 shards
20260909-06:49.07-247056(us) 2337813 * ParseNewFormat  (configuration.cc:102): Using new configuration format
20260909-06:49.07-247098(us) 2337813 * ParseNewFormat  (configuration.cc:162): Loaded 1 sites in 1 shards
20260909-06:49.07-247130(us) 2337813 * ParseNewFormat  (configuration.cc:102): Using new configuration format
20260909-06:49.07-247160(us) 2337813 * ParseNewFormat  (configuration.cc:162): Loaded 1 sites in 1 shards
20260909-06:49.07-247204(us) 2337813 * ParseNewFormat  (configuration.cc:162): Loaded 1 sites in 1 shards
20260909-06:49.07-247237(us) 2337813 * ParseNewFormat  (configuration.cc:102): Using new configuration format
20260909-06:49.07-247279(us) 2337813 * ParseNewFormat  (configuration.cc:102): Using new configuration format
20260909-06:49.07-247323(us) 2337813 * ParseNewFormat  (configuration.cc:162): Loaded 1 sites in 1 shards
20260909-06:49.07-247359(us) 2337813 * ParseNewFormat  (configuration.cc:162): Loaded 1 sites in 1 shards
20260909-06:49.07-247403(us) 2337813 * ParseNewFormat  (configuration.cc:102): Using new configuration format
20260909-06:49.07-247437(us) 2337813 * ParseNewFormat  (configuration.cc:162): Loaded 1 sites in 1 shards
20260909-06:49.07-247484(us) 2337813 * ParseNewFormat  (configuration.cc:102): Using new configuration format
20260909-06:49.07-247535(us) 2337813 * ParseNewFormat  (configuration.cc:162): Loaded 1 sites in 1 shards
20260909-06:49.07-247574(us) 2337813 * ParseNewFormat  (configuration.cc:162): Loaded 1 sites in 1 shards
20260909-06:49.07-247611(us) 2337813 * Initialize      (srpc_rpc_backend.cc:66): SrpcRpcBackend::Initialize: poll_thread_worker_ created, is_some=1
20260909-06:49.07-247654(us) 2337813 * ParseNewFormat  (configuration.cc:162): Loaded 1 sites in 1 shards
20260909-06:49.07-247954(us) 2337813 * ParseNewFormat  (configuration.cc:102): Using new configuration format
20260909-06:49.07-248041(us) 2337813 * ParseNewFormat  (configuration.cc:162): Loaded 1 sites in 1 shards
20260909-06:49.07-248540(us) 2337813 * benchmark_thread_init (mbta_wrapper.hh:1811): thread_init: thread_id=21, shard_index=0, getShardIndex=0, loader=0
20260909-06:49.07-248878(us) 2337813 * ParseNewFormat  (configuration.cc:102): Using new configuration format
20260909-06:49.07-248930(us) 2337813 * ParseNewFormat  (configuration.cc:162): Loaded 1 sites in 1 shards
20260909-06:49.07-249534(us) 2337813 * ParseNewFormat  (configuration.cc:102): Using new configuration format
20260909-06:49.07-249582(us) 2337813 * ParseNewFormat  (configuration.cc:162): Loaded 1 sites in 1 shards
20260909-06:49.07-250362(us) 2337813 * ParseNewFormat  (configuration.cc:102): Using new configuration format
20260909-06:49.07-250392(us) 2337813 * ParseNewFormat  (configuration.cc:162): Loaded 1 sites in 1 shards
20260909-06:49.07-268913(us) 2337813 * Initialize      (srpc_rpc_backend.cc:97): SrpcRpcBackend initialized on 127.0.0.1:31005 (listening on 0.0.0.0:31005)
20260909-06:49.07-268950(us) 2337813 * FastTransport   (fasttransport.cc:147): FastTransport initialized with srpc/rpc backend on 127.0.0.1:31005
20260909-06:49.07-268979(us) 2337813 * Initialize      (srpc_rpc_backend.cc:97): SrpcRpcBackend initialized on 127.0.0.1:31008 (listening on 0.0.0.0:31008)
20260909-06:49.07-269006(us) 2337813 * FastTransport   (fasttransport.cc:147): FastTransport initialized with srpc/rpc backend on 127.0.0.1:31008
20260909-06:49.07-269209(us) 2337813 * Initialize      (srpc_rpc_backend.cc:66): SrpcRpcBackend::Initialize: poll_thread_worker_ created, is_some=1
20260909-06:49.07-269296(us) 2337813 * Initialize      (srpc_rpc_backend.cc:66): SrpcRpcBackend::Initialize: poll_thread_worker_ created, is_some=1
20260909-06:49.07-269335(us) 2337813 * Initialize      (srpc_rpc_backend.cc:97): SrpcRpcBackend initialized on 127.0.0.1:31009 (listening on 0.0.0.0:31009)
20260909-06:49.07-269362(us) 2337813 * FastTransport   (fasttransport.cc:147): FastTransport initialized with srpc/rpc backend on 127.0.0.1:31009
20260909-06:49.07-269516(us) 2337813 * ParseNewFormat  (configuration.cc:102): Using new configuration format
20260909-06:49.07-269555(us) 2337813 * Initialize      (srpc_rpc_backend.cc:66): SrpcRpcBackend::Initialize: poll_thread_worker_ created, is_some=1
20260909-06:49.07-269607(us) 2337813 * ParseNewFormat  (configuration.cc:162): Loaded 1 sites in 1 shards
20260909-06:49.07-269643(us) 2337813 * Initialize      (srpc_rpc_backend.cc:97): SrpcRpcBackend initialized on 127.0.0.1:31004 (listening on 0.0.0.0:31004)
20260909-06:49.07-269675(us) 2337813 * FastTransport   (fasttransport.cc:147): FastTransport initialized with srpc/rpc backend on 127.0.0.1:31004
20260909-06:49.07-269709(us) 2337813 * ParseNewFormat  (configuration.cc:102): Using new configuration format
20260909-06:49.07-269755(us) 2337813 * Initialize      (srpc_rpc_backend.cc:97): SrpcRpcBackend initialized on 127.0.0.1:31014 (listening on 0.0.0.0:31014)
20260909-06:49.07-269806(us) 2337813 * FastTransport   (fasttransport.cc:147): FastTransport initialized with srpc/rpc backend on 127.0.0.1:31014
20260909-06:49.07-269850(us) 2337813 * ParseNewFormat  (configuration.cc:102): Using new configuration format
20260909-06:49.07-269890(us) 2337813 * Initialize      (srpc_rpc_backend.cc:66): SrpcRpcBackend::Initialize: poll_thread_worker_ created, is_some=1
20260909-06:49.07-269934(us) 2337813 * Initialize      (srpc_rpc_backend.cc:66): SrpcRpcBackend::Initialize: poll_thread_worker_ created, is_some=1
20260909-06:49.07-269977(us) 2337813 * ParseNewFormat  (configuration.cc:162): Loaded 1 sites in 1 shards
20260909-06:49.07-270011(us) 2337813 * Initialize      (srpc_rpc_backend.cc:97): SrpcRpcBackend initialized on 127.0.0.1:31011 (listening on 0.0.0.0:31011)
20260909-06:49.07-270035(us) 2337813 * FastTransport   (fasttransport.cc:147): FastTransport initialized with srpc/rpc backend on 127.0.0.1:31011
20260909-06:49.07-270070(us) 2337813 * ParseNewFormat  (configuration.cc:162): Loaded 1 sites in 1 shards
20260909-06:49.07-270127(us) 2337813 * Initialize      (srpc_rpc_backend.cc:66): SrpcRpcBackend::Initialize: poll_thread_worker_ created, is_some=1
20260909-06:49.07-270169(us) 2337813 * ParseNewFormat  (configuration.cc:102): Using new configuration format
20260909-06:49.07-270205(us) 2337813 * Initialize      (srpc_rpc_backend.cc:97): SrpcRpcBackend initialized on 127.0.0.1:31010 (listening on 0.0.0.0:31010)
20260909-06:49.07-270235(us) 2337813 * FastTransport   (fasttransport.cc:147): FastTransport initialized with srpc/rpc backend on 127.0.0.1:31010
20260909-06:49.07-270261(us) 2337813 * Initialize      (srpc_rpc_backend.cc:66): SrpcRpcBackend::Initialize: poll_thread_worker_ created, is_some=1
20260909-06:49.07-270331(us) 2337813 * ParseNewFormat  (configuration.cc:102): Using new configuration format
20260909-06:49.07-270367(us) 2337813 * ParseNewFormat  (configuration.cc:162): Loaded 1 sites in 1 shards
20260909-06:49.07-270532(us) 2337813 * ParseNewFormat  (configuration.cc:102): Using new configuration format
20260909-06:49.07-270580(us) 2337813 * ParseNewFormat  (configuration.cc:162): Loaded 1 sites in 1 shards
20260909-06:49.07-270607(us) 2337813 * ParseNewFormat  (configuration.cc:102): Using new configuration format
20260909-06:49.07-270667(us) 2337813 * ParseNewFormat  (configuration.cc:162): Loaded 1 sites in 1 shards
20260909-06:49.07-270718(us) 2337813 * ParseNewFormat  (configuration.cc:102): Using new configuration format
20260909-06:49.07-270782(us) 2337813 * ParseNewFormat  (configuration.cc:162): Loaded 1 sites in 1 shards
20260909-06:49.07-270863(us) 2337813 * ParseNewFormat  (configuration.cc:102): Using new configuration format
20260909-06:49.07-270899(us) 2337813 * Initialize      (srpc_rpc_backend.cc:97): SrpcRpcBackend initialized on 127.0.0.1:31012 (listening on 0.0.0.0:31012)
20260909-06:49.07-270945(us) 2337813 * ParseNewFormat  (configuration.cc:162): Loaded 1 sites in 1 shards
20260909-06:49.07-270983(us) 2337813 * ParseNewFormat  (configuration.cc:162): Loaded 1 sites in 1 shards
20260909-06:49.07-271036(us) 2337813 * Initialize      (srpc_rpc_backend.cc:97): SrpcRpcBackend initialized on 127.0.0.1:31015 (listening on 0.0.0.0:31015)
20260909-06:49.07-271062(us) 2337813 * FastTransport   (fasttransport.cc:147): FastTransport initialized with srpc/rpc backend on 127.0.0.1:31015
20260909-06:49.07-271093(us) 2337813 * Initialize      (srpc_rpc_backend.cc:66): SrpcRpcBackend::Initialize: poll_thread_worker_ created, is_some=1
20260909-06:49.07-271183(us) 2337813 * Initialize      (srpc_rpc_backend.cc:97): SrpcRpcBackend initialized on 127.0.0.1:31013 (listening on 0.0.0.0:31013)
20260909-06:49.07-271207(us) 2337813 * FastTransport   (fasttransport.cc:147): FastTransport initialized with srpc/rpc backend on 127.0.0.1:31013
20260909-06:49.07-271352(us) 2337813 * ParseNewFormat  (configuration.cc:102): Using new configuration format
20260909-06:49.07-271387(us) 2337813 * FastTransport   (fasttransport.cc:147): FastTransport initialized with srpc/rpc backend on 127.0.0.1:31012
20260909-06:49.07-271429(us) 2337813 * ParseNewFormat  (configuration.cc:162): Loaded 1 sites in 1 shards
20260909-06:49.07-271513(us) 2337813 * ParseNewFormat  (configuration.cc:102): Using new configuration format
20260909-06:49.07-271552(us) 2337813 * ParseNewFormat  (configuration.cc:162): Loaded 1 sites in 1 shards
20260909-06:49.07-271677(us) 2337813 * ParseNewFormat  (configuration.cc:102): Using new configuration format
20260909-06:49.07-271736(us) 2337813 * ParseNewFormat  (configuration.cc:162): Loaded 1 sites in 1 shards
20260909-06:49.07-272270(us) 2337813 * ParseNewFormat  (configuration.cc:102): Using new configuration format
20260909-06:49.07-272319(us) 2337813 * ParseNewFormat  (configuration.cc:162): Loaded 1 sites in 1 shards
20260909-06:49.07-274242(us) 2337813 ! run             (bench.cc:685):     TPCC_BENCH_MEASURE_START
20260909-06:49.07-274265(us) 2337813 ! run             (bench.cc:693):     start the running time, runTime:10
20260909-06:49.07-274280(us) 2337813 ! run             (bench.cc:705):     runtime time left:10000 ms, bool:1
20260909-06:49.08-282908(us) 2337813 ! run             (bench.cc:705):     runtime time left:9000 ms, bool:1
20260909-06:49.09-289229(us) 2337813 ! run             (bench.cc:705):     runtime time left:8000 ms, bool:1
20260909-06:49.10-296470(us) 2337813 ! run             (bench.cc:705):     runtime time left:7000 ms, bool:1
20260909-06:49.11-303164(us) 2337813 ! run             (bench.cc:705):     runtime time left:6000 ms, bool:1
20260909-06:49.12-309495(us) 2337813 ! run             (bench.cc:705):     runtime time left:5000 ms, bool:1
20260909-06:49.13-317445(us) 2337813 ! run             (bench.cc:705):     runtime time left:4000 ms, bool:1
20260909-06:49.14-323908(us) 2337813 ! run             (bench.cc:705):     runtime time left:3000 ms, bool:1
20260909-06:49.15-331038(us) 2337813 ! run             (bench.cc:705):     runtime time left:2000 ms, bool:1
20260909-06:49.16-337675(us) 2337813 ! run             (bench.cc:705):     runtime time left:1000 ms, bool:1
20260909-06:49.17-346378(us) 2337813 ! run             (bench.cc:718):     runtime_plus:0
[SHUTDOWN] Setting running=false to stop database worker threads
[SHUTDOWN] Calling first stop() to stop client transports
20260909-06:49.17-346447(us) 2337813 * PrintStats      (srpc_rpc_backend.cc:686): SrpcRpcBackend request stats: msg_size_req_sent: 0 bytes, counter: 0, avg: 0.000000
20260909-06:49.17-346503(us) 2337813 * PrintStats      (srpc_rpc_backend.cc:686): SrpcRpcBackend request stats: msg_size_req_sent: 0 bytes, counter: 0, avg: 0.000000
20260909-06:49.17-346569(us) 2337813 * PrintStats      (srpc_rpc_backend.cc:686): SrpcRpcBackend request stats: msg_size_req_sent: 0 bytes, counter: 0, avg: 0.000000
20260909-06:49.17-346622(us) 2337813 * PrintStats      (srpc_rpc_backend.cc:686): SrpcRpcBackend request stats: msg_size_req_sent: 0 bytes, counter: 0, avg: 0.000000
20260909-06:49.17-346684(us) 2337813 ! stop            (bench.cc:514):     stop all rpc clients. set stop=false
20260909-06:49.17-346704(us) 2337813 * Stop            (srpc_rpc_backend.cc:593): SrpcRpcBackend::Stop: BEGIN - Setting stop flag
20260909-06:49.17-346720(us) 2337813 * Stop            (srpc_rpc_backend.cc:596): SrpcRpcBackend::Stop: Waiting for event loop to exit...
20260909-06:49.17-346737(us) 2337813 * Stop            (srpc_rpc_backend.cc:612): SrpcRpcBackend::Stop: Event loop exited successfully
20260909-06:49.17-346751(us) 2337813 * Stop            (srpc_rpc_backend.cc:616): SrpcRpcBackend::Stop: Signaling 0 request queues to stop
20260909-06:49.17-346768(us) 2337813 * Stop            (srpc_rpc_backend.cc:624): SrpcRpcBackend::Stop: Signaling 0 response queues to stop
20260909-06:49.17-346784(us) 2337813 * Stop            (srpc_rpc_backend.cc:635): SrpcRpcBackend::Stop: Server cleanup deferred to destructor
20260909-06:49.17-346801(us) 2337813 * Stop            (srpc_rpc_backend.cc:638): SrpcRpcBackend::Stop: Closing client connections
20260909-06:49.17-346818(us) 2337813 * Stop            (srpc_rpc_backend.cc:642): SrpcRpcBackend::Stop: Found 0 client connections to close
20260909-06:49.17-346845(us) 2337813 * Stop            (srpc_rpc_backend.cc:662): SrpcRpcBackend::Stop: Closed 0 client connections
20260909-06:49.17-346861(us) 2337813 * Stop            (srpc_rpc_backend.cc:675): SrpcRpcBackend stats: msg_size_resp_sent: 0 bytes, counter: 0, avg: 0.000000
20260909-06:49.17-346881(us) 2337813 * Stop            (srpc_rpc_backend.cc:676): SrpcRpcBackend::Stop: END
20260909-06:49.17-346898(us) 2337813 * Stop            (srpc_rpc_backend.cc:593): SrpcRpcBackend::Stop: BEGIN - Setting stop flag
20260909-06:49.17-346915(us) 2337813 * Stop            (srpc_rpc_backend.cc:596): SrpcRpcBackend::Stop: Waiting for event loop to exit...
20260909-06:49.17-346931(us) 2337813 * Stop            (srpc_rpc_backend.cc:612): SrpcRpcBackend::Stop: Event loop exited successfully
20260909-06:49.17-346947(us) 2337813 * Stop            (srpc_rpc_backend.cc:616): SrpcRpcBackend::Stop: Signaling 0 request queues to stop
20260909-06:49.17-346963(us) 2337813 * Stop            (srpc_rpc_backend.cc:624): SrpcRpcBackend::Stop: Signaling 0 response queues to stop
20260909-06:49.17-346979(us) 2337813 * Stop            (srpc_rpc_backend.cc:635): SrpcRpcBackend::Stop: Server cleanup deferred to destructor
20260909-06:49.17-346995(us) 2337813 * Stop            (srpc_rpc_backend.cc:638): SrpcRpcBackend::Stop: Closing client connections
20260909-06:49.17-347012(us) 2337813 * Stop            (srpc_rpc_backend.cc:642): SrpcRpcBackend::Stop: Found 0 client connections to close
20260909-06:49.17-347028(us) 2337813 * Stop            (srpc_rpc_backend.cc:662): SrpcRpcBackend::Stop: Closed 0 client connections
20260909-06:49.17-347044(us) 2337813 * Stop            (srpc_rpc_backend.cc:675): SrpcRpcBackend stats: msg_size_resp_sent: 0 bytes, counter: 0, avg: 0.000000
20260909-06:49.17-347061(us) 2337813 * Stop            (srpc_rpc_backend.cc:676): SrpcRpcBackend::Stop: END
20260909-06:49.17-347078(us) 2337813 * Stop            (srpc_rpc_backend.cc:593): SrpcRpcBackend::Stop: BEGIN - Setting stop flag
20260909-06:49.17-347095(us) 2337813 * Stop            (srpc_rpc_backend.cc:596): SrpcRpcBackend::Stop: Waiting for event loop to exit...
20260909-06:49.17-347111(us) 2337813 * Stop            (srpc_rpc_backend.cc:612): SrpcRpcBackend::Stop: Event loop exited successfully
20260909-06:49.17-347125(us) 2337813 * Stop            (srpc_rpc_backend.cc:616): SrpcRpcBackend::Stop: Signaling 0 request queues to stop
20260909-06:49.17-347143(us) 2337813 * Stop            (srpc_rpc_backend.cc:624): SrpcRpcBackend::Stop: Signaling 0 response queues to stop
20260909-06:49.17-347158(us) 2337813 * Stop            (srpc_rpc_backend.cc:635): SrpcRpcBackend::Stop: Server cleanup deferred to destructor
20260909-06:49.17-347174(us) 2337813 * Stop            (srpc_rpc_backend.cc:638): SrpcRpcBackend::Stop: Closing client connections
20260909-06:49.17-347188(us) 2337813 * Stop            (srpc_rpc_backend.cc:642): SrpcRpcBackend::Stop: Found 0 client connections to close
20260909-06:49.17-347203(us) 2337813 * Stop            (srpc_rpc_backend.cc:662): SrpcRpcBackend::Stop: Closed 0 client connections
20260909-06:49.17-347218(us) 2337813 * Stop            (srpc_rpc_backend.cc:675): SrpcRpcBackend stats: msg_size_resp_sent: 0 bytes, counter: 0, avg: 0.000000
20260909-06:49.17-347233(us) 2337813 * Stop            (srpc_rpc_backend.cc:676): SrpcRpcBackend::Stop: END
20260909-06:49.17-347259(us) 2337813 * Stop            (srpc_rpc_backend.cc:593): SrpcRpcBackend::Stop: BEGIN - Setting stop flag
20260909-06:49.17-347273(us) 2337813 * Stop            (srpc_rpc_backend.cc:596): SrpcRpcBackend::Stop: Waiting for event loop to exit...
20260909-06:49.17-347295(us) 2337813 * Stop            (srpc_rpc_backend.cc:612): SrpcRpcBackend::Stop: Event loop exited successfully
20260909-06:49.17-347309(us) 2337813 * Stop            (srpc_rpc_backend.cc:616): SrpcRpcBackend::Stop: Signaling 0 request queues to stop
20260909-06:49.17-347325(us) 2337813 * Stop            (srpc_rpc_backend.cc:624): SrpcRpcBackend::Stop: Signaling 0 response queues to stop
20260909-06:49.17-347339(us) 2337813 * Stop            (srpc_rpc_backend.cc:635): SrpcRpcBackend::Stop: Server cleanup deferred to destructor
20260909-06:49.17-347355(us) 2337813 * Stop            (srpc_rpc_backend.cc:638): SrpcRpcBackend::Stop: Closing client connections
20260909-06:49.17-347370(us) 2337813 * Stop            (srpc_rpc_backend.cc:642): SrpcRpcBackend::Stop: Found 0 client connections to close
20260909-06:49.17-347385(us) 2337813 * Stop            (srpc_rpc_backend.cc:662): SrpcRpcBackend::Stop: Closed 0 client connections
20260909-06:49.17-347400(us) 2337813 * Stop            (srpc_rpc_backend.cc:675): SrpcRpcBackend stats: msg_size_resp_sent: 0 bytes, counter: 0, avg: 0.000000
20260909-06:49.17-347459(us) 2337813 * Stop            (srpc_rpc_backend.cc:676): SrpcRpcBackend::Stop: END
20260909-06:49.17-347475(us) 2337813 * Stop            (srpc_rpc_backend.cc:593): SrpcRpcBackend::Stop: BEGIN - Setting stop flag
20260909-06:49.17-347490(us) 2337813 * Stop            (srpc_rpc_backend.cc:596): SrpcRpcBackend::Stop: Waiting for event loop to exit...
20260909-06:49.17-347506(us) 2337813 * Stop            (srpc_rpc_backend.cc:612): SrpcRpcBackend::Stop: Event loop exited successfully
20260909-06:49.17-347523(us) 2337813 * Stop            (srpc_rpc_backend.cc:616): SrpcRpcBackend::Stop: Signaling 0 request queues to stop
20260909-06:49.17-347545(us) 2337813 * Stop            (srpc_rpc_backend.cc:624): SrpcRpcBackend::Stop: Signaling 0 response queues to stop
20260909-06:49.17-347559(us) 2337813 * PrintStats      (srpc_rpc_backend.cc:686): SrpcRpcBackend request stats: msg_size_req_sent: 0 bytes, counter: 0, avg: 0.000000
20260909-06:49.17-347612(us) 2337813 * PrintStats      (srpc_rpc_backend.cc:686): SrpcRpcBackend request stats: msg_size_req_sent: 0 bytes, counter: 0, avg: 0.000000
20260909-06:49.17-347662(us) 2337813 * PrintStats      (srpc_rpc_backend.cc:686): SrpcRpcBackend request stats: msg_size_req_sent: 0 bytes, counter: 0, avg: 0.000000
20260909-06:49.17-347729(us) 2337813 * PrintStats      (srpc_rpc_backend.cc:686): SrpcRpcBackend request stats: msg_size_req_sent: 0 bytes, counter: 0, avg: 0.000000
20260909-06:49.17-347774(us) 2337813 * PrintStats      (srpc_rpc_backend.cc:686): SrpcRpcBackend request stats: msg_size_req_sent: 0 bytes, counter: 0, avg: 0.000000
20260909-06:49.17-347821(us) 2337813 * PrintStats      (srpc_rpc_backend.cc:686): SrpcRpcBackend request stats: msg_size_req_sent: 0 bytes, counter: 0, avg: 0.000000
20260909-06:49.17-347869(us) 2337813 * PrintStats      (srpc_rpc_backend.cc:686): SrpcRpcBackend request stats: msg_size_req_sent: 0 bytes, counter: 0, avg: 0.000000
20260909-06:49.17-347917(us) 2337813 * PrintStats      (srpc_rpc_backend.cc:686): SrpcRpcBackend request stats: msg_size_req_sent: 0 bytes, counter: 0, avg: 0.000000
20260909-06:49.17-347962(us) 2337813 * PrintStats      (srpc_rpc_backend.cc:686): SrpcRpcBackend request stats: msg_size_req_sent: 0 bytes, counter: 0, avg: 0.000000
20260909-06:49.17-348011(us) 2337813 * PrintStats      (srpc_rpc_backend.cc:686): SrpcRpcBackend request stats: msg_size_req_sent: 0 bytes, counter: 0, avg: 0.000000
20260909-06:49.17-348056(us) 2337813 * PrintStats      (srpc_rpc_backend.cc:686): SrpcRpcBackend request stats: msg_size_req_sent: 0 bytes, counter: 0, avg: 0.000000
20260909-06:49.17-348089(us) 2337813 * PrintStats      (srpc_rpc_backend.cc:686): SrpcRpcBackend request stats: msg_size_req_sent: 0 bytes, counter: 0, avg: 0.000000
20260909-06:49.17-348120(us) 2337813 * Stop            (srpc_rpc_backend.cc:635): SrpcRpcBackend::Stop: Server cleanup deferred to destructor
20260909-06:49.17-348137(us) 2337813 * Stop            (srpc_rpc_backend.cc:638): SrpcRpcBackend::Stop: Closing client connections
20260909-06:49.17-348155(us) 2337813 * Stop            (srpc_rpc_backend.cc:642): SrpcRpcBackend::Stop: Found 0 client connections to close
20260909-06:49.17-348173(us) 2337813 * Stop            (srpc_rpc_backend.cc:662): SrpcRpcBackend::Stop: Closed 0 client connections
20260909-06:49.17-348187(us) 2337813 * Stop            (srpc_rpc_backend.cc:675): SrpcRpcBackend stats: msg_size_resp_sent: 0 bytes, counter: 0, avg: 0.000000
20260909-06:49.17-348201(us) 2337813 * Stop            (srpc_rpc_backend.cc:676): SrpcRpcBackend::Stop: END
20260909-06:49.17-348220(us) 2337813 * Stop            (srpc_rpc_backend.cc:593): SrpcRpcBackend::Stop: BEGIN - Setting stop flag
20260909-06:49.17-348234(us) 2337813 * Stop            (srpc_rpc_backend.cc:596): SrpcRpcBackend::Stop: Waiting for event loop to exit...
20260909-06:49.17-348251(us) 2337813 * Stop            (srpc_rpc_backend.cc:612): SrpcRpcBackend::Stop: Event loop exited successfully
20260909-06:49.17-348268(us) 2337813 * Stop            (srpc_rpc_backend.cc:616): SrpcRpcBackend::Stop: Signaling 0 request queues to stop
20260909-06:49.17-348285(us) 2337813 * Stop            (srpc_rpc_backend.cc:624): SrpcRpcBackend::Stop: Signaling 0 response queues to stop
20260909-06:49.17-348302(us) 2337813 * Stop            (srpc_rpc_backend.cc:635): SrpcRpcBackend::Stop: Server cleanup deferred to destructor
20260909-06:49.17-348320(us) 2337813 * Stop            (srpc_rpc_backend.cc:638): SrpcRpcBackend::Stop: Closing client connections
20260909-06:49.17-348337(us) 2337813 * Stop            (srpc_rpc_backend.cc:642): SrpcRpcBackend::Stop: Found 0 client connections to close
20260909-06:49.17-348353(us) 2337813 * Stop            (srpc_rpc_backend.cc:662): SrpcRpcBackend::Stop: Closed 0 client connections
20260909-06:49.17-348370(us) 2337813 * Stop            (srpc_rpc_backend.cc:675): SrpcRpcBackend stats: msg_size_resp_sent: 0 bytes, counter: 0, avg: 0.000000
20260909-06:49.17-348387(us) 2337813 * Stop            (srpc_rpc_backend.cc:676): SrpcRpcBackend::Stop: END
20260909-06:49.17-348401(us) 2337813 * Stop            (srpc_rpc_backend.cc:593): SrpcRpcBackend::Stop: BEGIN - Setting stop flag
20260909-06:49.17-348415(us) 2337813 * Stop            (srpc_rpc_backend.cc:596): SrpcRpcBackend::Stop: Waiting for event loop to exit...
20260909-06:49.17-348432(us) 2337813 * Stop            (srpc_rpc_backend.cc:612): SrpcRpcBackend::Stop: Event loop exited successfully
20260909-06:49.17-348449(us) 2337813 * Stop            (srpc_rpc_backend.cc:616): SrpcRpcBackend::Stop: Signaling 0 request queues to stop
20260909-06:49.17-348465(us) 2337813 * Stop            (srpc_rpc_backend.cc:624): SrpcRpcBackend::Stop: Signaling 0 response queues to stop
20260909-06:49.17-348500(us) 2337813 * Stop            (srpc_rpc_backend.cc:635): SrpcRpcBackend::Stop: Server cleanup deferred to destructor
20260909-06:49.17-348513(us) 2337813 * Stop            (srpc_rpc_backend.cc:638): SrpcRpcBackend::Stop: Closing client connections
20260909-06:49.17-348526(us) 2337813 * Stop            (srpc_rpc_backend.cc:642): SrpcRpcBackend::Stop: Found 0 client connections to close
20260909-06:49.17-348539(us) 2337813 * Stop            (srpc_rpc_backend.cc:662): SrpcRpcBackend::Stop: Closed 0 client connections
20260909-06:49.17-348552(us) 2337813 * Stop            (srpc_rpc_backend.cc:675): SrpcRpcBackend stats: msg_size_resp_sent: 0 bytes, counter: 0, avg: 0.000000
20260909-06:49.17-348567(us) 2337813 * Stop            (srpc_rpc_backend.cc:676): SrpcRpcBackend::Stop: END
20260909-06:49.17-348580(us) 2337813 * Stop            (srpc_rpc_backend.cc:593): SrpcRpcBackend::Stop: BEGIN - Setting stop flag
20260909-06:49.17-348594(us) 2337813 * Stop            (srpc_rpc_backend.cc:596): SrpcRpcBackend::Stop: Waiting for event loop to exit...
20260909-06:49.17-348607(us) 2337813 * Stop            (srpc_rpc_backend.cc:612): SrpcRpcBackend::Stop: Event loop exited successfully
20260909-06:49.17-348620(us) 2337813 * Stop            (srpc_rpc_backend.cc:616): SrpcRpcBackend::Stop: Signaling 0 request queues to stop
20260909-06:49.17-348638(us) 2337813 * Stop            (srpc_rpc_backend.cc:624): SrpcRpcBackend::Stop: Signaling 0 response queues to stop
20260909-06:49.17-348655(us) 2337813 * Stop            (srpc_rpc_backend.cc:635): SrpcRpcBackend::Stop: Server cleanup deferred to destructor
20260909-06:49.17-348670(us) 2337813 * Stop            (srpc_rpc_backend.cc:638): SrpcRpcBackend::Stop: Closing client connections
20260909-06:49.17-348683(us) 2337813 * Stop            (srpc_rpc_backend.cc:642): SrpcRpcBackend::Stop: Found 0 client connections to close
20260909-06:49.17-348696(us) 2337813 * Stop            (srpc_rpc_backend.cc:662): SrpcRpcBackend::Stop: Closed 0 client connections
20260909-06:49.17-348711(us) 2337813 * Stop            (srpc_rpc_backend.cc:675): SrpcRpcBackend stats: msg_size_resp_sent: 0 bytes, counter: 0, avg: 0.000000
20260909-06:49.17-348725(us) 2337813 * Stop            (srpc_rpc_backend.cc:676): SrpcRpcBackend::Stop: END
20260909-06:49.17-348743(us) 2337813 * Stop            (srpc_rpc_backend.cc:593): SrpcRpcBackend::Stop: BEGIN - Setting stop flag
20260909-06:49.17-348757(us) 2337813 * Stop            (srpc_rpc_backend.cc:596): SrpcRpcBackend::Stop: Waiting for event loop to exit...
20260909-06:49.17-348770(us) 2337813 * Stop            (srpc_rpc_backend.cc:612): SrpcRpcBackend::Stop: Event loop exited successfully
20260909-06:49.17-348787(us) 2337813 * Stop            (srpc_rpc_backend.cc:616): SrpcRpcBackend::Stop: Signaling 0 request queues to stop
20260909-06:49.17-348804(us) 2337813 * Stop            (srpc_rpc_backend.cc:624): SrpcRpcBackend::Stop: Signaling 0 response queues to stop
20260909-06:49.17-348817(us) 2337813 * Stop            (srpc_rpc_backend.cc:635): SrpcRpcBackend::Stop: Server cleanup deferred to destructor
20260909-06:49.17-348843(us) 2337813 * Stop            (srpc_rpc_backend.cc:638): SrpcRpcBackend::Stop: Closing client connections
20260909-06:49.17-348862(us) 2337813 * Stop            (srpc_rpc_backend.cc:642): SrpcRpcBackend::Stop: Found 0 client connections to close
20260909-06:49.17-348880(us) 2337813 * Stop            (srpc_rpc_backend.cc:662): SrpcRpcBackend::Stop: Closed 0 client connections
20260909-06:49.17-348897(us) 2337813 * Stop            (srpc_rpc_backend.cc:675): SrpcRpcBackend stats: msg_size_resp_sent: 0 bytes, counter: 0, avg: 0.000000
20260909-06:49.17-348914(us) 2337813 * Stop            (srpc_rpc_backend.cc:676): SrpcRpcBackend::Stop: END
20260909-06:49.17-348929(us) 2337813 * Stop            (srpc_rpc_backend.cc:593): SrpcRpcBackend::Stop: BEGIN - Setting stop flag
20260909-06:49.17-348946(us) 2337813 * Stop            (srpc_rpc_backend.cc:596): SrpcRpcBackend::Stop: Waiting for event loop to exit...
20260909-06:49.17-348963(us) 2337813 * Stop            (srpc_rpc_backend.cc:612): SrpcRpcBackend::Stop: Event loop exited successfully
20260909-06:49.17-348979(us) 2337813 * Stop            (srpc_rpc_backend.cc:616): SrpcRpcBackend::Stop: Signaling 0 request queues to stop
20260909-06:49.17-348996(us) 2337813 * Stop            (srpc_rpc_backend.cc:624): SrpcRpcBackend::Stop: Signaling 0 response queues to stop
20260909-06:49.17-349010(us) 2337813 * Stop            (srpc_rpc_backend.cc:635): SrpcRpcBackend::Stop: Server cleanup deferred to destructor
20260909-06:49.17-349022(us) 2337813 * Stop            (srpc_rpc_backend.cc:638): SrpcRpcBackend::Stop: Closing client connections
20260909-06:49.17-349036(us) 2337813 * Stop            (srpc_rpc_backend.cc:642): SrpcRpcBackend::Stop: Found 0 client connections to close
20260909-06:49.17-349053(us) 2337813 * Stop            (srpc_rpc_backend.cc:662): SrpcRpcBackend::Stop: Closed 0 client connections
20260909-06:49.17-349070(us) 2337813 * Stop            (srpc_rpc_backend.cc:675): SrpcRpcBackend stats: msg_size_resp_sent: 0 bytes, counter: 0, avg: 0.000000
20260909-06:49.17-349087(us) 2337813 * Stop            (srpc_rpc_backend.cc:676): SrpcRpcBackend::Stop: END
20260909-06:49.17-349104(us) 2337813 * Stop            (srpc_rpc_backend.cc:593): SrpcRpcBackend::Stop: BEGIN - Setting stop flag
20260909-06:49.17-349118(us) 2337813 * Stop            (srpc_rpc_backend.cc:596): SrpcRpcBackend::Stop: Waiting for event loop to exit...
20260909-06:49.17-349131(us) 2337813 * Stop            (srpc_rpc_backend.cc:612): SrpcRpcBackend::Stop: Event loop exited successfully
20260909-06:49.17-349144(us) 2337813 * Stop            (srpc_rpc_backend.cc:616): SrpcRpcBackend::Stop: Signaling 0 request queues to stop
20260909-06:49.17-349157(us) 2337813 * Stop            (srpc_rpc_backend.cc:624): SrpcRpcBackend::Stop: Signaling 0 response queues to stop
20260909-06:49.17-349174(us) 2337813 * Stop            (srpc_rpc_backend.cc:635): SrpcRpcBackend::Stop: Server cleanup deferred to destructor
20260909-06:49.17-349190(us) 2337813 * Stop            (srpc_rpc_backend.cc:638): SrpcRpcBackend::Stop: Closing client connections
20260909-06:49.17-349207(us) 2337813 * Stop            (srpc_rpc_backend.cc:642): SrpcRpcBackend::Stop: Found 0 client connections to close
20260909-06:49.17-349221(us) 2337813 * Stop            (srpc_rpc_backend.cc:662): SrpcRpcBackend::Stop: Closed 0 client connections
20260909-06:49.17-349233(us) 2337813 * Stop            (srpc_rpc_backend.cc:675): SrpcRpcBackend stats: msg_size_resp_sent: 0 bytes, counter: 0, avg: 0.000000
20260909-06:49.17-349252(us) 2337813 * Stop            (srpc_rpc_backend.cc:676): SrpcRpcBackend::Stop: END
20260909-06:49.17-349267(us) 2337813 * Stop            (srpc_rpc_backend.cc:593): SrpcRpcBackend::Stop: BEGIN - Setting stop flag
20260909-06:49.17-349284(us) 2337813 * Stop            (srpc_rpc_backend.cc:596): SrpcRpcBackend::Stop: Waiting for event loop to exit...
20260909-06:49.17-349298(us) 2337813 * Stop            (srpc_rpc_backend.cc:612): SrpcRpcBackend::Stop: Event loop exited successfully
20260909-06:49.17-349310(us) 2337813 * Stop            (srpc_rpc_backend.cc:616): SrpcRpcBackend::Stop: Signaling 0 request queues to stop
20260909-06:49.17-349323(us) 2337813 * Stop            (srpc_rpc_backend.cc:624): SrpcRpcBackend::Stop: Signaling 0 response queues to stop
20260909-06:49.17-349342(us) 2337813 * Stop            (srpc_rpc_backend.cc:635): SrpcRpcBackend::Stop: Server cleanup deferred to destructor
20260909-06:49.17-349360(us) 2337813 * Stop            (srpc_rpc_backend.cc:638): SrpcRpcBackend::Stop: Closing client connections
20260909-06:49.17-349376(us) 2337813 * Stop            (srpc_rpc_backend.cc:642): SrpcRpcBackend::Stop: Found 0 client connections to close
20260909-06:49.17-349390(us) 2337813 * Stop            (srpc_rpc_backend.cc:662): SrpcRpcBackend::Stop: Closed 0 client connections
20260909-06:49.17-349402(us) 2337813 * Stop            (srpc_rpc_backend.cc:675): SrpcRpcBackend stats: msg_size_resp_sent: 0 bytes, counter: 0, avg: 0.000000
20260909-06:49.17-349418(us) 2337813 * Stop            (srpc_rpc_backend.cc:676): SrpcRpcBackend::Stop: END
20260909-06:49.17-349433(us) 2337813 * Stop            (srpc_rpc_backend.cc:593): SrpcRpcBackend::Stop: BEGIN - Setting stop flag
20260909-06:49.17-349447(us) 2337813 * Stop            (srpc_rpc_backend.cc:596): SrpcRpcBackend::Stop: Waiting for event loop to exit...
20260909-06:49.17-349459(us) 2337813 * Stop            (srpc_rpc_backend.cc:612): SrpcRpcBackend::Stop: Event loop exited successfully
20260909-06:49.17-349477(us) 2337813 * Stop            (srpc_rpc_backend.cc:616): SrpcRpcBackend::Stop: Signaling 0 request queues to stop
20260909-06:49.17-349493(us) 2337813 * Stop            (srpc_rpc_backend.cc:624): SrpcRpcBackend::Stop: Signaling 0 response queues to stop
20260909-06:49.17-349507(us) 2337813 * Stop            (srpc_rpc_backend.cc:635): SrpcRpcBackend::Stop: Server cleanup deferred to destructor
20260909-06:49.17-349520(us) 2337813 * Stop            (srpc_rpc_backend.cc:638): SrpcRpcBackend::Stop: Closing client connections
20260909-06:49.17-349536(us) 2337813 * Stop            (srpc_rpc_backend.cc:642): SrpcRpcBackend::Stop: Found 0 client connections to close
20260909-06:49.17-349550(us) 2337813 * Stop            (srpc_rpc_backend.cc:662): SrpcRpcBackend::Stop: Closed 0 client connections
20260909-06:49.17-349563(us) 2337813 * Stop            (srpc_rpc_backend.cc:675): SrpcRpcBackend stats: msg_size_resp_sent: 0 bytes, counter: 0, avg: 0.000000
20260909-06:49.17-349576(us) 2337813 * Stop            (srpc_rpc_backend.cc:676): SrpcRpcBackend::Stop: END
20260909-06:49.17-349590(us) 2337813 * Stop            (srpc_rpc_backend.cc:593): SrpcRpcBackend::Stop: BEGIN - Setting stop flag
20260909-06:49.17-349609(us) 2337813 * Stop            (srpc_rpc_backend.cc:596): SrpcRpcBackend::Stop: Waiting for event loop to exit...
20260909-06:49.17-349622(us) 2337813 * Stop            (srpc_rpc_backend.cc:612): SrpcRpcBackend::Stop: Event loop exited successfully
20260909-06:49.17-349636(us) 2337813 * Stop            (srpc_rpc_backend.cc:616): SrpcRpcBackend::Stop: Signaling 0 request queues to stop
20260909-06:49.17-349649(us) 2337813 * Stop            (srpc_rpc_backend.cc:624): SrpcRpcBackend::Stop: Signaling 0 response queues to stop
20260909-06:49.17-349667(us) 2337813 * Stop            (srpc_rpc_backend.cc:635): SrpcRpcBackend::Stop: Server cleanup deferred to destructor
20260909-06:49.17-349684(us) 2337813 * Stop            (srpc_rpc_backend.cc:638): SrpcRpcBackend::Stop: Closing client connections
20260909-06:49.17-349700(us) 2337813 * Stop            (srpc_rpc_backend.cc:642): SrpcRpcBackend::Stop: Found 0 client connections to close
20260909-06:49.17-349714(us) 2337813 * Stop            (srpc_rpc_backend.cc:662): SrpcRpcBackend::Stop: Closed 0 client connections
20260909-06:49.17-349727(us) 2337813 * Stop            (srpc_rpc_backend.cc:675): SrpcRpcBackend stats: msg_size_resp_sent: 0 bytes, counter: 0, avg: 0.000000
20260909-06:49.17-349740(us) 2337813 * Stop            (srpc_rpc_backend.cc:676): SrpcRpcBackend::Stop: END
20260909-06:49.17-349754(us) 2337813 * Stop            (srpc_rpc_backend.cc:593): SrpcRpcBackend::Stop: BEGIN - Setting stop flag
20260909-06:49.17-349767(us) 2337813 * Stop            (srpc_rpc_backend.cc:596): SrpcRpcBackend::Stop: Waiting for event loop to exit...
20260909-06:49.17-349784(us) 2337813 * Stop            (srpc_rpc_backend.cc:612): SrpcRpcBackend::Stop: Event loop exited successfully
20260909-06:49.17-349801(us) 2337813 * Stop            (srpc_rpc_backend.cc:616): SrpcRpcBackend::Stop: Signaling 0 request queues to stop
20260909-06:49.17-349818(us) 2337813 * Stop            (srpc_rpc_backend.cc:624): SrpcRpcBackend::Stop: Signaling 0 response queues to stop
20260909-06:49.17-349842(us) 2337813 * Stop            (srpc_rpc_backend.cc:635): SrpcRpcBackend::Stop: Server cleanup deferred to destructor
20260909-06:49.17-349855(us) 2337813 * Stop            (srpc_rpc_backend.cc:638): SrpcRpcBackend::Stop: Closing client connections
20260909-06:49.17-349867(us) 2337813 * Stop            (srpc_rpc_backend.cc:642): SrpcRpcBackend::Stop: Found 0 client connections to close
20260909-06:49.17-349881(us) 2337813 * Stop            (srpc_rpc_backend.cc:662): SrpcRpcBackend::Stop: Closed 0 client connections
20260909-06:49.17-349894(us) 2337813 * Stop            (srpc_rpc_backend.cc:675): SrpcRpcBackend stats: msg_size_resp_sent: 0 bytes, counter: 0, avg: 0.000000
20260909-06:49.17-349912(us) 2337813 * Stop            (srpc_rpc_backend.cc:676): SrpcRpcBackend::Stop: END
20260909-06:49.17-349927(us) 2337813 * Stop            (srpc_rpc_backend.cc:593): SrpcRpcBackend::Stop: BEGIN - Setting stop flag
20260909-06:49.17-349944(us) 2337813 * Stop            (srpc_rpc_backend.cc:596): SrpcRpcBackend::Stop: Waiting for event loop to exit...
20260909-06:49.17-349961(us) 2337813 * Stop            (srpc_rpc_backend.cc:612): SrpcRpcBackend::Stop: Event loop exited successfully
20260909-06:49.17-349975(us) 2337813 * Stop            (srpc_rpc_backend.cc:616): SrpcRpcBackend::Stop: Signaling 0 request queues to stop
20260909-06:49.17-349987(us) 2337813 * Stop            (srpc_rpc_backend.cc:624): SrpcRpcBackend::Stop: Signaling 0 response queues to stop
20260909-06:49.17-350003(us) 2337813 * Stop            (srpc_rpc_backend.cc:635): SrpcRpcBackend::Stop: Server cleanup deferred to destructor
20260909-06:49.17-350015(us) 2337813 * Stop            (srpc_rpc_backend.cc:638): SrpcRpcBackend::Stop: Closing client connections
20260909-06:49.17-350033(us) 2337813 * Stop            (srpc_rpc_backend.cc:642): SrpcRpcBackend::Stop: Found 0 client connections to close
20260909-06:49.17-350047(us) 2337813 * Stop            (srpc_rpc_backend.cc:662): SrpcRpcBackend::Stop: Closed 0 client connections
20260909-06:49.17-350059(us) 2337813 * Stop            (srpc_rpc_backend.cc:675): SrpcRpcBackend stats: msg_size_resp_sent: 0 bytes, counter: 0, avg: 0.000000
20260909-06:49.17-350077(us) 2337813 * Stop            (srpc_rpc_backend.cc:676): SrpcRpcBackend::Stop: END
[SHUTDOWN] First stop() completed
[SHUTDOWN] Joining 16 worker threads
[SHUTDOWN] Joining worker 0
20260909-06:49.18-346645(us) 2337813 * Stop            (srpc_rpc_backend.cc:589): SrpcRpcBackend::Stop: Already stopped, returning
20260909-06:49.18-346708(us) 2337813 * Shutdown        (srpc_rpc_backend.cc:112): SrpcRpcBackend::Shutdown: About to delete server
20260909-06:49.18-346730(us) 2337813 * Shutdown        (srpc_rpc_backend.cc:116): SrpcRpcBackend::Shutdown: Server pointer is valid, deleting...
20260909-06:49.18-346757(us) 2337813 * Stop            (srpc_rpc_backend.cc:589): SrpcRpcBackend::Stop: Already stopped, returning
20260909-06:49.18-346795(us) 2337813 * Shutdown        (srpc_rpc_backend.cc:112): SrpcRpcBackend::Shutdown: About to delete server
20260909-06:49.18-346825(us) 2337813 * Shutdown        (srpc_rpc_backend.cc:116): SrpcRpcBackend::Shutdown: Server pointer is valid, deleting...
20260909-06:49.18-346868(us) 2337813 * Shutdown        (srpc_rpc_backend.cc:120): SrpcRpcBackend::Shutdown: Server deleted successfully
20260909-06:49.18-346889(us) 2337813 * Shutdown        (srpc_rpc_backend.cc:132): SrpcRpcBackend::Shutdown: About to shutdown poll_thread_worker_
20260909-06:49.18-346906(us) 2337813 * Shutdown        (srpc_rpc_backend.cc:136): SrpcRpcBackend::Shutdown: poll_thread_worker_ is valid, calling shutdown()
20260909-06:49.18-346927(us) 2337813 * Shutdown        (srpc_rpc_backend.cc:120): SrpcRpcBackend::Shutdown: Server deleted successfully
20260909-06:49.18-346978(us) 2337813 * Shutdown        (srpc_rpc_backend.cc:132): SrpcRpcBackend::Shutdown: About to shutdown poll_thread_worker_
20260909-06:49.18-347004(us) 2337813 * Shutdown        (srpc_rpc_backend.cc:136): SrpcRpcBackend::Shutdown: poll_thread_worker_ is valid, calling shutdown()
20260909-06:49.18-347037(us) 2337813 * Stop            (srpc_rpc_backend.cc:589): SrpcRpcBackend::Stop: Already stopped, returning
20260909-06:49.18-347087(us) 2337813 * Shutdown        (srpc_rpc_backend.cc:112): SrpcRpcBackend::Shutdown: About to delete server
20260909-06:49.18-347122(us) 2337813 * Shutdown        (srpc_rpc_backend.cc:116): SrpcRpcBackend::Shutdown: Server pointer is valid, deleting...
20260909-06:49.18-347156(us) 2337813 * Shutdown        (srpc_rpc_backend.cc:120): SrpcRpcBackend::Shutdown: Server deleted successfully
20260909-06:49.18-347183(us) 2337813 * Shutdown        (srpc_rpc_backend.cc:132): SrpcRpcBackend::Shutdown: About to shutdown poll_thread_worker_
20260909-06:49.18-347214(us) 2337813 * Shutdown        (srpc_rpc_backend.cc:136): SrpcRpcBackend::Shutdown: poll_thread_worker_ is valid, calling shutdown()
20260909-06:49.18-347248(us) 2337813 * Stop            (srpc_rpc_backend.cc:589): SrpcRpcBackend::Stop: Already stopped, returning
20260909-06:49.18-347304(us) 2337813 * Shutdown        (srpc_rpc_backend.cc:112): SrpcRpcBackend::Shutdown: About to delete server
20260909-06:49.18-347335(us) 2337813 * Shutdown        (srpc_rpc_backend.cc:116): SrpcRpcBackend::Shutdown: Server pointer is valid, deleting...
20260909-06:49.18-347361(us) 2337813 * Shutdown        (srpc_rpc_backend.cc:120): SrpcRpcBackend::Shutdown: Server deleted successfully
20260909-06:49.18-347380(us) 2337813 * Shutdown        (srpc_rpc_backend.cc:132): SrpcRpcBackend::Shutdown: About to shutdown poll_thread_worker_
20260909-06:49.18-347402(us) 2337813 * Shutdown        (srpc_rpc_backend.cc:136): SrpcRpcBackend::Shutdown: poll_thread_worker_ is valid, calling shutdown()
20260909-06:49.18-347562(us) 2337813 * Shutdown        (srpc_rpc_backend.cc:138): SrpcRpcBackend::Shutdown: poll_thread_worker_->shutdown() completed
20260909-06:49.18-347619(us) 2337813 * Shutdown        (srpc_rpc_backend.cc:140): SrpcRpcBackend::Shutdown: poll_thread_worker_ reset to None
20260909-06:49.18-347642(us) 2337813 * Shutdown        (srpc_rpc_backend.cc:145): SrpcRpcBackend::Shutdown: Shutdown sequence completed, destructor will now exit
20260909-06:49.18-347664(us) 2337813 * ~SrpcRpcBackend (srpc_rpc_backend.cc:52): SrpcRpcBackend::~SrpcRpcBackend: START destructor
20260909-06:49.18-347685(us) 2337813 * Stop            (srpc_rpc_backend.cc:589): SrpcRpcBackend::Stop: Already stopped, returning
20260909-06:49.18-347708(us) 2337813 * Stop            (srpc_rpc_backend.cc:589): SrpcRpcBackend::Stop: Already stopped, returning
20260909-06:49.18-347755(us) 2337813 * Stop            (srpc_rpc_backend.cc:589): SrpcRpcBackend::Stop: Already stopped, returning
20260909-06:49.18-347821(us) 2337813 * Shutdown        (srpc_rpc_backend.cc:112): SrpcRpcBackend::Shutdown: About to delete server
20260909-06:49.18-347856(us) 2337813 * Stop            (srpc_rpc_backend.cc:589): SrpcRpcBackend::Stop: Already stopped, returning
20260909-06:49.18-347875(us) 2337813 * Shutdown        (srpc_rpc_backend.cc:112): SrpcRpcBackend::Shutdown: About to delete server
20260909-06:49.18-347890(us) 2337813 * Shutdown        (srpc_rpc_backend.cc:116): SrpcRpcBackend::Shutdown: Server pointer is valid, deleting...
20260909-06:49.18-347909(us) 2337813 * Shutdown        (srpc_rpc_backend.cc:112): SrpcRpcBackend::Shutdown: About to delete server
20260909-06:49.18-347940(us) 2337813 * Shutdown        (srpc_rpc_backend.cc:116): SrpcRpcBackend::Shutdown: Server pointer is valid, deleting...
20260909-06:49.18-347978(us) 2337813 * Shutdown        (srpc_rpc_backend.cc:120): SrpcRpcBackend::Shutdown: Server deleted successfully
20260909-06:49.18-348000(us) 2337813 * Shutdown        (srpc_rpc_backend.cc:132): SrpcRpcBackend::Shutdown: About to shutdown poll_thread_worker_
20260909-06:49.18-348022(us) 2337813 * Shutdown        (srpc_rpc_backend.cc:136): SrpcRpcBackend::Shutdown: poll_thread_worker_ is valid, calling shutdown()
20260909-06:49.18-348063(us) 2337813 * Stop            (srpc_rpc_backend.cc:589): SrpcRpcBackend::Stop: Already stopped, returning
20260909-06:49.18-348129(us) 2337813 * Stop            (srpc_rpc_backend.cc:589): SrpcRpcBackend::Stop: Already stopped, returning
20260909-06:49.18-348171(us) 2337813 * Shutdown        (srpc_rpc_backend.cc:112): SrpcRpcBackend::Shutdown: About to delete server
20260909-06:49.18-348191(us) 2337813 * Shutdown        (srpc_rpc_backend.cc:116): SrpcRpcBackend::Shutdown: Server pointer is valid, deleting...
20260909-06:49.18-348210(us) 2337813 * Shutdown        (srpc_rpc_backend.cc:138): SrpcRpcBackend::Shutdown: poll_thread_worker_->shutdown() completed
20260909-06:49.18-348240(us) 2337813 * Shutdown        (srpc_rpc_backend.cc:120): SrpcRpcBackend::Shutdown: Server deleted successfully
20260909-06:49.18-348258(us) 2337813 * Shutdown        (srpc_rpc_backend.cc:132): SrpcRpcBackend::Shutdown: About to shutdown poll_thread_worker_
20260909-06:49.18-348273(us) 2337813 * Shutdown        (srpc_rpc_backend.cc:136): SrpcRpcBackend::Shutdown: poll_thread_worker_ is valid, calling shutdown()
20260909-06:49.18-348334(us) 2337813 * Shutdown        (srpc_rpc_backend.cc:112): SrpcRpcBackend::Shutdown: About to delete server
20260909-06:49.18-348383(us) 2337813 * Shutdown        (srpc_rpc_backend.cc:116): SrpcRpcBackend::Shutdown: Server pointer is valid, deleting...
20260909-06:49.18-348419(us) 2337813 * Shutdown        (srpc_rpc_backend.cc:120): SrpcRpcBackend::Shutdown: Server deleted successfully
20260909-06:49.18-348447(us) 2337813 * Shutdown        (srpc_rpc_backend.cc:132): SrpcRpcBackend::Shutdown: About to shutdown poll_thread_worker_
20260909-06:49.18-348469(us) 2337813 * Shutdown        (srpc_rpc_backend.cc:136): SrpcRpcBackend::Shutdown: poll_thread_worker_ is valid, calling shutdown()
20260909-06:49.18-348523(us) 2337813 * Stop            (srpc_rpc_backend.cc:589): SrpcRpcBackend::Stop: Already stopped, returning
20260909-06:49.18-348565(us) 2337813 * Shutdown        (srpc_rpc_backend.cc:138): SrpcRpcBackend::Shutdown: poll_thread_worker_->shutdown() completed
20260909-06:49.18-348613(us) 2337813 * Stop            (srpc_rpc_backend.cc:589): SrpcRpcBackend::Stop: Already stopped, returning
20260909-06:49.18-348660(us) 2337813 * Shutdown        (srpc_rpc_backend.cc:112): SrpcRpcBackend::Shutdown: About to delete server
20260909-06:49.18-348686(us) 2337813 * Shutdown        (srpc_rpc_backend.cc:116): SrpcRpcBackend::Shutdown: Server pointer is valid, deleting...
20260909-06:49.18-348728(us) 2337813 * Shutdown        (srpc_rpc_backend.cc:120): SrpcRpcBackend::Shutdown: Server deleted successfully
20260909-06:49.18-348750(us) 2337813 * Shutdown        (srpc_rpc_backend.cc:132): SrpcRpcBackend::Shutdown: About to shutdown poll_thread_worker_
20260909-06:49.18-348775(us) 2337813 * Shutdown        (srpc_rpc_backend.cc:136): SrpcRpcBackend::Shutdown: poll_thread_worker_ is valid, calling shutdown()
20260909-06:49.18-348799(us) 2337813 * Shutdown        (srpc_rpc_backend.cc:138): SrpcRpcBackend::Shutdown: poll_thread_worker_->shutdown() completed
20260909-06:49.18-348870(us) 2337813 * Stop            (srpc_rpc_backend.cc:589): SrpcRpcBackend::Stop: Already stopped, returning
20260909-06:49.18-348906(us) 2337813 * Shutdown        (srpc_rpc_backend.cc:112): SrpcRpcBackend::Shutdown: About to delete server
20260909-06:49.18-348929(us) 2337813 * Shutdown        (srpc_rpc_backend.cc:116): SrpcRpcBackend::Shutdown: Server pointer is valid, deleting...
20260909-06:49.18-348951(us) 2337813 * Shutdown        (srpc_rpc_backend.cc:120): SrpcRpcBackend::Shutdown: Server deleted successfully
20260909-06:49.18-348967(us) 2337813 * Shutdown        (srpc_rpc_backend.cc:132): SrpcRpcBackend::Shutdown: About to shutdown poll_thread_worker_
20260909-06:49.18-348982(us) 2337813 * Shutdown        (srpc_rpc_backend.cc:136): SrpcRpcBackend::Shutdown: poll_thread_worker_ is valid, calling shutdown()
20260909-06:49.18-349014(us) 2337813 * Shutdown        (srpc_rpc_backend.cc:140): SrpcRpcBackend::Shutdown: poll_thread_worker_ reset to None
20260909-06:49.18-349053(us) 2337813 * Shutdown        (srpc_rpc_backend.cc:145): SrpcRpcBackend::Shutdown: Shutdown sequence completed, destructor will now exit
20260909-06:49.18-349069(us) 2337813 * ~SrpcRpcBackend (srpc_rpc_backend.cc:52): SrpcRpcBackend::~SrpcRpcBackend: START destructor
20260909-06:49.18-349082(us) 2337813 * Stop            (srpc_rpc_backend.cc:589): SrpcRpcBackend::Stop: Already stopped, returning
20260909-06:49.18-349098(us) 2337813 * Shutdown        (srpc_rpc_backend.cc:112): SrpcRpcBackend::Shutdown: About to delete server
20260909-06:49.18-349116(us) 2337813 * Shutdown        (srpc_rpc_backend.cc:120): SrpcRpcBackend::Shutdown: Server deleted successfully
20260909-06:49.18-349157(us) 2337813 * Shutdown        (srpc_rpc_backend.cc:112): SrpcRpcBackend::Shutdown: About to delete server
20260909-06:49.18-349209(us) 2337813 * Shutdown        (srpc_rpc_backend.cc:129): SrpcRpcBackend::Shutdown: Server pointer is null, skipping deletion
20260909-06:49.18-349233(us) 2337813 * Shutdown        (srpc_rpc_backend.cc:132): SrpcRpcBackend::Shutdown: About to shutdown poll_thread_worker_
20260909-06:49.18-349253(us) 2337813 * Shutdown        (srpc_rpc_backend.cc:142): SrpcRpcBackend::Shutdown: poll_thread_worker_ is null, skipping shutdown
20260909-06:49.18-349274(us) 2337813 * Shutdown        (srpc_rpc_backend.cc:145): SrpcRpcBackend::Shutdown: Shutdown sequence completed, destructor will now exit
20260909-06:49.18-349292(us) 2337813 * ~SrpcRpcBackend (srpc_rpc_backend.cc:54): SrpcRpcBackend::~SrpcRpcBackend: Shutdown() completed
20260909-06:49.18-349321(us) 2337813 * Shutdown        (srpc_rpc_backend.cc:140): SrpcRpcBackend::Shutdown: poll_thread_worker_ reset to None
20260909-06:49.18-349348(us) 2337813 * Shutdown        (srpc_rpc_backend.cc:145): SrpcRpcBackend::Shutdown: Shutdown sequence completed, destructor will now exit
20260909-06:49.18-349369(us) 2337813 * ~SrpcRpcBackend (srpc_rpc_backend.cc:52): SrpcRpcBackend::~SrpcRpcBackend: START destructor
20260909-06:49.18-349387(us) 2337813 * Stop            (srpc_rpc_backend.cc:589): SrpcRpcBackend::Stop: Already stopped, returning
20260909-06:49.18-349404(us) 2337813 * Shutdown        (srpc_rpc_backend.cc:112): SrpcRpcBackend::Shutdown: About to delete server
20260909-06:49.18-349421(us) 2337813 * Shutdown        (srpc_rpc_backend.cc:129): SrpcRpcBackend::Shutdown: Server pointer is null, skipping deletion
20260909-06:49.18-349444(us) 2337813 * Shutdown        (srpc_rpc_backend.cc:132): SrpcRpcBackend::Shutdown: About to shutdown poll_thread_worker_
20260909-06:49.18-349465(us) 2337813 * Shutdown        (srpc_rpc_backend.cc:142): SrpcRpcBackend::Shutdown: poll_thread_worker_ is null, skipping shutdown
20260909-06:49.18-349488(us) 2337813 * Shutdown        (srpc_rpc_backend.cc:145): SrpcRpcBackend::Shutdown: Shutdown sequence completed, destructor will now exit
20260909-06:49.18-349505(us) 2337813 * ~SrpcRpcBackend (srpc_rpc_backend.cc:54): SrpcRpcBackend::~SrpcRpcBackend: Shutdown() completed
20260909-06:49.18-349541(us) 2337813 * Shutdown        (srpc_rpc_backend.cc:116): SrpcRpcBackend::Shutdown: Server pointer is valid, deleting...
20260909-06:49.18-349583(us) 2337813 * Shutdown        (srpc_rpc_backend.cc:112): SrpcRpcBackend::Shutdown: About to delete server
20260909-06:49.18-349610(us) 2337813 * Shutdown        (srpc_rpc_backend.cc:116): SrpcRpcBackend::Shutdown: Server pointer is valid, deleting...
20260909-06:49.18-349634(us) 2337813 * Shutdown        (srpc_rpc_backend.cc:120): SrpcRpcBackend::Shutdown: Server deleted successfully
20260909-06:49.18-349656(us) 2337813 * Shutdown        (srpc_rpc_backend.cc:132): SrpcRpcBackend::Shutdown: About to shutdown poll_thread_worker_
20260909-06:49.18-349669(us) 2337813 * Shutdown        (srpc_rpc_backend.cc:136): SrpcRpcBackend::Shutdown: poll_thread_worker_ is valid, calling shutdown()
20260909-06:49.18-349689(us) 2337813 * Shutdown        (srpc_rpc_backend.cc:129): SrpcRpcBackend::Shutdown: Server pointer is null, skipping deletion
20260909-06:49.18-349731(us) 2337813 * Shutdown        (srpc_rpc_backend.cc:132): SrpcRpcBackend::Shutdown: About to shutdown poll_thread_worker_
20260909-06:49.18-349762(us) 2337813 * Shutdown        (srpc_rpc_backend.cc:142): SrpcRpcBackend::Shutdown: poll_thread_worker_ is null, skipping shutdown
20260909-06:49.18-349782(us) 2337813 * Shutdown        (srpc_rpc_backend.cc:145): SrpcRpcBackend::Shutdown: Shutdown sequence completed, destructor will now exit
20260909-06:49.18-349806(us) 2337813 * ~SrpcRpcBackend (srpc_rpc_backend.cc:54): SrpcRpcBackend::~SrpcRpcBackend: Shutdown() completed
20260909-06:49.18-349828(us) 2337813 * Shutdown        (srpc_rpc_backend.cc:138): SrpcRpcBackend::Shutdown: poll_thread_worker_->shutdown() completed
20260909-06:49.18-349870(us) 2337813 * Shutdown        (srpc_rpc_backend.cc:138): SrpcRpcBackend::Shutdown: poll_thread_worker_->shutdown() completed
20260909-06:49.18-349920(us) 2337813 * Stop            (srpc_rpc_backend.cc:589): SrpcRpcBackend::Stop: Already stopped, returning
20260909-06:49.18-349948(us) 2337813 * Shutdown        (srpc_rpc_backend.cc:112): SrpcRpcBackend::Shutdown: About to delete server
20260909-06:49.18-349968(us) 2337813 * Shutdown        (srpc_rpc_backend.cc:116): SrpcRpcBackend::Shutdown: Server pointer is valid, deleting...
20260909-06:49.18-349993(us) 2337813 * Shutdown        (srpc_rpc_backend.cc:120): SrpcRpcBackend::Shutdown: Server deleted successfully
20260909-06:49.18-350018(us) 2337813 * Shutdown        (srpc_rpc_backend.cc:132): SrpcRpcBackend::Shutdown: About to shutdown poll_thread_worker_
20260909-06:49.18-350036(us) 2337813 * Shutdown        (srpc_rpc_backend.cc:136): SrpcRpcBackend::Shutdown: poll_thread_worker_ is valid, calling shutdown()
20260909-06:49.18-350064(us) 2337813 * Shutdown        (srpc_rpc_backend.cc:138): SrpcRpcBackend::Shutdown: poll_thread_worker_->shutdown() completed
20260909-06:49.18-350110(us) 2337813 * Shutdown        (srpc_rpc_backend.cc:140): SrpcRpcBackend::Shutdown: poll_thread_worker_ reset to None
20260909-06:49.18-350147(us) 2337813 * Shutdown        (srpc_rpc_backend.cc:145): SrpcRpcBackend::Shutdown: Shutdown sequence completed, destructor will now exit
20260909-06:49.18-350168(us) 2337813 * ~SrpcRpcBackend (srpc_rpc_backend.cc:52): SrpcRpcBackend::~SrpcRpcBackend: START destructor
20260909-06:49.18-350187(us) 2337813 * Stop            (srpc_rpc_backend.cc:589): SrpcRpcBackend::Stop: Already stopped, returning
20260909-06:49.18-350206(us) 2337813 * Shutdown        (srpc_rpc_backend.cc:112): SrpcRpcBackend::Shutdown: About to delete server
20260909-06:49.18-350229(us) 2337813 * Shutdown        (srpc_rpc_backend.cc:129): SrpcRpcBackend::Shutdown: Server pointer is null, skipping deletion
20260909-06:49.18-350254(us) 2337813 * Shutdown        (srpc_rpc_backend.cc:132): SrpcRpcBackend::Shutdown: About to shutdown poll_thread_worker_
20260909-06:49.18-350277(us) 2337813 * Shutdown        (srpc_rpc_backend.cc:142): SrpcRpcBackend::Shutdown: poll_thread_worker_ is null, skipping shutdown
20260909-06:49.18-350301(us) 2337813 * Shutdown        (srpc_rpc_backend.cc:145): SrpcRpcBackend::Shutdown: Shutdown sequence completed, destructor will now exit
20260909-06:49.18-350322(us) 2337813 * ~SrpcRpcBackend (srpc_rpc_backend.cc:54): SrpcRpcBackend::~SrpcRpcBackend: Shutdown() completed
20260909-06:49.18-350356(us) 2337813 * Shutdown        (srpc_rpc_backend.cc:138): SrpcRpcBackend::Shutdown: poll_thread_worker_->shutdown() completed
20260909-06:49.18-350411(us) 2337813 * Stop            (srpc_rpc_backend.cc:589): SrpcRpcBackend::Stop: Already stopped, returning
20260909-06:49.18-350450(us) 2337813 * Shutdown        (srpc_rpc_backend.cc:112): SrpcRpcBackend::Shutdown: About to delete server
20260909-06:49.18-350475(us) 2337813 * Shutdown        (srpc_rpc_backend.cc:116): SrpcRpcBackend::Shutdown: Server pointer is valid, deleting...
20260909-06:49.18-350513(us) 2337813 * Shutdown        (srpc_rpc_backend.cc:120): SrpcRpcBackend::Shutdown: Server deleted successfully
20260909-06:49.18-350541(us) 2337813 * Shutdown        (srpc_rpc_backend.cc:132): SrpcRpcBackend::Shutdown: About to shutdown poll_thread_worker_
20260909-06:49.18-350564(us) 2337813 * Shutdown        (srpc_rpc_backend.cc:136): SrpcRpcBackend::Shutdown: poll_thread_worker_ is valid, calling shutdown()
20260909-06:49.18-350592(us) 2337813 * Stop            (srpc_rpc_backend.cc:589): SrpcRpcBackend::Stop: Already stopped, returning
20260909-06:49.18-350633(us) 2337813 * Shutdown        (srpc_rpc_backend.cc:112): SrpcRpcBackend::Shutdown: About to delete server
20260909-06:49.18-350652(us) 2337813 * Shutdown        (srpc_rpc_backend.cc:116): SrpcRpcBackend::Shutdown: Server pointer is valid, deleting...
20260909-06:49.18-350680(us) 2337813 * Shutdown        (srpc_rpc_backend.cc:120): SrpcRpcBackend::Shutdown: Server deleted successfully
20260909-06:49.18-350698(us) 2337813 * Shutdown        (srpc_rpc_backend.cc:132): SrpcRpcBackend::Shutdown: About to shutdown poll_thread_worker_
20260909-06:49.18-350724(us) 2337813 * Shutdown        (srpc_rpc_backend.cc:136): SrpcRpcBackend::Shutdown: poll_thread_worker_ is valid, calling shutdown()
20260909-06:49.18-350789(us) 2337813 * Shutdown        (srpc_rpc_backend.cc:120): SrpcRpcBackend::Shutdown: Server deleted successfully
20260909-06:49.18-350851(us) 2337813 * Shutdown        (srpc_rpc_backend.cc:132): SrpcRpcBackend::Shutdown: About to shutdown poll_thread_worker_
20260909-06:49.18-350878(us) 2337813 * Shutdown        (srpc_rpc_backend.cc:136): SrpcRpcBackend::Shutdown: poll_thread_worker_ is valid, calling shutdown()
20260909-06:49.18-350909(us) 2337813 * Shutdown        (srpc_rpc_backend.cc:132): SrpcRpcBackend::Shutdown: About to shutdown poll_thread_worker_
20260909-06:49.18-350943(us) 2337813 * Shutdown        (srpc_rpc_backend.cc:136): SrpcRpcBackend::Shutdown: poll_thread_worker_ is valid, calling shutdown()
20260909-06:49.18-350973(us) 2337813 * Shutdown        (srpc_rpc_backend.cc:140): SrpcRpcBackend::Shutdown: poll_thread_worker_ reset to None
20260909-06:49.18-351015(us) 2337813 * Shutdown        (srpc_rpc_backend.cc:145): SrpcRpcBackend::Shutdown: Shutdown sequence completed, destructor will now exit
20260909-06:49.18-351041(us) 2337813 * ~SrpcRpcBackend (srpc_rpc_backend.cc:52): SrpcRpcBackend::~SrpcRpcBackend: START destructor
20260909-06:49.18-351060(us) 2337813 * Stop            (srpc_rpc_backend.cc:589): SrpcRpcBackend::Stop: Already stopped, returning
20260909-06:49.18-351080(us) 2337813 * Shutdown        (srpc_rpc_backend.cc:112): SrpcRpcBackend::Shutdown: About to delete server
20260909-06:49.18-351098(us) 2337813 * Shutdown        (srpc_rpc_backend.cc:129): SrpcRpcBackend::Shutdown: Server pointer is null, skipping deletion
20260909-06:49.18-351131(us) 2337813 * Shutdown        (srpc_rpc_backend.cc:132): SrpcRpcBackend::Shutdown: About to shutdown poll_thread_worker_
20260909-06:49.18-351151(us) 2337813 * Shutdown        (srpc_rpc_backend.cc:142): SrpcRpcBackend::Shutdown: poll_thread_worker_ is null, skipping shutdown
20260909-06:49.18-351178(us) 2337813 * Shutdown        (srpc_rpc_backend.cc:145): SrpcRpcBackend::Shutdown: Shutdown sequence completed, destructor will now exit
20260909-06:49.18-351197(us) 2337813 * ~SrpcRpcBackend (srpc_rpc_backend.cc:54): SrpcRpcBackend::~SrpcRpcBackend: Shutdown() completed
20260909-06:49.18-351224(us) 2337813 * Shutdown        (srpc_rpc_backend.cc:140): SrpcRpcBackend::Shutdown: poll_thread_worker_ reset to None
20260909-06:49.18-351246(us) 2337813 * Shutdown        (srpc_rpc_backend.cc:145): SrpcRpcBackend::Shutdown: Shutdown sequence completed, destructor will now exit
20260909-06:49.18-351263(us) 2337813 * ~SrpcRpcBackend (srpc_rpc_backend.cc:52): SrpcRpcBackend::~SrpcRpcBackend: START destructor
20260909-06:49.18-351280(us) 2337813 * Stop            (srpc_rpc_backend.cc:589): SrpcRpcBackend::Stop: Already stopped, returning
20260909-06:49.18-351298(us) 2337813 * Shutdown        (srpc_rpc_backend.cc:112): SrpcRpcBackend::Shutdown: About to delete server
20260909-06:49.18-351320(us) 2337813 * Shutdown        (srpc_rpc_backend.cc:129): SrpcRpcBackend::Shutdown: Server pointer is null, skipping deletion
20260909-06:49.18-351340(us) 2337813 * Shutdown        (srpc_rpc_backend.cc:132): SrpcRpcBackend::Shutdown: About to shutdown poll_thread_worker_
20260909-06:49.18-351356(us) 2337813 * Shutdown        (srpc_rpc_backend.cc:142): SrpcRpcBackend::Shutdown: poll_thread_worker_ is null, skipping shutdown
20260909-06:49.18-351371(us) 2337813 * Shutdown        (srpc_rpc_backend.cc:145): SrpcRpcBackend::Shutdown: Shutdown sequence completed, destructor will now exit
20260909-06:49.18-351389(us) 2337813 * ~SrpcRpcBackend (srpc_rpc_backend.cc:54): SrpcRpcBackend::~SrpcRpcBackend: Shutdown() completed
20260909-06:49.18-351413(us) 2337813 * Stop            (srpc_rpc_backend.cc:589): SrpcRpcBackend::Stop: Already stopped, returning
20260909-06:49.18-351461(us) 2337813 * Shutdown        (srpc_rpc_backend.cc:112): SrpcRpcBackend::Shutdown: About to delete server
20260909-06:49.18-351482(us) 2337813 * Shutdown        (srpc_rpc_backend.cc:116): SrpcRpcBackend::Shutdown: Server pointer is valid, deleting...
20260909-06:49.18-351502(us) 2337813 * Shutdown        (srpc_rpc_backend.cc:120): SrpcRpcBackend::Shutdown: Server deleted successfully
20260909-06:49.18-351523(us) 2337813 * Shutdown        (srpc_rpc_backend.cc:132): SrpcRpcBackend::Shutdown: About to shutdown poll_thread_worker_
20260909-06:49.18-351541(us) 2337813 * Shutdown        (srpc_rpc_backend.cc:136): SrpcRpcBackend::Shutdown: poll_thread_worker_ is valid, calling shutdown()
20260909-06:49.18-351645(us) 2337813 * Shutdown        (srpc_rpc_backend.cc:138): SrpcRpcBackend::Shutdown: poll_thread_worker_->shutdown() completed
20260909-06:49.18-351675(us) 2337813 * Shutdown        (srpc_rpc_backend.cc:138): SrpcRpcBackend::Shutdown: poll_thread_worker_->shutdown() completed
20260909-06:49.18-351702(us) 2337813 * Shutdown        (srpc_rpc_backend.cc:140): SrpcRpcBackend::Shutdown: poll_thread_worker_ reset to None
20260909-06:49.18-351724(us) 2337813 * Shutdown        (srpc_rpc_backend.cc:145): SrpcRpcBackend::Shutdown: Shutdown sequence completed, destructor will now exit
20260909-06:49.18-351745(us) 2337813 * ~SrpcRpcBackend (srpc_rpc_backend.cc:52): SrpcRpcBackend::~SrpcRpcBackend: START destructor
20260909-06:49.18-351763(us) 2337813 * Stop            (srpc_rpc_backend.cc:589): SrpcRpcBackend::Stop: Already stopped, returning
20260909-06:49.18-351779(us) 2337813 * Shutdown        (srpc_rpc_backend.cc:112): SrpcRpcBackend::Shutdown: About to delete server
20260909-06:49.18-351799(us) 2337813 * Shutdown        (srpc_rpc_backend.cc:129): SrpcRpcBackend::Shutdown: Server pointer is null, skipping deletion
20260909-06:49.18-351814(us) 2337813 * Shutdown        (srpc_rpc_backend.cc:132): SrpcRpcBackend::Shutdown: About to shutdown poll_thread_worker_
20260909-06:49.18-351845(us) 2337813 * Shutdown        (srpc_rpc_backend.cc:142): SrpcRpcBackend::Shutdown: poll_thread_worker_ is null, skipping shutdown
20260909-06:49.18-351863(us) 2337813 * Shutdown        (srpc_rpc_backend.cc:145): SrpcRpcBackend::Shutdown: Shutdown sequence completed, destructor will now exit
20260909-06:49.18-351880(us) 2337813 * ~SrpcRpcBackend (srpc_rpc_backend.cc:54): SrpcRpcBackend::~SrpcRpcBackend: Shutdown() completed
20260909-06:49.18-351917(us) 2337813 * Shutdown        (srpc_rpc_backend.cc:138): SrpcRpcBackend::Shutdown: poll_thread_worker_->shutdown() completed
20260909-06:49.18-351952(us) 2337813 * Shutdown        (srpc_rpc_backend.cc:140): SrpcRpcBackend::Shutdown: poll_thread_worker_ reset to None
[SHUTDOWN] Worker 0 joined20260909-06:49.18-351977(us) 2337813 * Shutdown        (srpc_rpc_backend.cc:145): SrpcRpcBackend::Shutdown: Shutdown sequence completed, destructor will now exit
20260909-06:49.18-352012(us) 2337813 * ~SrpcRpcBackend (srpc_rpc_backend.cc:52): SrpcRpcBackend::~SrpcRpcBackend: START destructor
20260909-06:49.18-352028(us) 2337813 * Stop            (srpc_rpc_backend.cc:589): SrpcRpcBackend::Stop: Already stopped, returning
20260909-06:49.18-352049(us) 2337813 * Shutdown        (srpc_rpc_backend.cc:112): SrpcRpcBackend::Shutdown: About to delete server
20260909-06:49.18-352068(us) 2337813 * Shutdown        (srpc_rpc_backend.cc:138): SrpcRpcBackend::Shutdown: poll_thread_worker_->shutdown() completed

[SHUTDOWN] Joining worker 1
20260909-06:49.18-352103(us) 2337813 * Shutdown        (srpc_rpc_backend.cc:140): SrpcRpcBackend::Shutdown: poll_thread_worker_ reset to None
20260909-06:49.18-352148(us) 2337813 * Shutdown        (srpc_rpc_backend.cc:140): SrpcRpcBackend::Shutdown: poll_thread_worker_ reset to None
20260909-06:49.18-352169(us) 2337813 * Shutdown        (srpc_rpc_backend.cc:145): SrpcRpcBackend::Shutdown: Shutdown sequence completed, destructor will now exit
20260909-06:49.18-352189(us) 2337813 * ~SrpcRpcBackend (srpc_rpc_backend.cc:52): SrpcRpcBackend::~SrpcRpcBackend: START destructor
20260909-06:49.18-352206(us) 2337813 * Stop            (srpc_rpc_backend.cc:589): SrpcRpcBackend::Stop: Already stopped, returning
20260909-06:49.18-352227(us) 2337813 * Shutdown        (srpc_rpc_backend.cc:112): SrpcRpcBackend::Shutdown: About to delete server
20260909-06:49.18-352249(us) 2337813 * Shutdown        (srpc_rpc_backend.cc:129): SrpcRpcBackend::Shutdown: Server pointer is null, skipping deletion
20260909-06:49.18-352270(us) 2337813 * Shutdown        (srpc_rpc_backend.cc:132): SrpcRpcBackend::Shutdown: About to shutdown poll_thread_worker_
20260909-06:49.18-352289(us) 2337813 * Shutdown        (srpc_rpc_backend.cc:142): SrpcRpcBackend::Shutdown: poll_thread_worker_ is null, skipping shutdown
20260909-06:49.18-352311(us) 2337813 * Shutdown        (srpc_rpc_backend.cc:145): SrpcRpcBackend::Shutdown: Shutdown sequence completed, destructor will now exit
20260909-06:49.18-352330(us) 2337813 * ~SrpcRpcBackend (srpc_rpc_backend.cc:54): SrpcRpcBackend::~SrpcRpcBackend: Shutdown() completed
20260909-06:49.18-352356(us) 2337813 * Shutdown        (srpc_rpc_backend.cc:140): SrpcRpcBackend::Shutdown: poll_thread_worker_ reset to None
20260909-06:49.18-352402(us) 2337813 * Shutdown        (srpc_rpc_backend.cc:145): SrpcRpcBackend::Shutdown: Shutdown sequence completed, destructor will now exit
20260909-06:49.18-352433(us) 2337813 * ~SrpcRpcBackend (srpc_rpc_backend.cc:52): SrpcRpcBackend::~SrpcRpcBackend: START destructor
20260909-06:49.18-352461(us) 2337813 * Stop            (srpc_rpc_backend.cc:589): SrpcRpcBackend::Stop: Already stopped, returning
20260909-06:49.18-352499(us) 2337813 * Shutdown        (srpc_rpc_backend.cc:112): SrpcRpcBackend::Shutdown: About to delete server
20260909-06:49.18-352533(us) 2337813 * Shutdown        (srpc_rpc_backend.cc:129): SrpcRpcBackend::Shutdown: Server pointer is null, skipping deletion
20260909-06:49.18-352560(us) 2337813 * Shutdown        (srpc_rpc_backend.cc:132): SrpcRpcBackend::Shutdown: About to shutdown poll_thread_worker_
20260909-06:49.18-352587(us) 2337813 * Shutdown        (srpc_rpc_backend.cc:142): SrpcRpcBackend::Shutdown: poll_thread_worker_ is null, skipping shutdown
20260909-06:49.18-352611(us) 2337813 * Shutdown        (srpc_rpc_backend.cc:145): SrpcRpcBackend::Shutdown: Shutdown sequence completed, destructor will now exit
20260909-06:49.18-352641(us) 2337813 * ~SrpcRpcBackend (srpc_rpc_backend.cc:54): SrpcRpcBackend::~SrpcRpcBackend: Shutdown() completed
20260909-06:49.18-352675(us) 2337813 * Shutdown        (srpc_rpc_backend.cc:138): SrpcRpcBackend::Shutdown: poll_thread_worker_->shutdown() completed
20260909-06:49.18-352708(us) 2337813 * Shutdown        (srpc_rpc_backend.cc:140): SrpcRpcBackend::Shutdown: poll_thread_worker_ reset to None
20260909-06:49.18-352734(us) 2337813 * Shutdown        (srpc_rpc_backend.cc:140): SrpcRpcBackend::Shutdown: poll_thread_worker_ reset to None
20260909-06:49.18-352752(us) 2337813 * Shutdown        (srpc_rpc_backend.cc:145): SrpcRpcBackend::Shutdown: Shutdown sequence completed, destructor will now exit
20260909-06:49.18-352769(us) 2337813 * ~SrpcRpcBackend (srpc_rpc_backend.cc:52): SrpcRpcBackend::~SrpcRpcBackend: START destructor
20260909-06:49.18-352785(us) 2337813 * Stop            (srpc_rpc_backend.cc:589): SrpcRpcBackend::Stop: Already stopped, returning
20260909-06:49.18-352808(us) 2337813 * Shutdown        (srpc_rpc_backend.cc:112): SrpcRpcBackend::Shutdown: About to delete server
20260909-06:49.18-352828(us) 2337813 * Shutdown        (srpc_rpc_backend.cc:129): SrpcRpcBackend::Shutdown: Server pointer is null, skipping deletion
20260909-06:49.18-352851(us) 2337813 * Shutdown        (srpc_rpc_backend.cc:132): SrpcRpcBackend::Shutdown: About to shutdown poll_thread_worker_
20260909-06:49.18-352868(us) 2337813 * Shutdown        (srpc_rpc_backend.cc:142): SrpcRpcBackend::Shutdown: poll_thread_worker_ is null, skipping shutdown
20260909-06:49.18-352886(us) 2337813 * Shutdown        (srpc_rpc_backend.cc:145): SrpcRpcBackend::Shutdown: Shutdown sequence completed, destructor will now exit
20260909-06:49.18-352906(us) 2337813 * ~SrpcRpcBackend (srpc_rpc_backend.cc:54): SrpcRpcBackend::~SrpcRpcBackend: Shutdown() completed
20260909-06:49.18-352934(us) 2337813 * Shutdown        (srpc_rpc_backend.cc:145): SrpcRpcBackend::Shutdown: Shutdown sequence completed, destructor will now exit
20260909-06:49.18-352963(us) 2337813 * ~SrpcRpcBackend (srpc_rpc_backend.cc:52): SrpcRpcBackend::~SrpcRpcBackend: START destructor
20260909-06:49.18-352982(us) 2337813 * Stop            (srpc_rpc_backend.cc:589): SrpcRpcBackend::Stop: Already stopped, returning
20260909-06:49.18-353002(us) 2337813 * Shutdown        (srpc_rpc_backend.cc:112): SrpcRpcBackend::Shutdown: About to delete server
20260909-06:49.18-353026(us) 2337813 * Shutdown        (srpc_rpc_backend.cc:129): SrpcRpcBackend::Shutdown: Server pointer is null, skipping deletion
20260909-06:49.18-353057(us) 2337813 * Shutdown        (srpc_rpc_backend.cc:132): SrpcRpcBackend::Shutdown: About to shutdown poll_thread_worker_
20260909-06:49.18-353079(us) 2337813 * Shutdown        (srpc_rpc_backend.cc:142): SrpcRpcBackend::Shutdown: poll_thread_worker_ is null, skipping shutdown
20260909-06:49.18-353099(us) 2337813 * Shutdown        (srpc_rpc_backend.cc:145): SrpcRpcBackend::Shutdown: Shutdown sequence completed, destructor will now exit
20260909-06:49.18-353116(us) 2337813 * ~SrpcRpcBackend (srpc_rpc_backend.cc:54): SrpcRpcBackend::~SrpcRpcBackend: Shutdown() completed
20260909-06:49.18-353141(us) 2337813 * Shutdown        (srpc_rpc_backend.cc:129): SrpcRpcBackend::Shutdown: Server pointer is null, skipping deletion
20260909-06:49.18-353169(us) 2337813 * Shutdown        (srpc_rpc_backend.cc:132): SrpcRpcBackend::Shutdown: About to shutdown poll_thread_worker_
20260909-06:49.18-353188(us) 2337813 * Shutdown        (srpc_rpc_backend.cc:142): SrpcRpcBackend::Shutdown: poll_thread_worker_ is null, skipping shutdown
20260909-06:49.18-353207(us) 2337813 * Shutdown        (srpc_rpc_backend.cc:145): SrpcRpcBackend::Shutdown: Shutdown sequence completed, destructor will now exit
20260909-06:49.18-353228(us) 2337813 * ~SrpcRpcBackend (srpc_rpc_backend.cc:54): SrpcRpcBackend::~SrpcRpcBackend: Shutdown() completed
20260909-06:49.18-353256(us) 2337813 * Shutdown        (srpc_rpc_backend.cc:138): SrpcRpcBackend::Shutdown: poll_thread_worker_->shutdown() completed
20260909-06:49.18-353294(us) 2337813 * Shutdown        (srpc_rpc_backend.cc:145): SrpcRpcBackend::Shutdown: Shutdown sequence completed, destructor will now exit
20260909-06:49.18-353320(us) 2337813 * ~SrpcRpcBackend (srpc_rpc_backend.cc:52): SrpcRpcBackend::~SrpcRpcBackend: START destructor
20260909-06:49.18-353339(us) 2337813 * Stop            (srpc_rpc_backend.cc:589): SrpcRpcBackend::Stop: Already stopped, returning
20260909-06:49.18-353368(us) 2337813 * Shutdown        (srpc_rpc_backend.cc:112): SrpcRpcBackend::Shutdown: About to delete server
20260909-06:49.18-353392(us) 2337813 * Shutdown        (srpc_rpc_backend.cc:129): SrpcRpcBackend::Shutdown: Server pointer is null, skipping deletion
20260909-06:49.18-353414(us) 2337813 * Shutdown        (srpc_rpc_backend.cc:132): SrpcRpcBackend::Shutdown: About to shutdown poll_thread_worker_
20260909-06:49.18-353429(us) 2337813 * Shutdown        (srpc_rpc_backend.cc:142): SrpcRpcBackend::Shutdown: poll_thread_worker_ is null, skipping shutdown
20260909-06:49.18-353448(us) 2337813 * Shutdown        (srpc_rpc_backend.cc:145): SrpcRpcBackend::Shutdown: Shutdown sequence completed, destructor will now exit
20260909-06:49.18-353463(us) 2337813 * ~SrpcRpcBackend (srpc_rpc_backend.cc:54): SrpcRpcBackend::~SrpcRpcBackend: Shutdown() completed
20260909-06:49.18-353487(us) 2337813 * Shutdown        (srpc_rpc_backend.cc:140): SrpcRpcBackend::Shutdown: poll_thread_worker_ reset to None
20260909-06:49.18-353509(us) 2337813 * Shutdown        (srpc_rpc_backend.cc:145): SrpcRpcBackend::Shutdown: Shutdown sequence completed, destructor will now exit
20260909-06:49.18-353528(us) 2337813 * ~SrpcRpcBackend (srpc_rpc_backend.cc:52): SrpcRpcBackend::~SrpcRpcBackend: START destructor
20260909-06:49.18-353553(us) 2337813 * Stop            (srpc_rpc_backend.cc:589): SrpcRpcBackend::Stop: Already stopped, returning
20260909-06:49.18-353577(us) 2337813 * Shutdown        (srpc_rpc_backend.cc:112): SrpcRpcBackend::Shutdown: About to delete server
20260909-06:49.18-353598(us) 2337813 * Shutdown        (srpc_rpc_backend.cc:129): SrpcRpcBackend::Shutdown: Server pointer is null, skipping deletion
20260909-06:49.18-353619(us) 2337813 * [SHUTDOWN] Worker 1 joinedShutdown        (srpc_rpc_backend.cc:132): SrpcRpcBackend::Shutdown: About to shutdown poll_thread_worker_

20260909-06:49.18-353660(us) 2337813 * Shutdown        (srpc_rpc_backend.cc:142): SrpcRpcBackend::Shutdown: poll_thread_worker_ is null, skipping shutdown
[SHUTDOWN] Joining worker 20260909-06:49.18-353683(us) 2337813 * Shutdown        (srpc_rpc_backend.cc:145): SrpcRpcBackend::Shutdown: Shutdown sequence completed, destructor will now exit
2
20260909-06:49.18-353703(us) 2337813 * ~SrpcRpcBackend (srpc_rpc_backend.cc:54): SrpcRpcBackend::~SrpcRpcBackend: Shutdown() completed
20260909-06:49.18-353728(us) 2337813 * Shutdown        (srpc_rpc_backend.cc:138): SrpcRpcBackend::Shutdown: poll_thread_worker_->shutdown() completed
[SHUTDOWN] Worker 2 joined
[SHUTDOWN] Joining worker 320260909-06:49.18-353763(us) 2337813 * Shutdown        (srpc_rpc_backend.cc:138): SrpcRpcBackend::Shutdown: poll_thread_worker_->shutdown() completed

20260909-06:49.18-353816(us) 2337813 * Shutdown        (srpc_rpc_backend.cc:140): SrpcRpcBackend::Shutdown: poll_thread_worker_ reset to None
[SHUTDOWN] Worker 3 joined
20260909-06:49.18-353851(us) 2337813 * Shutdown        (srpc_rpc_backend.cc:145): SrpcRpcBackend::Shutdown: Shutdown sequence completed, destructor will now exit
[SHUTDOWN] Joining worker 4
20260909-06:49.18-353888(us) 2337813 * ~SrpcRpcBackend (srpc_rpc_backend.cc:52): SrpcRpcBackend::~SrpcRpcBackend: START destructor
20260909-06:49.18-353926(us) 2337813 * Stop            (srpc_rpc_backend.cc:589): SrpcRpcBackend::Stop: Already stopped, returning
[SHUTDOWN] Worker 4 joined20260909-06:49.18-353945(us) 2337813 * Shutdown        (srpc_rpc_backend.cc:112): SrpcRpcBackend::Shutdown: About to delete server

[SHUTDOWN] Joining worker 5
20260909-06:49.18-353965(us) 2337813 * Shutdown        (srpc_rpc_backend.cc:129): SrpcRpcBackend::Shutdown: Server pointer is null, skipping deletion
20260909-06:49.18-353999(us) 2337813 * Shutdown        (srpc_rpc_backend.cc:132): SrpcRpcBackend::Shutdown: About to shutdown poll_thread_worker_
20260909-06:49.18-354018(us) 2337813 * Shutdown        (srpc_rpc_backend.cc:142): SrpcRpcBackend::Shutdown: poll_thread_worker_ is null, skipping shutdown
20260909-06:49.18-354040(us) 2337813 * Shutdown        (srpc_rpc_backend.cc:145): SrpcRpcBackend::Shutdown: Shutdown sequence completed, destructor will now exit
20260909-06:49.18-354056(us) 2337813 * ~SrpcRpcBackend (srpc_rpc_backend.cc:54): SrpcRpcBackend::~SrpcRpcBackend: Shutdown() completed
[SHUTDOWN] Worker 5 joined
[SHUTDOWN] Joining worker 6
20260909-06:49.18-354080(us) 2337813 * Shutdown        (srpc_rpc_backend.cc:140): SrpcRpcBackend::Shutdown: poll_thread_worker_ reset to None
20260909-06:49.18-354131(us) 2337813 * Shutdown        (srpc_rpc_backend.cc:145): SrpcRpcBackend::Shutdown: Shutdown sequence completed, destructor will now exit
20260909-06:49.18-354147(us) 2337813 * ~SrpcRpcBackend (srpc_rpc_backend.cc:52): SrpcRpcBackend::~SrpcRpcBackend: START destructor
20260909-06:49.18-354161(us) 2337813 * Stop            (srpc_rpc_backend.cc:589): SrpcRpcBackend::Stop: Already stopped, returning
20260909-06:49.18-354176(us) 2337813 * Shutdown        (srpc_rpc_backend.cc:112): SrpcRpcBackend::Shutdown: About to delete server
20260909-06:49.18-354190(us) 2337813 * Shutdown        (srpc_rpc_backend.cc:129): SrpcRpcBackend::Shutdown: Server pointer is null, skipping deletion
20260909-06:49.18-354213(us) 2337813 * Shutdown        (srpc_rpc_backend.cc:132): SrpcRpcBackend::Shutdown: About to shutdown poll_thread_worker_
[SHUTDOWN] Worker 6 joined20260909-06:49.18-354232(us) 2337813 * Shutdown        (srpc_rpc_backend.cc:142): SrpcRpcBackend::Shutdown: poll_thread_worker_ is null, skipping shutdown

[SHUTDOWN] Joining worker 20260909-06:49.18-354252(us) 2337813 * Shutdown        (srpc_rpc_backend.cc:145): SrpcRpcBackend::Shutdown: Shutdown sequence completed, destructor will now exit
7
20260909-06:49.18-354270(us) 2337813 * ~SrpcRpcBackend (srpc_rpc_backend.cc:54): SrpcRpcBackend::~SrpcRpcBackend: Shutdown() completed
[SHUTDOWN] Worker 7 joined
[SHUTDOWN] Joining worker 8
[SHUTDOWN] Worker 8 joined
[SHUTDOWN] Joining worker 9
[SHUTDOWN] Worker 9 joined
[SHUTDOWN] Joining worker 10
[SHUTDOWN] Worker 10 joined
[SHUTDOWN] Joining worker 11
[SHUTDOWN] Worker 11 joined
[SHUTDOWN] Joining worker 12
[SHUTDOWN] Worker 12 joined
[SHUTDOWN] Joining worker 13
[SHUTDOWN] Worker 13 joined
[SHUTDOWN] Joining worker 14
[SHUTDOWN] Worker 14 joined
[SHUTDOWN] Joining worker 15
[SHUTDOWN] Worker 15 joined
[SHUTDOWN] All workers joined
[SHUTDOWN] Calling stop_rpc_server()
[STOP_SERVER] Stopping 2 server transports
[STOP_SERVER] Stopping server transport 0
20260909-06:49.18-354957(us) 2337813 * Stop            (srpc_rpc_backend.cc:593): SrpcRpcBackend::Stop: BEGIN - Setting stop flag
20260909-06:49.18-354980(us) 2337813 * Stop            (srpc_rpc_backend.cc:596): SrpcRpcBackend::Stop: Waiting for event loop to exit...
20260909-06:49.18-355050(us) 2337813 * RunEventLoop    (srpc_rpc_backend.cc:577): SrpcRpcBackend::RunEventLoop: Stop flag detected, exiting event loop
20260909-06:49.18-355081(us) 2337813 * RunEventLoop    (srpc_rpc_backend.cc:581): SrpcRpcBackend::RunEventLoop: Exited cleanly
20260909-06:49.18-355096(us) 2337813 * rpc_server      (rpc_setup.cc:126): the rpc_server is terminated on shardIdx:0, alpha:0!
20260909-06:49.18-365060(us) 2337813 * Stop            (srpc_rpc_backend.cc:612): SrpcRpcBackend::Stop: Event loop exited successfully
20260909-06:49.18-365083(us) 2337813 * Stop            (srpc_rpc_backend.cc:616): SrpcRpcBackend::Stop: Signaling 0 request queues to stop
20260909-06:49.18-365097(us) 2337813 * Stop            (srpc_rpc_backend.cc:624): SrpcRpcBackend::Stop: Signaling 0 response queues to stop
20260909-06:49.18-365111(us) 2337813 * Stop            (srpc_rpc_backend.cc:635): SrpcRpcBackend::Stop: Server cleanup deferred to destructor
20260909-06:49.18-365124(us) 2337813 * Stop            (srpc_rpc_backend.cc:638): SrpcRpcBackend::Stop: Closing client connections
20260909-06:49.18-365136(us) 2337813 * Stop            (srpc_rpc_backend.cc:642): SrpcRpcBackend::Stop: Found 0 client connections to close
20260909-06:49.18-365149(us) 2337813 * Stop            (srpc_rpc_backend.cc:662): SrpcRpcBackend::Stop: Closed 0 client connections
20260909-06:49.18-365162(us) 2337813 * Stop            (srpc_rpc_backend.cc:675): SrpcRpcBackend stats: msg_size_resp_sent: 0 bytes, counter: 0, avg: 0.000000
20260909-06:49.18-365178(us) 2337813 * Stop            (srpc_rpc_backend.cc:676): SrpcRpcBackend::Stop: END
[STOP_SERVER] Server transport 0 stopped
[STOP_SERVER] Stopping server transport 1
20260909-06:49.18-365208(us) 2337813 * Stop            (srpc_rpc_backend.cc:593): SrpcRpcBackend::Stop: BEGIN - Setting stop flag
20260909-06:49.18-365224(us) 2337813 * Stop            (srpc_rpc_backend.cc:596): SrpcRpcBackend::Stop: Waiting for event loop to exit...
20260909-06:49.18-365248(us) 2337813 * RunEventLoop    (srpc_rpc_backend.cc:577): SrpcRpcBackend::RunEventLoop: Stop flag detected, exiting event loop
20260909-06:49.18-365273(us) 2337813 * RunEventLoop    (srpc_rpc_backend.cc:581): SrpcRpcBackend::RunEventLoop: Exited cleanly
20260909-06:49.18-365288(us) 2337813 * rpc_server      (rpc_setup.cc:126): the rpc_server is terminated on shardIdx:0, alpha:1!
20260909-06:49.18-375310(us) 2337813 * Stop            (srpc_rpc_backend.cc:612): SrpcRpcBackend::Stop: Event loop exited successfully
20260909-06:49.18-375335(us) 2337813 * Stop            (srpc_rpc_backend.cc:616): SrpcRpcBackend::Stop: Signaling 0 request queues to stop
20260909-06:49.18-375348(us) 2337813 * Stop            (srpc_rpc_backend.cc:624): SrpcRpcBackend::Stop: Signaling 0 response queues to stop
20260909-06:49.18-375362(us) 2337813 * Stop            (srpc_rpc_backend.cc:635): SrpcRpcBackend::Stop: Server cleanup deferred to destructor
20260909-06:49.18-375375(us) 2337813 * Stop            (srpc_rpc_backend.cc:638): SrpcRpcBackend::Stop: Closing client connections
20260909-06:49.18-375388(us) 2337813 * Stop            (srpc_rpc_backend.cc:642): SrpcRpcBackend::Stop: Found 0 client connections to close
20260909-06:49.18-375401(us) 2337813 * Stop            (srpc_rpc_backend.cc:662): SrpcRpcBackend::Stop: Closed 0 client connections
20260909-06:49.18-375414(us) 2337813 * Stop            (srpc_rpc_backend.cc:675): SrpcRpcBackend stats: msg_size_resp_sent: 0 bytes, counter: 0, avg: 0.000000
20260909-06:49.18-375429(us) 2337813 * Stop            (srpc_rpc_backend.cc:676): SrpcRpcBackend::Stop: END
[STOP_SERVER] Server transport 1 stopped
20260909-06:49.18-375597(us) 2337813 * Stop            (srpc_rpc_backend.cc:589): SrpcRpcBackend::Stop: Already stopped, returning
20260909-06:49.18-375621(us) 2337813 * Shutdown        (srpc_rpc_backend.cc:112): SrpcRpcBackend::Shutdown: About to delete server
20260909-06:49.18-375641(us) 2337813 * Shutdown        (srpc_rpc_backend.cc:116): SrpcRpcBackend::Shutdown: Server pointer is valid, deleting...
20260909-06:49.18-375673(us) 2337813 * Shutdown        (srpc_rpc_backend.cc:120): SrpcRpcBackend::Shutdown: Server deleted successfully
20260909-06:49.18-375692(us) 2337813 * Shutdown        (srpc_rpc_backend.cc:132): SrpcRpcBackend::Shutdown: About to shutdown poll_thread_worker_
20260909-06:49.18-375711(us) 2337813 * Shutdown        (srpc_rpc_backend.cc:136): SrpcRpcBackend::Shutdown: poll_thread_worker_ is valid, calling shutdown()
20260909-06:49.18-377129(us) 2337813 * Shutdown        (srpc_rpc_backend.cc:138): SrpcRpcBackend::Shutdown: poll_thread_worker_->shutdown() completed
20260909-06:49.18-377171(us) 2337813 * Shutdown        (srpc_rpc_backend.cc:140): SrpcRpcBackend::Shutdown: poll_thread_worker_ reset to None
20260909-06:49.18-377190(us) 2337813 * Shutdown        (srpc_rpc_backend.cc:145): SrpcRpcBackend::Shutdown: Shutdown sequence completed, destructor will now exit
20260909-06:49.18-377209(us) 2337813 * ~SrpcRpcBackend (srpc_rpc_backend.cc:52): SrpcRpcBackend::~SrpcRpcBackend: START destructor
20260909-06:49.18-377228(us) 2337813 * Stop            (srpc_rpc_backend.cc:589): SrpcRpcBackend::Stop: Already stopped, returning
20260909-06:49.18-377249(us) 2337813 * Shutdown        (srpc_rpc_backend.cc:112): SrpcRpcBackend::Shutdown: About to delete server
20260909-06:49.18-377268(us) 2337813 * Shutdown        (srpc_rpc_backend.cc:129): SrpcRpcBackend::Shutdown: Server pointer is null, skipping deletion
20260909-06:49.18-377287(us) 2337813 * Shutdown        (srpc_rpc_backend.cc:132): SrpcRpcBackend::Shutdown: About to shutdown poll_thread_worker_
20260909-06:49.18-377313(us) 2337813 * Shutdown        (srpc_rpc_backend.cc:142): SrpcRpcBackend::Shutdown: poll_thread_worker_ is null, skipping shutdown
20260909-06:49.18-377334(us) 2337813 * Shutdown        (srpc_rpc_backend.cc:145): SrpcRpcBackend::Shutdown: Shutdown sequence completed, destructor will now exit
20260909-06:49.18-377361(us) 2337813 * ~SrpcRpcBackend (srpc_rpc_backend.cc:54): SrpcRpcBackend::~SrpcRpcBackend: Shutdown() completed
20260909-06:49.18-377434(us) 2337813 * Stop            (srpc_rpc_backend.cc:589): SrpcRpcBackend::Stop: Already stopped, returning
20260909-06:49.18-377457(us) 2337813 * Shutdown        (srpc_rpc_backend.cc:112): SrpcRpcBackend::Shutdown: About to delete server
20260909-06:49.18-377476(us) 2337813 * Shutdown        (srpc_rpc_backend.cc:116): SrpcRpcBackend::Shutdown: Server pointer is valid, deleting...
20260909-06:49.18-377504(us) 2337813 * Shutdown        (srpc_rpc_backend.cc:120): SrpcRpcBackend::Shutdown: Server deleted successfully
20260909-06:49.18-377525(us) 2337813 * Shutdown        (srpc_rpc_backend.cc:132): SrpcRpcBackend::Shutdown: About to shutdown poll_thread_worker_
20260909-06:49.18-377546(us) 2337813 * Shutdown        (srpc_rpc_backend.cc:136): SrpcRpcBackend::Shutdown: poll_thread_worker_ is valid, calling shutdown()
20260909-06:49.18-378617(us) 2337813 * Shutdown        (srpc_rpc_backend.cc:138): SrpcRpcBackend::Shutdown: poll_thread_worker_->shutdown() completed
20260909-06:49.18-378659(us) 2337813 * Shutdown        (srpc_rpc_backend.cc:140): SrpcRpcBackend::Shutdown: poll_thread_worker_ reset to None
20260909-06:49.18-378678(us) 2337813 * Shutdown        (srpc_rpc_backend.cc:145): SrpcRpcBackend::Shutdown: Shutdown sequence completed, destructor will now exit
20260909-06:49.18-378698(us) 2337813 * ~SrpcRpcBackend (srpc_rpc_backend.cc:52): SrpcRpcBackend::~SrpcRpcBackend: START destructor
20260909-06:49.18-378717(us) 2337813 * Stop            (srpc_rpc_backend.cc:589): SrpcRpcBackend::Stop: Already stopped, returning
20260909-06:49.18-378737(us) 2337813 * Shutdown        (srpc_rpc_backend.cc:112): SrpcRpcBackend::Shutdown: About to delete server
20260909-06:49.18-378756(us) 2337813 * Shutdown        (srpc_rpc_backend.cc:129): SrpcRpcBackend::Shutdown: Server pointer is null, skipping deletion
20260909-06:49.18-378775(us) 2337813 * Shutdown        (srpc_rpc_backend.cc:132): SrpcRpcBackend::Shutdown: About to shutdown poll_thread_worker_
20260909-06:49.18-378801(us) 2337813 * Shutdown        (srpc_rpc_backend.cc:142): SrpcRpcBackend::Shutdown: poll_thread_worker_ is null, skipping shutdown
20260909-06:49.18-378825(us) 2337813 * Shutdown        (srpc_rpc_backend.cc:145): SrpcRpcBackend::Shutdown: Shutdown sequence completed, destructor will now exit
20260909-06:49.18-378853(us) 2337813 * ~SrpcRpcBackend (srpc_rpc_backend.cc:54): SrpcRpcBackend::~SrpcRpcBackend: Shutdown() completed
[STOP_SERVER] All server transports stopped
[SHUTDOWN] stop_rpc_server() completed
[SHUTDOWN] Calling second stop()
20260909-06:49.18-378926(us) 2337813 ! stop            (bench.cc:514):     stop all rpc clients. set stop=false
[SHUTDOWN] Second stop() completed
20260909-06:49.18-378952(us) 2337813 ! run             (bench.cc:774):     TPCC_BENCH_MEASURE_END
[SHUTDOWN] Calling do_txn_finish()
[SHUTDOWN] do_txn_finish() completed
--- n_commits per partition ---
 par_id: 0, n_commits: 539001
 par_id: 1, n_commits: 512672
 par_id: 2, n_commits: 514728
 par_id: 3, n_commits: 525531
 par_id: 4, n_commits: 544753
 par_id: 5, n_commits: 564492
 par_id: 6, n_commits: 521525
 par_id: 7, n_commits: 537135
 par_id: 8, n_commits: 461615
 par_id: 9, n_commits: 523591
 par_id: 10, n_commits: 528658
 par_id: 11, n_commits: 523472
 par_id: 12, n_commits: 542150
 par_id: 13, n_commits: 545110
 par_id: 14, n_commits: 525708
 par_id: 15, n_commits: 524355
STO_TPCC_CAPACITY phase=run_complete scope=database allocated_registry_bytes=4727714896 max_registry_bytes=8589934592 registry_headroom_bytes=3862219696
STO_TPCC_CAPACITY phase=run_complete table=customer_0 retained_records=90000 consumed_record_ids=90000 retained_key_bytes=1080000 allocated_registry_bytes=17856776 max_retained_records=18446744073709551615 max_consumed_record_ids=18446744073709551615 max_retained_key_bytes=18446744073709551615
STO_TPCC_CAPACITY phase=run_complete table=customer_1 retained_records=90000 consumed_record_ids=90000 retained_key_bytes=1080000 allocated_registry_bytes=17856776 max_retained_records=18446744073709551615 max_consumed_record_ids=18446744073709551615 max_retained_key_bytes=18446744073709551615
STO_TPCC_CAPACITY phase=run_complete table=customer_2 retained_records=90000 consumed_record_ids=90000 retained_key_bytes=1080000 allocated_registry_bytes=17856776 max_retained_records=18446744073709551615 max_consumed_record_ids=18446744073709551615 max_retained_key_bytes=18446744073709551615
STO_TPCC_CAPACITY phase=run_complete table=customer_3 retained_records=90000 consumed_record_ids=90000 retained_key_bytes=1080000 allocated_registry_bytes=17856776 max_retained_records=18446744073709551615 max_consumed_record_ids=18446744073709551615 max_retained_key_bytes=18446744073709551615
STO_TPCC_CAPACITY phase=run_complete table=customer_4 retained_records=90000 consumed_record_ids=90000 retained_key_bytes=1080000 allocated_registry_bytes=17856776 max_retained_records=18446744073709551615 max_consumed_record_ids=18446744073709551615 max_retained_key_bytes=18446744073709551615
STO_TPCC_CAPACITY phase=run_complete table=customer_5 retained_records=90000 consumed_record_ids=90000 retained_key_bytes=1080000 allocated_registry_bytes=17856776 max_retained_records=18446744073709551615 max_consumed_record_ids=18446744073709551615 max_retained_key_bytes=18446744073709551615
STO_TPCC_CAPACITY phase=run_complete table=customer_6 retained_records=90000 consumed_record_ids=90000 retained_key_bytes=1080000 allocated_registry_bytes=17856776 max_retained_records=18446744073709551615 max_consumed_record_ids=18446744073709551615 max_retained_key_bytes=18446744073709551615
STO_TPCC_CAPACITY phase=run_complete table=customer_7 retained_records=90000 consumed_record_ids=90000 retained_key_bytes=1080000 allocated_registry_bytes=17856776 max_retained_records=18446744073709551615 max_consumed_record_ids=18446744073709551615 max_retained_key_bytes=18446744073709551615
STO_TPCC_CAPACITY phase=run_complete table=customer_8 retained_records=90000 consumed_record_ids=90000 retained_key_bytes=1080000 allocated_registry_bytes=17856776 max_retained_records=18446744073709551615 max_consumed_record_ids=18446744073709551615 max_retained_key_bytes=18446744073709551615
STO_TPCC_CAPACITY phase=run_complete table=customer_9 retained_records=90000 consumed_record_ids=90000 retained_key_bytes=1080000 allocated_registry_bytes=17856776 max_retained_records=18446744073709551615 max_consumed_record_ids=18446744073709551615 max_retained_key_bytes=18446744073709551615
STO_TPCC_CAPACITY phase=run_complete table=customer_10 retained_records=90000 consumed_record_ids=90000 retained_key_bytes=1080000 allocated_registry_bytes=17856776 max_retained_records=18446744073709551615 max_consumed_record_ids=18446744073709551615 max_retained_key_bytes=18446744073709551615
STO_TPCC_CAPACITY phase=run_complete table=customer_11 retained_records=90000 consumed_record_ids=90000 retained_key_bytes=1080000 allocated_registry_bytes=17856776 max_retained_records=18446744073709551615 max_consumed_record_ids=18446744073709551615 max_retained_key_bytes=18446744073709551615
STO_TPCC_CAPACITY phase=run_complete table=customer_12 retained_records=90000 consumed_record_ids=90000 retained_key_bytes=1080000 allocated_registry_bytes=17856776 max_retained_records=18446744073709551615 max_consumed_record_ids=18446744073709551615 max_retained_key_bytes=18446744073709551615
STO_TPCC_CAPACITY phase=run_complete table=customer_13 retained_records=90000 consumed_record_ids=90000 retained_key_bytes=1080000 allocated_registry_bytes=17856776 max_retained_records=18446744073709551615 max_consumed_record_ids=18446744073709551615 max_retained_key_bytes=18446744073709551615
STO_TPCC_CAPACITY phase=run_complete table=customer_14 retained_records=90000 consumed_record_ids=90000 retained_key_bytes=1080000 allocated_registry_bytes=17856776 max_retained_records=18446744073709551615 max_consumed_record_ids=18446744073709551615 max_retained_key_bytes=18446744073709551615
STO_TPCC_CAPACITY phase=run_complete table=customer_15 retained_records=90000 consumed_record_ids=90000 retained_key_bytes=1080000 allocated_registry_bytes=17856776 max_retained_records=18446744073709551615 max_consumed_record_ids=18446744073709551615 max_retained_key_bytes=18446744073709551615
STO_TPCC_CAPACITY phase=run_complete table=customer_name_idx_0 retained_records=30000 consumed_record_ids=30000 retained_key_bytes=1200000 allocated_registry_bytes=2156376 max_retained_records=18446744073709551615 max_consumed_record_ids=18446744073709551615 max_retained_key_bytes=18446744073709551615
STO_TPCC_CAPACITY phase=run_complete table=customer_name_idx_1 retained_records=30000 consumed_record_ids=30000 retained_key_bytes=1200000 allocated_registry_bytes=2156376 max_retained_records=18446744073709551615 max_consumed_record_ids=18446744073709551615 max_retained_key_bytes=18446744073709551615
STO_TPCC_CAPACITY phase=run_complete table=customer_name_idx_2 retained_records=30000 consumed_record_ids=30000 retained_key_bytes=1200000 allocated_registry_bytes=2156376 max_retained_records=18446744073709551615 max_consumed_record_ids=18446744073709551615 max_retained_key_bytes=18446744073709551615
STO_TPCC_CAPACITY phase=run_complete table=customer_name_idx_3 retained_records=30000 consumed_record_ids=30000 retained_key_bytes=1200000 allocated_registry_bytes=2156376 max_retained_records=18446744073709551615 max_consumed_record_ids=18446744073709551615 max_retained_key_bytes=18446744073709551615
STO_TPCC_CAPACITY phase=run_complete table=customer_name_idx_4 retained_records=30000 consumed_record_ids=30000 retained_key_bytes=1200000 allocated_registry_bytes=2156376 max_retained_records=18446744073709551615 max_consumed_record_ids=18446744073709551615 max_retained_key_bytes=18446744073709551615
STO_TPCC_CAPACITY phase=run_complete table=customer_name_idx_5 retained_records=30000 consumed_record_ids=30000 retained_key_bytes=1200000 allocated_registry_bytes=2156376 max_retained_records=18446744073709551615 max_consumed_record_ids=18446744073709551615 max_retained_key_bytes=18446744073709551615
STO_TPCC_CAPACITY phase=run_complete table=customer_name_idx_6 retained_records=30000 consumed_record_ids=30000 retained_key_bytes=1200000 allocated_registry_bytes=2156376 max_retained_records=18446744073709551615 max_consumed_record_ids=18446744073709551615 max_retained_key_bytes=18446744073709551615
STO_TPCC_CAPACITY phase=run_complete table=customer_name_idx_7 retained_records=30000 consumed_record_ids=30000 retained_key_bytes=1200000 allocated_registry_bytes=2156376 max_retained_records=18446744073709551615 max_consumed_record_ids=18446744073709551615 max_retained_key_bytes=18446744073709551615
STO_TPCC_CAPACITY phase=run_complete table=customer_name_idx_8 retained_records=30000 consumed_record_ids=30000 retained_key_bytes=1200000 allocated_registry_bytes=2156376 max_retained_records=18446744073709551615 max_consumed_record_ids=18446744073709551615 max_retained_key_bytes=18446744073709551615
STO_TPCC_CAPACITY phase=run_complete table=customer_name_idx_9 retained_records=30000 consumed_record_ids=30000 retained_key_bytes=1200000 allocated_registry_bytes=2156376 max_retained_records=18446744073709551615 max_consumed_record_ids=18446744073709551615 max_retained_key_bytes=18446744073709551615
STO_TPCC_CAPACITY phase=run_complete table=customer_name_idx_10 retained_records=30000 consumed_record_ids=30000 retained_key_bytes=1200000 allocated_registry_bytes=2156376 max_retained_records=18446744073709551615 max_consumed_record_ids=18446744073709551615 max_retained_key_bytes=18446744073709551615
STO_TPCC_CAPACITY phase=run_complete table=customer_name_idx_11 retained_records=30000 consumed_record_ids=30000 retained_key_bytes=1200000 allocated_registry_bytes=2156376 max_retained_records=18446744073709551615 max_consumed_record_ids=18446744073709551615 max_retained_key_bytes=18446744073709551615
STO_TPCC_CAPACITY phase=run_complete table=customer_name_idx_12 retained_records=30000 consumed_record_ids=30000 retained_key_bytes=1200000 allocated_registry_bytes=2156376 max_retained_records=18446744073709551615 max_consumed_record_ids=18446744073709551615 max_retained_key_bytes=18446744073709551615
STO_TPCC_CAPACITY phase=run_complete table=customer_name_idx_13 retained_records=30000 consumed_record_ids=30000 retained_key_bytes=1200000 allocated_registry_bytes=2156376 max_retained_records=18446744073709551615 max_consumed_record_ids=18446744073709551615 max_retained_key_bytes=18446744073709551615
STO_TPCC_CAPACITY phase=run_complete table=customer_name_idx_14 retained_records=30000 consumed_record_ids=30000 retained_key_bytes=1200000 allocated_registry_bytes=2156376 max_retained_records=18446744073709551615 max_consumed_record_ids=18446744073709551615 max_retained_key_bytes=18446744073709551615
STO_TPCC_CAPACITY phase=run_complete table=customer_name_idx_15 retained_records=30000 consumed_record_ids=30000 retained_key_bytes=1200000 allocated_registry_bytes=2156376 max_retained_records=18446744073709551615 max_consumed_record_ids=18446744073709551615 max_retained_key_bytes=18446744073709551615
STO_TPCC_CAPACITY phase=run_complete table=district_0 retained_records=10 consumed_record_ids=10 retained_key_bytes=80 allocated_registry_bytes=205424 max_retained_records=18446744073709551615 max_consumed_record_ids=18446744073709551615 max_retained_key_bytes=18446744073709551615
STO_TPCC_CAPACITY phase=run_complete table=district_1 retained_records=10 consumed_record_ids=10 retained_key_bytes=80 allocated_registry_bytes=205424 max_retained_records=18446744073709551615 max_consumed_record_ids=18446744073709551615 max_retained_key_bytes=18446744073709551615
STO_TPCC_CAPACITY phase=run_complete table=district_2 retained_records=10 consumed_record_ids=10 retained_key_bytes=80 allocated_registry_bytes=205424 max_retained_records=18446744073709551615 max_consumed_record_ids=18446744073709551615 max_retained_key_bytes=18446744073709551615
STO_TPCC_CAPACITY phase=run_complete table=district_3 retained_records=10 consumed_record_ids=10 retained_key_bytes=80 allocated_registry_bytes=205424 max_retained_records=18446744073709551615 max_consumed_record_ids=18446744073709551615 max_retained_key_bytes=18446744073709551615
STO_TPCC_CAPACITY phase=run_complete table=district_4 retained_records=10 consumed_record_ids=10 retained_key_bytes=80 allocated_registry_bytes=205424 max_retained_records=18446744073709551615 max_consumed_record_ids=18446744073709551615 max_retained_key_bytes=18446744073709551615
STO_TPCC_CAPACITY phase=run_complete table=district_5 retained_records=10 consumed_record_ids=10 retained_key_bytes=80 allocated_registry_bytes=205424 max_retained_records=18446744073709551615 max_consumed_record_ids=18446744073709551615 max_retained_key_bytes=18446744073709551615
STO_TPCC_CAPACITY phase=run_complete table=district_6 retained_records=10 consumed_record_ids=10 retained_key_bytes=80 allocated_registry_bytes=205424 max_retained_records=18446744073709551615 max_consumed_record_ids=18446744073709551615 max_retained_key_bytes=18446744073709551615
STO_TPCC_CAPACITY phase=run_complete table=district_7 retained_records=10 consumed_record_ids=10 retained_key_bytes=80 allocated_registry_bytes=205424 max_retained_records=18446744073709551615 max_consumed_record_ids=18446744073709551615 max_retained_key_bytes=18446744073709551615
STO_TPCC_CAPACITY phase=run_complete table=district_8 retained_records=10 consumed_record_ids=10 retained_key_bytes=80 allocated_registry_bytes=205424 max_retained_records=18446744073709551615 max_consumed_record_ids=18446744073709551615 max_retained_key_bytes=18446744073709551615
STO_TPCC_CAPACITY phase=run_complete table=district_9 retained_records=10 consumed_record_ids=10 retained_key_bytes=80 allocated_registry_bytes=205424 max_retained_records=18446744073709551615 max_consumed_record_ids=18446744073709551615 max_retained_key_bytes=18446744073709551615
STO_TPCC_CAPACITY phase=run_complete table=district_10 retained_records=10 consumed_record_ids=10 retained_key_bytes=80 allocated_registry_bytes=205424 max_retained_records=18446744073709551615 max_consumed_record_ids=18446744073709551615 max_retained_key_bytes=18446744073709551615
STO_TPCC_CAPACITY phase=run_complete table=district_11 retained_records=10 consumed_record_ids=10 retained_key_bytes=80 allocated_registry_bytes=205424 max_retained_records=18446744073709551615 max_consumed_record_ids=18446744073709551615 max_retained_key_bytes=18446744073709551615
STO_TPCC_CAPACITY phase=run_complete table=district_12 retained_records=10 consumed_record_ids=10 retained_key_bytes=80 allocated_registry_bytes=205424 max_retained_records=18446744073709551615 max_consumed_record_ids=18446744073709551615 max_retained_key_bytes=18446744073709551615
STO_TPCC_CAPACITY phase=run_complete table=district_13 retained_records=10 consumed_record_ids=10 retained_key_bytes=80 allocated_registry_bytes=205424 max_retained_records=18446744073709551615 max_consumed_record_ids=18446744073709551615 max_retained_key_bytes=18446744073709551615
STO_TPCC_CAPACITY phase=run_complete table=district_14 retained_records=10 consumed_record_ids=10 retained_key_bytes=80 allocated_registry_bytes=205424 max_retained_records=18446744073709551615 max_consumed_record_ids=18446744073709551615 max_retained_key_bytes=18446744073709551615
STO_TPCC_CAPACITY phase=run_complete table=district_15 retained_records=10 consumed_record_ids=10 retained_key_bytes=80 allocated_registry_bytes=205424 max_retained_records=18446744073709551615 max_consumed_record_ids=18446744073709551615 max_retained_key_bytes=18446744073709551615
STO_TPCC_CAPACITY phase=run_complete table=history_0 retained_records=261953 consumed_record_ids=261953 retained_key_bytes=6286872 allocated_registry_bytes=18395592 max_retained_records=18446744073709551615 max_consumed_record_ids=18446744073709551615 max_retained_key_bytes=18446744073709551615
STO_TPCC_CAPACITY phase=run_complete table=history_1 retained_records=250117 consumed_record_ids=250117 retained_key_bytes=6002808 allocated_registry_bytes=17592160 max_retained_records=18446744073709551615 max_consumed_record_ids=18446744073709551615 max_retained_key_bytes=18446744073709551615
STO_TPCC_CAPACITY phase=run_complete table=history_2 retained_records=251458 consumed_record_ids=251458 retained_key_bytes=6034992 allocated_registry_bytes=17663896 max_retained_records=18446744073709551615 max_consumed_record_ids=18446744073709551615 max_retained_key_bytes=18446744073709551615
STO_TPCC_CAPACITY phase=run_complete table=history_3 retained_records=255598 consumed_record_ids=255598 retained_key_bytes=6134352 allocated_registry_bytes=17950840 max_retained_records=18446744073709551615 max_consumed_record_ids=18446744073709551615 max_retained_key_bytes=18446744073709551615
STO_TPCC_CAPACITY phase=run_complete table=history_4 retained_records=264102 consumed_record_ids=264102 retained_key_bytes=6338448 allocated_registry_bytes=18539064 max_retained_records=18446744073709551615 max_consumed_record_ids=18446744073709551615 max_retained_key_bytes=18446744073709551615
STO_TPCC_CAPACITY phase=run_complete table=history_5 retained_records=272527 consumed_record_ids=272527 retained_key_bytes=6540648 allocated_registry_bytes=19184688 max_retained_records=18446744073709551615 max_consumed_record_ids=18446744073709551615 max_retained_key_bytes=18446744073709551615
STO_TPCC_CAPACITY phase=run_complete table=history_6 retained_records=254498 consumed_record_ids=254498 retained_key_bytes=6107952 allocated_registry_bytes=17879104 max_retained_records=18446744073709551615 max_consumed_record_ids=18446744073709551615 max_retained_key_bytes=18446744073709551615
STO_TPCC_CAPACITY phase=run_complete table=history_7 retained_records=260684 consumed_record_ids=260684 retained_key_bytes=6256416 allocated_registry_bytes=18309520 max_retained_records=18446744073709551615 max_consumed_record_ids=18446744073709551615 max_retained_key_bytes=18446744073709551615
STO_TPCC_CAPACITY phase=run_complete table=history_8 retained_records=228277 consumed_record_ids=228277 retained_key_bytes=5478648 allocated_registry_bytes=16013968 max_retained_records=18446744073709551615 max_consumed_record_ids=18446744073709551615 max_retained_key_bytes=18446744073709551615
STO_TPCC_CAPACITY phase=run_complete table=history_9 retained_records=255513 consumed_record_ids=255513 retained_key_bytes=6132312 allocated_registry_bytes=17950840 max_retained_records=18446744073709551615 max_consumed_record_ids=18446744073709551615 max_retained_key_bytes=18446744073709551615
STO_TPCC_CAPACITY phase=run_complete table=history_10 retained_records=257617 consumed_record_ids=257617 retained_key_bytes=6182808 allocated_registry_bytes=18094312 max_retained_records=18446744073709551615 max_consumed_record_ids=18446744073709551615 max_retained_key_bytes=18446744073709551615
STO_TPCC_CAPACITY phase=run_complete table=history_11 retained_records=255321 consumed_record_ids=255321 retained_key_bytes=6127704 allocated_registry_bytes=17950840 max_retained_records=18446744073709551615 max_consumed_record_ids=18446744073709551615 max_retained_key_bytes=18446744073709551615
STO_TPCC_CAPACITY phase=run_complete table=history_12 retained_records=263732 consumed_record_ids=263732 retained_key_bytes=6329568 allocated_registry_bytes=18539064 max_retained_records=18446744073709551615 max_consumed_record_ids=18446744073709551615 max_retained_key_bytes=18446744073709551615
STO_TPCC_CAPACITY phase=run_complete table=history_13 retained_records=263867 consumed_record_ids=263867 retained_key_bytes=6332808 allocated_registry_bytes=18539064 max_retained_records=18446744073709551615 max_consumed_record_ids=18446744073709551615 max_retained_key_bytes=18446744073709551615
STO_TPCC_CAPACITY phase=run_complete table=history_14 retained_records=256075 consumed_record_ids=256075 retained_key_bytes=6145800 allocated_registry_bytes=18022576 max_retained_records=18446744073709551615 max_consumed_record_ids=18446744073709551615 max_retained_key_bytes=18446744073709551615
STO_TPCC_CAPACITY phase=run_complete table=history_15 retained_records=255785 consumed_record_ids=255785 retained_key_bytes=6138840 allocated_registry_bytes=17950840 max_retained_records=18446744073709551615 max_consumed_record_ids=18446744073709551615 max_retained_key_bytes=18446744073709551615
STO_TPCC_CAPACITY phase=run_complete table=new_order_0 retained_records=251655 consumed_record_ids=251655 retained_key_bytes=3019860 allocated_registry_bytes=17663896 max_retained_records=18446744073709551615 max_consumed_record_ids=18446744073709551615 max_retained_key_bytes=18446744073709551615
STO_TPCC_CAPACITY phase=run_complete table=new_order_1 retained_records=239774 consumed_record_ids=239774 retained_key_bytes=2877288 allocated_registry_bytes=16874800 max_retained_records=18446744073709551615 max_consumed_record_ids=18446744073709551615 max_retained_key_bytes=18446744073709551615
STO_TPCC_CAPACITY phase=run_complete table=new_order_2 retained_records=240638 consumed_record_ids=240638 retained_key_bytes=2887656 allocated_registry_bytes=16874800 max_retained_records=18446744073709551615 max_consumed_record_ids=18446744073709551615 max_retained_key_bytes=18446744073709551615
STO_TPCC_CAPACITY phase=run_complete table=new_order_3 retained_records=245919 consumed_record_ids=245919 retained_key_bytes=2951028 allocated_registry_bytes=17305216 max_retained_records=18446744073709551615 max_consumed_record_ids=18446744073709551615 max_retained_key_bytes=18446744073709551615
STO_TPCC_CAPACITY phase=run_complete table=new_order_4 retained_records=254056 consumed_record_ids=254056 retained_key_bytes=3048672 allocated_registry_bytes=17879104 max_retained_records=18446744073709551615 max_consumed_record_ids=18446744073709551615 max_retained_key_bytes=18446744073709551615
STO_TPCC_CAPACITY phase=run_complete table=new_order_5 retained_records=263043 consumed_record_ids=263043 retained_key_bytes=3156516 allocated_registry_bytes=18467328 max_retained_records=18446744073709551615 max_consumed_record_ids=18446744073709551615 max_retained_key_bytes=18446744073709551615
STO_TPCC_CAPACITY phase=run_complete table=new_order_6 retained_records=243976 consumed_record_ids=243976 retained_key_bytes=2927712 allocated_registry_bytes=17161744 max_retained_records=18446744073709551615 max_consumed_record_ids=18446744073709551615 max_retained_key_bytes=18446744073709551615
STO_TPCC_CAPACITY phase=run_complete table=new_order_7 retained_records=251022 consumed_record_ids=251022 retained_key_bytes=3012264 allocated_registry_bytes=17663896 max_retained_records=18446744073709551615 max_consumed_record_ids=18446744073709551615 max_retained_key_bytes=18446744073709551615
STO_TPCC_CAPACITY phase=run_complete table=new_order_8 retained_records=216920 consumed_record_ids=216920 retained_key_bytes=2603040 allocated_registry_bytes=15224872 max_retained_records=18446744073709551615 max_consumed_record_ids=18446744073709551615 max_retained_key_bytes=18446744073709551615
STO_TPCC_CAPACITY phase=run_complete table=new_order_9 retained_records=244945 consumed_record_ids=244945 retained_key_bytes=2939340 allocated_registry_bytes=17233480 max_retained_records=18446744073709551615 max_consumed_record_ids=18446744073709551615 max_retained_key_bytes=18446744073709551615
STO_TPCC_CAPACITY phase=run_complete table=new_order_10 retained_records=246307 consumed_record_ids=246307 retained_key_bytes=2955684 allocated_registry_bytes=17305216 max_retained_records=18446744073709551615 max_consumed_record_ids=18446744073709551615 max_retained_key_bytes=18446744073709551615
STO_TPCC_CAPACITY phase=run_complete table=new_order_11 retained_records=244157 consumed_record_ids=244157 retained_key_bytes=2929884 allocated_registry_bytes=17161744 max_retained_records=18446744073709551615 max_consumed_record_ids=18446744073709551615 max_retained_key_bytes=18446744073709551615
STO_TPCC_CAPACITY phase=run_complete table=new_order_12 retained_records=252409 consumed_record_ids=252409 retained_key_bytes=3028908 allocated_registry_bytes=17735632 max_retained_records=18446744073709551615 max_consumed_record_ids=18446744073709551615 max_retained_key_bytes=18446744073709551615
STO_TPCC_CAPACITY phase=run_complete table=new_order_13 retained_records=254724 consumed_record_ids=254724 retained_key_bytes=3056688 allocated_registry_bytes=17879104 max_retained_records=18446744073709551615 max_consumed_record_ids=18446744073709551615 max_retained_key_bytes=18446744073709551615
STO_TPCC_CAPACITY phase=run_complete table=new_order_14 retained_records=246082 consumed_record_ids=246082 retained_key_bytes=2952984 allocated_registry_bytes=17305216 max_retained_records=18446744073709551615 max_consumed_record_ids=18446744073709551615 max_retained_key_bytes=18446744073709551615
STO_TPCC_CAPACITY phase=run_complete table=new_order_15 retained_records=244931 consumed_record_ids=244931 retained_key_bytes=2939172 allocated_registry_bytes=17233480 max_retained_records=18446744073709551615 max_consumed_record_ids=18446744073709551615 max_retained_key_bytes=18446744073709551615
STO_TPCC_CAPACITY phase=run_complete table=oorder_0 retained_records=272655 consumed_record_ids=272655 retained_key_bytes=3271860 allocated_registry_bytes=19184688 max_retained_records=18446744073709551615 max_consumed_record_ids=18446744073709551615 max_retained_key_bytes=18446744073709551615
STO_TPCC_CAPACITY phase=run_complete table=oorder_1 retained_records=260774 consumed_record_ids=260774 retained_key_bytes=3129288 allocated_registry_bytes=18309520 max_retained_records=18446744073709551615 max_consumed_record_ids=18446744073709551615 max_retained_key_bytes=18446744073709551615
STO_TPCC_CAPACITY phase=run_complete table=oorder_2 retained_records=261638 consumed_record_ids=261638 retained_key_bytes=3139656 allocated_registry_bytes=18395592 max_retained_records=18446744073709551615 max_consumed_record_ids=18446744073709551615 max_retained_key_bytes=18446744073709551615
STO_TPCC_CAPACITY phase=run_complete table=oorder_3 retained_records=266919 consumed_record_ids=266919 retained_key_bytes=3203028 allocated_registry_bytes=18754272 max_retained_records=18446744073709551615 max_consumed_record_ids=18446744073709551615 max_retained_key_bytes=18446744073709551615
STO_TPCC_CAPACITY phase=run_complete table=oorder_4 retained_records=275056 consumed_record_ids=275056 retained_key_bytes=3300672 allocated_registry_bytes=19328160 max_retained_records=18446744073709551615 max_consumed_record_ids=18446744073709551615 max_retained_key_bytes=18446744073709551615
STO_TPCC_CAPACITY phase=run_complete table=oorder_5 retained_records=284043 consumed_record_ids=284043 retained_key_bytes=3408516 allocated_registry_bytes=19973784 max_retained_records=18446744073709551615 max_consumed_record_ids=18446744073709551615 max_retained_key_bytes=18446744073709551615
STO_TPCC_CAPACITY phase=run_complete table=oorder_6 retained_records=264976 consumed_record_ids=264976 retained_key_bytes=3179712 allocated_registry_bytes=18610800 max_retained_records=18446744073709551615 max_consumed_record_ids=18446744073709551615 max_retained_key_bytes=18446744073709551615
STO_TPCC_CAPACITY phase=run_complete table=oorder_7 retained_records=272022 consumed_record_ids=272022 retained_key_bytes=3264264 allocated_registry_bytes=19112952 max_retained_records=18446744073709551615 max_consumed_record_ids=18446744073709551615 max_retained_key_bytes=18446744073709551615
STO_TPCC_CAPACITY phase=run_complete table=oorder_8 retained_records=237920 consumed_record_ids=237920 retained_key_bytes=2855040 allocated_registry_bytes=16731328 max_retained_records=18446744073709551615 max_consumed_record_ids=18446744073709551615 max_retained_key_bytes=18446744073709551615
STO_TPCC_CAPACITY phase=run_complete table=oorder_9 retained_records=265945 consumed_record_ids=265945 retained_key_bytes=3191340 allocated_registry_bytes=18682536 max_retained_records=18446744073709551615 max_consumed_record_ids=18446744073709551615 max_retained_key_bytes=18446744073709551615
STO_TPCC_CAPACITY phase=run_complete table=oorder_10 retained_records=267307 consumed_record_ids=267307 retained_key_bytes=3207684 allocated_registry_bytes=18826008 max_retained_records=18446744073709551615 max_consumed_record_ids=18446744073709551615 max_retained_key_bytes=18446744073709551615
STO_TPCC_CAPACITY phase=run_complete table=oorder_11 retained_records=265157 consumed_record_ids=265157 retained_key_bytes=3181884 allocated_registry_bytes=18610800 max_retained_records=18446744073709551615 max_consumed_record_ids=18446744073709551615 max_retained_key_bytes=18446744073709551615
STO_TPCC_CAPACITY phase=run_complete table=oorder_12 retained_records=273409 consumed_record_ids=273409 retained_key_bytes=3280908 allocated_registry_bytes=19256424 max_retained_records=18446744073709551615 max_consumed_record_ids=18446744073709551615 max_retained_key_bytes=18446744073709551615
STO_TPCC_CAPACITY phase=run_complete table=oorder_13 retained_records=275724 consumed_record_ids=275724 retained_key_bytes=3308688 allocated_registry_bytes=19399896 max_retained_records=18446744073709551615 max_consumed_record_ids=18446744073709551615 max_retained_key_bytes=18446744073709551615
STO_TPCC_CAPACITY phase=run_complete table=oorder_14 retained_records=267082 consumed_record_ids=267082 retained_key_bytes=3204984 allocated_registry_bytes=18754272 max_retained_records=18446744073709551615 max_consumed_record_ids=18446744073709551615 max_retained_key_bytes=18446744073709551615
STO_TPCC_CAPACITY phase=run_complete table=oorder_15 retained_records=265931 consumed_record_ids=265931 retained_key_bytes=3191172 allocated_registry_bytes=18682536 max_retained_records=18446744073709551615 max_consumed_record_ids=18446744073709551615 max_retained_key_bytes=18446744073709551615
STO_TPCC_CAPACITY phase=run_complete table=oorder_c_id_idx_0 retained_records=272655 consumed_record_ids=272655 retained_key_bytes=4362480 allocated_registry_bytes=19184688 max_retained_records=18446744073709551615 max_consumed_record_ids=18446744073709551615 max_retained_key_bytes=18446744073709551615
STO_TPCC_CAPACITY phase=run_complete table=oorder_c_id_idx_1 retained_records=260774 consumed_record_ids=260774 retained_key_bytes=4172384 allocated_registry_bytes=18309520 max_retained_records=18446744073709551615 max_consumed_record_ids=18446744073709551615 max_retained_key_bytes=18446744073709551615
STO_TPCC_CAPACITY phase=run_complete table=oorder_c_id_idx_2 retained_records=261638 consumed_record_ids=261638 retained_key_bytes=4186208 allocated_registry_bytes=18395592 max_retained_records=18446744073709551615 max_consumed_record_ids=18446744073709551615 max_retained_key_bytes=18446744073709551615
STO_TPCC_CAPACITY phase=run_complete table=oorder_c_id_idx_3 retained_records=266919 consumed_record_ids=266919 retained_key_bytes=4270704 allocated_registry_bytes=18754272 max_retained_records=18446744073709551615 max_consumed_record_ids=18446744073709551615 max_retained_key_bytes=18446744073709551615
STO_TPCC_CAPACITY phase=run_complete table=oorder_c_id_idx_4 retained_records=275056 consumed_record_ids=275056 retained_key_bytes=4400896 allocated_registry_bytes=19328160 max_retained_records=18446744073709551615 max_consumed_record_ids=18446744073709551615 max_retained_key_bytes=18446744073709551615
STO_TPCC_CAPACITY phase=run_complete table=oorder_c_id_idx_5 retained_records=284043 consumed_record_ids=284043 retained_key_bytes=4544688 allocated_registry_bytes=19973784 max_retained_records=18446744073709551615 max_consumed_record_ids=18446744073709551615 max_retained_key_bytes=18446744073709551615
STO_TPCC_CAPACITY phase=run_complete table=oorder_c_id_idx_6 retained_records=264976 consumed_record_ids=264976 retained_key_bytes=4239616 allocated_registry_bytes=18610800 max_retained_records=18446744073709551615 max_consumed_record_ids=18446744073709551615 max_retained_key_bytes=18446744073709551615
STO_TPCC_CAPACITY phase=run_complete table=oorder_c_id_idx_7 retained_records=272022 consumed_record_ids=272022 retained_key_bytes=4352352 allocated_registry_bytes=19112952 max_retained_records=18446744073709551615 max_consumed_record_ids=18446744073709551615 max_retained_key_bytes=18446744073709551615
STO_TPCC_CAPACITY phase=run_complete table=oorder_c_id_idx_8 retained_records=237920 consumed_record_ids=237920 retained_key_bytes=3806720 allocated_registry_bytes=16731328 max_retained_records=18446744073709551615 max_consumed_record_ids=18446744073709551615 max_retained_key_bytes=18446744073709551615
STO_TPCC_CAPACITY phase=run_complete table=oorder_c_id_idx_9 retained_records=265945 consumed_record_ids=265945 retained_key_bytes=4255120 allocated_registry_bytes=18682536 max_retained_records=18446744073709551615 max_consumed_record_ids=18446744073709551615 max_retained_key_bytes=18446744073709551615
STO_TPCC_CAPACITY phase=run_complete table=oorder_c_id_idx_10 retained_records=267307 consumed_record_ids=267307 retained_key_bytes=4276912 allocated_registry_bytes=18826008 max_retained_records=18446744073709551615 max_consumed_record_ids=18446744073709551615 max_retained_key_bytes=18446744073709551615
STO_TPCC_CAPACITY phase=run_complete table=oorder_c_id_idx_11 retained_records=265157 consumed_record_ids=265157 retained_key_bytes=4242512 allocated_registry_bytes=18610800 max_retained_records=18446744073709551615 max_consumed_record_ids=18446744073709551615 max_retained_key_bytes=18446744073709551615
STO_TPCC_CAPACITY phase=run_complete table=oorder_c_id_idx_12 retained_records=273409 consumed_record_ids=273409 retained_key_bytes=4374544 allocated_registry_bytes=19256424 max_retained_records=18446744073709551615 max_consumed_record_ids=18446744073709551615 max_retained_key_bytes=18446744073709551615
STO_TPCC_CAPACITY phase=run_complete table=oorder_c_id_idx_13 retained_records=275724 consumed_record_ids=275724 retained_key_bytes=4411584 allocated_registry_bytes=19399896 max_retained_records=18446744073709551615 max_consumed_record_ids=18446744073709551615 max_retained_key_bytes=18446744073709551615
STO_TPCC_CAPACITY phase=run_complete table=oorder_c_id_idx_14 retained_records=267082 consumed_record_ids=267082 retained_key_bytes=4273312 allocated_registry_bytes=18754272 max_retained_records=18446744073709551615 max_consumed_record_ids=18446744073709551615 max_retained_key_bytes=18446744073709551615
STO_TPCC_CAPACITY phase=run_complete table=oorder_c_id_idx_15 retained_records=265931 consumed_record_ids=265931 retained_key_bytes=4254896 allocated_registry_bytes=18682536 max_retained_records=18446744073709551615 max_consumed_record_ids=18446744073709551615 max_retained_key_bytes=18446744073709551615
STO_TPCC_CAPACITY phase=run_complete table=order_line_0 retained_records=2726672 consumed_record_ids=2726672 retained_key_bytes=43626752 allocated_registry_bytes=191264848 max_retained_records=18446744073709551615 max_consumed_record_ids=18446744073709551615 max_retained_key_bytes=18446744073709551615
STO_TPCC_CAPACITY phase=run_complete table=order_line_1 retained_records=2606457 consumed_record_ids=2606457 retained_key_bytes=41703312 allocated_registry_bytes=182871736 max_retained_records=18446744073709551615 max_consumed_record_ids=18446744073709551615 max_retained_key_bytes=18446744073709551615
STO_TPCC_CAPACITY phase=run_complete table=order_line_2 retained_records=2614333 consumed_record_ids=2614333 retained_key_bytes=41829328 allocated_registry_bytes=183445624 max_retained_records=18446744073709551615 max_consumed_record_ids=18446744073709551615 max_retained_key_bytes=18446744073709551615
STO_TPCC_CAPACITY phase=run_complete table=order_line_3 retained_records=2670656 consumed_record_ids=2670656 retained_key_bytes=42730496 allocated_registry_bytes=187391104 max_retained_records=18446744073709551615 max_consumed_record_ids=18446744073709551615 max_retained_key_bytes=18446744073709551615
STO_TPCC_CAPACITY phase=run_complete table=order_line_4 retained_records=2750479 consumed_record_ids=2750479 retained_key_bytes=44007664 allocated_registry_bytes=192986512 max_retained_records=18446744073709551615 max_consumed_record_ids=18446744073709551615 max_retained_key_bytes=18446744073709551615
STO_TPCC_CAPACITY phase=run_complete table=order_line_5 retained_records=2839523 consumed_record_ids=2839523 retained_key_bytes=45432368 allocated_registry_bytes=199155808 max_retained_records=18446744073709551615 max_consumed_record_ids=18446744073709551615 max_retained_key_bytes=18446744073709551615
STO_TPCC_CAPACITY phase=run_complete table=order_line_6 retained_records=2648156 consumed_record_ids=2648156 retained_key_bytes=42370496 allocated_registry_bytes=185812912 max_retained_records=18446744073709551615 max_consumed_record_ids=18446744073709551615 max_retained_key_bytes=18446744073709551615
STO_TPCC_CAPACITY phase=run_complete table=order_line_7 retained_records=2720719 consumed_record_ids=2720719 retained_key_bytes=43531504 allocated_registry_bytes=190834432 max_retained_records=18446744073709551615 max_consumed_record_ids=18446744073709551615 max_retained_key_bytes=18446744073709551615
STO_TPCC_CAPACITY phase=run_complete table=order_line_8 retained_records=2373907 consumed_record_ids=2373907 retained_key_bytes=37982512 allocated_registry_bytes=166587664 max_retained_records=18446744073709551615 max_consumed_record_ids=18446744073709551615 max_retained_key_bytes=18446744073709551615
STO_TPCC_CAPACITY phase=run_complete table=order_line_9 retained_records=2660884 consumed_record_ids=2660884 retained_key_bytes=42574144 allocated_registry_bytes=186673744 max_retained_records=18446744073709551615 max_consumed_record_ids=18446744073709551615 max_retained_key_bytes=18446744073709551615
STO_TPCC_CAPACITY phase=run_complete table=order_line_10 retained_records=2673483 consumed_record_ids=2673483 retained_key_bytes=42775728 allocated_registry_bytes=187534576 max_retained_records=18446744073709551615 max_consumed_record_ids=18446744073709551615 max_retained_key_bytes=18446744073709551615
STO_TPCC_CAPACITY phase=run_complete table=order_line_11 retained_records=2652492 consumed_record_ids=2652492 retained_key_bytes=42439872 allocated_registry_bytes=186099856 max_retained_records=18446744073709551615 max_consumed_record_ids=18446744073709551615 max_retained_key_bytes=18446744073709551615
STO_TPCC_CAPACITY phase=run_complete table=order_line_12 retained_records=2734935 consumed_record_ids=2734935 retained_key_bytes=43758960 allocated_registry_bytes=191838736 max_retained_records=18446744073709551615 max_consumed_record_ids=18446744073709551615 max_retained_key_bytes=18446744073709551615
STO_TPCC_CAPACITY phase=run_complete table=order_line_13 retained_records=2758163 consumed_record_ids=2758163 retained_key_bytes=44130608 allocated_registry_bytes=193488664 max_retained_records=18446744073709551615 max_consumed_record_ids=18446744073709551615 max_retained_key_bytes=18446744073709551615
STO_TPCC_CAPACITY phase=run_complete table=order_line_14 retained_records=2666899 consumed_record_ids=2666899 retained_key_bytes=42670384 allocated_registry_bytes=187104160 max_retained_records=18446744073709551615 max_consumed_record_ids=18446744073709551615 max_retained_key_bytes=18446744073709551615
STO_TPCC_CAPACITY phase=run_complete table=order_line_15 retained_records=2657567 consumed_record_ids=2657567 retained_key_bytes=42521072 allocated_registry_bytes=186458536 max_retained_records=18446744073709551615 max_consumed_record_ids=18446744073709551615 max_retained_key_bytes=18446744073709551615
STO_TPCC_CAPACITY phase=run_complete table=stock_0 retained_records=100000 consumed_record_ids=100999 retained_key_bytes=800000 allocated_registry_bytes=7111536 max_retained_records=18446744073709551615 max_consumed_record_ids=18446744073709551615 max_retained_key_bytes=18446744073709551615
STO_TPCC_CAPACITY phase=run_complete table=stock_1 retained_records=100000 consumed_record_ids=100999 retained_key_bytes=800000 allocated_registry_bytes=7111536 max_retained_records=18446744073709551615 max_consumed_record_ids=18446744073709551615 max_retained_key_bytes=18446744073709551615
STO_TPCC_CAPACITY phase=run_complete table=stock_2 retained_records=100000 consumed_record_ids=100999 retained_key_bytes=800000 allocated_registry_bytes=7111536 max_retained_records=18446744073709551615 max_consumed_record_ids=18446744073709551615 max_retained_key_bytes=18446744073709551615
STO_TPCC_CAPACITY phase=run_complete table=stock_3 retained_records=100000 consumed_record_ids=100999 retained_key_bytes=800000 allocated_registry_bytes=7111536 max_retained_records=18446744073709551615 max_consumed_record_ids=18446744073709551615 max_retained_key_bytes=18446744073709551615
STO_TPCC_CAPACITY phase=run_complete table=stock_4 retained_records=100000 consumed_record_ids=100999 retained_key_bytes=800000 allocated_registry_bytes=7111536 max_retained_records=18446744073709551615 max_consumed_record_ids=18446744073709551615 max_retained_key_bytes=18446744073709551615
STO_TPCC_CAPACITY phase=run_complete table=stock_5 retained_records=100000 consumed_record_ids=100999 retained_key_bytes=800000 allocated_registry_bytes=7111536 max_retained_records=18446744073709551615 max_consumed_record_ids=18446744073709551615 max_retained_key_bytes=18446744073709551615
STO_TPCC_CAPACITY phase=run_complete table=stock_6 retained_records=100000 consumed_record_ids=100999 retained_key_bytes=800000 allocated_registry_bytes=7111536 max_retained_records=18446744073709551615 max_consumed_record_ids=18446744073709551615 max_retained_key_bytes=18446744073709551615
STO_TPCC_CAPACITY phase=run_complete table=stock_7 retained_records=100000 consumed_record_ids=100999 retained_key_bytes=800000 allocated_registry_bytes=7111536 max_retained_records=18446744073709551615 max_consumed_record_ids=18446744073709551615 max_retained_key_bytes=18446744073709551615
STO_TPCC_CAPACITY phase=run_complete table=stock_8 retained_records=100000 consumed_record_ids=100999 retained_key_bytes=800000 allocated_registry_bytes=7111536 max_retained_records=18446744073709551615 max_consumed_record_ids=18446744073709551615 max_retained_key_bytes=18446744073709551615
STO_TPCC_CAPACITY phase=run_complete table=stock_9 retained_records=100000 consumed_record_ids=100999 retained_key_bytes=800000 allocated_registry_bytes=7111536 max_retained_records=18446744073709551615 max_consumed_record_ids=18446744073709551615 max_retained_key_bytes=18446744073709551615
STO_TPCC_CAPACITY phase=run_complete table=stock_10 retained_records=100000 consumed_record_ids=100999 retained_key_bytes=800000 allocated_registry_bytes=7111536 max_retained_records=18446744073709551615 max_consumed_record_ids=18446744073709551615 max_retained_key_bytes=18446744073709551615
STO_TPCC_CAPACITY phase=run_complete table=stock_11 retained_records=100000 consumed_record_ids=100999 retained_key_bytes=800000 allocated_registry_bytes=7111536 max_retained_records=18446744073709551615 max_consumed_record_ids=18446744073709551615 max_retained_key_bytes=18446744073709551615
STO_TPCC_CAPACITY phase=run_complete table=stock_12 retained_records=100000 consumed_record_ids=100999 retained_key_bytes=800000 allocated_registry_bytes=7111536 max_retained_records=18446744073709551615 max_consumed_record_ids=18446744073709551615 max_retained_key_bytes=18446744073709551615
STO_TPCC_CAPACITY phase=run_complete table=stock_13 retained_records=100000 consumed_record_ids=100999 retained_key_bytes=800000 allocated_registry_bytes=7111536 max_retained_records=18446744073709551615 max_consumed_record_ids=18446744073709551615 max_retained_key_bytes=18446744073709551615
STO_TPCC_CAPACITY phase=run_complete table=stock_14 retained_records=100000 consumed_record_ids=100999 retained_key_bytes=800000 allocated_registry_bytes=7111536 max_retained_records=18446744073709551615 max_consumed_record_ids=18446744073709551615 max_retained_key_bytes=18446744073709551615
STO_TPCC_CAPACITY phase=run_complete table=stock_15 retained_records=100000 consumed_record_ids=100999 retained_key_bytes=800000 allocated_registry_bytes=7111536 max_retained_records=18446744073709551615 max_consumed_record_ids=18446744073709551615 max_retained_key_bytes=18446744073709551615
STO_TPCC_CAPACITY phase=run_complete table=stock_data_0 retained_records=100000 consumed_record_ids=100999 retained_key_bytes=800000 allocated_registry_bytes=7111536 max_retained_records=18446744073709551615 max_consumed_record_ids=18446744073709551615 max_retained_key_bytes=18446744073709551615
STO_TPCC_CAPACITY phase=run_complete table=stock_data_1 retained_records=100000 consumed_record_ids=100999 retained_key_bytes=800000 allocated_registry_bytes=7111536 max_retained_records=18446744073709551615 max_consumed_record_ids=18446744073709551615 max_retained_key_bytes=18446744073709551615
STO_TPCC_CAPACITY phase=run_complete table=stock_data_2 retained_records=100000 consumed_record_ids=100999 retained_key_bytes=800000 allocated_registry_bytes=7111536 max_retained_records=18446744073709551615 max_consumed_record_ids=18446744073709551615 max_retained_key_bytes=18446744073709551615
STO_TPCC_CAPACITY phase=run_complete table=stock_data_3 retained_records=100000 consumed_record_ids=100999 retained_key_bytes=800000 allocated_registry_bytes=7111536 max_retained_records=18446744073709551615 max_consumed_record_ids=18446744073709551615 max_retained_key_bytes=18446744073709551615
STO_TPCC_CAPACITY phase=run_complete table=stock_data_4 retained_records=100000 consumed_record_ids=100999 retained_key_bytes=800000 allocated_registry_bytes=7111536 max_retained_records=18446744073709551615 max_consumed_record_ids=18446744073709551615 max_retained_key_bytes=18446744073709551615
STO_TPCC_CAPACITY phase=run_complete table=stock_data_5 retained_records=100000 consumed_record_ids=100999 retained_key_bytes=800000 allocated_registry_bytes=7111536 max_retained_records=18446744073709551615 max_consumed_record_ids=18446744073709551615 max_retained_key_bytes=18446744073709551615
STO_TPCC_CAPACITY phase=run_complete table=stock_data_6 retained_records=100000 consumed_record_ids=100999 retained_key_bytes=800000 allocated_registry_bytes=7111536 max_retained_records=18446744073709551615 max_consumed_record_ids=18446744073709551615 max_retained_key_bytes=18446744073709551615
STO_TPCC_CAPACITY phase=run_complete table=stock_data_7 retained_records=100000 consumed_record_ids=100999 retained_key_bytes=800000 allocated_registry_bytes=7111536 max_retained_records=18446744073709551615 max_consumed_record_ids=18446744073709551615 max_retained_key_bytes=18446744073709551615
STO_TPCC_CAPACITY phase=run_complete table=stock_data_8 retained_records=100000 consumed_record_ids=100999 retained_key_bytes=800000 allocated_registry_bytes=7111536 max_retained_records=18446744073709551615 max_consumed_record_ids=18446744073709551615 max_retained_key_bytes=18446744073709551615
STO_TPCC_CAPACITY phase=run_complete table=stock_data_9 retained_records=100000 consumed_record_ids=100999 retained_key_bytes=800000 allocated_registry_bytes=7111536 max_retained_records=18446744073709551615 max_consumed_record_ids=18446744073709551615 max_retained_key_bytes=18446744073709551615
STO_TPCC_CAPACITY phase=run_complete table=stock_data_10 retained_records=100000 consumed_record_ids=100999 retained_key_bytes=800000 allocated_registry_bytes=7111536 max_retained_records=18446744073709551615 max_consumed_record_ids=18446744073709551615 max_retained_key_bytes=18446744073709551615
STO_TPCC_CAPACITY phase=run_complete table=stock_data_11 retained_records=100000 consumed_record_ids=100999 retained_key_bytes=800000 allocated_registry_bytes=7111536 max_retained_records=18446744073709551615 max_consumed_record_ids=18446744073709551615 max_retained_key_bytes=18446744073709551615
STO_TPCC_CAPACITY phase=run_complete table=stock_data_12 retained_records=100000 consumed_record_ids=100999 retained_key_bytes=800000 allocated_registry_bytes=7111536 max_retained_records=18446744073709551615 max_consumed_record_ids=18446744073709551615 max_retained_key_bytes=18446744073709551615
STO_TPCC_CAPACITY phase=run_complete table=stock_data_13 retained_records=100000 consumed_record_ids=100999 retained_key_bytes=800000 allocated_registry_bytes=7111536 max_retained_records=18446744073709551615 max_consumed_record_ids=18446744073709551615 max_retained_key_bytes=18446744073709551615
STO_TPCC_CAPACITY phase=run_complete table=stock_data_14 retained_records=100000 consumed_record_ids=100999 retained_key_bytes=800000 allocated_registry_bytes=7111536 max_retained_records=18446744073709551615 max_consumed_record_ids=18446744073709551615 max_retained_key_bytes=18446744073709551615
STO_TPCC_CAPACITY phase=run_complete table=stock_data_15 retained_records=100000 consumed_record_ids=100999 retained_key_bytes=800000 allocated_registry_bytes=7111536 max_retained_records=18446744073709551615 max_consumed_record_ids=18446744073709551615 max_retained_key_bytes=18446744073709551615
STO_TPCC_CAPACITY phase=run_complete table=warehouse_0 retained_records=1 consumed_record_ids=1 retained_key_bytes=4 allocated_registry_bytes=205424 max_retained_records=18446744073709551615 max_consumed_record_ids=18446744073709551615 max_retained_key_bytes=18446744073709551615
STO_TPCC_CAPACITY phase=run_complete table=warehouse_1 retained_records=1 consumed_record_ids=1 retained_key_bytes=4 allocated_registry_bytes=205424 max_retained_records=18446744073709551615 max_consumed_record_ids=18446744073709551615 max_retained_key_bytes=18446744073709551615
STO_TPCC_CAPACITY phase=run_complete table=warehouse_2 retained_records=1 consumed_record_ids=1 retained_key_bytes=4 allocated_registry_bytes=205424 max_retained_records=18446744073709551615 max_consumed_record_ids=18446744073709551615 max_retained_key_bytes=18446744073709551615
STO_TPCC_CAPACITY phase=run_complete table=warehouse_3 retained_records=1 consumed_record_ids=1 retained_key_bytes=4 allocated_registry_bytes=205424 max_retained_records=18446744073709551615 max_consumed_record_ids=18446744073709551615 max_retained_key_bytes=18446744073709551615
STO_TPCC_CAPACITY phase=run_complete table=warehouse_4 retained_records=1 consumed_record_ids=1 retained_key_bytes=4 allocated_registry_bytes=205424 max_retained_records=18446744073709551615 max_consumed_record_ids=18446744073709551615 max_retained_key_bytes=18446744073709551615
STO_TPCC_CAPACITY phase=run_complete table=warehouse_5 retained_records=1 consumed_record_ids=1 retained_key_bytes=4 allocated_registry_bytes=205424 max_retained_records=18446744073709551615 max_consumed_record_ids=18446744073709551615 max_retained_key_bytes=18446744073709551615
STO_TPCC_CAPACITY phase=run_complete table=warehouse_6 retained_records=1 consumed_record_ids=1 retained_key_bytes=4 allocated_registry_bytes=205424 max_retained_records=18446744073709551615 max_consumed_record_ids=18446744073709551615 max_retained_key_bytes=18446744073709551615
STO_TPCC_CAPACITY phase=run_complete table=warehouse_7 retained_records=1 consumed_record_ids=1 retained_key_bytes=4 allocated_registry_bytes=205424 max_retained_records=18446744073709551615 max_consumed_record_ids=18446744073709551615 max_retained_key_bytes=18446744073709551615
STO_TPCC_CAPACITY phase=run_complete table=warehouse_8 retained_records=1 consumed_record_ids=1 retained_key_bytes=4 allocated_registry_bytes=205424 max_retained_records=18446744073709551615 max_consumed_record_ids=18446744073709551615 max_retained_key_bytes=18446744073709551615
STO_TPCC_CAPACITY phase=run_complete table=warehouse_9 retained_records=1 consumed_record_ids=1 retained_key_bytes=4 allocated_registry_bytes=205424 max_retained_records=18446744073709551615 max_consumed_record_ids=18446744073709551615 max_retained_key_bytes=18446744073709551615
STO_TPCC_CAPACITY phase=run_complete table=warehouse_10 retained_records=1 consumed_record_ids=1 retained_key_bytes=4 allocated_registry_bytes=205424 max_retained_records=18446744073709551615 max_consumed_record_ids=18446744073709551615 max_retained_key_bytes=18446744073709551615
STO_TPCC_CAPACITY phase=run_complete table=warehouse_11 retained_records=1 consumed_record_ids=1 retained_key_bytes=4 allocated_registry_bytes=205424 max_retained_records=18446744073709551615 max_consumed_record_ids=18446744073709551615 max_retained_key_bytes=18446744073709551615
STO_TPCC_CAPACITY phase=run_complete table=warehouse_12 retained_records=1 consumed_record_ids=1 retained_key_bytes=4 allocated_registry_bytes=205424 max_retained_records=18446744073709551615 max_consumed_record_ids=18446744073709551615 max_retained_key_bytes=18446744073709551615
STO_TPCC_CAPACITY phase=run_complete table=warehouse_13 retained_records=1 consumed_record_ids=1 retained_key_bytes=4 allocated_registry_bytes=205424 max_retained_records=18446744073709551615 max_consumed_record_ids=18446744073709551615 max_retained_key_bytes=18446744073709551615
STO_TPCC_CAPACITY phase=run_complete table=warehouse_14 retained_records=1 consumed_record_ids=1 retained_key_bytes=4 allocated_registry_bytes=205424 max_retained_records=18446744073709551615 max_consumed_record_ids=18446744073709551615 max_retained_key_bytes=18446744073709551615
STO_TPCC_CAPACITY phase=run_complete table=warehouse_15 retained_records=1 consumed_record_ids=1 retained_key_bytes=4 allocated_registry_bytes=205424 max_retained_records=18446744073709551615 max_consumed_record_ids=18446744073709551615 max_retained_key_bytes=18446744073709551615
STO_TPCC_CAPACITY phase=run_complete table=item retained_records=100000 consumed_record_ids=100000 retained_key_bytes=400000 allocated_registry_bytes=7039800 max_retained_records=18446744073709551615 max_consumed_record_ids=18446744073709551615 max_retained_key_bytes=18446744073709551615
--- benchmark statistics ---
runtime: 10.1049 sec
memory delta: 3890.69 MB
n_commits: 8434496
latency_numer_us: 156147442
latency_numer_us_remote: 0
memory delta rate: 385.03 MB/sec
logical memory delta: 534.906 MB
logical memory delta rate: 52.9352 MB/sec
agg_nosync_throughput: 834711 ops/sec
avg_nosync_per_core_throughput: 52169.5 ops/sec/core
agg_throughput: 834693 ops/sec
avg_per_core_throughput: 52168.3 ops/sec/core
agg_persist_throughput: 834693 ops/sec
avg_per_core_persist_throughput: 52168.3 ops/sec/core
avg_latency: 0.018513 ms
avg_persist_latency: 0 ms
agg_abort_rate: 90.3521 aborts/sec
avg_per_core_abort_rate: 5.64701 aborts/sec/core
  NewOrder_local_commit_latency: 0.0222558 ms
  NewOrder_local_abort_latency: 0.101057 ms
  NewOrder_local_abort_ratio: 0.000144867
  Payment_local_commit_latency: 0.00763084 ms
  Payment_local_abort_latency: 0.0462154 ms
  Payment_local_abort_ratio: 7.44389e-06
  Delivery_local_commit_latency: 0.0803478 ms
  Delivery_local_abort_latency: 0 ms
  Delivery_local_abort_ratio: 0
  OrderStatus_local_commit_latency: 0.0102277 ms
  OrderStatus_local_abort_latency: 0.039427 ms
  OrderStatus_local_abort_ratio: 5.95036e-06
  StockLevel_local_commit_latency: 0.0521257 ms
  StockLevel_local_abort_latency: 0.0909543 ms
  StockLevel_local_abort_ratio: 0.000988944
  NewOrder_remote_ratio: 0 %
  NewOrder_remote_abort_ratio: 0 %
  NewOrder_remote_commit_latency: 0 ms
  NewOrder_remote_abort_latency: 0 ms
  Payment_remote_ratio: 0 %
  Payment_remote_abort_ratio: 0 %
  Payment_remote_commit_latency: 0 ms
  Payment_remote_abort_latency: 0 ms
--- system counters (for benchmark) ---
--- perf counters (if enabled, for benchmark) ---
--- allocator stats ---
[SiloRuntime 0] ncpus=16
[SiloRuntime 0] cpu=0 fully_faulted?=0 remaining=14680064 bytes
[SiloRuntime 0] cpu=1 fully_faulted?=0 remaining=18874368 bytes
[SiloRuntime 0] cpu=2 fully_faulted?=0 remaining=18874368 bytes
[SiloRuntime 0] cpu=3 fully_faulted?=0 remaining=18874368 bytes
[SiloRuntime 0] cpu=4 fully_faulted?=0 remaining=14680064 bytes
[SiloRuntime 0] cpu=5 fully_faulted?=0 remaining=12582912 bytes
[SiloRuntime 0] cpu=6 fully_faulted?=0 remaining=18874368 bytes
[SiloRuntime 0] cpu=7 fully_faulted?=0 remaining=16777216 bytes
[SiloRuntime 0] cpu=8 fully_faulted?=0 remaining=29360128 bytes
[SiloRuntime 0] cpu=9 fully_faulted?=0 remaining=18874368 bytes
[SiloRuntime 0] cpu=10 fully_faulted?=0 remaining=18874368 bytes
[SiloRuntime 0] cpu=11 fully_faulted?=0 remaining=18874368 bytes
[SiloRuntime 0] cpu=12 fully_faulted?=0 remaining=16777216 bytes
[SiloRuntime 0] cpu=13 fully_faulted?=0 remaining=14680064 bytes
[SiloRuntime 0] cpu=14 fully_faulted?=0 remaining=18874368 bytes
[SiloRuntime 0] cpu=15 fully_faulted?=0 remaining=0 bytes
---------------------------------------
--- system counters for n_commits ---
[STOP_SERVER] Stopping 0 server transports
[STOP_SERVER] All server transports stopped
