20260909-06:55.40-907210(us) 2342091 * ParseNewFormat  (configuration.cc:102): Using new configuration format
20260909-06:55.40-907386(us) 2342091 * ParseNewFormat  (configuration.cc:162): Loaded 1 sites in 1 shards
20260909-06:55.40-907436(us) 2342091 * handle_new_config_format (dbtest.cc:368):    Site local_s0: shard=0, replica_idx=0, is_leader=1, cluster=localhost
SiloRuntime[0]::InitializeAllocator()
  hugepgsize: 2097152
  mmap() region [0x7a6480400000, 0x7a6500600000)
  runtime0 cpu0 owns [0x7a6480400000, 0x7a6488400000)
  runtime0 cpu1 owns [0x7a6488400000, 0x7a6490400000)
  runtime0 cpu2 owns [0x7a6490400000, 0x7a6498400000)
  runtime0 cpu3 owns [0x7a6498400000, 0x7a64a0400000)
  runtime0 cpu4 owns [0x7a64a0400000, 0x7a64a8400000)
  runtime0 cpu5 owns [0x7a64a8400000, 0x7a64b0400000)
  runtime0 cpu6 owns [0x7a64b0400000, 0x7a64b8400000)
  runtime0 cpu7 owns [0x7a64b8400000, 0x7a64c0400000)
  runtime0 cpu8 owns [0x7a64c0400000, 0x7a64c8400000)
  runtime0 cpu9 owns [0x7a64c8400000, 0x7a64d0400000)
  runtime0 cpu10 owns [0x7a64d0400000, 0x7a64d8400000)
  runtime0 cpu11 owns [0x7a64d8400000, 0x7a64e0400000)
  runtime0 cpu12 owns [0x7a64e0400000, 0x7a64e8400000)
  runtime0 cpu13 owns [0x7a64e8400000, 0x7a64f0400000)
  runtime0 cpu14 owns [0x7a64f0400000, 0x7a64f8400000)
  runtime0 cpu15 owns [0x7a64f8400000, 0x7a6500400000)
Database Benchmark:
  pid: 2342091
settings:
  num-cpus    : 128
  num-threads : 16
  shardIndex  : 0
  paxos_proc_name  : localhost
  nshards     : 1
  is_micro    : 0
  is_replicated : 0
  storage_engine : cpp
  var-encode  : yes
  allocator   : jemalloc
system properties:
  tuple_prefetch          : no
  btree_node_prefetch     : yes
tpcc settings:
  cross_partition_transactions : 1
  read_only_snapshots          : 1
  partition_locks              : 0
  separate_tree_per_partition  : 1
  new_order_remote_item_pct    : 1
  new_order_fast_id_gen        : 1
  uniform_item_dist            : 0
  order_status_scan_hack       : 0
  workload_mix                 : [45, 43, 4, 4, 4]
20260909-06:55.40-912232(us) 2342091 * ParseNewFormat  (configuration.cc:102): Using new configuration format
20260909-06:55.40-912305(us) 2342091 * ParseNewFormat  (configuration.cc:162): Loaded 1 sites in 1 shards
20260909-06:55.40-912646(us) 2342091 * Initialize      (srpc_rpc_backend.cc:66): SrpcRpcBackend::Initialize: poll_thread_worker_ created, is_some=1
20260909-06:55.40-912792(us) 2342091 * ParseNewFormat  (configuration.cc:102): Using new configuration format
20260909-06:55.40-912859(us) 2342091 * Initialize      (srpc_rpc_backend.cc:97): SrpcRpcBackend initialized on 127.0.0.1:31021 (listening on 0.0.0.0:31021)
20260909-06:55.40-912880(us) 2342091 * FastTransport   (fasttransport.cc:147): FastTransport initialized with srpc/rpc backend on 127.0.0.1:31021
20260909-06:55.40-912900(us) 2342091 * RunEventLoop    (srpc_rpc_backend.cc:516): SrpcRpcBackend::RunEventLoop: Starting event loop
20260909-06:55.40-912926(us) 2342091 * ParseNewFormat  (configuration.cc:162): Loaded 1 sites in 1 shards
20260909-06:55.40-913188(us) 2342091 * Initialize      (srpc_rpc_backend.cc:66): SrpcRpcBackend::Initialize: poll_thread_worker_ created, is_some=1
20260909-06:55.40-913282(us) 2342091 * Initialize      (srpc_rpc_backend.cc:97): SrpcRpcBackend initialized on 127.0.0.1:31022 (listening on 0.0.0.0:31022)
20260909-06:55.40-913299(us) 2342091 * FastTransport   (fasttransport.cc:147): FastTransport initialized with srpc/rpc backend on 127.0.0.1:31022
20260909-06:55.40-913314(us) 2342091 * RunEventLoop    (srpc_rpc_backend.cc:516): SrpcRpcBackend::RunEventLoop: Starting event loop
20260909-06:55.40-916252(us) 2342091 ! run             (bench.cc:537):     # of loaders size:6
20260909-06:55.40-917704(us) 2342091 * benchmark_thread_init (mbta_wrapper.hh:1811): thread_init: thread_id=0, shard_index=0, getShardIndex=0, loader=1
20260909-06:55.40-918047(us) 2342091 * benchmark_thread_init (mbta_wrapper.hh:1811): thread_init: thread_id=1, shard_index=0, getShardIndex=0, loader=1
[INFO] finished loading warehouse
[INFO]   * average warehouse record length: 20260909-06:55.40-918108(us) 2342091 * 97 bytes
benchmark_thread_init (mbta_wrapper.hh:1811): thread_init: thread_id=2, shard_index=0, getShardIndex=0, loader=1
20260909-06:55.40-918158(us) 2342091 * benchmark_thread_init (mbta_wrapper.hh:1811): thread_init: thread_id=3, shard_index=0, getShardIndex=0, loader=1
PinToWarehouseId(): coreid=2 pinned to whse=1 (partid=0)
PinToWarehouseId(): coreid=3 pinned to whse=1 (partid=0)
PinToWarehouseId(): coreid=3 pinned to whse=2 (partid=1)
PinToWarehouseId(): coreid=3 pinned to whse=3 (partid=2)
PinToWarehouseId(): coreid=3 pinned to whse=4 (partid=3)
PinToWarehouseId(): coreid=3 pinned to whse=5 (partid=4)
PinToWarehouseId(): coreid=3 pinned to whse=6 (partid=5)
PinToWarehouseId(): coreid=3 pinned to whse=20260909-06:55.40-918740(us) 2342091 * benchmark_thread_init (mbta_wrapper.hh:1811): thread_init: thread_id=4, shard_index=0, getShardIndex=0, loader=1
7 (partid=6)
20260909-06:55.40-918797(us) 2342091 * benchmark_thread_init (mbta_wrapper.hh:1811): PinToWarehouseId(): coreid=3 pinned to whse=8 (partid=7)
thread_init: thread_id=5, shard_index=0, getShardIndex=0, loader=1
num batches: 30
PinToWarehouseId(): coreid=4 pinned to whse=1 (partid=0)
PinToWarehouseId(): coreid=3 pinned to whse=9 (partid=8)
PinToWarehouseId(): coreid=5 pinned to whse=1 (partid=0)
PinToWarehouseId(): coreid=3 pinned to whse=10 (partid=9)
PinToWarehouseId(): coreid=3 pinned to whse=11 (partid=10)
PinToWarehouseId(): coreid=3 pinned to whse=12 (partid=11)
PinToWarehouseId(): coreid=3 pinned to whse=13 (partid=12)
PinToWarehouseId(): coreid=3 pinned to whse=14 (partid=13)
PinToWarehouseId(): coreid=3 pinned to whse=15 (partid=14)
PinToWarehouseId(): coreid=3 pinned to whse=16 (partid=15)
[INFO] finished loading district
[INFO]   * average district record length: 99 bytes
PinToWarehouseId(): coreid=5 pinned to whse=2 (partid=1)
[INFO] finished loading item
[INFO]   * average item record length: 84.1739 bytes
PinToWarehouseId(): coreid=4 pinned to whse=2 (partid=1)
PinToWarehouseId(): coreid=5 pinned to whse=3 (partid=2)
PinToWarehouseId(): coreid=5 pinned to whse=4 (partid=3)
PinToWarehouseId(): coreid=4 pinned to whse=3 (partid=2)
PinToWarehouseId(): coreid=5 pinned to whse=5 (partid=4)
PinToWarehouseId(): coreid=5 pinned to whse=6 (partid=5)
PinToWarehouseId(): coreid=4 pinned to whse=4 (partid=3)
PinToWarehouseId(): coreid=5 pinned to whse=7 (partid=6)
PinToWarehouseId(): coreid=2 pinned to whse=2 (partid=1)
PinToWarehouseId(): coreid=5 pinned to whse=8 (partid=7)
PinToWarehouseId(): coreid=4 pinned to whse=5 (partid=4)
PinToWarehouseId(): coreid=5 pinned to whse=9 (partid=8)
PinToWarehouseId(): coreid=5 pinned to whse=10 (partid=9)
PinToWarehouseId(): coreid=4 pinned to whse=6 (partid=5)
PinToWarehouseId(): coreid=5 pinned to whse=11 (partid=10)
PinToWarehouseId(): coreid=5 pinned to whse=12 (partid=11)
PinToWarehouseId(): coreid=4 pinned to whse=7 (partid=6)
PinToWarehouseId(): coreid=5 pinned to whse=13 (partid=12)
PinToWarehouseId(): coreid=5 pinned to whse=14 (partid=13)
PinToWarehouseId(): coreid=2 pinned to whse=3 (partid=2)
PinToWarehouseId(): coreid=4 pinned to whse=8 (partid=7)
PinToWarehouseId(): coreid=5 pinned to whse=15 (partid=14)
PinToWarehouseId(): coreid=5 pinned to whse=16 (partid=15)
PinToWarehouseId(): coreid=4 pinned to whse=9 (partid=8)
[INFO] finished loading order
[INFO]   * average order_line record length: 11.2927 bytes
[INFO]   * average oorder record length: 7.9446 bytes
[INFO]   * average new_order record length: 12 bytes
PinToWarehouseId(): coreid=4 pinned to whse=10 (partid=9)
PinToWarehouseId(): coreid=4 pinned to whse=11 (partid=10)
PinToWarehouseId(): coreid=2 pinned to whse=4 (partid=3)
PinToWarehouseId(): coreid=4 pinned to whse=12 (partid=11)
PinToWarehouseId(): coreid=4 pinned to whse=13 (partid=12)
PinToWarehouseId(): coreid=4 pinned to whse=14 (partid=13)
PinToWarehouseId(): coreid=2 pinned to whse=5 (partid=4)
PinToWarehouseId(): coreid=4 pinned to whse=15 (partid=14)
PinToWarehouseId(): coreid=4 pinned to whse=16 (partid=15)
[INFO] finished loading customer
[INFO]   * average customer record length: 153.983 bytes 
PinToWarehouseId(): coreid=2 pinned to whse=6 (partid=5)
PinToWarehouseId(): coreid=2 pinned to whse=7 (partid=6)
PinToWarehouseId(): coreid=2 pinned to whse=8 (partid=7)
PinToWarehouseId(): coreid=2 pinned to whse=9 (partid=8)
PinToWarehouseId(): coreid=2 pinned to whse=10 (partid=9)
PinToWarehouseId(): coreid=2 pinned to whse=11 (partid=10)
PinToWarehouseId(): coreid=2 pinned to whse=12 (partid=11)
PinToWarehouseId(): coreid=2 pinned to whse=13 (partid=12)
PinToWarehouseId(): coreid=2 pinned to whse=14 (partid=13)
PinToWarehouseId(): coreid=2 pinned to whse=15 (partid=14)
PinToWarehouseId(): coreid=2 pinned to whse=16 (partid=15)
[INFO] finished loading stock
[INFO]   * average stock record length: 8 bytes
timed region dataloading took 20070.7 ms
DB size: 1878.9 MB
[0, 0, 0] txns persisted in loading phase
20260909-06:56.00-987012(us) 2342091 ! run             (bench.cc:607):     # of nthreads:16
starting benchmark...
tpcc: worker id 128 => warehouses [1, 2)
tpcc: worker id 129 => warehouses [2, 3)
tpcc: worker id 130 => warehouses [3, 4)
tpcc: worker id 131 => warehouses [4, 5)
tpcc: worker id 132 => warehouses [5, 6)
tpcc: worker id 133 => warehouses [6, 7)
tpcc: worker id 134 => warehouses [7, 8)
tpcc: worker id 135 => warehouses [8, 9)
tpcc: worker id 136 => warehouses [9, 10)
tpcc: worker id 137 => warehouses [10, 11)
tpcc: worker id 138 => warehouses [11, 12)
tpcc: worker id 139 => warehouses [12, 13)
tpcc: worker id 140 => warehouses [13, 14)
tpcc: worker id 141 => warehouses [14, 15)
tpcc: worker id 142 => warehouses [15, 16)
tpcc: worker id 143 => warehouses [16, 17)
20260909-06:56.00-998335(us) 2342091 * benchmark_thread_init (mbta_wrapper.hh:1811): thread_init: thread_id=6, shard_index=0, getShardIndex=0, loader=0
20260909-06:56.00-998518(us) 2342091 * benchmark_thread_init (mbta_wrapper.hh:1811): thread_init: thread_id=7, shard_index=0, getShardIndex=0, loader=0
20260909-06:56.00-998686(us) 2342091 * benchmark_thread_init (mbta_wrapper.hh:1811): thread_init: thread_id=8, shard_index=0, getShardIndex=0, loader=0
20260909-06:56.00-998863(us) 2342091 * benchmark_thread_init (mbta_wrapper.hh:1811): thread_init: thread_id=9, shard_index=0, getShardIndex=0, loader=0
20260909-06:56.00-998929(us) 2342091 * benchmark_thread_init (mbta_wrapper.hh:1811): thread_init: thread_id=10, shard_index=0, getShardIndex=0, loader=0
20260909-06:56.00-999174(us) 2342091 * benchmark_thread_init (mbta_wrapper.hh:1811): thread_init: thread_id=11, shard_index=0, getShardIndex=0, loader=0
20260909-06:56.00-999286(us) 2342091 * ParseNewFormat  (configuration.cc:102): Using new configuration format
20260909-06:56.00-999352(us) 2342091 * ParseNewFormat  (configuration.cc:162): Loaded 1 sites in 1 shards
20260909-06:56.00-999530(us) 2342091 * ParseNewFormat  (configuration.cc:102): Using new configuration format
20260909-06:56.00-999582(us) 2342091 * ParseNewFormat  (configuration.cc:102): Using new configuration format
20260909-06:56.00-999636(us) 2342091 * ParseNewFormat  (configuration.cc:162): Loaded 1 sites in 1 shards
20260909-06:56.00-999679(us) 2342091 * ParseNewFormat  (configuration.cc:162): Loaded 1 sites in 1 shards
20260909-06:56.00-999956(us) 2342091 * benchmark_thread_init (mbta_wrapper.hh:1811): thread_init: thread_id=12, shard_index=0, getShardIndex=0, loader=0
20260909-06:56.01-0012(us) 2342091 * ParseNewFormat  (configuration.cc:102): Using new configuration format
20260909-06:56.01-0068(us) 2342091 * ParseNewFormat  (configuration.cc:102): Using new configuration format
20260909-06:56.01-0126(us) 2342091 * ParseNewFormat  (configuration.cc:102): Using new configuration format
20260909-06:56.01-0173(us) 2342091 * ParseNewFormat  (configuration.cc:162): Loaded 1 sites in 1 shards
20260909-06:56.01-0209(us) 2342091 * ParseNewFormat  (configuration.cc:102): Using new configuration format
20260909-06:56.01-0258(us) 2342091 * benchmark_thread_init (mbta_wrapper.hh:1811): thread_init: thread_id=14, shard_index=0, getShardIndex=0, loader=0
20260909-06:56.01-0341(us) 2342091 * ParseNewFormat  (configuration.cc:102): Using new configuration format
20260909-06:56.01-0401(us) 2342091 * benchmark_thread_init (mbta_wrapper.hh:1811): thread_init: thread_id=13, shard_index=0, getShardIndex=0, loader=0
20260909-06:56.01-0453(us) 2342091 * ParseNewFormat  (configuration.cc:162): Loaded 1 sites in 1 shards
20260909-06:56.01-0524(us) 2342091 * ParseNewFormat  (configuration.cc:162): Loaded 1 sites in 1 shards
20260909-06:56.01-0739(us) 2342091 * ParseNewFormat  (configuration.cc:102): Using new configuration format
20260909-06:56.01-0800(us) 2342091 * benchmark_thread_init (mbta_wrapper.hh:1811): thread_init: thread_id=15, shard_index=0, getShardIndex=0, loader=0
20260909-06:56.01-0868(us) 2342091 * ParseNewFormat  (configuration.cc:102): Using new configuration format
20260909-06:56.01-0921(us) 2342091 * Initialize      (srpc_rpc_backend.cc:66): SrpcRpcBackend::Initialize: poll_thread_worker_ created, is_some=1
20260909-06:56.01-0966(us) 2342091 * ParseNewFormat  (configuration.cc:162): Loaded 1 sites in 1 shards
20260909-06:56.01-1042(us) 2342091 * ParseNewFormat  (configuration.cc:162): Loaded 1 sites in 1 shards
20260909-06:56.01-1099(us) 2342091 * ParseNewFormat  (configuration.cc:102): Using new configuration format
20260909-06:56.01-1145(us) 2342091 * ParseNewFormat  (configuration.cc:162): Loaded 1 sites in 1 shards
20260909-06:56.01-1198(us) 2342091 * ParseNewFormat  (configuration.cc:162): Loaded 1 sites in 1 shards
20260909-06:56.01-1312(us) 2342091 * Initialize      (srpc_rpc_backend.cc:97): SrpcRpcBackend initialized on 127.0.0.1:31000 (listening on 0.0.0.0:31000)
20260909-06:56.01-1343(us) 2342091 * FastTransport   (fasttransport.cc:147): FastTransport initialized with srpc/rpc backend on 127.0.0.1:31000
20260909-06:56.01-1377(us) 2342091 * ParseNewFormat  (configuration.cc:162): Loaded 1 sites in 1 shards
20260909-06:56.01-1434(us) 2342091 * ParseNewFormat  (configuration.cc:102): Using new configuration format
20260909-06:56.01-1478(us) 2342091 * ParseNewFormat  (configuration.cc:102): Using new configuration format
20260909-06:56.01-1561(us) 2342091 * benchmark_thread_init (mbta_wrapper.hh:1811): thread_init: thread_id=16, shard_index=0, getShardIndex=0, loader=0
20260909-06:56.01-1606(us) 2342091 * ParseNewFormat  (configuration.cc:162): Loaded 1 sites in 1 shards
20260909-06:56.01-1653(us) 2342091 * ParseNewFormat  (configuration.cc:162): Loaded 1 sites in 1 shards
20260909-06:56.01-1696(us) 2342091 * Initialize      (srpc_rpc_backend.cc:66): SrpcRpcBackend::Initialize: poll_thread_worker_ created, is_some=1
20260909-06:56.01-1742(us) 2342091 * ParseNewFormat  (configuration.cc:102): Using new configuration format
20260909-06:56.01-1794(us) 2342091 * ParseNewFormat  (configuration.cc:162): Loaded 1 sites in 1 shards
20260909-06:56.01-1827(us) 2342091 * Initialize      (srpc_rpc_backend.cc:97): SrpcRpcBackend initialized on 127.0.0.1:31002 (listening on 0.0.0.0:31002)
20260909-06:56.01-1868(us) 2342091 * FastTransport   (fasttransport.cc:147): FastTransport initialized with srpc/rpc backend on 127.0.0.1:31002
20260909-06:56.01-1907(us) 2342091 * Initialize      (srpc_rpc_backend.cc:66): SrpcRpcBackend::Initialize: poll_thread_worker_ created, is_some=1
20260909-06:56.01-1983(us) 2342091 * ParseNewFormat  (configuration.cc:102): Using new configuration format
20260909-06:56.01-2026(us) 2342091 * Initialize      (srpc_rpc_backend.cc:66): SrpcRpcBackend::Initialize: poll_thread_worker_ created, is_some=1
20260909-06:56.01-2084(us) 2342091 * ParseNewFormat  (configuration.cc:102): Using new configuration format
20260909-06:56.01-2139(us) 2342091 * ParseNewFormat  (configuration.cc:102): Using new configuration format
20260909-06:56.01-2168(us) 2342091 * ParseNewFormat  (configuration.cc:102): Using new configuration format
20260909-06:56.01-2208(us) 2342091 * ParseNewFormat  (configuration.cc:162): Loaded 1 sites in 1 shards
20260909-06:56.01-2252(us) 2342091 * Initialize      (srpc_rpc_backend.cc:97): SrpcRpcBackend initialized on 127.0.0.1:31004 (listening on 0.0.0.0:31004)
20260909-06:56.01-2276(us) 2342091 * FastTransport   (fasttransport.cc:147): FastTransport initialized with srpc/rpc backend on 127.0.0.1:31004
20260909-06:56.01-2302(us) 2342091 * Initialize      (srpc_rpc_backend.cc:97): SrpcRpcBackend initialized on 127.0.0.1:31001 (listening on 0.0.0.0:31001)
20260909-06:56.01-2341(us) 2342091 * FastTransport   (fasttransport.cc:147): FastTransport initialized with srpc/rpc backend on 127.0.0.1:31001
20260909-06:56.01-2376(us) 2342091 * ParseNewFormat  (configuration.cc:162): Loaded 1 sites in 1 shards
20260909-06:56.01-2409(us) 2342091 * ParseNewFormat  (configuration.cc:162): Loaded 1 sites in 1 shards
20260909-06:56.01-2472(us) 2342091 * ParseNewFormat  (configuration.cc:162): Loaded 1 sites in 1 shards
20260909-06:56.01-2530(us) 2342091 * ParseNewFormat  (configuration.cc:102): Using new configuration format
20260909-06:56.01-2568(us) 2342091 * ParseNewFormat  (configuration.cc:102): Using new configuration format
20260909-06:56.01-2611(us) 2342091 * ParseNewFormat  (configuration.cc:102): Using new configuration format
20260909-06:56.01-2657(us) 2342091 * ParseNewFormat  (configuration.cc:162): Loaded 1 sites in 1 shards
20260909-06:56.01-2692(us) 2342091 * ParseNewFormat  (configuration.cc:162): Loaded 1 sites in 1 shards
20260909-06:56.01-2727(us) 2342091 * ParseNewFormat  (configuration.cc:162): Loaded 1 sites in 1 shards
20260909-06:56.01-2759(us) 2342091 * ParseNewFormat  (configuration.cc:102): Using new configuration format
20260909-06:56.01-2802(us) 2342091 * ParseNewFormat  (configuration.cc:162): Loaded 1 sites in 1 shards
20260909-06:56.01-2823(us) 2342091 * ParseNewFormat  (configuration.cc:102): Using new configuration format
20260909-06:56.01-2883(us) 2342091 * ParseNewFormat  (configuration.cc:102): Using new configuration format
20260909-06:56.01-2929(us) 2342091 * ParseNewFormat  (configuration.cc:162): Loaded 1 sites in 1 shards
20260909-06:56.01-2963(us) 2342091 * benchmark_thread_init (mbta_wrapper.hh:1811): thread_init: thread_id=17, shard_index=0, getShardIndex=0, loader=0
20260909-06:56.01-3018(us) 2342091 * ParseNewFormat  (configuration.cc:162): Loaded 1 sites in 1 shards
20260909-06:56.01-3266(us) 2342091 * Initialize      (srpc_rpc_backend.cc:66): SrpcRpcBackend::Initialize: poll_thread_worker_ created, is_some=1
20260909-06:56.01-6098(us) 2342091 * Initialize      (srpc_rpc_backend.cc:66): SrpcRpcBackend::Initialize: poll_thread_worker_ created, is_some=1
20260909-06:56.01-6146(us) 2342091 * benchmark_thread_init (mbta_wrapper.hh:1811): thread_init: thread_id=18, shard_index=0, getShardIndex=0, loader=0
20260909-06:56.01-6244(us) 2342091 * Initialize      (srpc_rpc_backend.cc:66): SrpcRpcBackend::Initialize: poll_thread_worker_ created, is_some=1
20260909-06:56.01-6303(us) 2342091 * benchmark_thread_init (mbta_wrapper.hh:1811): thread_init: thread_id=19, shard_index=0, getShardIndex=0, loader=0
20260909-06:56.01-6382(us) 2342091 * Initialize      (srpc_rpc_backend.cc:66): SrpcRpcBackend::Initialize: poll_thread_worker_ created, is_some=1
20260909-06:56.01-6486(us) 2342091 * ParseNewFormat  (configuration.cc:102): Using new configuration format
20260909-06:56.01-6536(us) 2342091 * ParseNewFormat  (configuration.cc:162): Loaded 1 sites in 1 shards
20260909-06:56.01-6710(us) 2342091 * benchmark_thread_init (mbta_wrapper.hh:1811): thread_init: thread_id=20, shard_index=0, getShardIndex=0, loader=0
20260909-06:56.01-6886(us) 2342091 * benchmark_thread_init (mbta_wrapper.hh:1811): thread_init: thread_id=21, shard_index=0, getShardIndex=0, loader=0
20260909-06:56.01-6996(us) 2342091 * ParseNewFormat  (configuration.cc:102): Using new configuration format
20260909-06:56.01-7043(us) 2342091 * ParseNewFormat  (configuration.cc:162): Loaded 1 sites in 1 shards
20260909-06:56.01-7087(us) 2342091 * Initialize      (srpc_rpc_backend.cc:66): SrpcRpcBackend::Initialize: poll_thread_worker_ created, is_some=1
20260909-06:56.01-7231(us) 2342091 * Initialize      (srpc_rpc_backend.cc:66): SrpcRpcBackend::Initialize: poll_thread_worker_ created, is_some=1
20260909-06:56.01-7616(us) 2342091 * ParseNewFormat  (configuration.cc:102): Using new configuration format
20260909-06:56.01-7657(us) 2342091 * ParseNewFormat  (configuration.cc:162): Loaded 1 sites in 1 shards
20260909-06:56.01-8268(us) 2342091 * ParseNewFormat  (configuration.cc:102): Using new configuration format
20260909-06:56.01-8299(us) 2342091 * ParseNewFormat  (configuration.cc:162): Loaded 1 sites in 1 shards
20260909-06:56.01-20936(us) 2342091 * Initialize      (srpc_rpc_backend.cc:97): SrpcRpcBackend initialized on 127.0.0.1:31007 (listening on 0.0.0.0:31007)
20260909-06:56.01-20971(us) 2342091 * FastTransport   (fasttransport.cc:147): FastTransport initialized with srpc/rpc backend on 127.0.0.1:31007
20260909-06:56.01-21008(us) 2342091 * Initialize      (srpc_rpc_backend.cc:97): SrpcRpcBackend initialized on 127.0.0.1:31003 (listening on 0.0.0.0:31003)
20260909-06:56.01-21052(us) 2342091 * FastTransport   (fasttransport.cc:147): FastTransport initialized with srpc/rpc backend on 127.0.0.1:31003
20260909-06:56.01-21088(us) 2342091 * Initialize      (srpc_rpc_backend.cc:97): SrpcRpcBackend initialized on 127.0.0.1:31006 (listening on 0.0.0.0:31006)
20260909-06:56.01-21131(us) 2342091 * FastTransport   (fasttransport.cc:147): FastTransport initialized with srpc/rpc backend on 127.0.0.1:31006
20260909-06:56.01-21155(us) 2342091 * Initialize      (srpc_rpc_backend.cc:66): SrpcRpcBackend::Initialize: poll_thread_worker_ created, is_some=1
20260909-06:56.01-21200(us) 2342091 * Initialize      (srpc_rpc_backend.cc:97): SrpcRpcBackend initialized on 127.0.0.1:31009 (listening on 0.0.0.0:31009)
20260909-06:56.01-21248(us) 2342091 * FastTransport   (fasttransport.cc:147): FastTransport initialized with srpc/rpc backend on 127.0.0.1:31009
20260909-06:56.01-21276(us) 2342091 * Initialize      (srpc_rpc_backend.cc:97): SrpcRpcBackend initialized on 127.0.0.1:31014 (listening on 0.0.0.0:31014)
20260909-06:56.01-21311(us) 2342091 * FastTransport   (fasttransport.cc:147): FastTransport initialized with srpc/rpc backend on 127.0.0.1:31014
20260909-06:56.01-21346(us) 2342091 * Initialize      (srpc_rpc_backend.cc:97): SrpcRpcBackend initialized on 127.0.0.1:31008 (listening on 0.0.0.0:31008)
20260909-06:56.01-21391(us) 2342091 * FastTransport   (fasttransport.cc:147): FastTransport initialized with srpc/rpc backend on 127.0.0.1:31008
20260909-06:56.01-21433(us) 2342091 * Initialize      (srpc_rpc_backend.cc:97): SrpcRpcBackend initialized on 127.0.0.1:31005 (listening on 0.0.0.0:31005)
20260909-06:56.01-21460(us) 2342091 * FastTransport   (fasttransport.cc:147): FastTransport initialized with srpc/rpc backend on 127.0.0.1:31005
20260909-06:56.01-21488(us) 2342091 * ParseNewFormat  (configuration.cc:102): Using new configuration format
20260909-06:56.01-21533(us) 2342091 * ParseNewFormat  (configuration.cc:162): Loaded 1 sites in 1 shards
20260909-06:56.01-21568(us) 2342091 * ParseNewFormat  (configuration.cc:102): Using new configuration format
20260909-06:56.01-21611(us) 2342091 * ParseNewFormat  (configuration.cc:102): Using new configuration format
20260909-06:56.01-21638(us) 2342091 * ParseNewFormat  (configuration.cc:102): Using new configuration format
20260909-06:56.01-21710(us) 2342091 * ParseNewFormat  (configuration.cc:162): Loaded 1 sites in 1 shards
20260909-06:56.01-21755(us) 2342091 * ParseNewFormat  (configuration.cc:162): Loaded 1 sites in 1 shards
20260909-06:56.01-21809(us) 2342091 * ParseNewFormat  (configuration.cc:102): Using new configuration format
20260909-06:56.01-21878(us) 2342091 * ParseNewFormat  (configuration.cc:102): Using new configuration format
20260909-06:56.01-21920(us) 2342091 * ParseNewFormat  (configuration.cc:162): Loaded 1 sites in 1 shards
20260909-06:56.01-21966(us) 2342091 * ParseNewFormat  (configuration.cc:102): Using new configuration format
20260909-06:56.01-21994(us) 2342091 * ParseNewFormat  (configuration.cc:162): Loaded 1 sites in 1 shards
20260909-06:56.01-22043(us) 2342091 * ParseNewFormat  (configuration.cc:102): Using new configuration format
20260909-06:56.01-22083(us) 2342091 * ParseNewFormat  (configuration.cc:102): Using new configuration format
20260909-06:56.01-22131(us) 2342091 * ParseNewFormat  (configuration.cc:162): Loaded 1 sites in 1 shards
20260909-06:56.01-22157(us) 2342091 * Initialize      (srpc_rpc_backend.cc:66): SrpcRpcBackend::Initialize: poll_thread_worker_ created, is_some=1
20260909-06:56.01-22212(us) 2342091 * ParseNewFormat  (configuration.cc:162): Loaded 1 sites in 1 shards
20260909-06:56.01-22251(us) 2342091 * ParseNewFormat  (configuration.cc:162): Loaded 1 sites in 1 shards
20260909-06:56.01-22289(us) 2342091 * ParseNewFormat  (configuration.cc:102): Using new configuration format
20260909-06:56.01-22339(us) 2342091 * ParseNewFormat  (configuration.cc:162): Loaded 1 sites in 1 shards
20260909-06:56.01-22365(us) 2342091 * ParseNewFormat  (configuration.cc:162): Loaded 1 sites in 1 shards
20260909-06:56.01-22408(us) 2342091 * ParseNewFormat  (configuration.cc:102): Using new configuration format
20260909-06:56.01-22430(us) 2342091 * ParseNewFormat  (configuration.cc:102): Using new configuration format
20260909-06:56.01-22459(us) 2342091 * ParseNewFormat  (configuration.cc:102): Using new configuration format
20260909-06:56.01-22508(us) 2342091 * Initialize      (srpc_rpc_backend.cc:97): SrpcRpcBackend initialized on 127.0.0.1:31010 (listening on 0.0.0.0:31010)
20260909-06:56.01-22555(us) 2342091 * FastTransport   (fasttransport.cc:147): FastTransport initialized with srpc/rpc backend on 127.0.0.1:31010
20260909-06:56.01-22594(us) 2342091 * ParseNewFormat  (configuration.cc:162): Loaded 1 sites in 1 shards
20260909-06:56.01-22624(us) 2342091 * ParseNewFormat  (configuration.cc:162): Loaded 1 sites in 1 shards
20260909-06:56.01-22655(us) 2342091 * ParseNewFormat  (configuration.cc:162): Loaded 1 sites in 1 shards
20260909-06:56.01-22714(us) 2342091 * Initialize      (srpc_rpc_backend.cc:66): SrpcRpcBackend::Initialize: poll_thread_worker_ created, is_some=1
20260909-06:56.01-22799(us) 2342091 * Initialize      (srpc_rpc_backend.cc:97): SrpcRpcBackend initialized on 127.0.0.1:31012 (listening on 0.0.0.0:31012)
20260909-06:56.01-22827(us) 2342091 * FastTransport   (fasttransport.cc:147): FastTransport initialized with srpc/rpc backend on 127.0.0.1:31012
20260909-06:56.01-22878(us) 2342091 * ParseNewFormat  (configuration.cc:102): Using new configuration format
20260909-06:56.01-22935(us) 2342091 * ParseNewFormat  (configuration.cc:162): Loaded 1 sites in 1 shards
20260909-06:56.01-23027(us) 2342091 * Initialize      (srpc_rpc_backend.cc:66): SrpcRpcBackend::Initialize: poll_thread_worker_ created, is_some=1
20260909-06:56.01-23088(us) 2342091 * ParseNewFormat  (configuration.cc:102): Using new configuration format
20260909-06:56.01-23124(us) 2342091 * ParseNewFormat  (configuration.cc:162): Loaded 1 sites in 1 shards
20260909-06:56.01-23186(us) 2342091 * Initialize      (srpc_rpc_backend.cc:97): SrpcRpcBackend initialized on 127.0.0.1:31011 (listening on 0.0.0.0:31011)
20260909-06:56.01-23218(us) 2342091 * FastTransport   (fasttransport.cc:147): FastTransport initialized with srpc/rpc backend on 127.0.0.1:31011
20260909-06:56.01-23252(us) 2342091 * ParseNewFormat  (configuration.cc:102): Using new configuration format
20260909-06:56.01-23330(us) 2342091 * ParseNewFormat  (configuration.cc:162): Loaded 1 sites in 1 shards
20260909-06:56.01-23557(us) 2342091 * ParseNewFormat  (configuration.cc:102): Using new configuration format
20260909-06:56.01-23593(us) 2342091 * Initialize      (srpc_rpc_backend.cc:66): SrpcRpcBackend::Initialize: poll_thread_worker_ created, is_some=1
20260909-06:56.01-23629(us) 2342091 * ParseNewFormat  (configuration.cc:162): Loaded 1 sites in 1 shards
20260909-06:56.01-23670(us) 2342091 * Initialize      (srpc_rpc_backend.cc:97): SrpcRpcBackend initialized on 127.0.0.1:31013 (listening on 0.0.0.0:31013)
20260909-06:56.01-23692(us) 2342091 * FastTransport   (fasttransport.cc:147): FastTransport initialized with srpc/rpc backend on 127.0.0.1:31013
20260909-06:56.01-23785(us) 2342091 * Initialize      (srpc_rpc_backend.cc:66): SrpcRpcBackend::Initialize: poll_thread_worker_ created, is_some=1
20260909-06:56.01-23874(us) 2342091 * Initialize      (srpc_rpc_backend.cc:97): SrpcRpcBackend initialized on 127.0.0.1:31015 (listening on 0.0.0.0:31015)
20260909-06:56.01-23897(us) 2342091 * FastTransport   (fasttransport.cc:147): FastTransport initialized with srpc/rpc backend on 127.0.0.1:31015
20260909-06:56.01-24015(us) 2342091 * ParseNewFormat  (configuration.cc:102): Using new configuration format
20260909-06:56.01-24065(us) 2342091 * ParseNewFormat  (configuration.cc:162): Loaded 1 sites in 1 shards
20260909-06:56.01-24588(us) 2342091 * ParseNewFormat  (configuration.cc:102): Using new configuration format
20260909-06:56.01-24645(us) 2342091 * ParseNewFormat  (configuration.cc:162): Loaded 1 sites in 1 shards
20260909-06:56.01-24752(us) 2342091 * ParseNewFormat  (configuration.cc:102): Using new configuration format
20260909-06:56.01-24786(us) 2342091 * ParseNewFormat  (configuration.cc:162): Loaded 1 sites in 1 shards
20260909-06:56.01-25860(us) 2342091 ! run             (bench.cc:685):     TPCC_BENCH_MEASURE_START
20260909-06:56.01-25888(us) 2342091 ! run             (bench.cc:693):     start the running time, runTime:10
20260909-06:56.01-25902(us) 2342091 ! run             (bench.cc:705):     runtime time left:10000 ms, bool:1
20260909-06:56.02-35107(us) 2342091 ! run             (bench.cc:705):     runtime time left:9000 ms, bool:1
20260909-06:56.03-46506(us) 2342091 ! run             (bench.cc:705):     runtime time left:8000 ms, bool:1
20260909-06:56.04-53122(us) 2342091 ! run             (bench.cc:705):     runtime time left:7000 ms, bool:1
20260909-06:56.05-61918(us) 2342091 ! run             (bench.cc:705):     runtime time left:6000 ms, bool:1
20260909-06:56.06-68987(us) 2342091 ! run             (bench.cc:705):     runtime time left:5000 ms, bool:1
20260909-06:56.07-82912(us) 2342091 ! run             (bench.cc:705):     runtime time left:4000 ms, bool:1
20260909-06:56.08-89443(us) 2342091 ! run             (bench.cc:705):     runtime time left:3000 ms, bool:1
20260909-06:56.09-96236(us) 2342091 ! run             (bench.cc:705):     runtime time left:2000 ms, bool:1
20260909-06:56.10-103654(us) 2342091 ! run             (bench.cc:705):     runtime time left:1000 ms, bool:1
20260909-06:56.11-111848(us) 2342091 ! run             (bench.cc:718):     runtime_plus:0
[SHUTDOWN] Setting running=false to stop database worker threads
[SHUTDOWN] Calling first stop() to stop client transports
20260909-06:56.11-111919(us) 2342091 * PrintStats      (srpc_rpc_backend.cc:686): SrpcRpcBackend request stats: msg_size_req_sent: 0 bytes, counter: 0, avg: 0.000000
20260909-06:56.11-111985(us) 2342091 * PrintStats      (srpc_rpc_backend.cc:686): SrpcRpcBackend request stats: msg_size_req_sent: 0 bytes, counter: 0, avg: 0.000000
20260909-06:56.11-112057(us) 2342091 * PrintStats      (srpc_rpc_backend.cc:686): SrpcRpcBackend request stats: msg_size_req_sent: 0 bytes, counter: 0, avg: 0.000000
20260909-06:56.11-112130(us) 2342091 * PrintStats      (srpc_rpc_backend.cc:686): SrpcRpcBackend request stats: msg_size_req_sent: 0 bytes, counter: 0, avg: 0.000000
20260909-06:56.11-112179(us) 2342091 * PrintStats      (srpc_rpc_backend.cc:686): SrpcRpcBackend request stats: msg_size_req_sent: 0 bytes, counter: 0, avg: 0.000000
20260909-06:56.11-112225(us) 2342091 * PrintStats      (srpc_rpc_backend.cc:686): SrpcRpcBackend request stats: msg_size_req_sent: 0 bytes, counter: 0, avg: 0.000000
20260909-06:56.11-112256(us) 2342091 * PrintStats      (srpc_rpc_backend.cc:686): SrpcRpcBackend request stats: msg_size_req_sent: 0 bytes, counter: 0, avg: 0.000000
20260909-06:56.11-112309(us) 2342091 * PrintStats      (srpc_rpc_backend.cc:686): SrpcRpcBackend request stats: msg_size_req_sent: 0 bytes, counter: 0, avg: 0.000000
20260909-06:56.11-112355(us) 2342091 * PrintStats      (srpc_rpc_backend.cc:686): SrpcRpcBackend request stats: msg_size_req_sent: 0 bytes, counter: 0, avg: 0.000000
20260909-06:56.11-112403(us) 2342091 * PrintStats      (srpc_rpc_backend.cc:686): SrpcRpcBackend request stats: msg_size_req_sent: 0 bytes, counter: 0, avg: 0.000000
20260909-06:56.11-112447(us) 2342091 * PrintStats      (srpc_rpc_backend.cc:686): SrpcRpcBackend request stats: msg_size_req_sent: 0 bytes, counter: 0, avg: 0.000000
20260909-06:56.11-112539(us) 2342091 * PrintStats      (srpc_rpc_backend.cc:686): SrpcRpcBackend request stats: msg_size_req_sent: 0 bytes, counter: 0, avg: 0.000000
20260909-06:56.11-112583(us) 2342091 * PrintStats      (srpc_rpc_backend.cc:686): SrpcRpcBackend request stats: msg_size_req_sent: 0 bytes, counter: 0, avg: 0.000000
20260909-06:56.11-112649(us) 2342091 * PrintStats      (srpc_rpc_backend.cc:686): SrpcRpcBackend request stats: msg_size_req_sent: 0 bytes, counter: 0, avg: 0.000000
20260909-06:56.11-112685(us) 2342091 * PrintStats      (srpc_rpc_backend.cc:686): SrpcRpcBackend request stats: msg_size_req_sent: 0 bytes, counter: 0, avg: 0.000000
20260909-06:56.11-112725(us) 2342091 * PrintStats      (srpc_rpc_backend.cc:686): SrpcRpcBackend request stats: msg_size_req_sent: 0 bytes, counter: 0, avg: 0.000000
20260909-06:56.11-112768(us) 2342091 ! stop            (bench.cc:514):     stop all rpc clients. set stop=false
20260909-06:56.11-112789(us) 2342091 * Stop            (srpc_rpc_backend.cc:593): SrpcRpcBackend::Stop: BEGIN - Setting stop flag
20260909-06:56.11-112803(us) 2342091 * Stop            (srpc_rpc_backend.cc:596): SrpcRpcBackend::Stop: Waiting for event loop to exit...
20260909-06:56.11-112816(us) 2342091 * Stop            (srpc_rpc_backend.cc:612): SrpcRpcBackend::Stop: Event loop exited successfully
20260909-06:56.11-112837(us) 2342091 * Stop            (srpc_rpc_backend.cc:616): SrpcRpcBackend::Stop: Signaling 0 request queues to stop
20260909-06:56.11-112851(us) 2342091 * Stop            (srpc_rpc_backend.cc:624): SrpcRpcBackend::Stop: Signaling 0 response queues to stop
20260909-06:56.11-112864(us) 2342091 * Stop            (srpc_rpc_backend.cc:635): SrpcRpcBackend::Stop: Server cleanup deferred to destructor
20260909-06:56.11-112876(us) 2342091 * Stop            (srpc_rpc_backend.cc:638): SrpcRpcBackend::Stop: Closing client connections
20260909-06:56.11-112890(us) 2342091 * Stop            (srpc_rpc_backend.cc:642): SrpcRpcBackend::Stop: Found 0 client connections to close
20260909-06:56.11-112903(us) 2342091 * Stop            (srpc_rpc_backend.cc:662): SrpcRpcBackend::Stop: Closed 0 client connections
20260909-06:56.11-112916(us) 2342091 * Stop            (srpc_rpc_backend.cc:675): SrpcRpcBackend stats: msg_size_resp_sent: 0 bytes, counter: 0, avg: 0.000000
20260909-06:56.11-112930(us) 2342091 * Stop            (srpc_rpc_backend.cc:676): SrpcRpcBackend::Stop: END
20260909-06:56.11-112943(us) 2342091 * Stop            (srpc_rpc_backend.cc:593): SrpcRpcBackend::Stop: BEGIN - Setting stop flag
20260909-06:56.11-112957(us) 2342091 * Stop            (srpc_rpc_backend.cc:596): SrpcRpcBackend::Stop: Waiting for event loop to exit...
20260909-06:56.11-112976(us) 2342091 * Stop            (srpc_rpc_backend.cc:612): SrpcRpcBackend::Stop: Event loop exited successfully
20260909-06:56.11-112989(us) 2342091 * Stop            (srpc_rpc_backend.cc:616): SrpcRpcBackend::Stop: Signaling 0 request queues to stop
20260909-06:56.11-113002(us) 2342091 * Stop            (srpc_rpc_backend.cc:624): SrpcRpcBackend::Stop: Signaling 0 response queues to stop
20260909-06:56.11-113015(us) 2342091 * Stop            (srpc_rpc_backend.cc:635): SrpcRpcBackend::Stop: Server cleanup deferred to destructor
20260909-06:56.11-113028(us) 2342091 * Stop            (srpc_rpc_backend.cc:638): SrpcRpcBackend::Stop: Closing client connections
20260909-06:56.11-113046(us) 2342091 * Stop            (srpc_rpc_backend.cc:642): SrpcRpcBackend::Stop: Found 0 client connections to close
20260909-06:56.11-113058(us) 2342091 * Stop            (srpc_rpc_backend.cc:662): SrpcRpcBackend::Stop: Closed 0 client connections
20260909-06:56.11-113077(us) 2342091 * Stop            (srpc_rpc_backend.cc:675): SrpcRpcBackend stats: msg_size_resp_sent: 0 bytes, counter: 0, avg: 0.000000
20260909-06:56.11-113090(us) 2342091 * Stop            (srpc_rpc_backend.cc:676): SrpcRpcBackend::Stop: END
20260909-06:56.11-113110(us) 2342091 * Stop            (srpc_rpc_backend.cc:593): SrpcRpcBackend::Stop: BEGIN - Setting stop flag
20260909-06:56.11-113123(us) 2342091 * Stop            (srpc_rpc_backend.cc:596): SrpcRpcBackend::Stop: Waiting for event loop to exit...
20260909-06:56.11-113142(us) 2342091 * Stop            (srpc_rpc_backend.cc:612): SrpcRpcBackend::Stop: Event loop exited successfully
20260909-06:56.11-113154(us) 2342091 * Stop            (srpc_rpc_backend.cc:616): SrpcRpcBackend::Stop: Signaling 0 request queues to stop
20260909-06:56.11-113167(us) 2342091 * Stop            (srpc_rpc_backend.cc:624): SrpcRpcBackend::Stop: Signaling 0 response queues to stop
20260909-06:56.11-113180(us) 2342091 * Stop            (srpc_rpc_backend.cc:635): SrpcRpcBackend::Stop: Server cleanup deferred to destructor
20260909-06:56.11-113192(us) 2342091 * Stop            (srpc_rpc_backend.cc:638): SrpcRpcBackend::Stop: Closing client connections
20260909-06:56.11-113205(us) 2342091 * Stop            (srpc_rpc_backend.cc:642): SrpcRpcBackend::Stop: Found 0 client connections to close
20260909-06:56.11-113218(us) 2342091 * Stop            (srpc_rpc_backend.cc:662): SrpcRpcBackend::Stop: Closed 0 client connections
20260909-06:56.11-113230(us) 2342091 * Stop            (srpc_rpc_backend.cc:675): SrpcRpcBackend stats: msg_size_resp_sent: 0 bytes, counter: 0, avg: 0.000000
20260909-06:56.11-113253(us) 2342091 * Stop            (srpc_rpc_backend.cc:676): SrpcRpcBackend::Stop: END
20260909-06:56.11-113267(us) 2342091 * Stop            (srpc_rpc_backend.cc:593): SrpcRpcBackend::Stop: BEGIN - Setting stop flag
20260909-06:56.11-113286(us) 2342091 * Stop            (srpc_rpc_backend.cc:596): SrpcRpcBackend::Stop: Waiting for event loop to exit...
20260909-06:56.11-113298(us) 2342091 * Stop            (srpc_rpc_backend.cc:612): SrpcRpcBackend::Stop: Event loop exited successfully
20260909-06:56.11-113318(us) 2342091 * Stop            (srpc_rpc_backend.cc:616): SrpcRpcBackend::Stop: Signaling 0 request queues to stop
20260909-06:56.11-113331(us) 2342091 * Stop            (srpc_rpc_backend.cc:624): SrpcRpcBackend::Stop: Signaling 0 response queues to stop
20260909-06:56.11-113347(us) 2342091 * Stop            (srpc_rpc_backend.cc:635): SrpcRpcBackend::Stop: Server cleanup deferred to destructor
20260909-06:56.11-113359(us) 2342091 * Stop            (srpc_rpc_backend.cc:638): SrpcRpcBackend::Stop: Closing client connections
20260909-06:56.11-113372(us) 2342091 * Stop            (srpc_rpc_backend.cc:642): SrpcRpcBackend::Stop: Found 0 client connections to close
20260909-06:56.11-113385(us) 2342091 * Stop            (srpc_rpc_backend.cc:662): SrpcRpcBackend::Stop: Closed 0 client connections
20260909-06:56.11-113405(us) 2342091 * Stop            (srpc_rpc_backend.cc:675): SrpcRpcBackend stats: msg_size_resp_sent: 0 bytes, counter: 0, avg: 0.000000
20260909-06:56.11-113418(us) 2342091 * Stop            (srpc_rpc_backend.cc:676): SrpcRpcBackend::Stop: END
20260909-06:56.11-113439(us) 2342091 * Stop            (srpc_rpc_backend.cc:593): SrpcRpcBackend::Stop: BEGIN - Setting stop flag
20260909-06:56.11-113451(us) 2342091 * Stop            (srpc_rpc_backend.cc:596): SrpcRpcBackend::Stop: Waiting for event loop to exit...
20260909-06:56.11-113470(us) 2342091 * Stop            (srpc_rpc_backend.cc:612): SrpcRpcBackend::Stop: Event loop exited successfully
20260909-06:56.11-113483(us) 2342091 * Stop            (srpc_rpc_backend.cc:616): SrpcRpcBackend::Stop: Signaling 0 request queues to stop
20260909-06:56.11-113503(us) 2342091 * Stop            (srpc_rpc_backend.cc:624): SrpcRpcBackend::Stop: Signaling 0 response queues to stop
20260909-06:56.11-113516(us) 2342091 * Stop            (srpc_rpc_backend.cc:635): SrpcRpcBackend::Stop: Server cleanup deferred to destructor
20260909-06:56.11-113535(us) 2342091 * Stop            (srpc_rpc_backend.cc:638): SrpcRpcBackend::Stop: Closing client connections
20260909-06:56.11-113548(us) 2342091 * Stop            (srpc_rpc_backend.cc:642): SrpcRpcBackend::Stop: Found 0 client connections to close
20260909-06:56.11-113568(us) 2342091 * Stop            (srpc_rpc_backend.cc:662): SrpcRpcBackend::Stop: Closed 0 client connections
20260909-06:56.11-113581(us) 2342091 * Stop            (srpc_rpc_backend.cc:675): SrpcRpcBackend stats: msg_size_resp_sent: 0 bytes, counter: 0, avg: 0.000000
20260909-06:56.11-113601(us) 2342091 * Stop            (srpc_rpc_backend.cc:676): SrpcRpcBackend::Stop: END
20260909-06:56.11-113614(us) 2342091 * Stop            (srpc_rpc_backend.cc:593): SrpcRpcBackend::Stop: BEGIN - Setting stop flag
20260909-06:56.11-113632(us) 2342091 * Stop            (srpc_rpc_backend.cc:596): SrpcRpcBackend::Stop: Waiting for event loop to exit...
20260909-06:56.11-113645(us) 2342091 * Stop            (srpc_rpc_backend.cc:612): SrpcRpcBackend::Stop: Event loop exited successfully
20260909-06:56.11-113665(us) 2342091 * Stop            (srpc_rpc_backend.cc:616): SrpcRpcBackend::Stop: Signaling 0 request queues to stop
20260909-06:56.11-113677(us) 2342091 * Stop            (srpc_rpc_backend.cc:624): SrpcRpcBackend::Stop: Signaling 0 response queues to stop
20260909-06:56.11-113694(us) 2342091 * Stop            (srpc_rpc_backend.cc:635): SrpcRpcBackend::Stop: Server cleanup deferred to destructor
20260909-06:56.11-113707(us) 2342091 * Stop            (srpc_rpc_backend.cc:638): SrpcRpcBackend::Stop: Closing client connections
20260909-06:56.11-113719(us) 2342091 * Stop            (srpc_rpc_backend.cc:642): SrpcRpcBackend::Stop: Found 0 client connections to close
20260909-06:56.11-113739(us) 2342091 * Stop            (srpc_rpc_backend.cc:662): SrpcRpcBackend::Stop: Closed 0 client connections
20260909-06:56.11-113752(us) 2342091 * Stop            (srpc_rpc_backend.cc:675): SrpcRpcBackend stats: msg_size_resp_sent: 0 bytes, counter: 0, avg: 0.000000
20260909-06:56.11-113772(us) 2342091 * Stop            (srpc_rpc_backend.cc:676): SrpcRpcBackend::Stop: END
20260909-06:56.11-113786(us) 2342091 * Stop            (srpc_rpc_backend.cc:593): SrpcRpcBackend::Stop: BEGIN - Setting stop flag
20260909-06:56.11-113804(us) 2342091 * Stop            (srpc_rpc_backend.cc:596): SrpcRpcBackend::Stop: Waiting for event loop to exit...
20260909-06:56.11-113817(us) 2342091 * Stop            (srpc_rpc_backend.cc:612): SrpcRpcBackend::Stop: Event loop exited successfully
20260909-06:56.11-113844(us) 2342091 * Stop            (srpc_rpc_backend.cc:616): SrpcRpcBackend::Stop: Signaling 0 request queues to stop
20260909-06:56.11-113857(us) 2342091 * Stop            (srpc_rpc_backend.cc:624): SrpcRpcBackend::Stop: Signaling 0 response queues to stop
20260909-06:56.11-113869(us) 2342091 * Stop            (srpc_rpc_backend.cc:635): SrpcRpcBackend::Stop: Server cleanup deferred to destructor
20260909-06:56.11-113882(us) 2342091 * Stop            (srpc_rpc_backend.cc:638): SrpcRpcBackend::Stop: Closing client connections
20260909-06:56.11-113894(us) 2342091 * Stop            (srpc_rpc_backend.cc:642): SrpcRpcBackend::Stop: Found 0 client connections to close
20260909-06:56.11-113907(us) 2342091 * Stop            (srpc_rpc_backend.cc:662): SrpcRpcBackend::Stop: Closed 0 client connections
20260909-06:56.11-113920(us) 2342091 * Stop            (srpc_rpc_backend.cc:675): SrpcRpcBackend stats: msg_size_resp_sent: 0 bytes, counter: 0, avg: 0.000000
20260909-06:56.11-113933(us) 2342091 * Stop            (srpc_rpc_backend.cc:676): SrpcRpcBackend::Stop: END
20260909-06:56.11-113946(us) 2342091 * Stop            (srpc_rpc_backend.cc:593): SrpcRpcBackend::Stop: BEGIN - Setting stop flag
20260909-06:56.11-113963(us) 2342091 * Stop            (srpc_rpc_backend.cc:596): SrpcRpcBackend::Stop: Waiting for event loop to exit...
20260909-06:56.11-113975(us) 2342091 * Stop            (srpc_rpc_backend.cc:612): SrpcRpcBackend::Stop: Event loop exited successfully
20260909-06:56.11-113988(us) 2342091 * Stop            (srpc_rpc_backend.cc:616): SrpcRpcBackend::Stop: Signaling 0 request queues to stop
20260909-06:56.11-114006(us) 2342091 * Stop            (srpc_rpc_backend.cc:624): SrpcRpcBackend::Stop: Signaling 0 response queues to stop
20260909-06:56.11-114019(us) 2342091 * Stop            (srpc_rpc_backend.cc:635): SrpcRpcBackend::Stop: Server cleanup deferred to destructor
20260909-06:56.11-114037(us) 2342091 * Stop            (srpc_rpc_backend.cc:638): SrpcRpcBackend::Stop: Closing client connections
20260909-06:56.11-114049(us) 2342091 * Stop            (srpc_rpc_backend.cc:642): SrpcRpcBackend::Stop: Found 0 client connections to close
20260909-06:56.11-114067(us) 2342091 * Stop            (srpc_rpc_backend.cc:662): SrpcRpcBackend::Stop: Closed 0 client connections
20260909-06:56.11-114080(us) 2342091 * Stop            (srpc_rpc_backend.cc:675): SrpcRpcBackend stats: msg_size_resp_sent: 0 bytes, counter: 0, avg: 0.000000
20260909-06:56.11-114098(us) 2342091 * Stop            (srpc_rpc_backend.cc:676): SrpcRpcBackend::Stop: END
20260909-06:56.11-114112(us) 2342091 * Stop            (srpc_rpc_backend.cc:593): SrpcRpcBackend::Stop: BEGIN - Setting stop flag
20260909-06:56.11-114126(us) 2342091 * Stop            (srpc_rpc_backend.cc:596): SrpcRpcBackend::Stop: Waiting for event loop to exit...
20260909-06:56.11-114139(us) 2342091 * Stop            (srpc_rpc_backend.cc:612): SrpcRpcBackend::Stop: Event loop exited successfully
20260909-06:56.11-114152(us) 2342091 * Stop            (srpc_rpc_backend.cc:616): SrpcRpcBackend::Stop: Signaling 0 request queues to stop
20260909-06:56.11-114172(us) 2342091 * Stop            (srpc_rpc_backend.cc:624): SrpcRpcBackend::Stop: Signaling 0 response queues to stop
20260909-06:56.11-114184(us) 2342091 * Stop            (srpc_rpc_backend.cc:635): SrpcRpcBackend::Stop: Server cleanup deferred to destructor
20260909-06:56.11-114200(us) 2342091 * Stop            (srpc_rpc_backend.cc:638): SrpcRpcBackend::Stop: Closing client connections
20260909-06:56.11-114213(us) 2342091 * Stop            (srpc_rpc_backend.cc:642): SrpcRpcBackend::Stop: Found 0 client connections to close
20260909-06:56.11-114225(us) 2342091 * Stop            (srpc_rpc_backend.cc:662): SrpcRpcBackend::Stop: Closed 0 client connections
20260909-06:56.11-114242(us) 2342091 * Stop            (srpc_rpc_backend.cc:675): SrpcRpcBackend stats: msg_size_resp_sent: 0 bytes, counter: 0, avg: 0.000000
20260909-06:56.11-114255(us) 2342091 * Stop            (srpc_rpc_backend.cc:676): SrpcRpcBackend::Stop: END
20260909-06:56.11-114268(us) 2342091 * Stop            (srpc_rpc_backend.cc:593): SrpcRpcBackend::Stop: BEGIN - Setting stop flag
20260909-06:56.11-114282(us) 2342091 * Stop            (srpc_rpc_backend.cc:596): SrpcRpcBackend::Stop: Waiting for event loop to exit...
20260909-06:56.11-114295(us) 2342091 * Stop            (srpc_rpc_backend.cc:612): SrpcRpcBackend::Stop: Event loop exited successfully
20260909-06:56.11-114308(us) 2342091 * Stop            (srpc_rpc_backend.cc:616): SrpcRpcBackend::Stop: Signaling 0 request queues to stop
20260909-06:56.11-114321(us) 2342091 * Stop            (srpc_rpc_backend.cc:624): SrpcRpcBackend::Stop: Signaling 0 response queues to stop
20260909-06:56.11-114340(us) 2342091 * Stop            (srpc_rpc_backend.cc:635): SrpcRpcBackend::Stop: Server cleanup deferred to destructor
20260909-06:56.11-114352(us) 2342091 * Stop            (srpc_rpc_backend.cc:638): SrpcRpcBackend::Stop: Closing client connections
20260909-06:56.11-114368(us) 2342091 * Stop            (srpc_rpc_backend.cc:642): SrpcRpcBackend::Stop: Found 0 client connections to close
20260909-06:56.11-114381(us) 2342091 * Stop            (srpc_rpc_backend.cc:662): SrpcRpcBackend::Stop: Closed 0 client connections
20260909-06:56.11-114394(us) 2342091 * Stop            (srpc_rpc_backend.cc:675): SrpcRpcBackend stats: msg_size_resp_sent: 0 bytes, counter: 0, avg: 0.000000
20260909-06:56.11-114417(us) 2342091 * Stop            (srpc_rpc_backend.cc:676): SrpcRpcBackend::Stop: END
20260909-06:56.11-114431(us) 2342091 * Stop            (srpc_rpc_backend.cc:593): SrpcRpcBackend::Stop: BEGIN - Setting stop flag
20260909-06:56.11-114449(us) 2342091 * Stop            (srpc_rpc_backend.cc:596): SrpcRpcBackend::Stop: Waiting for event loop to exit...
20260909-06:56.11-114462(us) 2342091 * Stop            (srpc_rpc_backend.cc:612): SrpcRpcBackend::Stop: Event loop exited successfully
20260909-06:56.11-114478(us) 2342091 * Stop            (srpc_rpc_backend.cc:616): SrpcRpcBackend::Stop: Signaling 0 request queues to stop
20260909-06:56.11-114491(us) 2342091 * Stop            (srpc_rpc_backend.cc:624): SrpcRpcBackend::Stop: Signaling 0 response queues to stop
20260909-06:56.11-114504(us) 2342091 * Stop            (srpc_rpc_backend.cc:635): SrpcRpcBackend::Stop: Server cleanup deferred to destructor
20260909-06:56.11-114524(us) 2342091 * Stop            (srpc_rpc_backend.cc:638): SrpcRpcBackend::Stop: Closing client connections
20260909-06:56.11-114536(us) 2342091 * Stop            (srpc_rpc_backend.cc:642): SrpcRpcBackend::Stop: Found 0 client connections to close
20260909-06:56.11-114552(us) 2342091 * Stop            (srpc_rpc_backend.cc:662): SrpcRpcBackend::Stop: Closed 0 client connections
20260909-06:56.11-114565(us) 2342091 * Stop            (srpc_rpc_backend.cc:675): SrpcRpcBackend stats: msg_size_resp_sent: 0 bytes, counter: 0, avg: 0.000000
20260909-06:56.11-114578(us) 2342091 * Stop            (srpc_rpc_backend.cc:676): SrpcRpcBackend::Stop: END
20260909-06:56.11-114599(us) 2342091 * Stop            (srpc_rpc_backend.cc:593): SrpcRpcBackend::Stop: BEGIN - Setting stop flag
20260909-06:56.11-114611(us) 2342091 * Stop            (srpc_rpc_backend.cc:596): SrpcRpcBackend::Stop: Waiting for event loop to exit...
20260909-06:56.11-114631(us) 2342091 * Stop            (srpc_rpc_backend.cc:612): SrpcRpcBackend::Stop: Event loop exited successfully
20260909-06:56.11-114644(us) 2342091 * Stop            (srpc_rpc_backend.cc:616): SrpcRpcBackend::Stop: Signaling 0 request queues to stop
20260909-06:56.11-114663(us) 2342091 * Stop            (srpc_rpc_backend.cc:624): SrpcRpcBackend::Stop: Signaling 0 response queues to stop
20260909-06:56.11-114676(us) 2342091 * Stop            (srpc_rpc_backend.cc:635): SrpcRpcBackend::Stop: Server cleanup deferred to destructor
20260909-06:56.11-114696(us) 2342091 * Stop            (srpc_rpc_backend.cc:638): SrpcRpcBackend::Stop: Closing client connections
20260909-06:56.11-114708(us) 2342091 * Stop            (srpc_rpc_backend.cc:642): SrpcRpcBackend::Stop: Found 0 client connections to close
20260909-06:56.11-114728(us) 2342091 * Stop            (srpc_rpc_backend.cc:662): SrpcRpcBackend::Stop: Closed 0 client connections
20260909-06:56.11-114740(us) 2342091 * Stop            (srpc_rpc_backend.cc:675): SrpcRpcBackend stats: msg_size_resp_sent: 0 bytes, counter: 0, avg: 0.000000
20260909-06:56.11-114761(us) 2342091 * Stop            (srpc_rpc_backend.cc:676): SrpcRpcBackend::Stop: END
20260909-06:56.11-114774(us) 2342091 * Stop            (srpc_rpc_backend.cc:593): SrpcRpcBackend::Stop: BEGIN - Setting stop flag
20260909-06:56.11-114792(us) 2342091 * Stop            (srpc_rpc_backend.cc:596): SrpcRpcBackend::Stop: Waiting for event loop to exit...
20260909-06:56.11-114805(us) 2342091 * Stop            (srpc_rpc_backend.cc:612): SrpcRpcBackend::Stop: Event loop exited successfully
20260909-06:56.11-114821(us) 2342091 * Stop            (srpc_rpc_backend.cc:616): SrpcRpcBackend::Stop: Signaling 0 request queues to stop
20260909-06:56.11-114840(us) 2342091 * Stop            (srpc_rpc_backend.cc:624): SrpcRpcBackend::Stop: Signaling 0 response queues to stop
20260909-06:56.11-114856(us) 2342091 * Stop            (srpc_rpc_backend.cc:635): SrpcRpcBackend::Stop: Server cleanup deferred to destructor
20260909-06:56.11-114869(us) 2342091 * Stop            (srpc_rpc_backend.cc:638): SrpcRpcBackend::Stop: Closing client connections
20260909-06:56.11-114882(us) 2342091 * Stop            (srpc_rpc_backend.cc:642): SrpcRpcBackend::Stop: Found 0 client connections to close
20260909-06:56.11-114895(us) 2342091 * Stop            (srpc_rpc_backend.cc:662): SrpcRpcBackend::Stop: Closed 0 client connections
20260909-06:56.11-114914(us) 2342091 * Stop            (srpc_rpc_backend.cc:675): SrpcRpcBackend stats: msg_size_resp_sent: 0 bytes, counter: 0, avg: 0.000000
20260909-06:56.11-114928(us) 2342091 * Stop            (srpc_rpc_backend.cc:676): SrpcRpcBackend::Stop: END
20260909-06:56.11-114948(us) 2342091 * Stop            (srpc_rpc_backend.cc:593): SrpcRpcBackend::Stop: BEGIN - Setting stop flag
20260909-06:56.11-114960(us) 2342091 * Stop            (srpc_rpc_backend.cc:596): SrpcRpcBackend::Stop: Waiting for event loop to exit...
20260909-06:56.11-114980(us) 2342091 * Stop            (srpc_rpc_backend.cc:612): SrpcRpcBackend::Stop: Event loop exited successfully
20260909-06:56.11-114993(us) 2342091 * Stop            (srpc_rpc_backend.cc:616): SrpcRpcBackend::Stop: Signaling 0 request queues to stop
20260909-06:56.11-115013(us) 2342091 * Stop            (srpc_rpc_backend.cc:624): SrpcRpcBackend::Stop: Signaling 0 response queues to stop
20260909-06:56.11-115026(us) 2342091 * Stop            (srpc_rpc_backend.cc:635): SrpcRpcBackend::Stop: Server cleanup deferred to destructor
20260909-06:56.11-115045(us) 2342091 * Stop            (srpc_rpc_backend.cc:638): SrpcRpcBackend::Stop: Closing client connections
20260909-06:56.11-115058(us) 2342091 * Stop            (srpc_rpc_backend.cc:642): SrpcRpcBackend::Stop: Found 0 client connections to close
20260909-06:56.11-115074(us) 2342091 * Stop            (srpc_rpc_backend.cc:662): SrpcRpcBackend::Stop: Closed 0 client connections
20260909-06:56.11-115087(us) 2342091 * Stop            (srpc_rpc_backend.cc:675): SrpcRpcBackend stats: msg_size_resp_sent: 0 bytes, counter: 0, avg: 0.000000
20260909-06:56.11-115100(us) 2342091 * Stop            (srpc_rpc_backend.cc:676): SrpcRpcBackend::Stop: END
20260909-06:56.11-115121(us) 2342091 * Stop            (srpc_rpc_backend.cc:593): SrpcRpcBackend::Stop: BEGIN - Setting stop flag
20260909-06:56.11-115133(us) 2342091 * Stop            (srpc_rpc_backend.cc:596): SrpcRpcBackend::Stop: Waiting for event loop to exit...
20260909-06:56.11-115153(us) 2342091 * Stop            (srpc_rpc_backend.cc:612): SrpcRpcBackend::Stop: Event loop exited successfully
20260909-06:56.11-115166(us) 2342091 * Stop            (srpc_rpc_backend.cc:616): SrpcRpcBackend::Stop: Signaling 0 request queues to stop
20260909-06:56.11-115186(us) 2342091 * Stop            (srpc_rpc_backend.cc:624): SrpcRpcBackend::Stop: Signaling 0 response queues to stop
20260909-06:56.11-115199(us) 2342091 * Stop            (srpc_rpc_backend.cc:635): SrpcRpcBackend::Stop: Server cleanup deferred to destructor
20260909-06:56.11-115218(us) 2342091 * Stop            (srpc_rpc_backend.cc:638): SrpcRpcBackend::Stop: Closing client connections
20260909-06:56.11-115230(us) 2342091 * Stop            (srpc_rpc_backend.cc:642): SrpcRpcBackend::Stop: Found 0 client connections to close
20260909-06:56.11-115250(us) 2342091 * Stop            (srpc_rpc_backend.cc:662): SrpcRpcBackend::Stop: Closed 0 client connections
20260909-06:56.11-115263(us) 2342091 * Stop            (srpc_rpc_backend.cc:675): SrpcRpcBackend stats: msg_size_resp_sent: 0 bytes, counter: 0, avg: 0.000000
20260909-06:56.11-115283(us) 2342091 * Stop            (srpc_rpc_backend.cc:676): SrpcRpcBackend::Stop: END
20260909-06:56.11-115296(us) 2342091 * Stop            (srpc_rpc_backend.cc:593): SrpcRpcBackend::Stop: BEGIN - Setting stop flag
20260909-06:56.11-115315(us) 2342091 * Stop            (srpc_rpc_backend.cc:596): SrpcRpcBackend::Stop: Waiting for event loop to exit...
20260909-06:56.11-115327(us) 2342091 * Stop            (srpc_rpc_backend.cc:612): SrpcRpcBackend::Stop: Event loop exited successfully
20260909-06:56.11-115347(us) 2342091 * Stop            (srpc_rpc_backend.cc:616): SrpcRpcBackend::Stop: Signaling 0 request queues to stop
20260909-06:56.11-115360(us) 2342091 * Stop            (srpc_rpc_backend.cc:624): SrpcRpcBackend::Stop: Signaling 0 response queues to stop
20260909-06:56.11-115376(us) 2342091 * Stop            (srpc_rpc_backend.cc:635): SrpcRpcBackend::Stop: Server cleanup deferred to destructor
20260909-06:56.11-115389(us) 2342091 * Stop            (srpc_rpc_backend.cc:638): SrpcRpcBackend::Stop: Closing client connections
20260909-06:56.11-115401(us) 2342091 * Stop            (srpc_rpc_backend.cc:642): SrpcRpcBackend::Stop: Found 0 client connections to close
20260909-06:56.11-115414(us) 2342091 * Stop            (srpc_rpc_backend.cc:662): SrpcRpcBackend::Stop: Closed 0 client connections
20260909-06:56.11-115434(us) 2342091 * Stop            (srpc_rpc_backend.cc:675): SrpcRpcBackend stats: msg_size_resp_sent: 0 bytes, counter: 0, avg: 0.000000
20260909-06:56.11-115447(us) 2342091 * Stop            (srpc_rpc_backend.cc:676): SrpcRpcBackend::Stop: END
[SHUTDOWN] First stop() completed
[SHUTDOWN] Joining 16 worker threads
[SHUTDOWN] Joining worker 0
20260909-06:56.12-118762(us) 2342091 * Stop            (srpc_rpc_backend.cc:589): SrpcRpcBackend::Stop: Already stopped, returning
20260909-06:56.12-118822(us) 2342091 * Shutdown        (srpc_rpc_backend.cc:112): SrpcRpcBackend::Shutdown: About to delete server
20260909-06:56.12-118846(us) 2342091 * Shutdown        (srpc_rpc_backend.cc:116): SrpcRpcBackend::Shutdown: Server pointer is valid, deleting...
20260909-06:56.12-118875(us) 2342091 * Shutdown        (srpc_rpc_backend.cc:120): SrpcRpcBackend::Shutdown: Server deleted successfully
20260909-06:56.12-118889(us) 2342091 * Shutdown        (srpc_rpc_backend.cc:132): SrpcRpcBackend::Shutdown: About to shutdown poll_thread_worker_
20260909-06:56.12-118904(us) 2342091 * Shutdown        (srpc_rpc_backend.cc:136): SrpcRpcBackend::Shutdown: poll_thread_worker_ is valid, calling shutdown()
20260909-06:56.12-119760(us) 2342091 * Shutdown        (srpc_rpc_backend.cc:138): SrpcRpcBackend::Shutdown: poll_thread_worker_->shutdown() completed
20260909-06:56.12-119793(us) 2342091 * Shutdown        (srpc_rpc_backend.cc:140): SrpcRpcBackend::Shutdown: poll_thread_worker_ reset to None
20260909-06:56.12-119808(us) 2342091 * Shutdown        (srpc_rpc_backend.cc:145): SrpcRpcBackend::Shutdown: Shutdown sequence completed, destructor will now exit
20260909-06:56.12-119843(us) 2342091 * ~SrpcRpcBackend (srpc_rpc_backend.cc:52): SrpcRpcBackend::~SrpcRpcBackend: START destructor
20260909-06:56.12-119858(us) 2342091 * Stop            (srpc_rpc_backend.cc:589): SrpcRpcBackend::Stop: Already stopped, returning
20260909-06:56.12-119872(us) 2342091 * Shutdown        (srpc_rpc_backend.cc:112): SrpcRpcBackend::Shutdown: About to delete server
20260909-06:56.12-119886(us) 2342091 * Shutdown        (srpc_rpc_backend.cc:129): SrpcRpcBackend::Shutdown: Server pointer is null, skipping deletion
20260909-06:56.12-119901(us) 2342091 * Shutdown        (srpc_rpc_backend.cc:132): SrpcRpcBackend::Shutdown: About to shutdown poll_thread_worker_
20260909-06:56.12-119915(us) 2342091 * Shutdown        (srpc_rpc_backend.cc:142): SrpcRpcBackend::Shutdown: poll_thread_worker_ is null, skipping shutdown
20260909-06:56.12-119934(us) 2342091 * Shutdown        (srpc_rpc_backend.cc:145): SrpcRpcBackend::Shutdown: Shutdown sequence completed, destructor will now exit
20260909-06:56.12-119949(us) 2342091 * ~SrpcRpcBackend (srpc_rpc_backend.cc:54): SrpcRpcBackend::~SrpcRpcBackend: Shutdown() completed
20260909-06:56.12-123533(us) 2342091 * Stop            (srpc_rpc_backend.cc:589): SrpcRpcBackend::Stop: Already stopped, returning
20260909-06:56.12-123597(us) 2342091 * Shutdown        (srpc_rpc_backend.cc:112): SrpcRpcBackend::Shutdown: About to delete server
20260909-06:56.12-123621(us) 2342091 * Shutdown        (srpc_rpc_backend.cc:116): SrpcRpcBackend::Shutdown: Server pointer is valid, deleting...
20260909-06:56.12-123651(us) 2342091 * Shutdown        (srpc_rpc_backend.cc:120): SrpcRpcBackend::Shutdown: Server deleted successfully
20260909-06:56.12-123672(us) 2342091 * Shutdown        (srpc_rpc_backend.cc:132): SrpcRpcBackend::Shutdown: About to shutdown poll_thread_worker_
20260909-06:56.12-123692(us) 2342091 * Shutdown        (srpc_rpc_backend.cc:136): SrpcRpcBackend::Shutdown: poll_thread_worker_ is valid, calling shutdown()
20260909-06:56.12-124325(us) 2342091 * Shutdown        (srpc_rpc_backend.cc:138): SrpcRpcBackend::Shutdown: poll_thread_worker_->shutdown() completed
20260909-06:56.12-124372(us) 2342091 * Shutdown        (srpc_rpc_backend.cc:140): SrpcRpcBackend::Shutdown: poll_thread_worker_ reset to None
20260909-06:56.12-124393(us) 2342091 * Shutdown        (srpc_rpc_backend.cc:145): SrpcRpcBackend::Shutdown: Shutdown sequence completed, destructor will now exit
20260909-06:56.12-124415(us) 2342091 * ~SrpcRpcBackend (srpc_rpc_backend.cc:52): SrpcRpcBackend::~SrpcRpcBackend: START destructor
20260909-06:56.12-124445(us) 2342091 * Stop            (srpc_rpc_backend.cc:589): SrpcRpcBackend::Stop: Already stopped, returning
20260909-06:56.12-124468(us) 2342091 * Shutdown        (srpc_rpc_backend.cc:112): SrpcRpcBackend::Shutdown: About to delete server
20260909-06:56.12-124493(us) 2342091 * Shutdown        (srpc_rpc_backend.cc:129): SrpcRpcBackend::Shutdown: Server pointer is null, skipping deletion
20260909-06:56.12-124521(us) 2342091 * Shutdown        (srpc_rpc_backend.cc:132): SrpcRpcBackend::Shutdown: About to shutdown poll_thread_worker_
20260909-06:56.12-124547(us) 2342091 * Shutdown        (srpc_rpc_backend.cc:142): SrpcRpcBackend::Shutdown: poll_thread_worker_ is null, skipping shutdown
20260909-06:56.12-124570(us) 2342091 * Shutdown        (srpc_rpc_backend.cc:145): SrpcRpcBackend::Shutdown: Shutdown sequence completed, destructor will now exit
20260909-06:56.12-124597(us) 2342091 * ~SrpcRpcBackend (srpc_rpc_backend.cc:54): SrpcRpcBackend::~SrpcRpcBackend: Shutdown() completed
[SHUTDOWN] Worker 0 joined
[SHUTDOWN] Joining worker 1
20260909-06:56.12-126380(us) 2342091 * Stop            (srpc_rpc_backend.cc:589): SrpcRpcBackend::Stop: Already stopped, returning
20260909-06:56.12-126447(us) 2342091 * Shutdown        (srpc_rpc_backend.cc:112): SrpcRpcBackend::Shutdown: About to delete server
20260909-06:56.12-126463(us) 2342091 * Shutdown        (srpc_rpc_backend.cc:116): SrpcRpcBackend::Shutdown: Server pointer is valid, deleting...
20260909-06:56.12-126486(us) 2342091 * Shutdown        (srpc_rpc_backend.cc:120): SrpcRpcBackend::Shutdown: Server deleted successfully
20260909-06:56.12-126501(us) 2342091 * Shutdown        (srpc_rpc_backend.cc:132): SrpcRpcBackend::Shutdown: About to shutdown poll_thread_worker_
20260909-06:56.12-126516(us) 2342091 * Shutdown        (srpc_rpc_backend.cc:136): SrpcRpcBackend::Shutdown: poll_thread_worker_ is valid, calling shutdown()
20260909-06:56.12-126631(us) 2342091 * Stop            (srpc_rpc_backend.cc:589): SrpcRpcBackend::Stop: Already stopped, returning
20260909-06:56.12-126667(us) 2342091 * Shutdown        (srpc_rpc_backend.cc:112): SrpcRpcBackend::Shutdown: About to delete server
20260909-06:56.12-126683(us) 2342091 * Shutdown        (srpc_rpc_backend.cc:116): SrpcRpcBackend::Shutdown: Server pointer is valid, deleting...
20260909-06:56.12-126699(us) 2342091 * Stop            (srpc_rpc_backend.cc:589): SrpcRpcBackend::Stop: Already stopped, returning
20260909-06:56.12-126738(us) 2342091 * Shutdown        (srpc_rpc_backend.cc:112): SrpcRpcBackend::Shutdown: About to delete server
20260909-06:56.12-126755(us) 2342091 * Shutdown        (srpc_rpc_backend.cc:116): SrpcRpcBackend::Shutdown: Server pointer is valid, deleting...
20260909-06:56.12-126777(us) 2342091 * Shutdown        (srpc_rpc_backend.cc:120): SrpcRpcBackend::Shutdown: Server deleted successfully
20260909-06:56.12-126793(us) 2342091 * Shutdown        (srpc_rpc_backend.cc:132): SrpcRpcBackend::Shutdown: About to shutdown poll_thread_worker_
20260909-06:56.12-126809(us) 2342091 * Shutdown        (srpc_rpc_backend.cc:136): SrpcRpcBackend::Shutdown: poll_thread_worker_ is valid, calling shutdown()
20260909-06:56.12-126842(us) 2342091 * Shutdown        (srpc_rpc_backend.cc:120): SrpcRpcBackend::Shutdown: Server deleted successfully
20260909-06:56.12-126863(us) 2342091 * Shutdown        (srpc_rpc_backend.cc:132): SrpcRpcBackend::Shutdown: About to shutdown poll_thread_worker_
20260909-06:56.12-126883(us) 2342091 * Shutdown        (srpc_rpc_backend.cc:136): SrpcRpcBackend::Shutdown: poll_thread_worker_ is valid, calling shutdown()
20260909-06:56.12-126903(us) 2342091 * Stop            (srpc_rpc_backend.cc:589): SrpcRpcBackend::Stop: Already stopped, returning
20260909-06:56.12-126939(us) 2342091 * Shutdown        (srpc_rpc_backend.cc:112): SrpcRpcBackend::Shutdown: About to delete server
20260909-06:56.12-126958(us) 2342091 * Shutdown        (srpc_rpc_backend.cc:116): SrpcRpcBackend::Shutdown: Server pointer is valid, deleting...
20260909-06:56.12-126978(us) 2342091 * Shutdown        (srpc_rpc_backend.cc:120): SrpcRpcBackend::Shutdown: Server deleted successfully
20260909-06:56.12-126997(us) 2342091 * Shutdown        (srpc_rpc_backend.cc:132): SrpcRpcBackend::Shutdown: About to shutdown poll_thread_worker_
20260909-06:56.12-127014(us) 2342091 * Shutdown        (srpc_rpc_backend.cc:136): SrpcRpcBackend::Shutdown: poll_thread_worker_ is valid, calling shutdown()
20260909-06:56.12-127093(us) 2342091 * Shutdown        (srpc_rpc_backend.cc:138): SrpcRpcBackend::Shutdown: poll_thread_worker_->shutdown() completed
20260909-06:56.12-127126(us) 2342091 * Shutdown        (srpc_rpc_backend.cc:140): SrpcRpcBackend::Shutdown: poll_thread_worker_ reset to None
20260909-06:56.12-127141(us) 2342091 * Shutdown        (srpc_rpc_backend.cc:145): SrpcRpcBackend::Shutdown: Shutdown sequence completed, destructor will now exit
20260909-06:56.12-127156(us) 2342091 * ~SrpcRpcBackend (srpc_rpc_backend.cc:52): SrpcRpcBackend::~SrpcRpcBackend: START destructor
20260909-06:56.12-127170(us) 2342091 * Stop            (srpc_rpc_backend.cc:589): SrpcRpcBackend::Stop: Already stopped, returning
20260909-06:56.12-127190(us) 2342091 * Shutdown        (srpc_rpc_backend.cc:112): SrpcRpcBackend::Shutdown: About to delete server
20260909-06:56.12-127205(us) 2342091 * Shutdown        (srpc_rpc_backend.cc:129): SrpcRpcBackend::Shutdown: Server pointer is null, skipping deletion
20260909-06:56.12-127228(us) 2342091 * Shutdown        (srpc_rpc_backend.cc:132): SrpcRpcBackend::Shutdown: About to shutdown poll_thread_worker_
20260909-06:56.12-127243(us) 2342091 * Shutdown        (srpc_rpc_backend.cc:142): SrpcRpcBackend::Shutdown: poll_thread_worker_ is null, skipping shutdown
20260909-06:56.12-127258(us) 2342091 * Shutdown        (srpc_rpc_backend.cc:145): SrpcRpcBackend::Shutdown: Shutdown sequence completed, destructor will now exit
20260909-06:56.12-127272(us) 2342091 * ~SrpcRpcBackend (srpc_rpc_backend.cc:54): SrpcRpcBackend::~SrpcRpcBackend: Shutdown() completed
20260909-06:56.12-127537(us) 2342091 * Stop            (srpc_rpc_backend.cc:589): SrpcRpcBackend::Stop: Already stopped, returning
20260909-06:56.12-127643(us) 2342091 * Shutdown        (srpc_rpc_backend.cc:112): SrpcRpcBackend::Shutdown: About to delete server
20260909-06:56.12-127666(us) 2342091 * Shutdown        (srpc_rpc_backend.cc:116): SrpcRpcBackend::Shutdown: Server pointer is valid, deleting...
20260909-06:56.12-127702(us) 2342091 * Shutdown        (srpc_rpc_backend.cc:120): SrpcRpcBackend::Shutdown: Server deleted successfully
20260909-06:56.12-127723(us) 2342091 * Shutdown        (srpc_rpc_backend.cc:132): SrpcRpcBackend::Shutdown: About to shutdown poll_thread_worker_
20260909-06:56.12-127747(us) 2342091 * Shutdown        (srpc_rpc_backend.cc:136): SrpcRpcBackend::Shutdown: poll_thread_worker_ is valid, calling shutdown()
20260909-06:56.12-127780(us) 2342091 * Shutdown        (srpc_rpc_backend.cc:138): SrpcRpcBackend::Shutdown: poll_thread_worker_->shutdown() completed
20260909-06:56.12-127807(us) 2342091 * Stop            (srpc_rpc_backend.cc:589): SrpcRpcBackend::Stop: Already stopped, returning
20260909-06:56.12-127870(us) 2342091 * Shutdown        (srpc_rpc_backend.cc:112): SrpcRpcBackend::Shutdown: About to delete server
20260909-06:56.12-127897(us) 2342091 * Shutdown        (srpc_rpc_backend.cc:116): SrpcRpcBackend::Shutdown: Server pointer is valid, deleting...
20260909-06:56.12-127933(us) 2342091 * Shutdown        (srpc_rpc_backend.cc:120): SrpcRpcBackend::Shutdown: Server deleted successfully
20260909-06:56.12-127966(us) 2342091 * Shutdown        (srpc_rpc_backend.cc:132): SrpcRpcBackend::Shutdown: About to shutdown poll_thread_worker_
20260909-06:56.12-127996(us) 2342091 * Shutdown        (srpc_rpc_backend.cc:136): SrpcRpcBackend::Shutdown: poll_thread_worker_ is valid, calling shutdown()
20260909-06:56.12-128032(us) 2342091 * Shutdown        (srpc_rpc_backend.cc:140): SrpcRpcBackend::Shutdown: poll_thread_worker_ reset to None
20260909-06:56.12-128057(us) 2342091 * Stop            (srpc_rpc_backend.cc:589): SrpcRpcBackend::Stop: Already stopped, returning
20260909-06:56.12-128130(us) 2342091 * Stop            (srpc_rpc_backend.cc:589): SrpcRpcBackend::Stop: Already stopped, returning
20260909-06:56.12-128186(us) 2342091 * Shutdown        (srpc_rpc_backend.cc:112): SrpcRpcBackend::Shutdown: About to delete server
20260909-06:56.12-128218(us) 2342091 * Shutdown        (srpc_rpc_backend.cc:116): SrpcRpcBackend::Shutdown: Server pointer is valid, deleting...
20260909-06:56.12-128254(us) 2342091 * Stop            (srpc_rpc_backend.cc:589): SrpcRpcBackend::Stop: Already stopped, returning
20260909-06:56.12-128347(us) 2342091 * Shutdown        (srpc_rpc_backend.cc:112): SrpcRpcBackend::Shutdown: About to delete server
20260909-06:56.12-128372(us) 2342091 * Shutdown        (srpc_rpc_backend.cc:116): SrpcRpcBackend::Shutdown: Server pointer is valid, deleting...
20260909-06:56.12-128403(us) 2342091 * Shutdown        (srpc_rpc_backend.cc:120): SrpcRpcBackend::Shutdown: Server deleted successfully
20260909-06:56.12-128426(us) 2342091 * Shutdown        (srpc_rpc_backend.cc:132): SrpcRpcBackend::Shutdown: About to shutdown poll_thread_worker_
20260909-06:56.12-128451(us) 2342091 * Shutdown        (srpc_rpc_backend.cc:136): SrpcRpcBackend::Shutdown: poll_thread_worker_ is valid, calling shutdown()
20260909-06:56.12-128488(us) 2342091 * Shutdown        (srpc_rpc_backend.cc:138): SrpcRpcBackend::Shutdown: poll_thread_worker_->shutdown() completed
20260909-06:56.12-128551(us) 2342091 * Shutdown        (srpc_rpc_backend.cc:145): SrpcRpcBackend::Shutdown: Shutdown sequence completed, destructor will now exit
20260909-06:56.12-128586(us) 2342091 * ~SrpcRpcBackend (srpc_rpc_backend.cc:52): SrpcRpcBackend::~SrpcRpcBackend: START destructor
20260909-06:56.12-128612(us) 2342091 * Stop            (srpc_rpc_backend.cc:589): SrpcRpcBackend::Stop: Already stopped, returning
20260909-06:56.12-128631(us) 2342091 * Shutdown        (srpc_rpc_backend.cc:112): SrpcRpcBackend::Shutdown: About to delete server
20260909-06:56.12-128649(us) 2342091 * Shutdown        (srpc_rpc_backend.cc:129): SrpcRpcBackend::Shutdown: Server pointer is null, skipping deletion
20260909-06:56.12-128672(us) 2342091 * Shutdown        (srpc_rpc_backend.cc:140): SrpcRpcBackend::Shutdown: poll_thread_worker_ reset to None
20260909-06:56.12-128691(us) 2342091 * Shutdown        (srpc_rpc_backend.cc:145): SrpcRpcBackend::Shutdown: Shutdown sequence completed, destructor will now exit
20260909-06:56.12-128718(us) 2342091 * ~SrpcRpcBackend (srpc_rpc_backend.cc:52): SrpcRpcBackend::~SrpcRpcBackend: START destructor
20260909-06:56.12-128735(us) 2342091 * Stop            (srpc_rpc_backend.cc:589): SrpcRpcBackend::Stop: Already stopped, returning
20260909-06:56.12-128754(us) 2342091 * Shutdown        (srpc_rpc_backend.cc:112): SrpcRpcBackend::Shutdown: About to delete server
20260909-06:56.12-128770(us) 2342091 * Shutdown        (srpc_rpc_backend.cc:129): SrpcRpcBackend::Shutdown: Server pointer is null, skipping deletion
20260909-06:56.12-128786(us) 2342091 * Shutdown        (srpc_rpc_backend.cc:132): SrpcRpcBackend::Shutdown: About to shutdown poll_thread_worker_
20260909-06:56.12-128805(us) 2342091 * Shutdown        (srpc_rpc_backend.cc:142): SrpcRpcBackend::Shutdown: poll_thread_worker_ is null, skipping shutdown
20260909-06:56.12-128823(us) 2342091 * Shutdown        (srpc_rpc_backend.cc:145): SrpcRpcBackend::Shutdown: Shutdown sequence completed, destructor will now exit
20260909-06:56.12-128848(us) 2342091 * ~SrpcRpcBackend (srpc_rpc_backend.cc:54): SrpcRpcBackend::~SrpcRpcBackend: Shutdown() completed
20260909-06:56.12-128874(us) 2342091 * Shutdown        (srpc_rpc_backend.cc:138): SrpcRpcBackend::Shutdown: poll_thread_worker_->shutdown() completed
20260909-06:56.12-128917(us) 2342091 * Stop            (srpc_rpc_backend.cc:589): SrpcRpcBackend::Stop: Already stopped, returning
20260909-06:56.12-128976(us) 2342091 * Shutdown        (srpc_rpc_backend.cc:140): SrpcRpcBackend::Shutdown: poll_thread_worker_ reset to None
20260909-06:56.12-129005(us) 2342091 * Shutdown        (srpc_rpc_backend.cc:145): SrpcRpcBackend::Shutdown: Shutdown sequence completed, destructor will now exit
20260909-06:56.12-129033(us) 2342091 * ~SrpcRpcBackend (srpc_rpc_backend.cc:52): SrpcRpcBackend::~SrpcRpcBackend: START destructor
20260909-06:56.12-129063(us) 2342091 * Stop            (srpc_rpc_backend.cc:589): SrpcRpcBackend::Stop: Already stopped, returning
20260909-06:56.12-129096(us) 2342091 * Shutdown        (srpc_rpc_backend.cc:112): SrpcRpcBackend::Shutdown: About to delete server
20260909-06:56.12-129135(us) 2342091 * Shutdown        (srpc_rpc_backend.cc:129): SrpcRpcBackend::Shutdown: Server pointer is null, skipping deletion
20260909-06:56.12-129161(us) 2342091 * Shutdown        (srpc_rpc_backend.cc:132): SrpcRpcBackend::Shutdown: About to shutdown poll_thread_worker_
20260909-06:56.12-129184(us) 2342091 * Shutdown        (srpc_rpc_backend.cc:142): SrpcRpcBackend::Shutdown: poll_thread_worker_ is null, skipping shutdown
20260909-06:56.12-129230(us) 2342091 * Shutdown        (srpc_rpc_backend.cc:145): SrpcRpcBackend::Shutdown: Shutdown sequence completed, destructor will now exit
20260909-06:56.12-129264(us) 2342091 * ~SrpcRpcBackend (srpc_rpc_backend.cc:54): SrpcRpcBackend::~SrpcRpcBackend: Shutdown() completed
20260909-06:56.12-129312(us) 2342091 * Shutdown        (srpc_rpc_backend.cc:112): SrpcRpcBackend::Shutdown: About to delete server
20260909-06:56.12-129353(us) 2342091 * Shutdown        (srpc_rpc_backend.cc:116): SrpcRpcBackend::Shutdown: Server pointer is valid, deleting...
20260909-06:56.12-129388(us) 2342091 * Shutdown        (srpc_rpc_backend.cc:138): SrpcRpcBackend::Shutdown: poll_thread_worker_->shutdown() completed
20260909-06:56.12-129440(us) 2342091 * Shutdown        (srpc_rpc_backend.cc:112): SrpcRpcBackend::Shutdown: About to delete server
20260909-06:56.12-129485(us) 2342091 * Shutdown        (srpc_rpc_backend.cc:116): SrpcRpcBackend::Shutdown: Server pointer is valid, deleting...
20260909-06:56.12-129519(us) 2342091 * Shutdown        (srpc_rpc_backend.cc:140): SrpcRpcBackend::Shutdown: poll_thread_worker_ reset to None
20260909-06:56.12-129546(us) 2342091 * Shutdown        (srpc_rpc_backend.cc:145): SrpcRpcBackend::Shutdown: Shutdown sequence completed, destructor will now exit
20260909-06:56.12-129565(us) 2342091 * ~SrpcRpcBackend (srpc_rpc_backend.cc:52): SrpcRpcBackend::~SrpcRpcBackend: START destructor
20260909-06:56.12-129589(us) 2342091 * Stop            (srpc_rpc_backend.cc:589): SrpcRpcBackend::Stop: Already stopped, returning
20260909-06:56.12-129612(us) 2342091 * Shutdown        (srpc_rpc_backend.cc:112): SrpcRpcBackend::Shutdown: About to delete server
20260909-06:56.12-129637(us) 2342091 * Shutdown        (srpc_rpc_backend.cc:129): SrpcRpcBackend::Shutdown: Server pointer is null, skipping deletion
20260909-06:56.12-129668(us) 2342091 * Shutdown        (srpc_rpc_backend.cc:132): SrpcRpcBackend::Shutdown: About to shutdown poll_thread_worker_
20260909-06:56.12-129697(us) 2342091 * Shutdown        (srpc_rpc_backend.cc:142): SrpcRpcBackend::Shutdown: poll_thread_worker_ is null, skipping shutdown
20260909-06:56.12-129731(us) 2342091 * Shutdown        (srpc_rpc_backend.cc:145): SrpcRpcBackend::Shutdown: Shutdown sequence completed, destructor will now exit
20260909-06:56.12-129763(us) 2342091 * ~SrpcRpcBackend (srpc_rpc_backend.cc:54): SrpcRpcBackend::~SrpcRpcBackend: Shutdown() completed
20260909-06:56.12-129802(us) 2342091 * Shutdown        (srpc_rpc_backend.cc:120): SrpcRpcBackend::Shutdown: Server deleted successfully
20260909-06:56.12-129861(us) 2342091 * Shutdown        (srpc_rpc_backend.cc:132): SrpcRpcBackend::Shutdown: About to shutdown poll_thread_worker_
20260909-06:56.12-129884(us) 2342091 * Shutdown        (srpc_rpc_backend.cc:136): SrpcRpcBackend::Shutdown: poll_thread_worker_ is valid, calling shutdown()
20260909-06:56.12-129927(us) 2342091 * Shutdown        (srpc_rpc_backend.cc:138): SrpcRpcBackend::Shutdown: poll_thread_worker_->shutdown() completed
20260909-06:56.12-129979(us) 2342091 * Stop            (srpc_rpc_backend.cc:589): SrpcRpcBackend::Stop: Already stopped, returning
20260909-06:56.12-130019(us) 2342091 * Shutdown        (srpc_rpc_backend.cc:112): SrpcRpcBackend::Shutdown: About to delete server
20260909-06:56.12-130049(us) 2342091 * Shutdown        (srpc_rpc_backend.cc:140): SrpcRpcBackend::Shutdown: poll_thread_worker_ reset to None
20260909-06:56.12-130077(us) 2342091 * Shutdown        (srpc_rpc_backend.cc:145): SrpcRpcBackend::Shutdown: Shutdown sequence completed, destructor will now exit
20260909-06:56.12-130106(us) 2342091 * ~SrpcRpcBackend (srpc_rpc_backend.cc:52): SrpcRpcBackend::~SrpcRpcBackend: START destructor
20260909-06:56.12-130133(us) 2342091 * Stop            (srpc_rpc_backend.cc:589): SrpcRpcBackend::Stop: Already stopped, returning
20260909-06:56.12-130171(us) 2342091 * Shutdown        (srpc_rpc_backend.cc:112): SrpcRpcBackend::Shutdown: About to delete server
20260909-06:56.12-130205(us) 2342091 * Shutdown        (srpc_rpc_backend.cc:129): SrpcRpcBackend::Shutdown: Server pointer is null, skipping deletion
20260909-06:56.12-130237(us) 2342091 * Shutdown        (srpc_rpc_backend.cc:132): SrpcRpcBackend::Shutdown: About to shutdown poll_thread_worker_
20260909-06:56.12-130272(us) 2342091 * Shutdown        (srpc_rpc_backend.cc:142): SrpcRpcBackend::Shutdown: poll_thread_worker_ is null, skipping shutdown
20260909-06:56.12-130300(us) 2342091 * Shutdown        (srpc_rpc_backend.cc:145): SrpcRpcBackend::Shutdown: Shutdown sequence completed, destructor will now exit
20260909-06:56.12-130329(us) 2342091 * ~SrpcRpcBackend (srpc_rpc_backend.cc:54): SrpcRpcBackend::~SrpcRpcBackend: Shutdown() completed
20260909-06:56.12-130367(us) 2342091 * Shutdown        (srpc_rpc_backend.cc:120): SrpcRpcBackend::Shutdown: Server deleted successfully
20260909-06:56.12-130425(us) 2342091 * Shutdown        (srpc_rpc_backend.cc:132): SrpcRpcBackend::Shutdown: About to shutdown poll_thread_worker_
20260909-06:56.12-130462(us) 2342091 * Shutdown        (srpc_rpc_backend.cc:136): SrpcRpcBackend::Shutdown: poll_thread_worker_ is valid, calling shutdown()
20260909-06:56.12-130506(us) 2342091 * Shutdown        (srpc_rpc_backend.cc:132): SrpcRpcBackend::Shutdown: About to shutdown poll_thread_worker_
20260909-06:56.12-130555(us) 2342091 * Shutdown        (srpc_rpc_backend.cc:142): SrpcRpcBackend::Shutdown: poll_thread_worker_ is null, skipping shutdown
20260909-06:56.12-130578(us) 2342091 * Shutdown        (srpc_rpc_backend.cc:145): SrpcRpcBackend::Shutdown: Shutdown sequence completed, destructor will now exit
20260909-06:56.12-130603(us) 2342091 * ~SrpcRpcBackend (srpc_rpc_backend.cc:54): SrpcRpcBackend::~SrpcRpcBackend: Shutdown() completed
20260909-06:56.12-130643(us) 2342091 * Shutdown        (srpc_rpc_backend.cc:138): SrpcRpcBackend::Shutdown: poll_thread_worker_->shutdown() completed
20260909-06:56.12-130692(us) 2342091 * Stop            (srpc_rpc_backend.cc:589): SrpcRpcBackend::Stop: Already stopped, returning
20260909-06:56.12-130742(us) 2342091 * Shutdown        (srpc_rpc_backend.cc:112): SrpcRpcBackend::Shutdown: About to delete server
20260909-06:56.12-130782(us) 2342091 * Shutdown        (srpc_rpc_backend.cc:116): SrpcRpcBackend::Shutdown: Server pointer is valid, deleting...
20260909-06:56.12-130827(us) 2342091 * Shutdown        (srpc_rpc_backend.cc:138): SrpcRpcBackend::Shutdown: poll_thread_worker_->shutdown() completed
20260909-06:56.12-130887(us) 2342091 * Shutdown        (srpc_rpc_backend.cc:140): SrpcRpcBackend::Shutdown: poll_thread_worker_ reset to None
20260909-06:56.12-130926(us) 2342091 * Shutdown        (srpc_rpc_backend.cc:140): SrpcRpcBackend::Shutdown: poll_thread_worker_ reset to None
20260909-06:56.12-130950(us) 2342091 * Shutdown        (srpc_rpc_backend.cc:145): SrpcRpcBackend::Shutdown: Shutdown sequence completed, destructor will now exit
20260909-06:56.12-130970(us) 2342091 * ~SrpcRpcBackend (srpc_rpc_backend.cc:52): SrpcRpcBackend::~SrpcRpcBackend: START destructor
20260909-06:56.12-131002(us) 2342091 * Stop            (srpc_rpc_backend.cc:589): SrpcRpcBackend::Stop: Already stopped, returning
20260909-06:56.12-131027(us) 2342091 * Shutdown        (srpc_rpc_backend.cc:112): SrpcRpcBackend::Shutdown: About to delete server
20260909-06:56.12-131051(us) 2342091 * Shutdown        (srpc_rpc_backend.cc:129): SrpcRpcBackend::Shutdown: Server pointer is null, skipping deletion
20260909-06:56.12-131079(us) 2342091 * Shutdown        (srpc_rpc_backend.cc:132): SrpcRpcBackend::Shutdown: About to shutdown poll_thread_worker_
20260909-06:56.12-131107(us) 2342091 * Shutdown        (srpc_rpc_backend.cc:142): SrpcRpcBackend::Shutdown: poll_thread_worker_ is null, skipping shutdown
20260909-06:56.12-131131(us) 2342091 * Shutdown        (srpc_rpc_backend.cc:145): SrpcRpcBackend::Shutdown: Shutdown sequence completed, destructor will now exit
20260909-06:56.12-131154(us) 2342091 * ~SrpcRpcBackend (srpc_rpc_backend.cc:54): SrpcRpcBackend::~SrpcRpcBackend: Shutdown() completed
20260909-06:56.12-131180(us) 2342091 * Shutdown        (srpc_rpc_backend.cc:120): SrpcRpcBackend::Shutdown: Server deleted successfully
20260909-06:56.12-131214(us) 2342091 * Shutdown        (srpc_rpc_backend.cc:132): SrpcRpcBackend::Shutdown: About to shutdown poll_thread_worker_
20260909-06:56.12-131238(us) 2342091 * Shutdown        (srpc_rpc_backend.cc:136): SrpcRpcBackend::Shutdown: poll_thread_worker_ is valid, calling shutdown()
20260909-06:56.12-131278(us) 2342091 * Shutdown        (srpc_rpc_backend.cc:116): SrpcRpcBackend::Shutdown: Server pointer is valid, deleting...
20260909-06:56.12-131324(us) 2342091 * Shutdown        (srpc_rpc_backend.cc:120): SrpcRpcBackend::Shutdown: Server deleted successfully
20260909-06:56.12-131376(us) 2342091 * Shutdown        (srpc_rpc_backend.cc:132): SrpcRpcBackend::Shutdown: About to shutdown poll_thread_worker_
20260909-06:56.12-131407(us) 2342091 * Shutdown        (srpc_rpc_backend.cc:136): SrpcRpcBackend::Shutdown: poll_thread_worker_ is valid, calling shutdown()
20260909-06:56.12-131447(us) 2342091 * Shutdown        (srpc_rpc_backend.cc:120): SrpcRpcBackend::Shutdown: Server deleted successfully
20260909-06:56.12-131484(us) 2342091 * Shutdown        (srpc_rpc_backend.cc:132): SrpcRpcBackend::Shutdown: About to shutdown poll_thread_worker_
20260909-06:56.12-131513(us) 2342091 * Shutdown        (srpc_rpc_backend.cc:136): SrpcRpcBackend::Shutdown: poll_thread_worker_ is valid, calling shutdown()
20260909-06:56.12-131551(us) 2342091 * Shutdown        (srpc_rpc_backend.cc:145): SrpcRpcBackend::Shutdown: Shutdown sequence completed, destructor will now exit
20260909-06:56.12-131599(us) 2342091 * ~SrpcRpcBackend (srpc_rpc_backend.cc:52): SrpcRpcBackend::~SrpcRpcBackend: START destructor
20260909-06:56.12-131628(us) 2342091 * Stop            (srpc_rpc_backend.cc:589): SrpcRpcBackend::Stop: Already stopped, returning
20260909-06:56.12-131648(us) 2342091 * Shutdown        (srpc_rpc_backend.cc:112): SrpcRpcBackend::Shutdown: About to delete server
20260909-06:56.12-131672(us) 2342091 * Shutdown        (srpc_rpc_backend.cc:129): SrpcRpcBackend::Shutdown: Server pointer is null, skipping deletion
20260909-06:56.12-131692(us) 2342091 * Shutdown        (srpc_rpc_backend.cc:132): SrpcRpcBackend::Shutdown: About to shutdown poll_thread_worker_
20260909-06:56.12-131714(us) 2342091 * Shutdown        (srpc_rpc_backend.cc:142): SrpcRpcBackend::Shutdown: poll_thread_worker_ is null, skipping shutdown
20260909-06:56.12-131740(us) 2342091 * Shutdown        (srpc_rpc_backend.cc:145): SrpcRpcBackend::Shutdown: Shutdown sequence completed, destructor will now exit
20260909-06:56.12-131764(us) 2342091 * ~SrpcRpcBackend (srpc_rpc_backend.cc:54): SrpcRpcBackend::~SrpcRpcBackend: Shutdown() completed
20260909-06:56.12-131797(us) 2342091 * Shutdown        (srpc_rpc_backend.cc:138): SrpcRpcBackend::Shutdown: poll_thread_worker_->shutdown() completed
20260909-06:56.12-131904(us) 2342091 * Shutdown        (srpc_rpc_backend.cc:140): SrpcRpcBackend::Shutdown: poll_thread_worker_ reset to None
20260909-06:56.12-131961(us) 2342091 * Shutdown        (srpc_rpc_backend.cc:145): SrpcRpcBackend::Shutdown: Shutdown sequence completed, destructor will now exit
20260909-06:56.12-132022(us) 2342091 * ~SrpcRpcBackend (srpc_rpc_backend.cc:52): SrpcRpcBackend::~SrpcRpcBackend: START destructor
20260909-06:56.12-132062(us) 2342091 * Stop            (srpc_rpc_backend.cc:589): SrpcRpcBackend::Stop: Already stopped, returning
20260909-06:56.12-132099(us) 2342091 * Shutdown        (srpc_rpc_backend.cc:112): SrpcRpcBackend::Shutdown: About to delete server
20260909-06:56.12-132135(us) 2342091 * Shutdown        (srpc_rpc_backend.cc:129): SrpcRpcBackend::Shutdown: Server pointer is null, skipping deletion
20260909-06:56.12-132178(us) 2342091 * Shutdown        (srpc_rpc_backend.cc:132): SrpcRpcBackend::Shutdown: About to shutdown poll_thread_worker_
20260909-06:56.12-132225(us) 2342091 * Shutdown        (srpc_rpc_backend.cc:142): SrpcRpcBackend::Shutdown: poll_thread_worker_ is null, skipping shutdown
20260909-06:56.12-132276(us) 2342091 * Shutdown        (srpc_rpc_backend.cc:145): SrpcRpcBackend::Shutdown: Shutdown sequence completed, destructor will now exit
20260909-06:56.12-132311(us) 2342091 * ~SrpcRpcBackend (srpc_rpc_backend.cc:54): SrpcRpcBackend::~SrpcRpcBackend: Shutdown() completed
20260909-06:56.12-132422(us) 2342091 * Shutdown        (srpc_rpc_backend.cc:138): SrpcRpcBackend::Shutdown: poll_thread_worker_->shutdown() completed
20260909-06:56.12-132475(us) 2342091 * Shutdown        (srpc_rpc_backend.cc:140): SrpcRpcBackend::Shutdown: poll_thread_worker_ reset to None
20260909-06:56.12-132499(us) 2342091 * Shutdown        (srpc_rpc_backend.cc:145): SrpcRpcBackend::Shutdown: Shutdown sequence completed, destructor will now exit
20260909-06:56.12-132519(us) 2342091 * ~SrpcRpcBackend (srpc_rpc_backend.cc:52): SrpcRpcBackend::~SrpcRpcBackend: START destructor
20260909-06:56.12-132548(us) 2342091 * Stop            (srpc_rpc_backend.cc:589): SrpcRpcBackend::Stop: Already stopped, returning
20260909-06:56.12-132578(us) 2342091 * Shutdown        (srpc_rpc_backend.cc:112): SrpcRpcBackend::Shutdown: About to delete server
20260909-06:56.12-132603(us) 2342091 * Shutdown        (srpc_rpc_backend.cc:129): SrpcRpcBackend::Shutdown: Server pointer is null, skipping deletion
20260909-06:56.12-132629(us) 2342091 * Shutdown        (srpc_rpc_backend.cc:132): SrpcRpcBackend::Shutdown: About to shutdown poll_thread_worker_
20260909-06:56.12-132659(us) 2342091 * Shutdown        (srpc_rpc_backend.cc:142): SrpcRpcBackend::Shutdown: poll_thread_worker_ is null, skipping shutdown
20260909-06:56.12-132689(us) 2342091 * Shutdown        (srpc_rpc_backend.cc:145): SrpcRpcBackend::Shutdown: Shutdown sequence completed, destructor will now exit
20260909-06:56.12-132719(us) 2342091 * ~SrpcRpcBackend (srpc_rpc_backend.cc:54): SrpcRpcBackend::~SrpcRpcBackend: Shutdown() completed
20260909-06:56.12-133009(us) 2342091 * Shutdown        (srpc_rpc_backend.cc:138): SrpcRpcBackend::Shutdown: poll_thread_worker_->shutdown() completed
20260909-06:56.12-133104(us) 2342091 * Shutdown        (srpc_rpc_backend.cc:140): SrpcRpcBackend::Shutdown: poll_thread_worker_ reset to None
20260909-06:56.12-133142(us) 2342091 * Shutdown        (srpc_rpc_backend.cc:145): SrpcRpcBackend::Shutdown: Shutdown sequence completed, destructor will now exit
20260909-06:56.12-133180(us) 2342091 * ~SrpcRpcBackend (srpc_rpc_backend.cc:52): SrpcRpcBackend::~SrpcRpcBackend: START destructor
20260909-06:56.12-133208(us) 2342091 * Stop            (srpc_rpc_backend.cc:589): SrpcRpcBackend::Stop: Already stopped, returning
20260909-06:56.12-133228(us) 2342091 * Shutdown        (srpc_rpc_backend.cc:112): SrpcRpcBackend::Shutdown: About to delete server
20260909-06:56.12-133253(us) 2342091 * Shutdown        (srpc_rpc_backend.cc:129): SrpcRpcBackend::Shutdown: Server pointer is null, skipping deletion
20260909-06:56.12-133288(us) 2342091 * Shutdown        (srpc_rpc_backend.cc:132): SrpcRpcBackend::Shutdown: About to shutdown poll_thread_worker_
20260909-06:56.12-133317(us) 2342091 * Shutdown        (srpc_rpc_backend.cc:142): SrpcRpcBackend::Shutdown: poll_thread_worker_ is null, skipping shutdown
20260909-06:56.12-133352(us) 2342091 * Shutdown        (srpc_rpc_backend.cc:145): SrpcRpcBackend::Shutdown: Shutdown sequence completed, destructor will now exit
20260909-06:56.12-133389(us) 2342091 * ~SrpcRpcBackend (srpc_rpc_backend.cc:54): SrpcRpcBackend::~SrpcRpcBackend: Shutdown() completed
20260909-06:56.12-133435(us) 2342091 * Shutdown        (srpc_rpc_backend.cc:138): SrpcRpcBackend::Shutdown: poll_thread_worker_->shutdown() completed
20260909-06:56.12-133518(us) 2342091 * Shutdown        (srpc_rpc_backend.cc:140): SrpcRpcBackend::Shutdown: poll_thread_worker_ reset to None
20260909-06:56.12-133550(us) 2342091 * Shutdown        (srpc_rpc_backend.cc:145): SrpcRpcBackend::Shutdown: Shutdown sequence completed, destructor will now exit
20260909-06:56.12-133585(us) 2342091 * ~SrpcRpcBackend (srpc_rpc_backend.cc:52): SrpcRpcBackend::~SrpcRpcBackend: START destructor
20260909-06:56.12-133617(us) 2342091 * Stop            (srpc_rpc_backend.cc:589): SrpcRpcBackend::Stop: Already stopped, returning
20260909-06:56.12-133652(us) 2342091 * Shutdown        (srpc_rpc_backend.cc:112): SrpcRpcBackend::Shutdown: About to delete server
20260909-06:56.12-133684(us) 2342091 * Shutdown        (srpc_rpc_backend.cc:129): SrpcRpcBackend::Shutdown: Server pointer is null, skipping deletion
20260909-06:56.12-133717(us) 2342091 * Shutdown        (srpc_rpc_backend.cc:132): SrpcRpcBackend::Shutdown: About to shutdown poll_thread_worker_
20260909-06:56.12-133753(us) 2342091 * Shutdown        (srpc_rpc_backend.cc:142): SrpcRpcBackend::Shutdown: poll_thread_worker_ is null, skipping shutdown
20260909-06:56.12-133790(us) 2342091 * Shutdown        (srpc_rpc_backend.cc:145): SrpcRpcBackend::Shutdown: Shutdown sequence completed, destructor will now exit
20260909-06:56.12-133823(us) 2342091 * ~SrpcRpcBackend (srpc_rpc_backend.cc:54): SrpcRpcBackend::~SrpcRpcBackend: Shutdown() completed
20260909-06:56.12-137713(us) 2342091 * Stop            (srpc_rpc_backend.cc:589): SrpcRpcBackend::Stop: Already stopped, returning
20260909-06:56.12-137757(us) 2342091 * Shutdown        (srpc_rpc_backend.cc:112): SrpcRpcBackend::Shutdown: About to delete server
20260909-06:56.12-137777(us) 2342091 * Shutdown        (srpc_rpc_backend.cc:116): SrpcRpcBackend::Shutdown: Server pointer is valid, deleting...
20260909-06:56.12-137800(us) 2342091 * Shutdown        (srpc_rpc_backend.cc:120): SrpcRpcBackend::Shutdown: Server deleted successfully
20260909-06:56.12-137820(us) 2342091 * Shutdown        (srpc_rpc_backend.cc:132): SrpcRpcBackend::Shutdown: About to shutdown poll_thread_worker_
20260909-06:56.12-137851(us) 2342091 * Shutdown        (srpc_rpc_backend.cc:136): SrpcRpcBackend::Shutdown: poll_thread_worker_ is valid, calling shutdown()
20260909-06:56.12-138719(us) 2342091 * Shutdown        (srpc_rpc_backend.cc:138): SrpcRpcBackend::Shutdown: poll_thread_worker_->shutdown() completed
20260909-06:56.12-138757(us) 2342091 * Shutdown        (srpc_rpc_backend.cc:140): SrpcRpcBackend::Shutdown: poll_thread_worker_ reset to None
20260909-06:56.12-138776(us) 2342091 * Shutdown        (srpc_rpc_backend.cc:145): SrpcRpcBackend::Shutdown: Shutdown sequence completed, destructor will now exit
20260909-06:56.12-138798(us) 2342091 * ~SrpcRpcBackend (srpc_rpc_backend.cc:52): SrpcRpcBackend::~SrpcRpcBackend: START destructor
20260909-06:56.12-138817(us) 2342091 * Stop            (srpc_rpc_backend.cc:589): SrpcRpcBackend::Stop: Already stopped, returning
20260909-06:56.12-138851(us) 2342091 * Shutdown        (srpc_rpc_backend.cc:112): SrpcRpcBackend::Shutdown: About to delete server
20260909-06:56.12-138871(us) 2342091 * Shutdown        (srpc_rpc_backend.cc:129): SrpcRpcBackend::Shutdown: Server pointer is null, skipping deletion
20260909-06:56.12-138893(us) 2342091 * Shutdown        (srpc_rpc_backend.cc:132): SrpcRpcBackend::Shutdown: About to shutdown poll_thread_worker_
20260909-06:56.12-138912(us) 2342091 * Shutdown        (srpc_rpc_backend.cc:142): SrpcRpcBackend::Shutdown: poll_thread_worker_ is null, skipping shutdown
20260909-06:56.12-138930(us) 2342091 * Shutdown        (srpc_rpc_backend.cc:145): SrpcRpcBackend::Shutdown: Shutdown sequence completed, destructor will now exit
20260909-06:56.12-138949(us) 2342091 * ~SrpcRpcBackend (srpc_rpc_backend.cc:54): SrpcRpcBackend::~SrpcRpcBackend: Shutdown() completed
20260909-06:56.12-143989(us) 2342091 * Stop            (srpc_rpc_backend.cc:589): SrpcRpcBackend::Stop: Already stopped, returning
20260909-06:56.12-144027(us) 2342091 * Shutdown        (srpc_rpc_backend.cc:112): SrpcRpcBackend::Shutdown: About to delete server
20260909-06:56.12-144041(us) 2342091 * Shutdown        (srpc_rpc_backend.cc:116): SrpcRpcBackend::Shutdown: Server pointer is valid, deleting...
20260909-06:56.12-144060(us) 2342091 * Shutdown        (srpc_rpc_backend.cc:120): SrpcRpcBackend::Shutdown: Server deleted successfully
20260909-06:56.12-144073(us) 2342091 * Shutdown        (srpc_rpc_backend.cc:132): SrpcRpcBackend::Shutdown: About to shutdown poll_thread_worker_
20260909-06:56.12-144091(us) 2342091 * Shutdown        (srpc_rpc_backend.cc:136): SrpcRpcBackend::Shutdown: poll_thread_worker_ is valid, calling shutdown()
20260909-06:56.12-145104(us) 2342091 * Shutdown        (srpc_rpc_backend.cc:138): SrpcRpcBackend::Shutdown: poll_thread_worker_->shutdown() completed
20260909-06:56.12-145140(us) 2342091 * Shutdown        (srpc_rpc_backend.cc:140): SrpcRpcBackend::Shutdown: poll_thread_worker_ reset to None
20260909-06:56.12-145153(us) 2342091 * Shutdown        (srpc_rpc_backend.cc:145): SrpcRpcBackend::Shutdown: Shutdown sequence completed, destructor will now exit
20260909-06:56.12-145166(us) 2342091 * ~SrpcRpcBackend (srpc_rpc_backend.cc:52): SrpcRpcBackend::~SrpcRpcBackend: START destructor
20260909-06:56.12-145179(us) 2342091 * Stop            (srpc_rpc_backend.cc:589): SrpcRpcBackend::Stop: Already stopped, returning
20260909-06:56.12-145192(us) 2342091 * Shutdown        (srpc_rpc_backend.cc:112): SrpcRpcBackend::Shutdown: About to delete server
20260909-06:56.12-145205(us) 2342091 * Shutdown        (srpc_rpc_backend.cc:129): SrpcRpcBackend::Shutdown: Server pointer is null, skipping deletion
20260909-06:56.12-145218(us) 2342091 * Shutdown        (srpc_rpc_backend.cc:132): SrpcRpcBackend::Shutdown: About to shutdown poll_thread_worker_
20260909-06:56.12-145243(us) 2342091 * Shutdown        (srpc_rpc_backend.cc:142): SrpcRpcBackend::Shutdown: poll_thread_worker_ is null, skipping shutdown
20260909-06:56.12-145256(us) 2342091 * Shutdown        (srpc_rpc_backend.cc:145): SrpcRpcBackend::Shutdown: Shutdown sequence completed, destructor will now exit
20260909-06:56.12-145269(us) 2342091 * ~SrpcRpcBackend (srpc_rpc_backend.cc:54): SrpcRpcBackend::~SrpcRpcBackend: Shutdown() completed
[SHUTDOWN] Worker 1 joined
[SHUTDOWN] Joining worker 2
[SHUTDOWN] Worker 2 joined
[SHUTDOWN] Joining worker 3
[SHUTDOWN] Worker 3 joined
[SHUTDOWN] Joining worker 4
[SHUTDOWN] Worker 4 joined
[SHUTDOWN] Joining worker 5
[SHUTDOWN] Worker 5 joined
[SHUTDOWN] Joining worker 6
[SHUTDOWN] Worker 6 joined
[SHUTDOWN] Joining worker 7
[SHUTDOWN] Worker 7 joined
[SHUTDOWN] Joining worker 8
[SHUTDOWN] Worker 8 joined
[SHUTDOWN] Joining worker 9
[SHUTDOWN] Worker 9 joined
[SHUTDOWN] Joining worker 10
[SHUTDOWN] Worker 10 joined
[SHUTDOWN] Joining worker 11
[SHUTDOWN] Worker 11 joined
[SHUTDOWN] Joining worker 12
[SHUTDOWN] Worker 12 joined
[SHUTDOWN] Joining worker 13
[SHUTDOWN] Worker 13 joined
[SHUTDOWN] Joining worker 14
[SHUTDOWN] Worker 14 joined
[SHUTDOWN] Joining worker 15
[SHUTDOWN] Worker 15 joined
[SHUTDOWN] All workers joined
[SHUTDOWN] Calling stop_rpc_server()
[STOP_SERVER] Stopping 2 server transports
[STOP_SERVER] Stopping server transport 0
20260909-06:56.12-147029(us) 2342091 * Stop            (srpc_rpc_backend.cc:593): SrpcRpcBackend::Stop: BEGIN - Setting stop flag
20260909-06:56.12-147063(us) 2342091 * Stop            (srpc_rpc_backend.cc:596): SrpcRpcBackend::Stop: Waiting for event loop to exit...
20260909-06:56.12-147116(us) 2342091 * RunEventLoop    (srpc_rpc_backend.cc:577): SrpcRpcBackend::RunEventLoop: Stop flag detected, exiting event loop
20260909-06:56.12-147143(us) 2342091 * RunEventLoop    (srpc_rpc_backend.cc:581): SrpcRpcBackend::RunEventLoop: Exited cleanly
20260909-06:56.12-147158(us) 2342091 * rpc_server      (rpc_setup.cc:126): the rpc_server is terminated on shardIdx:0, alpha:0!
20260909-06:56.12-157153(us) 2342091 * Stop            (srpc_rpc_backend.cc:612): SrpcRpcBackend::Stop: Event loop exited successfully
20260909-06:56.12-157182(us) 2342091 * Stop            (srpc_rpc_backend.cc:616): SrpcRpcBackend::Stop: Signaling 0 request queues to stop
20260909-06:56.12-157203(us) 2342091 * Stop            (srpc_rpc_backend.cc:624): SrpcRpcBackend::Stop: Signaling 0 response queues to stop
20260909-06:56.12-157222(us) 2342091 * Stop            (srpc_rpc_backend.cc:635): SrpcRpcBackend::Stop: Server cleanup deferred to destructor
20260909-06:56.12-157243(us) 2342091 * Stop            (srpc_rpc_backend.cc:638): SrpcRpcBackend::Stop: Closing client connections
20260909-06:56.12-157262(us) 2342091 * Stop            (srpc_rpc_backend.cc:642): SrpcRpcBackend::Stop: Found 0 client connections to close
20260909-06:56.12-157281(us) 2342091 * Stop            (srpc_rpc_backend.cc:662): SrpcRpcBackend::Stop: Closed 0 client connections
20260909-06:56.12-157309(us) 2342091 * Stop            (srpc_rpc_backend.cc:675): SrpcRpcBackend stats: msg_size_resp_sent: 0 bytes, counter: 0, avg: 0.000000
20260909-06:56.12-157338(us) 2342091 * Stop            (srpc_rpc_backend.cc:676): SrpcRpcBackend::Stop: END
[STOP_SERVER] Server transport 0 stopped
[STOP_SERVER] Stopping server transport 1
20260909-06:56.12-157378(us) 2342091 * Stop            (srpc_rpc_backend.cc:593): SrpcRpcBackend::Stop: BEGIN - Setting stop flag
20260909-06:56.12-157398(us) 2342091 * Stop            (srpc_rpc_backend.cc:596): SrpcRpcBackend::Stop: Waiting for event loop to exit...
20260909-06:56.12-157535(us) 2342091 * RunEventLoop    (srpc_rpc_backend.cc:577): SrpcRpcBackend::RunEventLoop: Stop flag detected, exiting event loop
20260909-06:56.12-157561(us) 2342091 * RunEventLoop    (srpc_rpc_backend.cc:581): SrpcRpcBackend::RunEventLoop: Exited cleanly
20260909-06:56.12-157575(us) 2342091 * rpc_server      (rpc_setup.cc:126): the rpc_server is terminated on shardIdx:0, alpha:1!
20260909-06:56.12-167491(us) 2342091 * Stop            (srpc_rpc_backend.cc:612): SrpcRpcBackend::Stop: Event loop exited successfully
20260909-06:56.12-167514(us) 2342091 * Stop            (srpc_rpc_backend.cc:616): SrpcRpcBackend::Stop: Signaling 0 request queues to stop
20260909-06:56.12-167532(us) 2342091 * Stop            (srpc_rpc_backend.cc:624): SrpcRpcBackend::Stop: Signaling 0 response queues to stop
20260909-06:56.12-167550(us) 2342091 * Stop            (srpc_rpc_backend.cc:635): SrpcRpcBackend::Stop: Server cleanup deferred to destructor
20260909-06:56.12-167566(us) 2342091 * Stop            (srpc_rpc_backend.cc:638): SrpcRpcBackend::Stop: Closing client connections
20260909-06:56.12-167583(us) 2342091 * Stop            (srpc_rpc_backend.cc:642): SrpcRpcBackend::Stop: Found 0 client connections to close
20260909-06:56.12-167600(us) 2342091 * Stop            (srpc_rpc_backend.cc:662): SrpcRpcBackend::Stop: Closed 0 client connections
20260909-06:56.12-167625(us) 2342091 * Stop            (srpc_rpc_backend.cc:675): SrpcRpcBackend stats: msg_size_resp_sent: 0 bytes, counter: 0, avg: 0.000000
20260909-06:56.12-167649(us) 2342091 * Stop            (srpc_rpc_backend.cc:676): SrpcRpcBackend::Stop: END
[STOP_SERVER] Server transport 1 stopped
20260909-06:56.12-167792(us) 2342091 * Stop            (srpc_rpc_backend.cc:589): SrpcRpcBackend::Stop: Already stopped, returning
20260909-06:56.12-167814(us) 2342091 * Shutdown        (srpc_rpc_backend.cc:112): SrpcRpcBackend::Shutdown: About to delete server
20260909-06:56.12-167887(us) 2342091 * Shutdown        (srpc_rpc_backend.cc:116): SrpcRpcBackend::Shutdown: Server pointer is valid, deleting...
20260909-06:56.12-167910(us) 2342091 * Shutdown        (srpc_rpc_backend.cc:120): SrpcRpcBackend::Shutdown: Server deleted successfully
20260909-06:56.12-167929(us) 2342091 * Shutdown        (srpc_rpc_backend.cc:132): SrpcRpcBackend::Shutdown: About to shutdown poll_thread_worker_
20260909-06:56.12-167951(us) 2342091 * Shutdown        (srpc_rpc_backend.cc:136): SrpcRpcBackend::Shutdown: poll_thread_worker_ is valid, calling shutdown()
20260909-06:56.12-169386(us) 2342091 * Shutdown        (srpc_rpc_backend.cc:138): SrpcRpcBackend::Shutdown: poll_thread_worker_->shutdown() completed
20260909-06:56.12-169423(us) 2342091 * Shutdown        (srpc_rpc_backend.cc:140): SrpcRpcBackend::Shutdown: poll_thread_worker_ reset to None
20260909-06:56.12-169440(us) 2342091 * Shutdown        (srpc_rpc_backend.cc:145): SrpcRpcBackend::Shutdown: Shutdown sequence completed, destructor will now exit
20260909-06:56.12-169457(us) 2342091 * ~SrpcRpcBackend (srpc_rpc_backend.cc:52): SrpcRpcBackend::~SrpcRpcBackend: START destructor
20260909-06:56.12-169476(us) 2342091 * Stop            (srpc_rpc_backend.cc:589): SrpcRpcBackend::Stop: Already stopped, returning
20260909-06:56.12-169493(us) 2342091 * Shutdown        (srpc_rpc_backend.cc:112): SrpcRpcBackend::Shutdown: About to delete server
20260909-06:56.12-169510(us) 2342091 * Shutdown        (srpc_rpc_backend.cc:129): SrpcRpcBackend::Shutdown: Server pointer is null, skipping deletion
20260909-06:56.12-169533(us) 2342091 * Shutdown        (srpc_rpc_backend.cc:132): SrpcRpcBackend::Shutdown: About to shutdown poll_thread_worker_
20260909-06:56.12-169554(us) 2342091 * Shutdown        (srpc_rpc_backend.cc:142): SrpcRpcBackend::Shutdown: poll_thread_worker_ is null, skipping shutdown
20260909-06:56.12-169576(us) 2342091 * Shutdown        (srpc_rpc_backend.cc:145): SrpcRpcBackend::Shutdown: Shutdown sequence completed, destructor will now exit
20260909-06:56.12-169595(us) 2342091 * ~SrpcRpcBackend (srpc_rpc_backend.cc:54): SrpcRpcBackend::~SrpcRpcBackend: Shutdown() completed
20260909-06:56.12-169650(us) 2342091 * Stop            (srpc_rpc_backend.cc:589): SrpcRpcBackend::Stop: Already stopped, returning
20260909-06:56.12-169669(us) 2342091 * Shutdown        (srpc_rpc_backend.cc:112): SrpcRpcBackend::Shutdown: About to delete server
20260909-06:56.12-169686(us) 2342091 * Shutdown        (srpc_rpc_backend.cc:116): SrpcRpcBackend::Shutdown: Server pointer is valid, deleting...
20260909-06:56.12-169706(us) 2342091 * Shutdown        (srpc_rpc_backend.cc:120): SrpcRpcBackend::Shutdown: Server deleted successfully
20260909-06:56.12-169725(us) 2342091 * Shutdown        (srpc_rpc_backend.cc:132): SrpcRpcBackend::Shutdown: About to shutdown poll_thread_worker_
20260909-06:56.12-169746(us) 2342091 * Shutdown        (srpc_rpc_backend.cc:136): SrpcRpcBackend::Shutdown: poll_thread_worker_ is valid, calling shutdown()
20260909-06:56.12-171033(us) 2342091 * Shutdown        (srpc_rpc_backend.cc:138): SrpcRpcBackend::Shutdown: poll_thread_worker_->shutdown() completed
20260909-06:56.12-171070(us) 2342091 * Shutdown        (srpc_rpc_backend.cc:140): SrpcRpcBackend::Shutdown: poll_thread_worker_ reset to None
20260909-06:56.12-171087(us) 2342091 * Shutdown        (srpc_rpc_backend.cc:145): SrpcRpcBackend::Shutdown: Shutdown sequence completed, destructor will now exit
20260909-06:56.12-171104(us) 2342091 * ~SrpcRpcBackend (srpc_rpc_backend.cc:52): SrpcRpcBackend::~SrpcRpcBackend: START destructor
20260909-06:56.12-171121(us) 2342091 * Stop            (srpc_rpc_backend.cc:589): SrpcRpcBackend::Stop: Already stopped, returning
20260909-06:56.12-171138(us) 2342091 * Shutdown        (srpc_rpc_backend.cc:112): SrpcRpcBackend::Shutdown: About to delete server
20260909-06:56.12-171155(us) 2342091 * Shutdown        (srpc_rpc_backend.cc:129): SrpcRpcBackend::Shutdown: Server pointer is null, skipping deletion
20260909-06:56.12-171172(us) 2342091 * Shutdown        (srpc_rpc_backend.cc:132): SrpcRpcBackend::Shutdown: About to shutdown poll_thread_worker_
20260909-06:56.12-171197(us) 2342091 * Shutdown        (srpc_rpc_backend.cc:142): SrpcRpcBackend::Shutdown: poll_thread_worker_ is null, skipping shutdown
20260909-06:56.12-171220(us) 2342091 * Shutdown        (srpc_rpc_backend.cc:145): SrpcRpcBackend::Shutdown: Shutdown sequence completed, destructor will now exit
20260909-06:56.12-171242(us) 2342091 * ~SrpcRpcBackend (srpc_rpc_backend.cc:54): SrpcRpcBackend::~SrpcRpcBackend: Shutdown() completed
[STOP_SERVER] All server transports stopped
[SHUTDOWN] stop_rpc_server() completed
[SHUTDOWN] Calling second stop()
20260909-06:56.12-171309(us) 2342091 ! stop            (bench.cc:514):     stop all rpc clients. set stop=false
[SHUTDOWN] Second stop() completed
20260909-06:56.12-171333(us) 2342091 ! run             (bench.cc:774):     TPCC_BENCH_MEASURE_END
[SHUTDOWN] Calling do_txn_finish()
[SHUTDOWN] do_txn_finish() completed
--- n_commits per partition ---
 par_id: 0, n_commits: 362671
 par_id: 1, n_commits: 400938
 par_id: 2, n_commits: 368640
 par_id: 3, n_commits: 391836
 par_id: 4, n_commits: 409811
 par_id: 5, n_commits: 417726
 par_id: 6, n_commits: 423424
 par_id: 7, n_commits: 424997
 par_id: 8, n_commits: 407113
 par_id: 9, n_commits: 419518
 par_id: 10, n_commits: 376635
 par_id: 11, n_commits: 411013
 par_id: 12, n_commits: 413053
 par_id: 13, n_commits: 420495
 par_id: 14, n_commits: 382833
 par_id: 15, n_commits: 414849
--- benchmark statistics ---
runtime: 10.1456 sec
memory delta: 4555.8 MB
n_commits: 6445552
latency_numer_us: 157445252
latency_numer_us_remote: 0
memory delta rate: 449.04 MB/sec
logical memory delta: 408.781 MB
logical memory delta rate: 40.2913 MB/sec
agg_nosync_throughput: 635315 ops/sec
avg_nosync_per_core_throughput: 39707.2 ops/sec/core
agg_throughput: 635303 ops/sec
avg_per_core_throughput: 39706.4 ops/sec/core
agg_persist_throughput: 635303 ops/sec
avg_per_core_persist_throughput: 39706.4 ops/sec/core
avg_latency: 0.024427 ms
avg_persist_latency: 0 ms
agg_abort_rate: 106.745 aborts/sec
avg_per_core_abort_rate: 6.67158 aborts/sec/core
  NewOrder_local_commit_latency: 0.0271472 ms
  NewOrder_local_abort_latency: 0.0920579 ms
  NewOrder_local_abort_ratio: 9.89323e-05
  Payment_local_commit_latency: 0.00879319 ms
  Payment_local_abort_latency: 0.0525675 ms
  Payment_local_abort_ratio: 5.04894e-06
  Delivery_local_commit_latency: 0.101146 ms
  Delivery_local_abort_latency: 0 ms
  Delivery_local_abort_ratio: 0
  OrderStatus_local_commit_latency: 0.00916167 ms
  OrderStatus_local_abort_latency: 0 ms
  OrderStatus_local_abort_ratio: 0
  StockLevel_local_commit_latency: 0.112897 ms
  StockLevel_local_abort_latency: 0.188087 ms
  StockLevel_local_abort_ratio: 0.00302867
  NewOrder_remote_ratio: 0 %
  NewOrder_remote_abort_ratio: 0 %
  NewOrder_remote_commit_latency: 0 ms
  NewOrder_remote_abort_latency: 0 ms
  Payment_remote_ratio: 0 %
  Payment_remote_abort_ratio: 0 %
  Payment_remote_commit_latency: 0 ms
  Payment_remote_abort_latency: 0 ms
--- system counters (for benchmark) ---
--- perf counters (if enabled, for benchmark) ---
--- allocator stats ---
[SiloRuntime 0] ncpus=16
[SiloRuntime 0] cpu=0 fully_faulted?=0 remaining=134217728 bytes
[SiloRuntime 0] cpu=1 fully_faulted?=0 remaining=134217728 bytes
[SiloRuntime 0] cpu=2 fully_faulted?=0 remaining=134217728 bytes
[SiloRuntime 0] cpu=3 fully_faulted?=0 remaining=134217728 bytes
[SiloRuntime 0] cpu=4 fully_faulted?=0 remaining=134217728 bytes
[SiloRuntime 0] cpu=5 fully_faulted?=0 remaining=134217728 bytes
[SiloRuntime 0] cpu=6 fully_faulted?=0 remaining=134217728 bytes
[SiloRuntime 0] cpu=7 fully_faulted?=0 remaining=134217728 bytes
[SiloRuntime 0] cpu=8 fully_faulted?=0 remaining=134217728 bytes
[SiloRuntime 0] cpu=9 fully_faulted?=0 remaining=134217728 bytes
[SiloRuntime 0] cpu=10 fully_faulted?=0 remaining=134217728 bytes
[SiloRuntime 0] cpu=11 fully_faulted?=0 remaining=134217728 bytes
[SiloRuntime 0] cpu=12 fully_faulted?=0 remaining=134217728 bytes
[SiloRuntime 0] cpu=13 fully_faulted?=0 remaining=134217728 bytes
[SiloRuntime 0] cpu=14 fully_faulted?=0 remaining=134217728 bytes
[SiloRuntime 0] cpu=15 fully_faulted?=0 remaining=134217728 bytes
---------------------------------------
--- system counters for n_commits ---
[STOP_SERVER] Stopping 0 server transports
[STOP_SERVER] All server transports stopped
